clave_ent,entidad,CVEGEO,municipio,homicidio_doloso_prom_diario,robo_veh_violencia_prom_diario,nom_mun_envipe,n_muestra_percepcion,pct_inseguro_municipio,n_inseguro_popw,non_sampled,z_homicidio,z_robo_veh,z_inseguro,composite,rank_composite
1,Aguascalientes,1001,Aguascalientes,0.112328767123287,0.128767123287671,AGUASCALIENTES,1305.0,0.402566586939042,264703.231,0,0.8117209172736894,0.3381472754207464,3.1077204185578466,1.4191962037507608,63
1,Aguascalientes,1002,Asientos,0.00821917808219178,0.0273972602739726,ASIENTOS,106.0,0.62786805945953,20111.86968,0,-0.12396889643446825,-0.058803343392759645,-0.007868550154441578,-0.06354692999388982,476
1,Aguascalientes,1003,Calvillo,0.0,0.00547945205479452,CALVILLO,83.0,0.37922419460881,14514.80605,0,-0.19783914488511273,-0.14463050421730167,-0.0791635853049036,-0.14054441146910598,751
1,Aguascalientes,1004,Cos√≠o,0.00547945205479452,0.0191780821917808,,,,0.0,1,-0.14859231258468308,-0.09098852870196299,-0.26405224763674284,-0.16787769630779628,953
1,Aguascalientes,1005,Jes√∫s Mar√≠a,0.0410958904109589,0.0438356164383561,JESUS MARIA,144.0,0.578303541795078,48465.88493,0,0.17151209736810974,0.005567027225646646,0.35330306545313117,0.17679406334896253,241
1,Aguascalientes,1006,Pabell√≥n de Arteaga,0.021917808219178,0.00821917808219178,PABELLON DE ARTEAGA,36.0,0.620274670819765,18977.92383,0,-0.000851815683394814,-0.13390210911423392,-0.02231267917973024,-0.05235553465911966,456
1,Aguascalientes,1007,Rinc√≥n de Romos,0.0164383561643835,0.00547945205479452,RINCON DE ROMOS,51.0,0.608694336882865,21933.69174,0,-0.05009864798382428,-0.14463050421730167,0.01533770162182901,-0.05979715019309898,467
1,Aguascalientes,1008,San Jos√© de Gracia,0.00273972602739726,0.00273972602739726,,,,0.0,1,-0.1732157287348979,-0.15535889932036942,-0.26405224763674284,-0.1975422918973367,1396
1,Aguascalientes,1009,Tepezal√°,0.00273972602739726,0.00273972602739726,,,,0.0,1,-0.1732157287348979,-0.15535889932036942,-0.26405224763674284,-0.1975422918973367,1396
1,Aguascalientes,1010,El Llano,0.010958904109589,0.00547945205479452,EL LLANO,18.0,0.444415448851774,5945.389875,0,-0.09934548028425377,-0.14463050421730167,-0.18832025526678547,-0.14409874658944696,770
1,Aguascalientes,1011,San Francisco de los Romo,0.0136986301369863,0.0136986301369863,SAN FRANCISCO DE LOS ROMO,37.0,0.472309659649813,18028.05971,0,-0.07472206413403858,-0.11244531890809842,-0.03441198701332057,-0.07385979001848585,512
2,Baja California,2001,Ensenada,0.257534246575342,0.145205479452054,ENSENADA,303.0,0.689504435738503,219840.2153,0,2.1167619732350778,0.4025176460391507,2.5362582211042812,1.6851792801261698,55
2,Baja California,2002,Mexicali,0.476712328767123,0.545205479452054,MEXICALI,747.0,0.678784834385041,518145.6518,0,4.086635265252266,1.968863331087043,6.336053611467104,4.130517402602138,20
2,Baja California,2003,Tecate,0.161643835616438,0.0712328767123287,TECATE,84.0,0.6814302416212,52720.2135,0,1.2549424079775593,0.11285097825632416,0.40749442810157843,0.5917626047784873,135
2,Baja California,2004,Tijuana,2.93972602739726,1.52602739726027,TIJUANA,1308.0,0.73664547699114,1012248.123,0,26.2230863842954,5.809628777985286,12.629898988410613,14.887538050230432,2
2,Baja California,2005,Playas de Rosarito,0.147945205479452,0.0931506849315068,PLAYAS DE ROSARITO,108.0,0.352883721367055,31899.62976,0,1.1318253272264878,0.19867813908086626,0.1422831766803689,0.49092888099590765,150
2,Baja California,2006,San Quint√≠n,0.136986301369863,0.0164383561643835,SAN QUINTIN,55.0,0.64517927140648,48279.41006,0,1.0333316626256288,-0.10171692380503089,0.35092776059862346,0.4275141664730738,160
2,Baja California,2007,San Felipe,0.0712328767123287,0.0,,,,0.0,1,0.44236967502047236,-0.16608729442343717,-0.26405224763674284,0.0040767109867641165,368
3,Baja California Sur,3001,Comond√∫,0.117808219178082,0.00273972602739726,COMONDU,254.0,0.341164721098904,17426.01162,0,0.8609677495741234,-0.15535889932036942,-0.042080836713144075,0.2211760045135366,227
3,Baja California Sur,3002,Muleg√©,0.0410958904109589,0.00273972602739726,MULEGE,187.0,0.44915758630162,19597.19465,0,0.17151209736810974,-0.15535889932036942,-0.014424447457134022,0.0005762501968687659,373
3,Baja California Sur,3003,La Paz,0.0410958904109589,0.0164383561643835,LA PAZ,1045.0,0.313954445180224,66914.68067,0,0.17151209736810974,-0.10171692380503089,0.5883026344623178,0.21936593600846555,229
3,Baja California Sur,3008,Los Cabos,0.0575342465753424,0.0164383561643835,LOS CABOS,1132.0,0.327402890096778,77779.14018,0,0.31925259426939817,-0.10171692380503089,0.7266934182483905,0.31474302957091926,187
3,Baja California Sur,3009,Loreto,0.0520547945205479,0.0,LORETO,37.0,0.282124352331606,3545.73886,0,0.2700057619689687,-0.16608729442343717,-0.21888685496493235,-0.03832279580646694,432
4,Campeche,4001,Calkin√≠,0.00273972602739726,0.0,CALKINI,153.0,0.585032534029326,23887.4634,0,-0.1732157287348979,-0.16608729442343717,0.040224718883713644,-0.09969276809154047,582
4,Campeche,4002,Campeche,0.0657534246575342,0.00273972602739726,CAMPECHE,790.0,0.633980983877635,135011.9563,0,0.3931228427200429,-0.15535889932036942,1.455721334808869,0.5644950927361808,139
4,Campeche,4003,Carmen,0.0712328767123287,0.00821917808219178,CARMEN,694.0,0.684108155494069,118215.2575,0,0.44236967502047236,-0.13390210911423392,1.2417660699555153,0.5167445452872513,147
4,Campeche,4004,Champot√≥n,0.0465753424657534,0.00547945205479452,CHAMPOTON,180.0,0.732749671935288,37736.6081,0,0.22075892966853922,-0.14463050421730167,0.21663422991697207,0.0975875517894032,281
4,Campeche,4005,Hecelchak√°n,0.00273972602739726,0.0,HECELCHAKAN,53.0,0.561129711631925,12196.71541,0,-0.1732157287348979,-0.16608729442343717,-0.10869127421215957,-0.14933143245683153,805
4,Campeche,4006,Hopelch√©n,0.00273972602739726,0.0,HOPELCHEN,96.0,0.455689768582192,12115.87957,0,-0.1732157287348979,-0.16608729442343717,-0.1097209559229993,-0.1496746596937781,813
4,Campeche,4007,Palizada,0.00273972602739726,0.0,PALIZADA,20.0,0.534883720930232,3097.511628,0,-0.1732157287348979,-0.16608729442343717,-0.22459634450683244,-0.18796645588838914,1220
4,Campeche,4008,Tenabo,0.0,0.00273972602739726,TENABO,28.0,0.516849861094335,4020.05822,0,-0.19783914488511273,-0.15535889932036942,-0.2128450055811789,-0.1886810165955537,1225
4,Campeche,4009,Esc√°rcega,0.0164383561643835,0.0,ESCARCEGA,142.0,0.692025277023719,26721.86405,0,-0.05009864798382428,-0.16608729442343717,0.07632913136334135,-0.04661893701464004,446
4,Campeche,4010,Calakmul,0.0164383561643835,0.00273972602739726,CALAKMUL,89.0,0.571087611074392,10582.82452,0,-0.05009864798382428,-0.15535889932036942,-0.12924891216982567,-0.11156881982467311,623
4,Campeche,4011,Candelaria,0.0301369863013698,0.00273972602739726,CANDELARIA,53.0,0.641487439529055,18739.13108,0,0.07301843276724988,-0.15535889932036942,-0.025354405811829565,-0.03589829078831636,430
4,Campeche,4012,Seybaplaya,0.0164383561643835,0.0,SEYBAPLAYA,19.0,0.584864185900455,6344.021824,0,-0.05009864798382428,-0.16608729442343717,-0.18324250723767257,-0.13314281654831137,712
4,Campeche,4013,Dzitbalch√©,0.00273972602739726,0.0,,,,0.0,1,-0.1732157287348979,-0.16608729442343717,-0.26405224763674284,-0.2011184235983593,1482
5,Coahuila de Zaragoza,5001,Abasolo,0.0,0.0,ABASOLO,16.0,0.0882259195512207,68.81621725,0,-0.19783914488511273,-0.16608729442343717,-0.26317567110445844,-0.2090340368043361,1823
5,Coahuila de Zaragoza,5002,Acu√±a,0.010958904109589,0.00547945205479452,ACUNA,132.0,0.0953359100550837,10327.45313,0,-0.09934548028425377,-0.14463050421730167,-0.13250181644786269,-0.12549260031647272,676
5,Coahuila de Zaragoza,5003,Allende,0.0,0.0,ALLENDE,35.0,0.127998292787025,2003.557277,0,-0.19783914488511273,-0.16608729442343717,-0.23853106439986782,-0.20081916790280588,1479
5,Coahuila de Zaragoza,5004,Arteaga,0.00273972602739726,0.0,ARTEAGA,29.0,0.477566944493704,9596.70775,0,-0.1732157287348979,-0.16608729442343717,-0.14181000391850213,-0.16037100902561238,892
5,Coahuila de Zaragoza,5005,Candela,0.0,0.0,,,,0.0,1,-0.19783914488511273,-0.16608729442343717,-0.26405224763674284,-0.20932622898176426,1826
5,Coahuila de Zaragoza,5006,Casta√±os,0.00273972602739726,0.00273972602739726,CASTANOS,57.0,0.336850965980249,6621.142587,0,-0.1732157287348979,-0.15535889932036942,-0.17971256085058676,-0.16942906296861804,974
5,Coahuila de Zaragoza,5007,Cuatro Ci√©negas,0.0,0.0,,,,0.0,1,-0.19783914488511273,-0.16608729442343717,-0.26405224763674284,-0.20932622898176426,1826
5,Coahuila de Zaragoza,5008,Escobedo,0.0,0.0,,,,0.0,1,-0.19783914488511273,-0.16608729442343717,-0.26405224763674284,-0.20932622898176426,1826
5,Coahuila de Zaragoza,5009,Francisco I. Madero,0.0,0.0,FRANCISCO I. MADERO,36.0,0.486944091486658,19039.02703,0,-0.19783914488511273,-0.16608729442343717,-0.021534350563193534,-0.1284869299572478,691
5,Coahuila de Zaragoza,5010,Frontera,0.00547945205479452,0.0,FRONTERA,65.0,0.287459899794542,16137.71131,0,-0.14859231258468308,-0.16608729442343717,-0.058491122884180714,-0.12439024329743366,670
5,Coahuila de Zaragoza,5011,General Cepeda,0.0,0.0,,,,0.0,1,-0.19783914488511273,-0.16608729442343717,-0.26405224763674284,-0.20932622898176426,1826
5,Coahuila de Zaragoza,5012,Guerrero,0.0,0.0,,,,0.0,1,-0.19783914488511273,-0.16608729442343717,-0.26405224763674284,-0.20932622898176426,1826
5,Coahuila de Zaragoza,5013,Hidalgo,0.00273972602739726,0.0,,,,0.0,1,-0.1732157287348979,-0.16608729442343717,-0.26405224763674284,-0.2011184235983593,1482
5,Coahuila de Zaragoza,5014,Jim√©nez,0.0,0.0,,,,0.0,1,-0.19783914488511273,-0.16608729442343717,-0.26405224763674284,-0.20932622898176426,1826
5,Coahuila de Zaragoza,5015,Ju√°rez,0.0,0.0,,,,0.0,1,-0.19783914488511273,-0.16608729442343717,-0.26405224763674284,-0.20932622898176426,1826
5,Coahuila de Zaragoza,5016,Lamadrid,0.0,0.0,,,,0.0,1,-0.19783914488511273,-0.16608729442343717,-0.26405224763674284,-0.20932622898176426,1826
5,Coahuila de Zaragoza,5017,Matamoros,0.00547945205479452,0.00273972602739726,MATAMOROS,108.0,0.408983253921814,32504.76207,0,-0.14859231258468308,-0.15535889932036942,0.14999131297542304,-0.05131996630987648,453
5,Coahuila de Zaragoza,5018,Monclova,0.0136986301369863,0.0,MONCLOVA,184.0,0.320428939090649,53254.96925,0,-0.07472206413403858,-0.16608729442343717,0.41430611231914055,0.057832251253888266,314
5,Coahuila de Zaragoza,5019,Morelos,0.0,0.0,,,,0.0,1,-0.19783914488511273,-0.16608729442343717,-0.26405224763674284,-0.20932622898176426,1826
5,Coahuila de Zaragoza,5020,M√∫zquiz,0.0136986301369863,0.0,MUZQUIZ,35.0,0.627805280528052,29983.9802,0,-0.07472206413403858,-0.16608729442343717,0.11788175626697138,-0.04097586743016813,436
5,Coahuila de Zaragoza,5021,Nadadores,0.00273972602739726,0.0,,,,0.0,1,-0.1732157287348979,-0.16608729442343717,-0.26405224763674284,-0.2011184235983593,1482
5,Coahuila de Zaragoza,5022,Nava,0.00821917808219178,0.0,NAVA,41.0,0.27929699694075,6089.791721,0,-0.12396889643446825,-0.16608729442343717,-0.18648087387558956,-0.15884568824449832,880
5,Coahuila de Zaragoza,5023,Ocampo,0.0,0.0,,,,0.0,1,-0.19783914488511273,-0.16608729442343717,-0.26405224763674284,-0.20932622898176426,1826
5,Coahuila de Zaragoza,5024,Parras,0.0,0.0,PARRAS,36.0,0.12167740321471,3689.258865,0,-0.19783914488511273,-0.16608729442343717,-0.2170587064074593,-0.19366171523866973,1329
5,Coahuila de Zaragoza,5025,Piedras Negras,0.0356164383561643,0.00547945205479452,PIEDRAS NEGRAS,150.0,0.241361053981958,28902.26213,0,0.12226526506767935,-0.14463050421730167,0.10410290133129145,0.02724588739388971,338
5,Coahuila de Zaragoza,5026,Progreso,0.0,0.0,,,,0.0,1,-0.19783914488511273,-0.16608729442343717,-0.26405224763674284,-0.20932622898176426,1826
5,Coahuila de Zaragoza,5027,Ramos Arizpe,0.00821917808219178,0.0,RAMOS ARIZPE,139.0,0.32538434380717,26681.84158,0,-0.12396889643446825,-0.16608729442343717,0.07581932772448968,-0.07141228771113857,506
5,Coahuila de Zaragoza,5028,Sabinas,0.00273972602739726,0.0,SABINAS,57.0,0.414323927410049,18596.10083,0,-0.1732157287348979,-0.16608729442343717,-0.027176315901733146,-0.1221597796866894,662
5,Coahuila de Zaragoza,5029,Sacramento,0.0,0.0,,,,0.0,1,-0.19783914488511273,-0.16608729442343717,-0.26405224763674284,-0.20932622898176426,1826
5,Coahuila de Zaragoza,5030,Saltillo,0.0356164383561643,0.00821917808219178,SALTILLO,740.0,0.365741670219056,221044.3905,0,0.12226526506767935,-0.13390210911423392,2.5515969270555865,0.8466533610030106,109
5,Coahuila de Zaragoza,5031,San Buenaventura,0.0,0.0,,,,0.0,1,-0.19783914488511273,-0.16608729442343717,-0.26405224763674284,-0.20932622898176426,1826
5,Coahuila de Zaragoza,5032,San Juan de Sabinas,0.00273972602739726,0.0,SAN JUAN DE SABINAS,48.0,0.281774040146168,8470.409421,0,-0.1732157287348979,-0.16608729442343717,-0.15615671931504688,-0.1651532474911273,937
5,Coahuila de Zaragoza,5033,San Pedro,0.00821917808219178,0.0,SAN PEDRO,75.0,0.553291210994207,36991.94378,0,-0.12396889643446825,-0.16608729442343717,0.20714874388727428,-0.027635815656877043,418
5,Coahuila de Zaragoza,5034,Sierra Mojada,0.0,0.0,,,,0.0,1,-0.19783914488511273,-0.16608729442343717,-0.26405224763674284,-0.20932622898176426,1826
5,Coahuila de Zaragoza,5035,Torre√≥n,0.0438356164383561,0.0958904109589041,TORREON,628.0,0.441111191888436,223177.5609,0,0.19613551351832403,0.2094065341839342,2.5787691138849014,0.9947703871957199,96
5,Coahuila de Zaragoza,5036,Viesca,0.00273972602739726,0.0,VIESCA,37.0,0.396969065412213,5282.070384,0,-0.1732157287348979,-0.16608729442343717,-0.19676957611662396,-0.17869086642498633,1080
5,Coahuila de Zaragoza,5037,Villa Uni√≥n,0.0,0.0,,,,0.0,1,-0.19783914488511273,-0.16608729442343717,-0.26405224763674284,-0.20932622898176426,1826
5,Coahuila de Zaragoza,5038,Zaragoza,0.0,0.0,,,,0.0,1,-0.19783914488511273,-0.16608729442343717,-0.26405224763674284,-0.20932622898176426,1826
6,Colima,6001,Armer√≠a,0.0547945205479452,0.0,ARMERIA,137.0,0.685484638067155,13055.05493,0,0.29462917811918393,-0.16608729442343717,-0.09775780082418048,0.010261360957188761,359
6,Colima,6002,Colima,0.378082191780821,0.0,COLIMA,666.0,0.808123585914255,93724.55725,0,3.2001922838445256,-0.16608729442343717,0.9298051113871063,1.3213033669360648,74
6,Colima,6003,Comala,0.0301369863013698,0.0,COMALA,57.0,0.651312861593235,10062.1324,0,0.07301843276724988,-0.16608729442343717,-0.1358814547764511,-0.0763167721442128,522
6,Colima,6004,Coquimatl√°n,0.0328767123287671,0.0,COQUIMATLAN,79.0,0.758481764206955,11133.75382,0,0.09764184891746505,-0.16608729442343717,-0.12223121031659172,-0.06355888527418795,477
6,Colima,6005,Cuauht√©moc,0.0794520547945205,0.0,CUAUHTEMOC,95.0,0.665104634741301,14935.58968,0,0.516239923471117,-0.16608729442343717,-0.07380367059341246,0.0921163194847558,286
6,Colima,6006,Ixtlahuac√°n,0.0,0.0,IXTLAHUACAN,18.0,0.56523178807947,2307.841391,0,-0.19783914488511273,-0.16608729442343717,-0.234655113001517,-0.19952718410335565,1467
6,Colima,6007,Manzanillo,0.660273972602739,0.0,MANZANILLO,856.0,0.754678921840626,101536.0115,0,5.736404147316655,-0.16608729442343717,1.0293069112853461,2.1998745880595214,43
6,Colima,6008,Minatitl√°n,0.00547945205479452,0.0,MINATITLAN,33.0,0.572091424643409,3902.235607,0,-0.14859231258468308,-0.16608729442343717,-0.2143458224184808,-0.17634180980886702,1053
6,Colima,6009,Tecom√°n,0.0383561643835616,0.0,TECOMAN,480.0,0.718564016936012,56593.38341,0,0.14688868121789453,-0.16608729442343717,0.4568306163480505,0.14587733438083594,259
6,Colima,6010,Villa de √Ålvarez,0.246575342465753,0.0,VILLA DE ALVAREZ,659.0,0.761120048697769,82369.17279,0,2.0182683086342186,-0.16608729442343717,0.7851609572839824,0.8791139904982547,104
7,Chiapas,7001,Acacoyagua,0.00821917808219178,0.00273972602739726,,,,0.0,1,-0.12396889643446825,-0.15535889932036942,-0.26405224763674284,-0.18112668113052685,1096
7,Chiapas,7002,Acala,0.0,0.0,,,,0.0,1,-0.19783914488511273,-0.16608729442343717,-0.26405224763674284,-0.20932622898176426,1826
7,Chiapas,7003,Acapetahua,0.00547945205479452,0.00547945205479452,ACAPETAHUA,35.0,0.508825925590658,8938.036209,0,-0.14859231258468308,-0.14463050421730167,-0.15020011948133055,-0.14780764542777178,790
7,Chiapas,7004,Altamirano,0.0,0.00821917808219178,,,,0.0,1,-0.19783914488511273,-0.13390210911423392,-0.26405224763674284,-0.19859783387869648,1439
7,Chiapas,7005,Amat√°n,0.00273972602739726,0.0,AMATAN,55.0,0.671498172959805,9528.559074,0,-0.1732157287348979,-0.16608729442343717,-0.14267807735344312,-0.1606603668372594,896
7,Chiapas,7006,Amatenango de la Frontera,0.010958904109589,0.00273972602739726,,,,0.0,1,-0.09934548028425377,-0.15535889932036942,-0.26405224763674284,-0.17291887574712203,1015
7,Chiapas,7007,Amatenango del Valle,0.0,0.00273972602739726,,,,0.0,1,-0.19783914488511273,-0.15535889932036942,-0.26405224763674284,-0.20575009728074167,1719
7,Chiapas,7008,Angel Albino Corzo,0.00273972602739726,0.00547945205479452,,,,0.0,1,-0.1732157287348979,-0.14463050421730167,-0.26405224763674284,-0.19396616019631416,1331
7,Chiapas,7009,Arriaga,0.00821917808219178,0.0136986301369863,ARRIAGA,16.0,0.529411764705882,14999.82353,0,-0.12396889643446825,-0.11244531890809842,-0.07298546395930286,-0.1031332264339565,589
7,Chiapas,7010,Bejucal de Ocampo,0.0,0.0,,,,0.0,1,-0.19783914488511273,-0.16608729442343717,-0.26405224763674284,-0.20932622898176426,1826
7,Chiapas,7011,Bella Vista,0.0,0.00273972602739726,,,,0.0,1,-0.19783914488511273,-0.15535889932036942,-0.26405224763674284,-0.20575009728074167,1719
7,Chiapas,7012,Berrioz√°bal,0.0164383561643835,0.0,BERRIOZABAL,50.0,0.683476503284487,27740.94432,0,-0.05009864798382428,-0.16608729442343717,0.08931011004676435,-0.0422919441201657,437
7,Chiapas,7013,Bochil,0.00273972602739726,0.00547945205479452,,,,0.0,1,-0.1732157287348979,-0.14463050421730167,-0.26405224763674284,-0.19396616019631416,1331
7,Chiapas,7014,El Bosque,0.0,0.0,EL BOSQUE,17.0,0.275,3650.625,0,-0.19783914488511273,-0.16608729442343717,-0.21755082208547477,-0.19382575379800823,1330
7,Chiapas,7015,Cacahoat√°n,0.00821917808219178,0.0,CACAHOATAN,297.0,0.638562749054366,20188.79987,0,-0.12396889643446825,-0.16608729442343717,-0.006888618361137727,-0.09898160307301439,581
7,Chiapas,7016,Catazaj√°,0.0,0.00547945205479452,CATAZAJA,22.0,0.580000922466675,7071.371247,0,-0.19783914488511273,-0.14463050421730167,-0.17397757724804278,-0.17214907545015237,1009
7,Chiapas,7017,Cintalapa,0.0136986301369863,0.00273972602739726,CINTALAPA,88.0,0.715181826778603,41022.82958,0,-0.07472206413403858,-0.15535889932036942,0.258493906957807,0.009470981167799672,360
7,Chiapas,7018,Coapilla,0.0,0.0,,,,0.0,1,-0.19783914488511273,-0.16608729442343717,-0.26405224763674284,-0.20932622898176426,1826
7,Chiapas,7019,Comit√°n de Dom√≠nguez,0.0136986301369863,0.0164383561643835,COMITAN DE DOMINGUEZ,98.0,0.624234077799732,68944.78119,0,-0.07472206413403858,-0.10171692380503089,0.6141619238147904,0.14590764529190697,258
7,Chiapas,7020,La Concordia,0.00273972602739726,0.00273972602739726,,,,0.0,1,-0.1732157287348979,-0.15535889932036942,-0.26405224763674284,-0.1975422918973367,1396
7,Chiapas,7021,Copainal√°,0.0,0.0,COPAINALA,16.0,0.594552929085303,8431.94964,0,-0.19783914488511273,-0.16608729442343717,-0.1566466175223099,-0.17352435227695326,1026
7,Chiapas,7022,Chalchihuit√°n,0.00547945205479452,0.0,CHALCHIHUITAN,21.0,0.219487028301886,2298.907134,0,-0.14859231258468308,-0.16608729442343717,-0.23476891699035213,-0.18314950799949078,1137
7,Chiapas,7023,Chamula,0.00273972602739726,0.0,CHAMULA,86.0,0.305885186875602,16567.65938,0,-0.1732157287348979,-0.16608729442343717,-0.05301447212766192,-0.13077249842866565,704
7,Chiapas,7024,Chanal,0.00273972602739726,0.0,,,,0.0,1,-0.1732157287348979,-0.16608729442343717,-0.26405224763674284,-0.2011184235983593,1482
7,Chiapas,7025,Chapultenango,0.0,0.0,,,,0.0,1,-0.19783914488511273,-0.16608729442343717,-0.26405224763674284,-0.20932622898176426,1826
7,Chiapas,7026,Chenalh√≥,0.00547945205479452,0.0,,,,0.0,1,-0.14859231258468308,-0.16608729442343717,-0.26405224763674284,-0.19291061821495437,1277
7,Chiapas,7027,Chiapa de Corzo,0.0136986301369863,0.0328767123287671,CHIAPA DE CORZO,63.0,0.570930776095301,42220.33089,0,-0.07472206413403858,-0.03734655318662422,0.2737476013291848,0.05389299466950733,317
7,Chiapas,7028,Chiapilla,0.0,0.0,,,,0.0,1,-0.19783914488511273,-0.16608729442343717,-0.26405224763674284,-0.20932622898176426,1826
7,Chiapas,7029,Chicoas√©n,0.0,0.00273972602739726,,,,0.0,1,-0.19783914488511273,-0.15535889932036942,-0.26405224763674284,-0.20575009728074167,1719
7,Chiapas,7030,Chicomuselo,0.00273972602739726,0.00821917808219178,,,,0.0,1,-0.1732157287348979,-0.13390210911423392,-0.26405224763674284,-0.19039002849529155,1249
7,Chiapas,7031,Chil√≥n,0.0164383561643835,0.0,CHILON,69.0,0.417681678607983,29689.64908,0,-0.05009864798382428,-0.16608729442343717,0.114132585463588,-0.03401778564789116,426
7,Chiapas,7032,Escuintla,0.0136986301369863,0.00547945205479452,,,,0.0,1,-0.07472206413403858,-0.14463050421730167,-0.26405224763674284,-0.16113493866269438,901
7,Chiapas,7033,Francisco Le√≥n,0.00273972602739726,0.0,,,,0.0,1,-0.1732157287348979,-0.16608729442343717,-0.26405224763674284,-0.2011184235983593,1482
7,Chiapas,7034,Frontera Comalapa,0.0356164383561643,0.0,,,,0.0,1,0.12226526506767935,-0.16608729442343717,-0.26405224763674284,-0.10262475899750023,587
7,Chiapas,7035,Frontera Hidalgo,0.0,0.0,,,,0.0,1,-0.19783914488511273,-0.16608729442343717,-0.26405224763674284,-0.20932622898176426,1826
7,Chiapas,7036,La Grandeza,0.0,0.0,,,,0.0,1,-0.19783914488511273,-0.16608729442343717,-0.26405224763674284,-0.20932622898176426,1826
7,Chiapas,7037,Huehuet√°n,0.0191780821917808,0.00273972602739726,HUEHUETAN,39.0,0.546073861599139,12959.97096,0,-0.02547523183360911,-0.15535889932036942,-0.09896897429504478,-0.0932677018163411,558
7,Chiapas,7038,Huixt√°n,0.0,0.0,,,,0.0,1,-0.19783914488511273,-0.16608729442343717,-0.26405224763674284,-0.20932622898176426,1826
7,Chiapas,7039,Huitiup√°n,0.0,0.0,,,,0.0,1,-0.19783914488511273,-0.16608729442343717,-0.26405224763674284,-0.20932622898176426,1826
7,Chiapas,7040,Huixtla,0.0273972602739726,0.010958904109589,HUIXTLA,30.0,0.808297444731553,28311.4263,0,0.04839501661703559,-0.12317371401116634,0.09657687267544028,0.007266058427103178,362
7,Chiapas,7041,La Independencia,0.0,0.0,LA INDEPENDENCIA,37.0,0.514115738236884,15243.01752,0,-0.19783914488511273,-0.16608729442343717,-0.06988767461624494,-0.14460470464159828,772
7,Chiapas,7042,Ixhuat√°n,0.0,0.0,,,,0.0,1,-0.19783914488511273,-0.16608729442343717,-0.26405224763674284,-0.20932622898176426,1826
7,Chiapas,7043,Ixtacomit√°n,0.00273972602739726,0.0,IXTACOMITAN,18.0,0.285737447981408,1941.585959,0,-0.1732157287348979,-0.16608729442343717,-0.2393204510474394,-0.1928744914019248,1276
7,Chiapas,7044,Ixtapa,0.0,0.00821917808219178,IXTAPA,17.0,0.357142857142857,6307.5,0,-0.19783914488511273,-0.13390210911423392,-0.18370771987379172,-0.17181632462437946,1005
7,Chiapas,7045,Ixtapangajoya,0.0,0.00273972602739726,,,,0.0,1,-0.19783914488511273,-0.15535889932036942,-0.26405224763674284,-0.20575009728074167,1719
7,Chiapas,7046,Jiquipilas,0.00821917808219178,0.0,,,,0.0,1,-0.12396889643446825,-0.16608729442343717,-0.26405224763674284,-0.1847028128315494,1153
7,Chiapas,7047,Jitotol,0.00273972602739726,0.0,JITOTOL,20.0,0.507930487552582,6447.669609,0,-0.1732157287348979,-0.16608729442343717,-0.18192224844425187,-0.1737417572008623,1029
7,Chiapas,7048,Ju√°rez,0.0,0.00821917808219178,JUAREZ,20.0,0.527767615424014,7604.603571,0,-0.19783914488511273,-0.13390210911423392,-0.1671852983325103,-0.16630885077728563,949
7,Chiapas,7049,Larr√°inzar,0.0,0.0,,,,0.0,1,-0.19783914488511273,-0.16608729442343717,-0.26405224763674284,-0.20932622898176426,1826
7,Chiapas,7050,La Libertad,0.00273972602739726,0.0,,,,0.0,1,-0.1732157287348979,-0.16608729442343717,-0.26405224763674284,-0.2011184235983593,1482
7,Chiapas,7051,Mapastepec,0.0246575342465753,0.0246575342465753,MAPASTEPEC,38.0,0.801517428959988,23821.09799,0,0.023771600466820385,-0.06953173849582756,0.03937936057594594,-0.0021269258176870773,380
7,Chiapas,7052,Las Margaritas,0.0,0.0,LAS MARGARITAS,33.0,0.305030063059099,24943.52838,0,-0.19783914488511273,-0.16608729442343717,0.05367680641523808,-0.1034165442977706,591
7,Chiapas,7053,Mazapa de Madero,0.0,0.00547945205479452,,,,0.0,1,-0.19783914488511273,-0.14463050421730167,-0.26405224763674284,-0.2021739655797191,1660
7,Chiapas,7054,Mazat√°n,0.00547945205479452,0.010958904109589,,,,0.0,1,-0.14859231258468308,-0.12317371401116634,-0.26405224763674284,-0.17860609141086412,1076
7,Chiapas,7055,Metapa,0.00273972602739726,0.0,,,,0.0,1,-0.1732157287348979,-0.16608729442343717,-0.26405224763674284,-0.2011184235983593,1482
7,Chiapas,7056,Mitontic,0.0,0.0,,,,0.0,1,-0.19783914488511273,-0.16608729442343717,-0.26405224763674284,-0.20932622898176426,1826
7,Chiapas,7057,Motozintla,0.00821917808219178,0.0,,,,0.0,1,-0.12396889643446825,-0.16608729442343717,-0.26405224763674284,-0.1847028128315494,1153
7,Chiapas,7058,Nicol√°s Ru√≠z,0.0,0.0,,,,0.0,1,-0.19783914488511273,-0.16608729442343717,-0.26405224763674284,-0.20932622898176426,1826
7,Chiapas,7059,Ocosingo,0.0136986301369863,0.00273972602739726,OCOSINGO,97.0,0.65069622493288,82592.22113,0,-0.07472206413403858,-0.15535889932036942,0.788002132638023,0.185973723061205,240
7,Chiapas,7060,Ocotepec,0.0,0.0,,,,0.0,1,-0.19783914488511273,-0.16608729442343717,-0.26405224763674284,-0.20932622898176426,1826
7,Chiapas,7061,Ocozocoautla de Espinosa,0.0246575342465753,0.00821917808219178,OCOZOCOAUTLA DE ESPINOSA,37.0,0.731515610125222,44092.1034,0,0.023771600466820385,-0.13390210911423392,0.2975901187125576,0.062486536688381354,312
7,Chiapas,7062,Ostuac√°n,0.0,0.00547945205479452,OSTUACAN,19.0,0.871787965307331,9729.153693,0,-0.19783914488511273,-0.14463050421730167,-0.1401229160478,-0.1608641883834048,900
7,Chiapas,7063,Osumacinta,0.0,0.0,,,,0.0,1,-0.19783914488511273,-0.16608729442343717,-0.26405224763674284,-0.20932622898176426,1826
7,Chiapas,7064,Oxchuc,0.00273972602739726,0.0,OXCHUC,37.0,0.391749335315475,10878.48729,0,-0.1732157287348979,-0.16608729442343717,-0.1254827788947189,-0.15492860068435133,857
7,Chiapas,7065,Palenque,0.0246575342465753,0.0164383561643835,PALENQUE,108.0,0.800547379673231,64677.02335,0,0.023771600466820385,-0.10171692380503089,0.5597994999921299,0.16061805888463979,250
7,Chiapas,7066,Pantelh√≥,0.00273972602739726,0.0,,,,0.0,1,-0.1732157287348979,-0.16608729442343717,-0.26405224763674284,-0.2011184235983593,1482
7,Chiapas,7067,Pantepec,0.0,0.0,PANTEPEC,18.0,0.393877407067785,2797.317345,0,-0.19783914488511273,-0.16608729442343717,-0.2284201999019609,-0.19744887973683692,1394
7,Chiapas,7068,Pichucalco,0.00821917808219178,0.0,PICHUCALCO,30.0,0.658751132588341,13949.71398,0,-0.12396889643446825,-0.16608729442343717,-0.08636169160799331,-0.1254726274886329,675
7,Chiapas,7069,Pijijiapan,0.0136986301369863,0.00273972602739726,PIJIJIAPAN,39.0,0.678601527879727,23050.7367,0,-0.07472206413403858,-0.15535889932036942,0.02956654820148575,-0.06683813841764075,491
7,Chiapas,7070,El Porvenir,0.0,0.0,,,,0.0,1,-0.19783914488511273,-0.16608729442343717,-0.26405224763674284,-0.20932622898176426,1826
7,Chiapas,7071,Villa Comaltitl√°n,0.0191780821917808,0.00273972602739726,VILLA COMALTITLAN,19.0,0.488398054381628,9578.951041,0,-0.02547523183360911,-0.15535889932036942,-0.14203618773130103,-0.10762343962842652,610
7,Chiapas,7072,Pueblo Nuevo Solistahuac√°n,0.0191780821917808,0.0,PUEBLO NUEVO SOLISTAHUACAN,16.0,0.529454282616552,8595.160824,0,-0.02547523183360911,-0.16608729442343717,-0.1545676439980749,-0.11537672341837373,639
7,Chiapas,7073,Ray√≥n,0.00273972602739726,0.0,,,,0.0,1,-0.1732157287348979,-0.16608729442343717,-0.26405224763674284,-0.2011184235983593,1482
7,Chiapas,7074,Reforma,0.0136986301369863,0.010958904109589,REFORMA,54.0,0.89745937696382,25499.51328,0,-0.07472206413403858,-0.12317371401116634,0.060758906174862584,-0.045712290656780785,442
7,Chiapas,7075,Las Rosas,0.00273972602739726,0.00273972602739726,,,,0.0,1,-0.1732157287348979,-0.15535889932036942,-0.26405224763674284,-0.1975422918973367,1396
7,Chiapas,7076,Sabanilla,0.00273972602739726,0.0,,,,0.0,1,-0.1732157287348979,-0.16608729442343717,-0.26405224763674284,-0.2011184235983593,1482
7,Chiapas,7077,Salto de Agua,0.0,0.0,SALTO DE AGUA,94.0,0.415708977793139,15988.58299,0,-0.19783914488511273,-0.16608729442343717,-0.06039070979602887,-0.14143904970152624,755
7,Chiapas,7078,San Crist√≥bal de las Casas,0.021917808219178,0.0465753424657534,SAN CRISTOBAL DE LAS CASAS,143.0,0.720938203897757,101850.5448,0,-0.000851815683394814,0.016295422328714546,1.0333134161532374,0.34958567426618564,176
7,Chiapas,7079,San Fernando,0.00273972602739726,0.00273972602739726,SAN FERNANDO,18.0,0.693929021797874,18642.40317,0,-0.1732157287348979,-0.15535889932036942,-0.0265865196842746,-0.11838704924651398,648
7,Chiapas,7080,Siltepec,0.0,0.0,,,,0.0,1,-0.19783914488511273,-0.16608729442343717,-0.26405224763674284,-0.20932622898176426,1826
7,Chiapas,7081,Simojovel,0.0,0.0,SIMOJOVEL,39.0,0.44482778615331,12353.31245,0,-0.19783914488511273,-0.16608729442343717,-0.10669655122716142,-0.15687433017857044,866
7,Chiapas,7082,Sital√°,0.00273972602739726,0.0,,,,0.0,1,-0.1732157287348979,-0.16608729442343717,-0.26405224763674284,-0.2011184235983593,1482
7,Chiapas,7083,Socoltenango,0.0,0.00273972602739726,SOCOLTENANGO,21.0,0.40912906610703,5083.019517,0,-0.19783914488511273,-0.15535889932036942,-0.1993050732089618,-0.18416770580481465,1151
7,Chiapas,7084,Solosuchiapa,0.00547945205479452,0.00273972602739726,SOLOSUCHIAPA,18.0,0.555579491598449,2854.567428,0,-0.14859231258468308,-0.15535889932036942,-0.22769095204099782,-0.17721405464868342,1067
7,Chiapas,7085,Soyal√≥,0.00273972602739726,0.0,,,,0.0,1,-0.1732157287348979,-0.16608729442343717,-0.26405224763674284,-0.2011184235983593,1482
7,Chiapas,7086,Suchiapa,0.00273972602739726,0.00547945205479452,,,,0.0,1,-0.1732157287348979,-0.14463050421730167,-0.26405224763674284,-0.19396616019631416,1331
7,Chiapas,7087,Suchiate,0.073972602739726,0.00273972602739726,SUCHIATE,18.0,0.842136294403773,21779.32885,0,0.46699309117068755,-0.15535889932036942,0.013371437095285356,0.1083352096485345,273
7,Chiapas,7088,Sunuapa,0.00273972602739726,0.0,,,,0.0,1,-0.1732157287348979,-0.16608729442343717,-0.26405224763674284,-0.2011184235983593,1482
7,Chiapas,7089,Tapachula,0.126027397260273,0.0328767123287671,TAPACHULA,316.0,0.83863292170622,196856.4989,0,0.934837998024761,-0.03734655318662422,2.243493125520358,1.046994856786165,89
7,Chiapas,7090,Tapalapa,0.0,0.0,TAPALAPA,15.0,0.742851585294689,1981.185178,0,-0.19783914488511273,-0.16608729442343717,-0.238816038752499,-0.20091415935368295,1481
7,Chiapas,7091,Tapilula,0.0,0.0,,,,0.0,1,-0.19783914488511273,-0.16608729442343717,-0.26405224763674284,-0.20932622898176426,1826
7,Chiapas,7092,Tecpat√°n,0.00273972602739726,0.00273972602739726,,,,0.0,1,-0.1732157287348979,-0.15535889932036942,-0.26405224763674284,-0.1975422918973367,1396
7,Chiapas,7093,Tenejapa,0.00273972602739726,0.0,TENEJAPA,35.0,0.283698549970739,7123.954288,0,-0.1732157287348979,-0.16608729442343717,-0.17330777786675303,-0.1708702670083627,990
7,Chiapas,7094,Teopisca,0.0,0.0,TEOPISCA,20.0,0.511618214025216,14534.05022,0,-0.19783914488511273,-0.16608729442343717,-0.07891845430992303,-0.14761496453949097,789
7,Chiapas,7096,Tila,0.00273972602739726,0.0,TILA,19.0,0.761892815704474,31690.16978,0,-0.1732157287348979,-0.16608729442343717,0.13961508897869043,-0.0665626447265482,490
7,Chiapas,7097,Tonal√°,0.00547945205479452,0.00547945205479452,TONALA,32.0,0.772180070814365,47445.83227,0,-0.14859231258468308,-0.14463050421730167,0.3403097005286695,0.01569562790889491,349
7,Chiapas,7098,Totolapa,0.0,0.0,,,,0.0,1,-0.19783914488511273,-0.16608729442343717,-0.26405224763674284,-0.20932622898176426,1826
7,Chiapas,7099,La Trinitaria,0.00273972602739726,0.00273972602739726,LA TRINITARIA,44.0,0.420897767748501,22349.67147,0,-0.1732157287348979,-0.15535889932036942,0.020636424565278894,-0.10264606782999615,588
7,Chiapas,7100,Tumbal√°,0.00273972602739726,0.0,TUMBALA,19.0,0.571437798734013,12543.63112,0,-0.1732157287348979,-0.16608729442343717,-0.10427228429642452,-0.1478584358182532,791
7,Chiapas,7101,Tuxtla Guti√©rrez,0.0575342465753424,0.0520547945205479,TUXTLA GUTIERREZ,511.0,0.727125559941455,310161.2246,0,0.31925259426939817,0.03775221253484997,3.6867614060874945,1.3479220709639141,72
7,Chiapas,7102,Tuxtla Chico,0.021917808219178,0.0,TUXTLA CHICO,197.0,0.660833853401244,17825.9932,0,-0.000851815683394814,-0.16608729442343717,-0.03698589717149064,-0.06797500242610754,494
7,Chiapas,7103,Tuzant√°n,0.0164383561643835,0.00547945205479452,,,,0.0,1,-0.05009864798382428,-0.14463050421730167,-0.26405224763674284,-0.1529271332792896,839
7,Chiapas,7104,Tzimol,0.0,0.00273972602739726,,,,0.0,1,-0.19783914488511273,-0.15535889932036942,-0.26405224763674284,-0.20575009728074167,1719
7,Chiapas,7105,Uni√≥n Ju√°rez,0.0,0.0,,,,0.0,1,-0.19783914488511273,-0.16608729442343717,-0.26405224763674284,-0.20932622898176426,1826
7,Chiapas,7106,Venustiano Carranza,0.00273972602739726,0.0,VENUSTIANO CARRANZA,35.0,0.613189423312026,26664.54207,0,-0.1732157287348979,-0.16608729442343717,0.07559896768303419,-0.08790135182510028,545
7,Chiapas,7107,Villa Corzo,0.021917808219178,0.00273972602739726,,,,0.0,1,-0.000851815683394814,-0.15535889932036942,-0.26405224763674284,-0.14008765421350236,746
7,Chiapas,7108,Villaflores,0.021917808219178,0.00821917808219178,VILLAFLORES,175.0,0.853184546355107,61824.31178,0,-0.000851815683394814,-0.13390210911423392,0.5234618441957672,0.12956930646604617,264
7,Chiapas,7109,Yajal√≥n,0.0,0.00273972602739726,YAJALON,20.0,0.428565397281094,10258.14135,0,-0.19783914488511273,-0.15535889932036942,-0.1333847054264611,-0.16219424987731443,917
7,Chiapas,7110,San Lucas,0.0,0.0,SAN LUCAS,19.0,0.404783869267264,1783.477728,0,-0.19783914488511273,-0.16608729442343717,-0.2413344234858271,-0.201753620931459,1658
7,Chiapas,7111,Zinacant√°n,0.00273972602739726,0.0,ZINACANTAN,39.0,0.149028703972165,3847.026964,0,-0.1732157287348979,-0.16608729442343717,-0.2150490665485273,-0.18478402990228746,1174
7,Chiapas,7112,San Juan Cancuc,0.0,0.0,SAN JUAN CANCUC,19.0,0.307698054009636,5649.336272,0,-0.19783914488511273,-0.16608729442343717,-0.19209136694741255,-0.18533926875198747,1175
7,Chiapas,7113,Aldama,0.0,0.0,,,,0.0,1,-0.19783914488511273,-0.16608729442343717,-0.26405224763674284,-0.20932622898176426,1826
7,Chiapas,7114,Benem√©rito de las Am√©ricas,0.0136986301369863,0.00273972602739726,BENEMERITO DE LAS AMERICAS,19.0,0.92156862745098,12247.64706,0,-0.07472206413403858,-0.15535889932036942,-0.10804251014280757,-0.11270782453240519,627
7,Chiapas,7115,Maravilla Tenejapa,0.00273972602739726,0.0,MARAVILLA TENEJAPA,18.0,0.869560858231401,6841.704833,0,-0.1732157287348979,-0.16608729442343717,-0.17690305320140629,-0.1720686921199138,1008
7,Chiapas,7116,Marqu√©s de Comillas,0.00273972602739726,0.0,,,,0.0,1,-0.1732157287348979,-0.16608729442343717,-0.26405224763674284,-0.2011184235983593,1482
7,Chiapas,7117,Montecristo de Guerrero,0.00273972602739726,0.0,,,,0.0,1,-0.1732157287348979,-0.16608729442343717,-0.26405224763674284,-0.2011184235983593,1482
7,Chiapas,7118,San Andr√©s Duraznal,0.00273972602739726,0.0,,,,0.0,1,-0.1732157287348979,-0.16608729442343717,-0.26405224763674284,-0.2011184235983593,1482
7,Chiapas,7119,Santiago el Pinar,0.0,0.0,,,,0.0,1,-0.19783914488511273,-0.16608729442343717,-0.26405224763674284,-0.20932622898176426,1826
7,Chiapas,7120,Capit√°n Luis √Ångel Vidal,0.0,0.0,,,,0.0,1,-0.19783914488511273,-0.16608729442343717,-0.26405224763674284,-0.20932622898176426,1826
7,Chiapas,7121,Rinc√≥n Chamula San Pedro,0.00273972602739726,0.0,,,,0.0,1,-0.1732157287348979,-0.16608729442343717,-0.26405224763674284,-0.2011184235983593,1482
7,Chiapas,7122,El Parral,0.0,0.0,,,,0.0,1,-0.19783914488511273,-0.16608729442343717,-0.26405224763674284,-0.20932622898176426,1826
7,Chiapas,7123,Emiliano Zapata,0.0,0.0,,,,0.0,1,-0.19783914488511273,-0.16608729442343717,-0.26405224763674284,-0.20932622898176426,1826
7,Chiapas,7124,Mezcalapa,0.00273972602739726,0.00273972602739726,MEZCALAPA,16.0,0.733333333333333,10290.13333,0,-0.1732157287348979,-0.15535889932036942,-0.13297719365074936,-0.15385060723533892,854
7,Chiapas,7125,Honduras de la Sierra,0.0,0.0,,,,0.0,1,-0.19783914488511273,-0.16608729442343717,-0.26405224763674284,-0.20932622898176426,1826
8,Chihuahua,8001,Ahumada,0.00821917808219178,0.00273972602739726,,,,0.0,1,-0.12396889643446825,-0.15535889932036942,-0.26405224763674284,-0.18112668113052685,1096
8,Chihuahua,8002,Aldama,0.0712328767123287,0.0438356164383561,ALDAMA,35.0,0.735190445227747,13141.52921,0,0.44236967502047236,0.005567027225646646,-0.09665629702866066,0.11709346840581947,269
8,Chihuahua,8003,Allende,0.0136986301369863,0.0,ALLENDE,19.0,0.666724967205946,4092.357849,0,-0.07472206413403858,-0.16608729442343717,-0.21192405757492574,-0.1509111387108005,822
8,Chihuahua,8004,Aquiles Serd√°n,0.0410958904109589,0.00547945205479452,AQUILES SERDAN,37.0,0.740995493511334,12379.07071,0,0.17151209736810974,-0.14463050421730167,-0.10636844417433615,-0.026495617007842694,415
8,Chihuahua,8005,Ascensi√≥n,0.00273972602739726,0.0,ASCENSION,50.0,0.442332873880082,7300.704083,0,-0.1732157287348979,-0.16608729442343717,-0.17105635038970612,-0.1701197911826804,981
8,Chihuahua,8006,Bach√≠niva,0.00547945205479452,0.0,BACHINIVA,17.0,0.346107398760164,1458.842686,0,-0.14859231258468308,-0.16608729442343717,-0.2454696036911059,-0.18671640356640873,1193
8,Chihuahua,8007,Balleza,0.0383561643835616,0.00547945205479452,,,,0.0,1,0.14688868121789453,-0.14463050421730167,-0.26405224763674284,-0.08726469021205001,544
8,Chihuahua,8008,Batopilas de Manuel G√≥mez Mor√≠n,0.010958904109589,0.0,BATOPILAS DE MANUEL GOMEZ MORIN,18.0,0.365842055185537,2310.658421,0,-0.09934548028425377,-0.16608729442343717,-0.23461922985525552,-0.16668400152098214,950
8,Chihuahua,8009,Bocoyna,0.0547945205479452,0.010958904109589,BOCOYNA,18.0,0.641023229568325,9717.91216,0,0.29462917811918393,-0.12317371401116634,-0.14026610996935635,0.01039645137955375,358
8,Chihuahua,8010,Buenaventura,0.010958904109589,0.0,,,,0.0,1,-0.09934548028425377,-0.16608729442343717,-0.26405224763674284,-0.17649500744814461,1055
8,Chihuahua,8011,Camargo,0.0136986301369863,0.00547945205479452,CAMARGO,18.0,0.595238095238095,20622.61905,0,-0.07472206413403858,-0.14463050421730167,-0.0013626576553730215,-0.07357174200223776,510
8,Chihuahua,8012,Carich√≠,0.0136986301369863,0.0,CARICHI,17.0,0.694444444444444,3471.527778,0,-0.07472206413403858,-0.16608729442343717,-0.21983215093608854,-0.1535471698311881,848
8,Chihuahua,8013,Casas Grandes,0.0246575342465753,0.0,CASAS GRANDES,18.0,0.599942623538693,4729.947644,0,0.023771600466820385,-0.16608729442343717,-0.20380247993152473,-0.11537272462938049,638
8,Chihuahua,8014,Coronado,0.0,0.0,,,,0.0,1,-0.19783914488511273,-0.16608729442343717,-0.26405224763674284,-0.20932622898176426,1826
8,Chihuahua,8015,Coyame del Sotol,0.010958904109589,0.00821917808219178,,,,0.0,1,-0.09934548028425377,-0.13390210911423392,-0.26405224763674284,-0.16576661234507684,940
8,Chihuahua,8016,La Cruz,0.00273972602739726,0.0,,,,0.0,1,-0.1732157287348979,-0.16608729442343717,-0.26405224763674284,-0.2011184235983593,1482
8,Chihuahua,8017,Cuauht√©moc,0.230136986301369,0.0191780821917808,CUAUHTEMOC,221.0,0.624914049398716,77036.90435,0,1.8705278117329256,-0.09098852870196299,0.7172388661675198,0.8322593830661608,110
8,Chihuahua,8018,Cusihuiriachi,0.010958904109589,0.00273972602739726,,,,0.0,1,-0.09934548028425377,-0.15535889932036942,-0.26405224763674284,-0.17291887574712203,1015
8,Chihuahua,8019,Chihuahua,0.742465753424657,0.104109589041095,CHIHUAHUA,857.0,0.569792159224344,388282.0179,0,6.4751066318231025,0.24159171949313402,4.681859027356716,3.7995191262243178,25
8,Chihuahua,8020,Ch√≠nipas,0.0,0.0,,,,0.0,1,-0.19783914488511273,-0.16608729442343717,-0.26405224763674284,-0.20932622898176426,1826
8,Chihuahua,8021,Delicias,0.0328767123287671,0.00821917808219178,DELICIAS,114.0,0.416185028206724,43942.8962,0,0.09764184891746505,-0.13390210911423392,0.2956895270323623,0.08647642227853114,292
8,Chihuahua,8022,Dr. Belisario Dom√≠nguez,0.00821917808219178,0.00273972602739726,,,,0.0,1,-0.12396889643446825,-0.15535889932036942,-0.26405224763674284,-0.18112668113052685,1096
8,Chihuahua,8023,Galeana,0.0,0.0,GALEANA,18.0,0.200024557956778,782.6960953,0,-0.19783914488511273,-0.16608729442343717,-0.25408231530875486,-0.20600291820576824,1792
8,Chihuahua,8024,Santa Isabel,0.00273972602739726,0.00273972602739726,,,,0.0,1,-0.1732157287348979,-0.15535889932036942,-0.26405224763674284,-0.1975422918973367,1396
8,Chihuahua,8025,G√≥mez Far√≠as,0.00273972602739726,0.0,,,,0.0,1,-0.1732157287348979,-0.16608729442343717,-0.26405224763674284,-0.2011184235983593,1482
8,Chihuahua,8026,Gran Morelos,0.00547945205479452,0.0,GRAN MORELOS,19.0,0.218717924792385,422.1255948,0,-0.14859231258468308,-0.16608729442343717,-0.25867523906427187,-0.1911182820241307,1261
8,Chihuahua,8027,Guachochi,0.126027397260273,0.0136986301369863,GUACHOCHI,30.0,0.908878322550471,27651.71409,0,0.934837998024761,-0.11244531890809842,0.08817350113807956,0.30352206008491406,189
8,Chihuahua,8028,Guadalupe,0.00273972602739726,0.0,,,,0.0,1,-0.1732157287348979,-0.16608729442343717,-0.26405224763674284,-0.2011184235983593,1482
8,Chihuahua,8029,Guadalupe y Calvo,0.142465753424657,0.021917808219178,GUADALUPE Y CALVO,19.0,0.849947386881795,24371.39137,0,1.082578494926054,-0.08026013359889547,0.04638896212127744,0.3495691078161453,177
8,Chihuahua,8030,Guazapares,0.00821917808219178,0.0,,,,0.0,1,-0.12396889643446825,-0.16608729442343717,-0.26405224763674284,-0.1847028128315494,1153
8,Chihuahua,8031,Guerrero,0.0246575342465753,0.00547945205479452,GUERRERO,52.0,0.42994890024439,10489.89327,0,0.023771600466820385,-0.14463050421730167,-0.13043266443231807,-0.08376385606093312,534
8,Chihuahua,8032,Hidalgo del Parral,0.0191780821917808,0.0301369863013698,HIDALGO DEL PARRAL,96.0,0.409764707285368,33433.522,0,-0.02547523183360911,-0.048074948289692124,0.161821796999363,0.02942387229202059,335
8,Chihuahua,8033,Huejotit√°n,0.0,0.0,,,,0.0,1,-0.19783914488511273,-0.16608729442343717,-0.26405224763674284,-0.20932622898176426,1826
8,Chihuahua,8034,Ignacio Zaragoza,0.00547945205479452,0.0,,,,0.0,1,-0.14859231258468308,-0.16608729442343717,-0.26405224763674284,-0.19291061821495437,1277
8,Chihuahua,8035,Janos,0.00273972602739726,0.0,JANOS,16.0,0.333333333333333,2304.333333,0,-0.1732157287348979,-0.16608729442343717,-0.23469979841782695,-0.19133427385872068,1263
8,Chihuahua,8036,Jim√©nez,0.00273972602739726,0.00547945205479452,JIMENEZ,15.0,0.413744243712362,11320.45625,0,-0.1732157287348979,-0.14463050421730167,-0.11985300681749614,-0.14589974658989857,780
8,Chihuahua,8037,Ju√°rez,2.11780821917808,0.704109589041095,JUAREZ,1396.0,0.746591642206812,780109.874,0,18.836061539230933,2.5911102470649725,9.672936960408492,10.366702915568132,4
8,Chihuahua,8038,Julimes,0.00273972602739726,0.0,JULIMES,17.0,0.0277565217391304,97.48090435,0,-0.1732157287348979,-0.16608729442343717,-0.2628105421708838,-0.2007045217764063,1478
8,Chihuahua,8039,L√≥pez,0.0,0.00273972602739726,LOPEZ,37.0,0.445732306684141,1284.154776,0,-0.19783914488511273,-0.15535889932036942,-0.24769476701014623,-0.2002976037385428,1474
8,Chihuahua,8040,Madera,0.021917808219178,0.010958904109589,MADERA,19.0,0.484797666788188,8212.957273,0,-0.000851815683394814,-0.12317371401116634,-0.15943612815414596,-0.09448721928290238,566
8,Chihuahua,8041,Maguarichi,0.00273972602739726,0.0,,,,0.0,1,-0.1732157287348979,-0.16608729442343717,-0.26405224763674284,-0.2011184235983593,1482
8,Chihuahua,8042,Manuel Benavides,0.0,0.0,,,,0.0,1,-0.19783914488511273,-0.16608729442343717,-0.26405224763674284,-0.20932622898176426,1826
8,Chihuahua,8043,Matach√≠,0.0,0.00273972602739726,,,,0.0,1,-0.19783914488511273,-0.15535889932036942,-0.26405224763674284,-0.20575009728074167,1719
8,Chihuahua,8044,Matamoros,0.00273972602739726,0.00273972602739726,MATAMOROS,16.0,0.0570868896040296,174.1721002,0,-0.1732157287348979,-0.15535889932036942,-0.2618336546696322,-0.19680276090829985,1390
8,Chihuahua,8045,Meoqui,0.0191780821917808,0.0,MEOQUI,56.0,0.314341069122119,9633.296404,0,-0.02547523183360911,-0.16608729442343717,-0.14134394000615777,-0.11096882208773469,618
8,Chihuahua,8046,Morelos,0.0,0.00273972602739726,,,,0.0,1,-0.19783914488511273,-0.15535889932036942,-0.26405224763674284,-0.20575009728074167,1719
8,Chihuahua,8047,Moris,0.0328767123287671,0.00273972602739726,,,,0.0,1,0.09764184891746505,-0.15535889932036942,-0.26405224763674284,-0.1072564326798824,607
8,Chihuahua,8048,Namiquipa,0.00821917808219178,0.0,NAMIQUIPA,17.0,0.194481361939117,3103.533574,0,-0.12396889643446825,-0.16608729442343717,-0.22451963734748498,-0.17152527606846346,1001
8,Chihuahua,8049,Nonoava,0.00547945205479452,0.0,,,,0.0,1,-0.14859231258468308,-0.16608729442343717,-0.26405224763674284,-0.19291061821495437,1277
8,Chihuahua,8050,Nuevo Casas Grandes,0.0246575342465753,0.00547945205479452,NUEVO CASAS GRANDES,32.0,0.410852713178294,18518.77519,0,0.023771600466820385,-0.14463050421730167,-0.028161284911605185,-0.04967339622069549,452
8,Chihuahua,8051,Ocampo,0.0,0.0,,,,0.0,1,-0.19783914488511273,-0.16608729442343717,-0.26405224763674284,-0.20932622898176426,1826
8,Chihuahua,8052,Ojinaga,0.0191780821917808,0.021917808219178,OJINAGA,17.0,0.548392554991539,9378.609475,0,-0.02547523183360911,-0.08026013359889547,-0.1445881256641683,-0.08344116369889094,533
8,Chihuahua,8053,Praxedis G. Guerrero,0.0,0.0,,,,0.0,1,-0.19783914488511273,-0.16608729442343717,-0.26405224763674284,-0.20932622898176426,1826
8,Chihuahua,8054,Riva Palacio,0.00821917808219178,0.0,,,,0.0,1,-0.12396889643446825,-0.16608729442343717,-0.26405224763674284,-0.1847028128315494,1153
8,Chihuahua,8055,Rosales,0.0136986301369863,0.0,ROSALES,20.0,0.368373012854643,4376.271393,0,-0.07472206413403858,-0.16608729442343717,-0.20830758518203066,-0.1497056479131688,814
8,Chihuahua,8056,Rosario,0.0,0.0,,,,0.0,1,-0.19783914488511273,-0.16608729442343717,-0.26405224763674284,-0.20932622898176426,1826
8,Chihuahua,8057,San Francisco de Borja,0.0,0.0,,,,0.0,1,-0.19783914488511273,-0.16608729442343717,-0.26405224763674284,-0.20932622898176426,1826
8,Chihuahua,8058,San Francisco de Conchos,0.00273972602739726,0.0,,,,0.0,1,-0.1732157287348979,-0.16608729442343717,-0.26405224763674284,-0.2011184235983593,1482
8,Chihuahua,8059,San Francisco del Oro,0.00821917808219178,0.0,,,,0.0,1,-0.12396889643446825,-0.16608729442343717,-0.26405224763674284,-0.1847028128315494,1153
8,Chihuahua,8060,Santa B√°rbara,0.00547945205479452,0.00821917808219178,,,,0.0,1,-0.14859231258468308,-0.13390210911423392,-0.26405224763674284,-0.18218222311188662,1121
8,Chihuahua,8061,Satev√≥,0.00547945205479452,0.0328767123287671,,,,0.0,1,-0.14859231258468308,-0.03734655318662422,-0.26405224763674284,-0.1499970378026834,817
8,Chihuahua,8062,Saucillo,0.010958904109589,0.0,SAUCILLO,18.0,0.256307999079684,5335.819925,0,-0.09934548028425377,-0.16608729442343717,-0.19608491793364807,-0.15383923088044635,853
8,Chihuahua,8063,Tem√≥sachic,0.0164383561643835,0.0,,,,0.0,1,-0.05009864798382428,-0.16608729442343717,-0.26405224763674284,-0.16007939668133478,886
8,Chihuahua,8064,El Tule,0.0,0.0,,,,0.0,1,-0.19783914488511273,-0.16608729442343717,-0.26405224763674284,-0.20932622898176426,1826
8,Chihuahua,8065,Urique,0.0191780821917808,0.0,,,,0.0,1,-0.02547523183360911,-0.16608729442343717,-0.26405224763674284,-0.1518715912979297,829
8,Chihuahua,8066,Uruachi,0.0164383561643835,0.0,,,,0.0,1,-0.05009864798382428,-0.16608729442343717,-0.26405224763674284,-0.16007939668133478,886
8,Chihuahua,8067,Valle de Zaragoza,0.010958904109589,0.0191780821917808,,,,0.0,1,-0.09934548028425377,-0.09098852870196299,-0.26405224763674284,-0.15146208554098653,827
9,Ciudad de M√©xico,9002,Azcapotzalco,0.0904109589041095,0.0767123287671232,AZCAPOTZALCO,278.0,0.671404233839164,231717.0434,0,0.614733588071976,0.13430776846245956,2.6875444906272694,1.1455286157205684,83
9,Ciudad de M√©xico,9003,Coyoac√°n,0.0630136986301369,0.0876712328767123,COYOACAN,385.0,0.436434745184564,218380.5992,0,0.36849942656982765,0.17722134887473084,2.517665725461047,1.0211288336352018,93
9,Ciudad de M√©xico,9004,Cuajimalpa de Morelos,0.0301369863013698,0.0136986301369863,CUAJIMALPA DE MORELOS,147.0,0.686069482968491,111414.2537,0,0.07301843276724988,-0.11244531890809842,1.1551353226507137,0.3719028121699551,172
9,Ciudad de M√©xico,9005,Gustavo A. Madero,0.208219178082191,0.378082191780821,GUSTAVO A. MADERO,537.0,0.778215169890304,709329.1195,0,1.6735404825312077,1.3144312297999092,8.77133627947185,3.919769330600989,23
9,Ciudad de M√©xico,9006,Iztacalco,0.073972602739726,0.0931506849315068,IZTACALCO,224.0,0.769788870347529,245578.8152,0,0.46699309117068755,0.19867813908086626,2.8641148448450724,1.1765953583655422,79
9,Ciudad de M√©xico,9007,Iztapalapa,0.473972602739726,0.572602739726027,IZTAPALAPA,997.0,0.800812393035723,1107891.112,0,4.062011849102054,2.0761472821177223,13.84819320720445,6.6621174461414085,8
9,Ciudad de M√©xico,9008,La Magdalena Contreras,0.0547945205479452,0.021917808219178,LA MAGDALENA CONTRERAS,134.0,0.618751911049339,116973.1925,0,0.29462917811918393,-0.08026013359889547,1.2259447261781249,0.48010459023280444,154
9,Ciudad de M√©xico,9009,Milpa Alta,0.0410958904109589,0.0356164383561643,MILPA ALTA,90.0,0.640273406304317,69327.52389,0,0.17151209736810974,-0.026618158083556703,0.619037275616014,0.254643738300189,208
9,Ciudad de M√©xico,9010,√Ålvaro Obreg√≥n,0.153424657534246,0.0958904109589041,ALVARO OBREGON,378.0,0.717203329022738,423329.9822,0,1.181072159526913,0.2094065341839342,5.128297733775467,2.1729254758287713,44
9,Ciudad de M√©xico,9011,Tl√°huac,0.0931506849315068,0.161643835616438,TLAHUAC,204.0,0.686102174472824,198199.1379,0,0.6393570042221912,0.4668880166575589,2.2605955744162944,1.1222801984320148,85
9,Ciudad de M√©xico,9012,Tlalpan,0.128767123287671,0.246575342465753,TLALPAN,432.0,0.606147092720239,326994.5352,0,0.9594614141749824,0.7994682648526591,3.9011830296854457,1.8867042362376958,50
9,Ciudad de M√©xico,9013,Xochimilco,0.10958904109589,0.123287671232876,XOCHIMILCO,251.0,0.797530050299811,265039.174,0,0.787097501123477,0.31669048521460896,3.111999638802043,1.4052625417133762,65
9,Ciudad de M√©xico,9014,Benito Ju√°rez,0.0246575342465753,0.134246575342465,BENITO JUAREZ,368.0,0.233512398936458,86886.46096,0,0.023771600466820385,0.35960406562687985,0.8427018823395219,0.4086925161444073,162
9,Ciudad de M√©xico,9015,Cuauht√©moc,0.197260273972602,0.0931506849315068,CUAUHTEMOC,468.0,0.706015710786384,313487.92,0,1.5750468179303487,0.19867813908086626,3.729136637308133,1.8342871981064492,52
9,Ciudad de M√©xico,9016,Miguel Hidalgo,0.0876712328767123,0.0712328767123287,MIGUEL HIDALGO,487.0,0.603373570767561,200896.8506,0,0.5901101719217617,0.11285097825632416,2.294958864613935,0.9993066715973402,94
9,Ciudad de M√©xico,9017,Venustiano Carranza,0.180821917808219,0.106849315068493,VENUSTIANO CARRANZA,274.0,0.632408346616432,219809.9635,0,1.4273063210290646,0.2523201145962047,2.5358728756290567,1.4051664370847752,66
9,Ciudad de M√©xico,9998,No Especificado,0.0575342465753424,0.0794520547945205,,,,0.0,1,0.31925259426939817,0.1450361635655275,-0.26405224763674284,0.06674550339939428,308
10,Durango,10001,Canatl√°n,0.0,0.00547945205479452,CANATLAN,49.0,0.394136211864794,8458.557243,0,-0.19783914488511273,-0.14463050421730167,-0.15630769159318758,-0.16625911356520065,948
10,Durango,10002,Canelas,0.0,0.0,,,,0.0,1,-0.19783914488511273,-0.16608729442343717,-0.26405224763674284,-0.20932622898176426,1826
10,Durango,10003,Coneto de Comonfort,0.0,0.0,,,,0.0,1,-0.19783914488511273,-0.16608729442343717,-0.26405224763674284,-0.20932622898176426,1826
10,Durango,10004,Cuencam√©,0.00547945205479452,0.021917808219178,CUENCAME,85.0,0.352028119147189,8070.59666,0,-0.14859231258468308,-0.08026013359889547,-0.16124950845117794,-0.13003398487825216,699
10,Durango,10005,Durango,0.0547945205479452,0.0356164383561643,DURANGO,1183.0,0.516084260441364,242105.4483,0,0.29462917811918393,-0.026618158083556703,2.8198713215271227,1.02929411385425,92
10,Durango,10006,General Sim√≥n Bol√≠var,0.0,0.0,,,,0.0,1,-0.19783914488511273,-0.16608729442343717,-0.26405224763674284,-0.20932622898176426,1826
10,Durango,10007,G√≥mez Palacio,0.0191780821917808,0.0,GOMEZ PALACIO,575.0,0.49883991567009,125046.6959,0,-0.02547523183360911,-0.16608729442343717,1.3287844912301394,0.3790739883243644,170
10,Durango,10008,Guadalupe Victoria,0.00273972602739726,0.00547945205479452,GUADALUPE VICTORIA,17.0,0.393909899888765,9866.261263,0,-0.1732157287348979,-0.14463050421730167,-0.13837644867334487,-0.15207422720851482,834
10,Durango,10009,Guanacev√≠,0.0,0.0,,,,0.0,1,-0.19783914488511273,-0.16608729442343717,-0.26405224763674284,-0.20932622898176426,1826
10,Durango,10010,Hidalgo,0.0,0.00273972602739726,,,,0.0,1,-0.19783914488511273,-0.15535889932036942,-0.26405224763674284,-0.20575009728074167,1719
10,Durango,10011,Ind√©,0.0,0.0,,,,0.0,1,-0.19783914488511273,-0.16608729442343717,-0.26405224763674284,-0.20932622898176426,1826
10,Durango,10012,Lerdo,0.00547945205479452,0.0,LERDO,307.0,0.39525630286162,43532.34343,0,-0.14859231258468308,-0.16608729442343717,0.2904599323550065,-0.008073224884371252,388
10,Durango,10013,Mapim√≠,0.00547945205479452,0.0,MAPIMI,32.0,0.408677396780965,6793.444367,0,-0.14859231258468308,-0.16608729442343717,-0.17751779190142847,-0.16406579963651624,925
10,Durango,10014,Mezquital,0.00821917808219178,0.00547945205479452,MEZQUITAL,47.0,0.439494007058741,10413.371,0,-0.12396889643446825,-0.14463050421730167,-0.13140740016699887,-0.13333560027292293,714
10,Durango,10015,Nazas,0.0,0.00547945205479452,NAZAS,20.0,0.365440640932265,3112.457939,0,-0.19783914488511273,-0.14463050421730167,-0.22440595936230717,-0.18895853615490718,1228
10,Durango,10016,Nombre de Dios,0.0,0.00821917808219178,NOMBRE DE DIOS,51.0,0.340355607988539,4317.070532,0,-0.19783914488511273,-0.13390210911423392,-0.2090616819272078,-0.1802676453088515,1092
10,Durango,10017,Ocampo,0.0,0.00273972602739726,OCAMPO,38.0,0.0628545642083548,357.8938886,0,-0.19783914488511273,-0.15535889932036942,-0.2594934183907955,-0.20423048753209253,1714
10,Durango,10018,El Oro,0.0,0.0,EL ORO,17.0,0.0698032318346707,510.8898538,0,-0.19783914488511273,-0.16608729442343717,-0.2575445656641001,-0.20715700165755,1804
10,Durango,10019,Ot√°ez,0.0,0.0,,,,0.0,1,-0.19783914488511273,-0.16608729442343717,-0.26405224763674284,-0.20932622898176426,1826
10,Durango,10020,P√°nuco de Coronado,0.00273972602739726,0.00273972602739726,PANUCO DE CORONADO,14.0,0.277908343125734,2429.196827,0,-0.1732157287348979,-0.15535889932036942,-0.233109295292934,-0.18722797444940045,1209
10,Durango,10021,Pe√±√≥n Blanco,0.0,0.00547945205479452,PENON BLANCO,18.0,0.500058541154431,3639.426063,0,-0.19783914488511273,-0.14463050421730167,-0.2176934734219333,-0.18672104084144925,1194
10,Durango,10022,Poanas,0.0,0.0,POANAS,17.0,0.431818181818181,7450.590909,0,-0.19783914488511273,-0.16608729442343717,-0.1691471016774021,-0.17769118032865064,1073
10,Durango,10023,Pueblo Nuevo,0.0136986301369863,0.0410958904109589,PUEBLO NUEVO,114.0,0.283999268151942,8596.941846,0,-0.07472206413403858,-0.005161367877420875,-0.1545449574548287,-0.07814279648876273,525
10,Durango,10024,Rodeo,0.0,0.00547945205479452,,,,0.0,1,-0.19783914488511273,-0.14463050421730167,-0.26405224763674284,-0.2021739655797191,1660
10,Durango,10025,San Bernardo,0.0,0.0,,,,0.0,1,-0.19783914488511273,-0.16608729442343717,-0.26405224763674284,-0.20932622898176426,1826
10,Durango,10026,San Dimas,0.00547945205479452,0.00273972602739726,SAN DIMAS,32.0,0.274621669970507,2939.275734,0,-0.14859231258468308,-0.15535889932036942,-0.22661194310827176,-0.17685438500444142,1065
10,Durango,10027,San Juan de Guadalupe,0.0,0.0,SAN JUAN DE GUADALUPE,18.0,0.127594796567949,442.1159701,0,-0.19783914488511273,-0.16608729442343717,-0.25842060295435787,-0.20744901408763594,1805
10,Durango,10028,San Juan del R√≠o,0.0,0.0,SAN JUAN DEL RIO,15.0,0.428452022734871,3398.909896,0,-0.19783914488511273,-0.16608729442343717,-0.220757152828508,-0.19489453071235263,1361
10,Durango,10029,San Luis del Cordero,0.0,0.0,,,,0.0,1,-0.19783914488511273,-0.16608729442343717,-0.26405224763674284,-0.20932622898176426,1826
10,Durango,10030,San Pedro del Gallo,0.0,0.0,,,,0.0,1,-0.19783914488511273,-0.16608729442343717,-0.26405224763674284,-0.20932622898176426,1826
10,Durango,10031,Santa Clara,0.0,0.0,SANTA CLARA,18.0,0.0975346894786474,434.0293682,0,-0.19783914488511273,-0.16608729442343717,-0.2585236095672572,-0.20748334962526904,1806
10,Durango,10032,Santiago Papasquiaro,0.00273972602739726,0.0164383561643835,SANTIAGO PAPASQUIARO,34.0,0.272917336764232,8895.467674,0,-0.1732157287348979,-0.10171692380503089,-0.15074235473176825,-0.1418916690905657,759
10,Durango,10033,S√∫chil,0.0,0.00273972602739726,SUCHIL,18.0,0.510659784560143,2307.671566,0,-0.19783914488511273,-0.15535889932036942,-0.2346572762214024,-0.1959517734756282,1383
10,Durango,10034,Tamazula,0.010958904109589,0.00273972602739726,,,,0.0,1,-0.09934548028425377,-0.15535889932036942,-0.26405224763674284,-0.17291887574712203,1015
10,Durango,10035,Tepehuanes,0.00547945205479452,0.00273972602739726,,,,0.0,1,-0.14859231258468308,-0.15535889932036942,-0.26405224763674284,-0.18933448651393178,1229
10,Durango,10036,Tlahualilo,0.00273972602739726,0.0,TLAHUALILO,37.0,0.547685790817915,7509.867564,0,-0.1732157287348979,-0.16608729442343717,-0.16839203947314646,-0.1692316875438272,970
10,Durango,10037,Topia,0.0,0.0,,,,0.0,1,-0.19783914488511273,-0.16608729442343717,-0.26405224763674284,-0.20932622898176426,1826
10,Durango,10038,Vicente Guerrero,0.00273972602739726,0.0191780821917808,VICENTE GUERRERO,19.0,0.403621913881831,6313.453977,0,-0.1732157287348979,-0.09098852870196299,-0.18363187849917792,-0.1492787119786796,804
10,Durango,10039,Nuevo Ideal,0.00273972602739726,0.00547945205479452,NUEVO IDEAL,69.0,0.252285058810677,4405.906267,0,-0.1732157287348979,-0.14463050421730167,-0.20793009807036283,-0.17525877700752082,1039
11,Guanajuato,11001,Abasolo,0.0328767123287671,0.0602739726027397,ABASOLO,41.0,0.729940601323419,44966.53086,0,0.09764184891746505,0.06993739784405331,0.30872851924155587,0.15876925533435807,253
11,Guanajuato,11002,Ac√°mbaro,0.104109589041095,0.0301369863013698,ACAMBARO,12.0,0.892853735330598,68652.41656,0,0.7378506688230431,-0.048074948289692124,0.6104378020340627,0.4334045075224712,157
11,Guanajuato,11003,San Miguel de Allende,0.197260273972602,0.106849315068493,SAN MIGUEL DE ALLENDE,31.0,0.579241752430541,67951.42922,0,1.5750468179303487,0.2523201145962047,0.6015086705556472,0.8096252010274002,111
11,Guanajuato,11004,Apaseo el Alto,0.117808219178082,0.131506849315068,APASEO EL ALTO,17.0,0.710539625724623,30117.64312,0,0.8609677495741234,0.34887567052381313,0.11958434591212667,0.44314258867002104,156
11,Guanajuato,11005,Apaseo el Grande,0.178082191780821,0.616438356164383,APASEO EL GRANDE,40.0,0.808891761832938,61260.60869,0,1.4026829048788432,2.247801603766806,0.5162814306302396,1.3889219797586294,68
11,Guanajuato,11006,Atarjea,0.0,0.0,,,,0.0,1,-0.19783914488511273,-0.16608729442343717,-0.26405224763674284,-0.20932622898176426,1826
11,Guanajuato,11007,Celaya,0.654794520547945,0.797260273972602,CELAYA,285.0,0.923065742068456,337204.2232,0,5.68715731501623,2.9558756805692767,4.031233376251767,4.224755457279091,18
11,Guanajuato,11008,Manuel Doblado,0.00547945205479452,0.0136986301369863,MANUEL DOBLADO,17.0,0.560975609756097,15292.7561,0,-0.14859231258468308,-0.11244531890809842,-0.0692541077955236,-0.11009724642943503,616
11,Guanajuato,11009,Comonfort,0.0438356164383561,0.0876712328767123,,,,0.0,1,0.19613551351832403,0.17722134887473084,-0.26405224763674284,0.036434871585437345,334
11,Guanajuato,11010,Coroneo,0.0,0.00273972602739726,,,,0.0,1,-0.19783914488511273,-0.15535889932036942,-0.26405224763674284,-0.20575009728074167,1719
11,Guanajuato,11011,Cortazar,0.0547945205479452,0.0657534246575342,,,,0.0,1,0.29462917811918393,0.09139418805018873,-0.26405224763674284,0.040657039510876604,330
11,Guanajuato,11012,Cuer√°maro,0.00547945205479452,0.010958904109589,CUERAMARO,38.0,0.518008474576271,10718.11335,0,-0.14859231258468308,-0.12317371401116634,-0.12752561178806554,-0.13309721279463832,711
11,Guanajuato,11013,Doctor Mora,0.0,0.00821917808219178,,,,0.0,1,-0.19783914488511273,-0.13390210911423392,-0.26405224763674284,-0.19859783387869648,1439
11,Guanajuato,11014,Dolores Hidalgo Cuna de la Independencia Nacional,0.0821917808219178,0.136986301369863,DOLORES HIDALGO CUNA DE LA INDEPENDENCIA NACIONAL,92.0,0.622706830912206,64074.04207,0,0.5408633396213323,0.3703324607299505,0.5521187633783369,0.48777152124320655,151
11,Guanajuato,11015,Guanajuato,0.0712328767123287,0.0575342465753424,GUANAJUATO,58.0,0.740989275485954,100957.5658,0,0.44236967502047236,0.059209002740985416,1.0219387073054793,0.5078391283556457,148
11,Guanajuato,11016,Huan√≠maro,0.00821917808219178,0.00821917808219178,HUANIMARO,19.0,0.470620324189526,6716.693267,0,-0.12396889643446825,-0.13390210911423392,-0.1784954424578751,-0.1454554826688591,776
11,Guanajuato,11017,Irapuato,0.646575342465753,0.550684931506849,IRAPUATO,305.0,0.902971018795231,369417.1824,0,5.613287066565584,1.9903201212931805,4.441559970745815,4.0150557195348595,22
11,Guanajuato,11018,Jaral del Progreso,0.0712328767123287,0.0602739726027397,,,,0.0,1,0.44236967502047236,0.06993739784405331,-0.26405224763674284,0.08275160840926095,298
11,Guanajuato,11019,Jer√©cuaro,0.0246575342465753,0.0,JERECUARO,18.0,0.911099137931034,30158.29256,0,0.023771600466820385,-0.16608729442343717,0.12010213585435871,-0.007404519367419357,386
11,Guanajuato,11020,Le√≥n,1.13972602739726,0.405479452054794,LEON,628.0,0.86113850705788,1013622.886,0,10.045501973604257,1.4217151808305886,12.647410630744497,8.038209261726449,6
11,Guanajuato,11021,Morole√≥n,0.00273972602739726,0.00821917808219178,MOROLEON,31.0,0.694179984616699,24510.80108,0,-0.1732157287348979,-0.13390210911423392,0.04816475400641734,-0.08631769461423816,540
11,Guanajuato,11022,Ocampo,0.0136986301369863,0.0164383561643835,,,,0.0,1,-0.07472206413403858,-0.10171692380503089,-0.26405224763674284,-0.1468304118586041,786
11,Guanajuato,11023,P√©njamo,0.191780821917808,0.131506849315068,PENJAMO,73.0,0.858576422137624,90187.44311,0,1.5257999856299236,0.34887567052381313,0.8847495798418098,0.9198084119985155,102
11,Guanajuato,11024,Pueblo Nuevo,0.0191780821917808,0.0356164383561643,,,,0.0,1,-0.02547523183360911,-0.026618158083556703,-0.26405224763674284,-0.10538187918463622,599
11,Guanajuato,11025,Pur√≠sima del Rinc√≥n,0.0630136986301369,0.0410958904109589,PURISIMA DEL RINCON,29.0,0.71479173375258,38556.58091,0,0.36849942656982765,-0.005161367877420875,0.2270789906300771,0.1968056831074946,232
11,Guanajuato,11026,Romita,0.00821917808219178,0.00821917808219178,ROMITA,34.0,0.538664962817031,23067.78837,0,-0.12396889643446825,-0.13390210911423392,0.029783751273022723,-0.07602908475855982,521
11,Guanajuato,11027,Salamanca,0.550684931506849,0.67945205479452,SALAMANCA,86.0,0.895466852619593,174258.745,0,4.751467501308066,2.4945546911373637,1.9556443953421752,3.0672221959292014,36
11,Guanajuato,11028,Salvatierra,0.191780821917808,0.0876712328767123,SALVATIERRA,16.0,1.0,67301.0,0,1.5257999856299236,0.17722134887473084,0.59322354514556,0.7654149598834047,114
11,Guanajuato,11029,San Diego de la Uni√≥n,0.010958904109589,0.0356164383561643,,,,0.0,1,-0.09934548028425377,-0.026618158083556703,-0.26405224763674284,-0.13000529533485108,698
11,Guanajuato,11030,San Felipe,0.0657534246575342,0.0301369863013698,SAN FELIPE,19.0,0.269842846148116,20122.45088,0,0.3931228427200429,-0.048074948289692124,-0.007733767512005528,0.11243804230611508,271
11,Guanajuato,11031,San Francisco del Rinc√≥n,0.123287671232876,0.0602739726027397,SAN FRANCISCO DEL RINCON,42.0,0.867502595639326,75096.22969,0,0.9102145818745484,0.06993739784405331,0.6925186776460411,0.5575568857882143,140
11,Guanajuato,11032,San Jos√© Iturbide,0.0410958904109589,0.18904109589041,,,,0.0,1,0.17151209736810974,0.5741719676882341,-0.26405224763674284,0.160543939139867,251
11,Guanajuato,11033,San Luis de la Paz,0.0575342465753424,0.104109589041095,SAN LUIS DE LA PAZ,19.0,0.454545454545454,36957.27273,0,0.31925259426939817,0.24159171949313402,0.2067071062908738,0.2558504733511353,207
11,Guanajuato,11034,Santa Catarina,0.00273972602739726,0.0,,,,0.0,1,-0.1732157287348979,-0.16608729442343717,-0.26405224763674284,-0.2011184235983593,1482
11,Guanajuato,11035,Santa Cruz de Juventino Rosas,0.0904109589041095,0.0657534246575342,SANTA CRUZ DE JUVENTINO ROSAS,20.0,0.8085164751425,43938.82784,0,0.614733588071976,0.09139418805018873,0.29563770452535154,0.33392182688250543,181
11,Guanajuato,11036,Santiago Maravat√≠o,0.00547945205479452,0.00273972602739726,,,,0.0,1,-0.14859231258468308,-0.15535889932036942,-0.26405224763674284,-0.18933448651393178,1229
11,Guanajuato,11037,Silao de la Victoria,0.101369863013698,0.257534246575342,SILAO DE LA VICTORIA,134.0,0.89179744561046,117958.0481,0,0.7132272526728305,0.8423818452649299,1.2384897532247674,0.9313662837208426,100
11,Guanajuato,11038,Tarandacuao,0.0,0.0,,,,0.0,1,-0.19783914488511273,-0.16608729442343717,-0.26405224763674284,-0.20932622898176426,1826
11,Guanajuato,11039,Tarimoro,0.0821917808219178,0.128767123287671,TARIMORO,14.0,0.862053768179814,21933.23402,0,0.5408633396213323,0.3381472754207464,0.015331871214021237,0.2981141620853666,190
11,Guanajuato,11040,Tierra Blanca,0.0,0.00273972602739726,TIERRA BLANCA,16.0,0.553191489361702,6922.638298,0,-0.19783914488511273,-0.15535889932036942,-0.17587212794961962,-0.17635672405170058,1054
11,Guanajuato,11041,Uriangato,0.0136986301369863,0.0328767123287671,,,,0.0,1,-0.07472206413403858,-0.03734655318662422,-0.26405224763674284,-0.12537362165246854,672
11,Guanajuato,11042,Valle de Santiago,0.334246575342465,0.260273972602739,VALLE DE SANTIAGO,55.0,0.84298050692826,87349.64013,0,2.8062176254410898,0.8531102403679965,0.84860182870231,1.502643231503799,60
11,Guanajuato,11043,Victoria,0.0136986301369863,0.0,,,,0.0,1,-0.07472206413403858,-0.16608729442343717,-0.26405224763674284,-0.16828720206473954,958
11,Guanajuato,11044,Villagr√°n,0.084931506849315,0.073972602739726,VILLAGRAN,36.0,0.641663214996726,28289.64782,0,0.5654867557715465,0.12357937335939208,0.09629945980330473,0.26178852964474775,204
11,Guanajuato,11045,Xich√∫,0.0,0.0,,,,0.0,1,-0.19783914488511273,-0.16608729442343717,-0.26405224763674284,-0.20932622898176426,1826
11,Guanajuato,11046,Yuriria,0.0684931506849315,0.0630136986301369,YURIRIA,55.0,0.807119045651155,38578.67614,0,0.4177462588702581,0.08066579294712081,0.22736043824326208,0.24192416335354702,211
12,Guerrero,12001,Acapulco de Ju√°rez,1.31780821917808,1.03561643835616,ACAPULCO DE JUAREZ,598.0,0.891894968654683,484831.4293,0,11.646024023368202,3.8892460545361565,5.911699196159553,7.148989758021304,7
12,Guerrero,12002,Ahuacuotzingo,0.0,0.0,,,,0.0,1,-0.19783914488511273,-0.16608729442343717,-0.26405224763674284,-0.20932622898176426,1826
12,Guerrero,12003,Ajuchitl√°n del Progreso,0.0,0.00273972602739726,AJUCHITLAN DEL PROGRESO,15.0,0.558823529411764,13164.76471,0,-0.19783914488511273,-0.15535889932036942,-0.09636032472983609,-0.1498527896451061,815
12,Guerrero,12004,Alcozauca de Guerrero,0.00547945205479452,0.0,,,,0.0,1,-0.14859231258468308,-0.16608729442343717,-0.26405224763674284,-0.19291061821495437,1277
12,Guerrero,12005,Alpoyeca,0.0,0.0,,,,0.0,1,-0.19783914488511273,-0.16608729442343717,-0.26405224763674284,-0.20932622898176426,1826
12,Guerrero,12006,Apaxtla,0.0,0.0,APAXTLA,17.0,0.27268886259929,1925.728748,0,-0.19783914488511273,-0.16608729442343717,-0.23952243917735336,-0.20114962616196774,1649
12,Guerrero,12007,Arcelia,0.0,0.00547945205479452,ARCELIA,37.0,0.332787600960489,7192.205632,0,-0.19783914488511273,-0.14463050421730167,-0.17243839665345667,-0.171636015251957,1003
12,Guerrero,12008,Atenango del R√≠o,0.0136986301369863,0.00547945205479452,,,,0.0,1,-0.07472206413403858,-0.14463050421730167,-0.26405224763674284,-0.16113493866269438,901
12,Guerrero,12009,Atlamajalcingo del Monte,0.00273972602739726,0.0,,,,0.0,1,-0.1732157287348979,-0.16608729442343717,-0.26405224763674284,-0.2011184235983593,1482
12,Guerrero,12010,Atlixtac,0.010958904109589,0.0,ATLIXTAC,16.0,0.500038865137971,7638.593704,0,-0.09934548028425377,-0.16608729442343717,-0.1667523342128932,-0.14406170297352805,769
12,Guerrero,12011,Atoyac de √Ålvarez,0.0273972602739726,0.00821917808219178,ATOYAC DE ALVAREZ,55.0,0.42712673085899,17301.62249,0,0.04839501661703559,-0.13390210911423392,-0.04366529742003179,-0.04305746330574337,439
12,Guerrero,12012,Ayutla de los Libres,0.0547945205479452,0.00547945205479452,AYUTLA DE LOS LIBRES,70.0,0.818781585424464,32752.90098,0,0.29462917811918393,-0.14463050421730167,0.1531520903901774,0.1010502547640199,280
12,Guerrero,12013,Azoy√∫,0.00821917808219178,0.00273972602739726,,,,0.0,1,-0.12396889643446825,-0.15535889932036942,-0.26405224763674284,-0.18112668113052685,1096
12,Guerrero,12014,Benito Ju√°rez,0.00273972602739726,0.00273972602739726,,,,0.0,1,-0.1732157287348979,-0.15535889932036942,-0.26405224763674284,-0.1975422918973367,1396
12,Guerrero,12015,Buenavista de Cu√©llar,0.00547945205479452,0.0684931506849315,,,,0.0,1,-0.14859231258468308,0.10212258315325666,-0.26405224763674284,-0.10350732568938975,592
12,Guerrero,12016,Coahuayutla de Jos√© Mar√≠a Izazaga,0.0,0.00273972602739726,,,,0.0,1,-0.19783914488511273,-0.15535889932036942,-0.26405224763674284,-0.20575009728074167,1719
12,Guerrero,12017,Cocula,0.0,0.0,,,,0.0,1,-0.19783914488511273,-0.16608729442343717,-0.26405224763674284,-0.20932622898176426,1826
12,Guerrero,12018,Copala,0.0191780821917808,0.010958904109589,,,,0.0,1,-0.02547523183360911,-0.12317371401116634,-0.26405224763674284,-0.13756706449383943,732
12,Guerrero,12019,Copalillo,0.00273972602739726,0.0136986301369863,COPALILLO,36.0,0.611446052161486,5602.06873,0,-0.1732157287348979,-0.11244531890809842,-0.19269345784562986,-0.15945150182954207,882
12,Guerrero,12020,Copanatoyac,0.00821917808219178,0.0,COPANATOYAC,60.0,0.62542888472286,7280.617647,0,-0.12396889643446825,-0.16608729442343717,-0.1713122101146147,-0.15378946699084003,852
12,Guerrero,12021,Coyuca de Ben√≠tez,0.0657534246575342,0.0876712328767123,COYUCA DE BENITEZ,119.0,0.688687791914962,33466.78325,0,0.3931228427200429,0.17722134887473084,0.1622454766543857,0.24419655608305316,210
12,Guerrero,12022,Coyuca de Catal√°n,0.00821917808219178,0.0164383561643835,COYUCA DE CATALAN,33.0,0.478520865809716,11852.96185,0,-0.12396889643446825,-0.10171692380503089,-0.11306998486535551,-0.11291860170161822,630
12,Guerrero,12023,Cuajinicuilapa,0.0246575342465753,0.00821917808219178,,,,0.0,1,0.023771600466820385,-0.13390210911423392,-0.26405224763674284,-0.12472758542805212,671
12,Guerrero,12024,Cual√°c,0.0,0.00273972602739726,CUALAC,16.0,0.521703871270647,2401.402919,0,-0.19783914488511273,-0.15535889932036942,-0.23346333229855382,-0.19555379216801203,1379
12,Guerrero,12025,Cuautepec,0.010958904109589,0.00273972602739726,CUAUTEPEC,15.0,0.739143089998835,7588.782105,0,-0.09934548028425377,-0.15535889932036942,-0.16738683114492212,-0.14069707024984845,752
12,Guerrero,12026,Cuetzala del Progreso,0.0,0.0,CUETZALA DEL PROGRESO,18.0,0.6,3353.4,0,-0.19783914488511273,-0.16608729442343717,-0.22133685494545782,-0.1950877647513359,1375
12,Guerrero,12027,Cutzamala de Pinz√≥n,0.0,0.00547945205479452,CUTZAMALA DE PINZON,37.0,0.534459481708321,7445.02058,0,-0.19783914488511273,-0.14463050421730167,-0.1692180561685617,-0.1705625684236587,986
12,Guerrero,12028,Chilapa de √Ålvarez,0.0383561643835616,0.0136986301369863,CHILAPA DE ALVAREZ,51.0,0.643508052299158,47062.3179,0,0.14688868121789453,-0.11244531890809842,0.3354245192448081,0.12328929385153474,266
12,Guerrero,12029,Chilpancingo de los Bravo,0.254794520547945,0.490410958904109,CHILPANCINGO DE LOS BRAVO,214.0,0.845520061622593,161003.9301,0,2.0921385570848647,1.7542954290256885,1.7868054189290434,1.8777464683465324,51
12,Guerrero,12030,Florencio Villarreal,0.0136986301369863,0.00273972602739726,,,,0.0,1,-0.07472206413403858,-0.15535889932036942,-0.26405224763674284,-0.16471107036371693,932
12,Guerrero,12031,General Canuto A. Neri,0.0,0.0,,,,0.0,1,-0.19783914488511273,-0.16608729442343717,-0.26405224763674284,-0.20932622898176426,1826
12,Guerrero,12032,General Heliodoro Castillo,0.0,0.00821917808219178,GENERAL HELIODORO CASTILLO,27.0,0.33736191432628,6879.821519,0,-0.19783914488511273,-0.13390210911423392,-0.17641752531610166,-0.1693862597718161,973
12,Guerrero,12033,Huamuxtitl√°n,0.00273972602739726,0.010958904109589,,,,0.0,1,-0.1732157287348979,-0.12317371401116634,-0.26405224763674284,-0.18681389679426905,1195
12,Guerrero,12034,Huitzuco de los Figueroa,0.0191780821917808,0.0657534246575342,,,,0.0,1,-0.02547523183360911,0.09139418805018873,-0.26405224763674284,-0.06604443047338775,489
12,Guerrero,12035,Iguala de la Independencia,0.128767123287671,0.18904109589041,IGUALA DE LA INDEPENDENCIA,162.0,0.772519030413582,81693.11495,0,0.9594614141749824,0.5741719676882341,0.77654937616702,0.7700609193434121,113
12,Guerrero,12036,Igualapa,0.021917808219178,0.00273972602739726,IGUALAPA,17.0,0.545491470349309,3882.808286,0,-0.000851815683394814,-0.15535889932036942,-0.21459328637907443,-0.12360133379427955,667
12,Guerrero,12037,Ixcateopan de Cuauht√©moc,0.00273972602739726,0.00273972602739726,,,,0.0,1,-0.1732157287348979,-0.15535889932036942,-0.26405224763674284,-0.1975422918973367,1396
12,Guerrero,12038,Zihuatanejo de Azueta,0.227397260273972,0.394520547945205,ZIHUATANEJO DE AZUETA,269.0,0.661343130077832,56325.2717,0,1.845904395582713,1.3788016004183177,0.4534154266964186,1.226040474232483,78
12,Guerrero,12039,Juan R. Escudero,0.0164383561643835,0.0520547945205479,,,,0.0,1,-0.05009864798382428,0.03775221253484997,-0.26405224763674284,-0.0921328943619057,550
12,Guerrero,12040,Leonardo Bravo,0.0164383561643835,0.00273972602739726,,,,0.0,1,-0.05009864798382428,-0.15535889932036942,-0.26405224763674284,-0.15650326498031217,865
12,Guerrero,12041,Malinaltepec,0.010958904109589,0.0,MALINALTEPEC,17.0,0.324969125406983,5250.526159,0,-0.09934548028425377,-0.16608729442343717,-0.1971713844180545,-0.1542013863752485,856
12,Guerrero,12042,M√°rtir de Cuilapan,0.00821917808219178,0.0,MARTIR DE CUILAPAN,33.0,0.472526090783352,5219.050673,0,-0.12396889643446825,-0.16608729442343717,-0.19757231712654114,-0.16254283599481553,920
12,Guerrero,12043,Metlat√≥noc,0.0,0.0,,,,0.0,1,-0.19783914488511273,-0.16608729442343717,-0.26405224763674284,-0.20932622898176426,1826
12,Guerrero,12044,Mochitl√°n,0.0,0.0,MOCHITLAN,19.0,0.224515519142902,1839.455648,0,-0.19783914488511273,-0.16608729442343717,-0.24062138035502217,-0.20151593988785735,1654
12,Guerrero,12045,Olinal√°,0.0191780821917808,0.00821917808219178,OLINALA,15.0,1.0,16856.0,0,-0.02547523183360911,-0.13390210911423392,-0.049341607926508296,-0.0695729829581171,497
12,Guerrero,12046,Ometepec,0.073972602739726,0.0,OMETEPEC,58.0,0.800307247755079,33890.61102,0,0.46699309117068755,-0.16608729442343717,0.16764416742465513,0.15618332139063518,254
12,Guerrero,12047,Pedro Ascencio Alquisiras,0.0,0.0,,,,0.0,1,-0.19783914488511273,-0.16608729442343717,-0.26405224763674284,-0.20932622898176426,1826
12,Guerrero,12048,Petatl√°n,0.021917808219178,0.0465753424657534,PETATLAN,70.0,0.647898040707627,19037.83603,0,-0.000851815683394814,0.016295422328714546,-0.021549521444297916,-0.002035304932992728,379
12,Guerrero,12049,Pilcaya,0.00547945205479452,0.0164383561643835,,,,0.0,1,-0.14859231258468308,-0.10171692380503089,-0.26405224763674284,-0.17145382800881892,995
12,Guerrero,12050,Pungarabato,0.00273972602739726,0.00547945205479452,PUNGARABATO,31.0,0.50945509652764,13118.46874,0,-0.1732157287348979,-0.14463050421730167,-0.09695003980664588,-0.1382654242529485,736
12,Guerrero,12051,Quechultenango,0.00821917808219178,0.00273972602739726,QUECHULTENANGO,17.0,0.117663287123249,2539.056073,0,-0.12396889643446825,-0.15535889932036942,-0.23170991531033175,-0.17034590368838978,982
12,Guerrero,12052,San Luis Acatl√°n,0.0438356164383561,0.00547945205479452,SAN LUIS ACATLAN,16.0,0.666651868951433,17712.94016,0,0.19613551351832403,-0.14463050421730167,-0.03842595949586103,0.004359683268387112,367
12,Guerrero,12053,San Marcos,0.0191780821917808,0.0246575342465753,SAN MARCOS,55.0,0.8112719165659,26048.3187,0,-0.02547523183360911,-0.06953173849582756,0.06774955418178262,-0.009085805382551349,391
12,Guerrero,12054,San Miguel Totolapan,0.00273972602739726,0.00273972602739726,,,,0.0,1,-0.1732157287348979,-0.15535889932036942,-0.26405224763674284,-0.1975422918973367,1396
12,Guerrero,12055,Taxco de Alarc√≥n,0.0,0.0383561643835616,TAXCO DE ALARCON,70.0,0.670834179013598,49113.78275,0,-0.19783914488511273,-0.015889762980488803,0.3615559460534555,0.049275679395951316,322
12,Guerrero,12056,Tecoanapa,0.0410958904109589,0.0,TECOANAPA,55.0,0.713274273939308,20296.93274,0,0.17151209736810974,-0.16608729442343717,-0.0055112288445617955,-2.8808633296408908e-05,376
12,Guerrero,12057,T√©cpan de Galeana,0.0191780821917808,0.0273972602739726,TECPAN DE GALEANA,34.0,0.650814273196966,28994.42669,0,-0.02547523183360911,-0.058803343392759645,0.10527688754606439,0.006999437439898545,364
12,Guerrero,12058,Teloloapan,0.0191780821917808,0.0191780821917808,TELOLOAPAN,18.0,0.702099632763851,24278.6053,0,-0.02547523183360911,-0.09098852870196299,0.04520705915225163,-0.023752233794440154,412
12,Guerrero,12059,Tepecoacuilco de Trujano,0.00821917808219178,0.0794520547945205,TEPECOACUILCO DE TRUJANO,37.0,0.734616482485829,15346.87294,0,-0.12396889643446825,0.1450361635655275,-0.06856477098159999,-0.015832501283513576,400
12,Guerrero,12060,Tetipac,0.0,0.00273972602739726,,,,0.0,1,-0.19783914488511273,-0.15535889932036942,-0.26405224763674284,-0.20575009728074167,1719
12,Guerrero,12061,Tixtla de Guerrero,0.0273972602739726,0.010958904109589,TIXTLA DE GUERRERO,13.0,0.666666666666666,19073.33333,0,0.04839501661703559,-0.12317371401116634,-0.021097359128743415,-0.03195868550762472,421
12,Guerrero,12062,Tlacoachistlahuaca,0.0191780821917808,0.0,,,,0.0,1,-0.02547523183360911,-0.16608729442343717,-0.26405224763674284,-0.1518715912979297,829
12,Guerrero,12063,Tlacoapa,0.00273972602739726,0.0,,,,0.0,1,-0.1732157287348979,-0.16608729442343717,-0.26405224763674284,-0.2011184235983593,1482
12,Guerrero,12064,Tlalchapa,0.0,0.0,,,,0.0,1,-0.19783914488511273,-0.16608729442343717,-0.26405224763674284,-0.20932622898176426,1826
12,Guerrero,12065,Tlalixtaquilla de Maldonado,0.00547945205479452,0.0,,,,0.0,1,-0.14859231258468308,-0.16608729442343717,-0.26405224763674284,-0.19291061821495437,1277
12,Guerrero,12066,Tlapa de Comonfort,0.0876712328767123,0.0301369863013698,TLAPA DE COMONFORT,67.0,0.800185706583597,45584.17915,0,0.5901101719217617,-0.048074948289692124,0.3165960832817691,0.28621043563794624,193
12,Guerrero,12067,Tlapehuala,0.00273972602739726,0.00547945205479452,,,,0.0,1,-0.1732157287348979,-0.14463050421730167,-0.26405224763674284,-0.19396616019631416,1331
12,Guerrero,12068,La Uni√≥n de Isidoro Montes de Oca,0.0191780821917808,0.153424657534246,,,,0.0,1,-0.02547523183360911,0.4347028313483548,-0.26405224763674284,0.04839178395933428,323
12,Guerrero,12069,Xalpatl√°huac,0.00547945205479452,0.00273972602739726,,,,0.0,1,-0.14859231258468308,-0.15535889932036942,-0.26405224763674284,-0.18933448651393178,1229
12,Guerrero,12070,Xochihuehuetl√°n,0.00273972602739726,0.0136986301369863,,,,0.0,1,-0.1732157287348979,-0.11244531890809842,-0.26405224763674284,-0.1832377650932464,1138
12,Guerrero,12071,Xochistlahuaca,0.021917808219178,0.0,XOCHISTLAHUACA,18.0,0.324991061851984,5893.387916,0,-0.000851815683394814,-0.16608729442343717,-0.18898265286307617,-0.11864058765663606,649
12,Guerrero,12072,Zapotitl√°n Tablas,0.010958904109589,0.0,ZAPOTITLAN TABLAS,20.0,0.658543904927675,4465.586219,0,-0.09934548028425377,-0.16608729442343717,-0.20716989869495966,-0.1575342244675502,869
12,Guerrero,12073,Zir√°ndaro,0.0,0.00547945205479452,,,,0.0,1,-0.19783914488511273,-0.14463050421730167,-0.26405224763674284,-0.2021739655797191,1660
12,Guerrero,12074,Zitlala,0.0,0.0,,,,0.0,1,-0.19783914488511273,-0.16608729442343717,-0.26405224763674284,-0.20932622898176426,1826
12,Guerrero,12075,Eduardo Neri,0.0191780821917808,0.150684931506849,EDUARDO NERI,39.0,0.701445180415952,23887.71562,0,-0.02547523183360911,0.4239744362452881,0.040227931645789305,0.14624237868582277,257
12,Guerrero,12076,Acatepec,0.00273972602739726,0.0,,,,0.0,1,-0.1732157287348979,-0.16608729442343717,-0.26405224763674284,-0.2011184235983593,1482
12,Guerrero,12077,Marquelia,0.0191780821917808,0.00821917808219178,,,,0.0,1,-0.02547523183360911,-0.13390210911423392,-0.26405224763674284,-0.14114319619486196,754
12,Guerrero,12078,Cochoapa el Grande,0.0191780821917808,0.00547945205479452,COCHOAPA EL GRANDE,15.0,0.941162227602905,9400.328329,0,-0.02547523183360911,-0.14463050421730167,-0.14431147230417107,-0.10480573611836062,597
12,Guerrero,12079,Jos√© Joaqu√≠n de Herrera,0.00273972602739726,0.0,JOSE JOAQUIN DE HERRERA,12.0,0.624974432399263,6107.250153,0,-0.1732157287348979,-0.16608729442343717,-0.1862584894959587,-0.17518717088476457,1038
12,Guerrero,12080,Juchit√°n,0.021917808219178,0.00547945205479452,,,,0.0,1,-0.000851815683394814,-0.14463050421730167,-0.26405224763674284,-0.13651152251247978,727
12,Guerrero,12081,Iliatenco,0.0,0.0,,,,0.0,1,-0.19783914488511273,-0.16608729442343717,-0.26405224763674284,-0.20932622898176426,1826
12,Guerrero,12082,Las Vigas,0.0,0.0,,,,0.0,1,-0.19783914488511273,-0.16608729442343717,-0.26405224763674284,-0.20932622898176426,1826
12,Guerrero,12083,√ëuu Savi,0.00273972602739726,0.0,,,,0.0,1,-0.1732157287348979,-0.16608729442343717,-0.26405224763674284,-0.2011184235983593,1482
12,Guerrero,12084,Santa Cruz del Rinc√≥n,0.0,0.0,,,,0.0,1,-0.19783914488511273,-0.16608729442343717,-0.26405224763674284,-0.20932622898176426,1826
12,Guerrero,12085,San Nicol√°s,0.00547945205479452,0.0,,,,0.0,1,-0.14859231258468308,-0.16608729442343717,-0.26405224763674284,-0.19291061821495437,1277
13,Hidalgo,13001,Acatl√°n,0.0,0.00273972602739726,,,,0.0,1,-0.19783914488511273,-0.15535889932036942,-0.26405224763674284,-0.20575009728074167,1719
13,Hidalgo,13002,Acaxochitl√°n,0.00821917808219178,0.084931506849315,ACAXOCHITLAN,13.0,0.769291964996022,21376.31583,0,-0.12396889643446825,0.16649295377166293,0.008237883266633599,0.01692064686794276,347
13,Hidalgo,13003,Actopan,0.010958904109589,0.0301369863013698,ACTOPAN,39.0,0.625888065422949,26471.30984,0,-0.09934548028425377,-0.048074948289692124,0.07313758801312824,-0.024760946853605883,414
13,Hidalgo,13004,Agua Blanca de Iturbide,0.0,0.00547945205479452,AGUA BLANCA DE ITURBIDE,17.0,0.787234042553191,5328.0,0,-0.19783914488511273,-0.14463050421730167,-0.1961845276334129,-0.17955139224527575,1086
13,Hidalgo,13005,Ajacuba,0.00547945205479452,0.0,,,,0.0,1,-0.14859231258468308,-0.16608729442343717,-0.26405224763674284,-0.19291061821495437,1277
13,Hidalgo,13006,Alfajayucan,0.0,0.0164383561643835,ALFAJAYUCAN,34.0,0.388902988389061,5109.407461,0,-0.19783914488511273,-0.10171692380503089,-0.19896894528199943,-0.16617500465738103,947
13,Hidalgo,13007,Almoloya,0.00273972602739726,0.010958904109589,,,,0.0,1,-0.1732157287348979,-0.12317371401116634,-0.26405224763674284,-0.18681389679426905,1195
13,Hidalgo,13008,Apan,0.010958904109589,0.010958904109589,,,,0.0,1,-0.09934548028425377,-0.12317371401116634,-0.26405224763674284,-0.1621904806440543,913
13,Hidalgo,13009,El Arenal,0.00273972602739726,0.00547945205479452,,,,0.0,1,-0.1732157287348979,-0.14463050421730167,-0.26405224763674284,-0.19396616019631416,1331
13,Hidalgo,13010,Atitalaquia,0.010958904109589,0.0136986301369863,ATITALAQUIA,18.0,0.576904733516156,12926.70436,0,-0.09934548028425377,-0.11244531890809842,-0.09939272209802204,-0.10372784043012474,593
13,Hidalgo,13011,Atlapexco,0.00273972602739726,0.0,,,,0.0,1,-0.1732157287348979,-0.16608729442343717,-0.26405224763674284,-0.2011184235983593,1482
13,Hidalgo,13012,Atotonilco el Grande,0.00547945205479452,0.00273972602739726,,,,0.0,1,-0.14859231258468308,-0.15535889932036942,-0.26405224763674284,-0.18933448651393178,1229
13,Hidalgo,13013,Atotonilco de Tula,0.0136986301369863,0.0547945205479452,,,,0.0,1,-0.07472206413403858,0.048480607637917894,-0.26405224763674284,-0.09676456804428785,575
13,Hidalgo,13014,Calnali,0.0,0.0,CALNALI,19.0,0.674960175984222,7382.714405,0,-0.19783914488511273,-0.16608729442343717,-0.17001170820297962,-0.17797938250384315,1074
13,Hidalgo,13015,Cardonal,0.0,0.00547945205479452,,,,0.0,1,-0.19783914488511273,-0.14463050421730167,-0.26405224763674284,-0.2021739655797191,1660
13,Hidalgo,13016,Cuautepec de Hinojosa,0.0164383561643835,0.0301369863013698,CUAUTEPEC DE HINOJOSA,67.0,0.8345098167969,33532.27346,0,-0.05009864798382428,-0.048074948289692124,0.16307968672105969,0.021635363482514425,343
13,Hidalgo,13017,Chapantongo,0.0,0.0,CHAPANTONGO,17.0,0.343809888846301,3096.695669,0,-0.19783914488511273,-0.16608729442343717,-0.2246067381398929,-0.1961777258161476,1386
13,Hidalgo,13018,Chapulhuac√°n,0.0,0.0,,,,0.0,1,-0.19783914488511273,-0.16608729442343717,-0.26405224763674284,-0.20932622898176426,1826
13,Hidalgo,13019,Chilcuautla,0.00273972602739726,0.00273972602739726,,,,0.0,1,-0.1732157287348979,-0.15535889932036942,-0.26405224763674284,-0.1975422918973367,1396
13,Hidalgo,13020,Eloxochitl√°n,0.0,0.0,,,,0.0,1,-0.19783914488511273,-0.16608729442343717,-0.26405224763674284,-0.20932622898176426,1826
13,Hidalgo,13021,Emiliano Zapata,0.00547945205479452,0.0136986301369863,,,,0.0,1,-0.14859231258468308,-0.11244531890809842,-0.26405224763674284,-0.17502995970984145,1036
13,Hidalgo,13022,Epazoyucan,0.010958904109589,0.010958904109589,EPAZOYUCAN,56.0,0.477549130154639,5483.696662,0,-0.09934548028425377,-0.12317371401116634,-0.19420127360524678,-0.1389068226335556,739
13,Hidalgo,13023,Francisco I. Madero,0.00547945205479452,0.0,FRANCISCO I. MADERO,37.0,0.608283822780512,15649.92619,0,-0.14859231258468308,-0.16608729442343717,-0.06470449824941171,-0.12646136841917732,682
13,Hidalgo,13024,Huasca de Ocampo,0.0,0.00273972602739726,,,,0.0,1,-0.19783914488511273,-0.15535889932036942,-0.26405224763674284,-0.20575009728074167,1719
13,Hidalgo,13025,Huautla,0.0,0.0,HUAUTLA,15.0,0.435931405019503,6202.867962,0,-0.19783914488511273,-0.16608729442343717,-0.18504051601837915,-0.18298898510897635,1134
13,Hidalgo,13026,Huazalingo,0.0,0.0,,,,0.0,1,-0.19783914488511273,-0.16608729442343717,-0.26405224763674284,-0.20932622898176426,1826
13,Hidalgo,13027,Huehuetla,0.00273972602739726,0.00273972602739726,HUEHUETLA,37.0,0.672294968986905,9990.975534,0,-0.1732157287348979,-0.15535889932036942,-0.13678784634139152,-0.15512082479888628,858
13,Hidalgo,13028,Huejutla de Reyes,0.0191780821917808,0.0136986301369863,HUEJUTLA DE REYES,68.0,0.661203653949489,54105.6338,0,-0.02547523183360911,-0.11244531890809842,0.42514182243478604,0.09574042389769284,282
13,Hidalgo,13029,Huichapan,0.00547945205479452,0.0136986301369863,HUICHAPAN,35.0,0.537401163658063,17622.45896,0,-0.14859231258468308,-0.11244531890809842,-0.03957850317963828,-0.10020537822413993,584
13,Hidalgo,13030,Ixmiquilpan,0.00273972602739726,0.0328767123287671,IXMIQUILPAN,19.0,0.714261101778868,47836.92303,0,-0.1732157287348979,-0.03734655318662422,0.3452913893791893,0.044909702485889054,328
13,Hidalgo,13031,Jacala de Ledezma,0.00273972602739726,0.00273972602739726,,,,0.0,1,-0.1732157287348979,-0.15535889932036942,-0.26405224763674284,-0.1975422918973367,1396
13,Hidalgo,13032,Jaltoc√°n,0.0,0.0,JALTOCAN,36.0,0.352280820756316,2488.159437,0,-0.19783914488511273,-0.16608729442343717,-0.23235823337361242,-0.19876155756072078,1461
13,Hidalgo,13033,Ju√°rez Hidalgo,0.0,0.0,,,,0.0,1,-0.19783914488511273,-0.16608729442343717,-0.26405224763674284,-0.20932622898176426,1826
13,Hidalgo,13034,Lolotla,0.0,0.0,,,,0.0,1,-0.19783914488511273,-0.16608729442343717,-0.26405224763674284,-0.20932622898176426,1826
13,Hidalgo,13035,Metepec,0.00273972602739726,0.00273972602739726,,,,0.0,1,-0.1732157287348979,-0.15535889932036942,-0.26405224763674284,-0.1975422918973367,1396
13,Hidalgo,13036,San Agust√≠n Metzquititl√°n,0.00273972602739726,0.0,,,,0.0,1,-0.1732157287348979,-0.16608729442343717,-0.26405224763674284,-0.2011184235983593,1482
13,Hidalgo,13037,Metztitl√°n,0.00273972602739726,0.0,METZTITLAN,32.0,0.479611006741076,7107.355509,0,-0.1732157287348979,-0.16608729442343717,-0.17351921204197246,-0.17094074506676918,991
13,Hidalgo,13038,Mineral del Chico,0.0,0.00273972602739726,,,,0.0,1,-0.19783914488511273,-0.15535889932036942,-0.26405224763674284,-0.20575009728074167,1719
13,Hidalgo,13039,Mineral del Monte,0.0,0.0,,,,0.0,1,-0.19783914488511273,-0.16608729442343717,-0.26405224763674284,-0.20932622898176426,1826
13,Hidalgo,13040,La Misi√≥n,0.0,0.0,,,,0.0,1,-0.19783914488511273,-0.16608729442343717,-0.26405224763674284,-0.20932622898176426,1826
13,Hidalgo,13041,Mixquiahuala de Ju√°rez,0.0164383561643835,0.00547945205479452,MIXQUIAHUALA DE JUAREZ,91.0,0.650323956558526,21617.41864,0,-0.05009864798382428,-0.14463050421730167,0.011309035293866346,-0.06114003896908654,470
13,Hidalgo,13042,Molango de Escamilla,0.0,0.0,MOLANGO DE ESCAMILLA,18.0,0.540529159941048,4232.883851,0,-0.19783914488511273,-0.16608729442343717,-0.21013404643436207,-0.1913534952476373,1264
13,Hidalgo,13043,Nicol√°s Flores,0.0,0.0,,,,0.0,1,-0.19783914488511273,-0.16608729442343717,-0.26405224763674284,-0.20932622898176426,1826
13,Hidalgo,13044,Nopala de Villagr√°n,0.0191780821917808,0.0,,,,0.0,1,-0.02547523183360911,-0.16608729442343717,-0.26405224763674284,-0.1518715912979297,829
13,Hidalgo,13045,Omitl√°n de Ju√°rez,0.0,0.0,,,,0.0,1,-0.19783914488511273,-0.16608729442343717,-0.26405224763674284,-0.20932622898176426,1826
13,Hidalgo,13046,San Felipe Orizatl√°n,0.0,0.0,,,,0.0,1,-0.19783914488511273,-0.16608729442343717,-0.26405224763674284,-0.20932622898176426,1826
13,Hidalgo,13047,Pacula,0.0,0.0,,,,0.0,1,-0.19783914488511273,-0.16608729442343717,-0.26405224763674284,-0.20932622898176426,1826
13,Hidalgo,13048,Pachuca de Soto,0.0520547945205479,0.230136986301369,PACHUCA DE SOTO,318.0,0.612431004573411,142039.898,0,0.2700057619689687,0.7350978942342509,1.5452428024318656,0.8501154862116951,108
13,Hidalgo,13049,Pisaflores,0.00547945205479452,0.0,PISAFLORES,17.0,0.65001698946653,7124.186205,0,-0.14859231258468308,-0.16608729442343717,-0.1733048237229805,-0.16266147691036692,922
13,Hidalgo,13050,Progreso de Obreg√≥n,0.00547945205479452,0.00273972602739726,,,,0.0,1,-0.14859231258468308,-0.15535889932036942,-0.26405224763674284,-0.18933448651393178,1229
13,Hidalgo,13051,Mineral de la Reforma,0.0356164383561643,0.0575342465753424,MINERAL DE LA REFORMA,364.0,0.692587689090474,100831.7639,0,0.12226526506767935,0.059209002740985416,1.0203362508255458,0.4006035062114035,163
13,Hidalgo,13052,San Agust√≠n Tlaxiaca,0.00273972602739726,0.00273972602739726,SAN AGUSTIN TLAXIACA,159.0,0.711900761221008,19395.02434,0,-0.1732157287348979,-0.15535889932036942,-0.01699967981300236,-0.1151914359560899,637
13,Hidalgo,13053,San Bartolo Tutotepec,0.0,0.0,,,,0.0,1,-0.19783914488511273,-0.16608729442343717,-0.26405224763674284,-0.20932622898176426,1826
13,Hidalgo,13054,San Salvador,0.00273972602739726,0.010958904109589,SAN SALVADOR,39.0,0.346158762623034,8819.779113,0,-0.1732157287348979,-0.12317371401116634,-0.15170647073503454,-0.14936530449369959,811
13,Hidalgo,13055,Santiago de Anaya,0.00273972602739726,0.0,,,,0.0,1,-0.1732157287348979,-0.16608729442343717,-0.26405224763674284,-0.2011184235983593,1482
13,Hidalgo,13056,Santiago Tulantepec de Lugo Guerrero,0.00547945205479452,0.0301369863013698,SANTIAGO TULANTEPEC DE LUGO GUERRERO,84.0,0.746419796239372,20320.53253,0,-0.14859231258468308,-0.048074948289692124,-0.0052106162432372085,-0.0672926257058708,492
13,Hidalgo,13057,Singuilucan,0.00273972602739726,0.0273972602739726,SINGUILUCAN,37.0,0.903216521551414,9197.453839,0,-0.1732157287348979,-0.058803343392759645,-0.14689567445941476,-0.1263049155290241,680
13,Hidalgo,13058,Tasquillo,0.0,0.0,TASQUILLO,35.0,0.508849755791549,6203.896223,0,-0.19783914488511273,-0.16608729442343717,-0.18502741809614973,-0.18298461913489986,1133
13,Hidalgo,13059,Tecozautla,0.0,0.0,TECOZAUTLA,19.0,0.604664391353811,15492.10637,0,-0.19783914488511273,-0.16608729442343717,-0.0667147969271024,-0.14354707874521744,766
13,Hidalgo,13060,Tenango de Doria,0.0,0.00547945205479452,,,,0.0,1,-0.19783914488511273,-0.14463050421730167,-0.26405224763674284,-0.2021739655797191,1660
13,Hidalgo,13061,Tepeapulco,0.00821917808219178,0.0438356164383561,,,,0.0,1,-0.12396889643446825,0.005567027225646646,-0.26405224763674284,-0.12748470561518815,683
13,Hidalgo,13062,Tepehuac√°n de Guerrero,0.00273972602739726,0.0,TEPEHUACAN DE GUERRERO,21.0,0.408172287482632,7599.351648,0,-0.1732157287348979,-0.16608729442343717,-0.16725219698859947,-0.16885174004897818,966
13,Hidalgo,13063,Tepeji del R√≠o de Ocampo,0.0273972602739726,0.112328767123287,TEPEJI DEL RIO DE OCAMPO,109.0,0.755615436056803,47303.79314,0,0.04839501661703559,0.27377690480233813,0.33850041526133534,0.220224112226903,228
13,Hidalgo,13064,Tepetitl√°n,0.0,0.00273972602739726,,,,0.0,1,-0.19783914488511273,-0.15535889932036942,-0.26405224763674284,-0.20575009728074167,1719
13,Hidalgo,13065,Tetepango,0.00273972602739726,0.0,,,,0.0,1,-0.1732157287348979,-0.16608729442343717,-0.26405224763674284,-0.2011184235983593,1482
13,Hidalgo,13066,Villa de Tezontepec,0.0164383561643835,0.0246575342465753,,,,0.0,1,-0.05009864798382428,-0.06953173849582756,-0.26405224763674284,-0.12789421137213156,686
13,Hidalgo,13067,Tezontepec de Aldama,0.0328767123287671,0.0191780821917808,TEZONTEPEC DE ALDAMA,53.0,0.777636116626606,29094.47767,0,0.09764184891746505,-0.09098852870196299,0.10655133046961895,0.037734883561707004,332
13,Hidalgo,13068,Tianguistengo,0.00547945205479452,0.0,,,,0.0,1,-0.14859231258468308,-0.16608729442343717,-0.26405224763674284,-0.19291061821495437,1277
13,Hidalgo,13069,Tizayuca,0.0493150684931506,0.235616438356164,TIZAYUCA,143.0,0.716673411265261,80530.4412,0,0.2453823458187535,0.7565546844403882,0.7617393130063177,0.5878921144218198,137
13,Hidalgo,13070,Tlahuelilpan,0.00273972602739726,0.0191780821917808,,,,0.0,1,-0.1732157287348979,-0.09098852870196299,-0.26405224763674284,-0.1760855016912012,1043
13,Hidalgo,13071,Tlahuiltepa,0.0,0.0,,,,0.0,1,-0.19783914488511273,-0.16608729442343717,-0.26405224763674284,-0.20932622898176426,1826
13,Hidalgo,13072,Tlanalapa,0.00547945205479452,0.0136986301369863,TLANALAPA,15.0,0.388869725192595,3153.344602,0,-0.14859231258468308,-0.11244531890809842,-0.22388514768881718,-0.1616409263938662,908
13,Hidalgo,13073,Tlanchinol,0.0164383561643835,0.0,TLANCHINOL,18.0,0.647177790034932,15196.38169,0,-0.05009864798382428,-0.16608729442343717,-0.07048171880779201,-0.0955558870716845,573
13,Hidalgo,13074,Tlaxcoapan,0.00821917808219178,0.0246575342465753,TLAXCOAPAN,19.0,0.791666666666666,15977.41667,0,-0.12396889643446825,-0.06953173849582756,-0.060532945659247266,-0.08467786019651435,535
13,Hidalgo,13075,Tolcayuca,0.0136986301369863,0.0493150684931506,TOLCAYUCA,37.0,0.538322813345356,7923.035167,0,-0.07472206413403858,0.027023817431782067,-0.16312913722186062,-0.07027579464137237,500
13,Hidalgo,13076,Tula de Allende,0.120547945205479,0.0438356164383561,TULA DE ALLENDE,40.0,0.878859785221015,72504.17456,0,0.8855911657243359,0.005567027225646646,0.6595012467533921,0.5168864799011249,146
13,Hidalgo,13077,Tulancingo de Bravo,0.0493150684931506,0.342465753424657,TULANCINGO DE BRAVO,200.0,0.719716847677283,83747.69183,0,0.2453823458187535,1.17496209346003,0.8027204438128824,0.741021627697222,119
13,Hidalgo,13078,Xochiatipan,0.00273972602739726,0.00273972602739726,XOCHIATIPAN,18.0,0.477336624837139,5426.362751,0,-0.1732157287348979,-0.15535889932036942,-0.1949315892618616,-0.174502072439043,1034
13,Hidalgo,13079,Xochicoatl√°n,0.0,0.0,,,,0.0,1,-0.19783914488511273,-0.16608729442343717,-0.26405224763674284,-0.20932622898176426,1826
13,Hidalgo,13080,Yahualica,0.00273972602739726,0.0,YAHUALICA,18.0,0.22645,3519.9388,0,-0.1732157287348979,-0.16608729442343717,-0.21921549446345884,-0.18617283920726466,1190
13,Hidalgo,13081,Zacualtip√°n de √Ångeles,0.00273972602739726,0.00273972602739726,ZACUALTIPAN DE ANGELES,16.0,0.707315517571273,18120.71624,0,-0.1732157287348979,-0.15535889932036942,-0.033231734116451174,-0.12060212072390618,657
13,Hidalgo,13082,Zapotl√°n de Ju√°rez,0.0,0.0164383561643835,ZAPOTLAN DE JUAREZ,38.0,0.620253164556962,9318.063291,0,-0.19783914488511273,-0.10171692380503089,-0.14535935904686012,-0.14830514257900126,799
13,Hidalgo,13083,Zempoala,0.0136986301369863,0.0684931506849315,ZEMPOALA,91.0,0.513336028888919,21040.61715,0,-0.07472206413403858,0.10212258315325666,0.003961775154822871,0.010454098058013651,357
13,Hidalgo,13084,Zimap√°n,0.00273972602739726,0.00273972602739726,ZIMAPAN,73.0,0.682614612571234,18513.87352,0,-0.1732157287348979,-0.15535889932036942,-0.02822372206759405,-0.11893278337428713,651
14,Jalisco,14001,Acatic,0.00273972602739726,0.010958904109589,,,,0.0,1,-0.1732157287348979,-0.12317371401116634,-0.26405224763674284,-0.18681389679426905,1195
14,Jalisco,14002,Acatl√°n de Ju√°rez,0.00273972602739726,0.0958904109589041,,,,0.0,1,-0.1732157287348979,0.2094065341839342,-0.26405224763674284,-0.07595381406256885,520
14,Jalisco,14003,Ahualulco de Mercado,0.00821917808219178,0.0273972602739726,,,,0.0,1,-0.12396889643446825,-0.058803343392759645,-0.26405224763674284,-0.14894149582132357,801
14,Jalisco,14004,Amacueca,0.0,0.0,,,,0.0,1,-0.19783914488511273,-0.16608729442343717,-0.26405224763674284,-0.20932622898176426,1826
14,Jalisco,14005,Amatit√°n,0.010958904109589,0.00821917808219178,,,,0.0,1,-0.09934548028425377,-0.13390210911423392,-0.26405224763674284,-0.16576661234507684,940
14,Jalisco,14006,Ameca,0.0136986301369863,0.010958904109589,AMECA,19.0,0.461458049268248,19548.74734,0,-0.07472206413403858,-0.12317371401116634,-0.015041566163964822,-0.07097911476972325,503
14,Jalisco,14007,San Juanito de Escobedo,0.00273972602739726,0.0164383561643835,,,,0.0,1,-0.1732157287348979,-0.10171692380503089,-0.26405224763674284,-0.17966163339222388,1087
14,Jalisco,14008,Arandas,0.00273972602739726,0.021917808219178,,,,0.0,1,-0.1732157287348979,-0.08026013359889547,-0.26405224763674284,-0.17250936999017874,1012
14,Jalisco,14009,El Arenal,0.00821917808219178,0.0684931506849315,,,,0.0,1,-0.12396889643446825,0.10212258315325666,-0.26405224763674284,-0.0952995203059848,570
14,Jalisco,14010,Atemajac de Brizuela,0.00273972602739726,0.0,,,,0.0,1,-0.1732157287348979,-0.16608729442343717,-0.26405224763674284,-0.2011184235983593,1482
14,Jalisco,14011,Atengo,0.00273972602739726,0.0,,,,0.0,1,-0.1732157287348979,-0.16608729442343717,-0.26405224763674284,-0.2011184235983593,1482
14,Jalisco,14012,Atenguillo,0.00547945205479452,0.0,,,,0.0,1,-0.14859231258468308,-0.16608729442343717,-0.26405224763674284,-0.19291061821495437,1277
14,Jalisco,14013,Atotonilco el Alto,0.00547945205479452,0.010958904109589,ATOTONILCO EL ALTO,14.0,0.142853842243888,6109.00171,0,-0.14859231258468308,-0.12317371401116634,-0.1862361782759801,-0.15266740162394318,838
14,Jalisco,14014,Atoyac,0.0,0.00821917808219178,,,,0.0,1,-0.19783914488511273,-0.13390210911423392,-0.26405224763674284,-0.19859783387869648,1439
14,Jalisco,14015,Autl√°n de Navarro,0.0,0.00547945205479452,AUTLAN DE NAVARRO,36.0,0.482232584314828,21752.06518,0,-0.19783914488511273,-0.14463050421730167,0.013024154227075294,-0.10981516495844636,615
14,Jalisco,14016,Ayotl√°n,0.0,0.0164383561643835,,,,0.0,1,-0.19783914488511273,-0.10171692380503089,-0.26405224763674284,-0.1878694387756288,1211
14,Jalisco,14017,Ayutla,0.0,0.0,,,,0.0,1,-0.19783914488511273,-0.16608729442343717,-0.26405224763674284,-0.20932622898176426,1826
14,Jalisco,14018,La Barca,0.00547945205479452,0.0328767123287671,,,,0.0,1,-0.14859231258468308,-0.03734655318662422,-0.26405224763674284,-0.1499970378026834,817
14,Jalisco,14019,Bola√±os,0.0,0.0,,,,0.0,1,-0.19783914488511273,-0.16608729442343717,-0.26405224763674284,-0.20932622898176426,1826
14,Jalisco,14020,Cabo Corrientes,0.00547945205479452,0.0,,,,0.0,1,-0.14859231258468308,-0.16608729442343717,-0.26405224763674284,-0.19291061821495437,1277
14,Jalisco,14021,Casimiro Castillo,0.00273972602739726,0.00273972602739726,,,,0.0,1,-0.1732157287348979,-0.15535889932036942,-0.26405224763674284,-0.1975422918973367,1396
14,Jalisco,14022,Cihuatl√°n,0.00547945205479452,0.00821917808219178,CIHUATLAN,18.0,0.459463060422356,12186.33875,0,-0.14859231258468308,-0.13390210911423392,-0.10882345143728152,-0.1304392910453995,703
14,Jalisco,14023,Zapotl√°n el Grande,0.0191780821917808,0.0410958904109589,ZAPOTLAN EL GRANDE,32.0,0.543576311071268,45037.47168,0,-0.02547523183360911,-0.005161367877420875,0.30963215882649714,0.09299851970515571,285
14,Jalisco,14024,Cocula,0.00273972602739726,0.0136986301369863,COCULA,39.0,0.508071438174127,10218.33276,0,-0.1732157287348979,-0.11244531890809842,-0.13389178467568172,-0.139850944106226,743
14,Jalisco,14025,Colotl√°n,0.0,0.00821917808219178,COLOTLAN,20.0,0.77777276215411,10691.26439,0,-0.19783914488511273,-0.13390210911423392,-0.1278676121070709,-0.15320295536880582,843
14,Jalisco,14026,Concepci√≥n de Buenos Aires,0.0,0.0,,,,0.0,1,-0.19783914488511273,-0.16608729442343717,-0.26405224763674284,-0.20932622898176426,1826
14,Jalisco,14027,Cuautitl√°n de Garc√≠a Barrag√°n,0.00273972602739726,0.00273972602739726,CUAUTITLAN DE GARCIA BARRAGAN,20.0,0.468070600712067,5541.019771,0,-0.1732157287348979,-0.15535889932036942,-0.19347109554381053,-0.1740152411996926,1033
14,Jalisco,14028,Cuautla,0.0,0.0,,,,0.0,1,-0.19783914488511273,-0.16608729442343717,-0.26405224763674284,-0.20932622898176426,1826
14,Jalisco,14029,Cuqu√≠o,0.0,0.0,CUQUIO,18.0,0.194452023647112,2348.39709,0,-0.19783914488511273,-0.16608729442343717,-0.23413851712609068,-0.1993549854782135,1465
14,Jalisco,14030,Chapala,0.00547945205479452,0.0273972602739726,CHAPALA,17.0,0.69999004876107,27371.71088,0,-0.14859231258468308,-0.058803343392759645,0.08460683832720986,-0.040929605883410956,435
14,Jalisco,14031,Chimaltit√°n,0.0,0.0,,,,0.0,1,-0.19783914488511273,-0.16608729442343717,-0.26405224763674284,-0.20932622898176426,1826
14,Jalisco,14032,Chiquilistl√°n,0.0,0.0,CHIQUILISTLAN,17.0,0.0833297080958802,311.9030974,0,-0.19783914488511273,-0.16608729442343717,-0.26007924611975436,-0.2080018951427681,1812
14,Jalisco,14033,Degollado,0.0,0.010958904109589,,,,0.0,1,-0.19783914488511273,-0.12317371401116634,-0.26405224763674284,-0.19502170217767398,1363
14,Jalisco,14034,Ejutla,0.0,0.0,EJUTLA,15.0,0.233309055596018,338.5314397,0,-0.19783914488511273,-0.16608729442343717,-0.2597400560147677,-0.20788883177443918,1811
14,Jalisco,14035,Encarnaci√≥n de D√≠az,0.0191780821917808,0.0465753424657534,ENCARNACION DE DIAZ,10.0,0.799991231531413,28185.29107,0,-0.02547523183360911,0.016295422328714546,0.09497017025948765,0.028596786918197694,336
14,Jalisco,14036,Etzatl√°n,0.00273972602739726,0.00547945205479452,,,,0.0,1,-0.1732157287348979,-0.14463050421730167,-0.26405224763674284,-0.19396616019631416,1331
14,Jalisco,14037,El Grullo,0.00273972602739726,0.0,,,,0.0,1,-0.1732157287348979,-0.16608729442343717,-0.26405224763674284,-0.2011184235983593,1482
14,Jalisco,14038,Guachinango,0.0,0.00547945205479452,,,,0.0,1,-0.19783914488511273,-0.14463050421730167,-0.26405224763674284,-0.2021739655797191,1660
14,Jalisco,14039,Guadalajara,0.408219178082191,1.37534246575342,GUADALAJARA,515.0,0.815133485317317,854299.019,0,3.47104986149689,5.2195670473165565,10.617953499475018,6.436190136096155,9
14,Jalisco,14040,Hostotipaquillo,0.00273972602739726,0.00821917808219178,,,,0.0,1,-0.1732157287348979,-0.13390210911423392,-0.26405224763674284,-0.19039002849529155,1249
14,Jalisco,14041,Huej√∫car,0.00273972602739726,0.0191780821917808,,,,0.0,1,-0.1732157287348979,-0.09098852870196299,-0.26405224763674284,-0.1760855016912012,1043
14,Jalisco,14042,Huejuquilla el Alto,0.00547945205479452,0.00547945205479452,,,,0.0,1,-0.14859231258468308,-0.14463050421730167,-0.26405224763674284,-0.18575835481290923,1180
14,Jalisco,14043,La Huerta,0.00273972602739726,0.0,,,,0.0,1,-0.1732157287348979,-0.16608729442343717,-0.26405224763674284,-0.2011184235983593,1482
14,Jalisco,14044,Ixtlahuac√°n de los Membrillos,0.0136986301369863,0.0328767123287671,,,,0.0,1,-0.07472206413403858,-0.03734655318662422,-0.26405224763674284,-0.12537362165246854,672
14,Jalisco,14045,Ixtlahuac√°n del R√≠o,0.00547945205479452,0.00547945205479452,,,,0.0,1,-0.14859231258468308,-0.14463050421730167,-0.26405224763674284,-0.18575835481290923,1180
14,Jalisco,14046,Jalostotitl√°n,0.0,0.0164383561643835,,,,0.0,1,-0.19783914488511273,-0.10171692380503089,-0.26405224763674284,-0.1878694387756288,1211
14,Jalisco,14047,Jamay,0.00273972602739726,0.00547945205479452,JAMAY,38.0,0.454981324130097,7523.571176,0,-0.1732157287348979,-0.14463050421730167,-0.16821748374824963,-0.16202123890014974,912
14,Jalisco,14048,Jes√∫s Mar√≠a,0.00547945205479452,0.00821917808219178,,,,0.0,1,-0.14859231258468308,-0.13390210911423392,-0.26405224763674284,-0.18218222311188662,1121
14,Jalisco,14049,Jilotl√°n de los Dolores,0.00273972602739726,0.0,,,,0.0,1,-0.1732157287348979,-0.16608729442343717,-0.26405224763674284,-0.2011184235983593,1482
14,Jalisco,14050,Jocotepec,0.00547945205479452,0.0657534246575342,,,,0.0,1,-0.14859231258468308,0.09139418805018873,-0.26405224763674284,-0.1070834573904124,605
14,Jalisco,14051,Juanacatl√°n,0.00547945205479452,0.0383561643835616,JUANACATLAN,12.0,0.684201934457005,13320.72746,0,-0.14859231258468308,-0.015889762980488803,-0.09437368128990566,-0.08628525228502586,539
14,Jalisco,14052,Juchitl√°n,0.0,0.00273972602739726,,,,0.0,1,-0.19783914488511273,-0.15535889932036942,-0.26405224763674284,-0.20575009728074167,1719
14,Jalisco,14053,Lagos de Moreno,0.0547945205479452,0.263013698630136,LAGOS DE MORENO,38.0,0.722083047883925,82235.14999,0,0.29462917811918393,0.8638386354710634,0.7834537835106224,0.6473071990336233,128
14,Jalisco,14054,El Lim√≥n,0.0,0.0,,,,0.0,1,-0.19783914488511273,-0.16608729442343717,-0.26405224763674284,-0.20932622898176426,1826
14,Jalisco,14055,Magdalena,0.0,0.0246575342465753,MAGDALENA,20.0,0.348837209302325,4933.604651,0,-0.19783914488511273,-0.06953173849582756,-0.20120831012525744,-0.1561930645020659,863
14,Jalisco,14056,Santa Mar√≠a del Oro,0.00273972602739726,0.0,,,,0.0,1,-0.1732157287348979,-0.16608729442343717,-0.26405224763674284,-0.2011184235983593,1482
14,Jalisco,14057,La Manzanilla de la Paz,0.0,0.0,,,,0.0,1,-0.19783914488511273,-0.16608729442343717,-0.26405224763674284,-0.20932622898176426,1826
14,Jalisco,14058,Mascota,0.00273972602739726,0.00273972602739726,,,,0.0,1,-0.1732157287348979,-0.15535889932036942,-0.26405224763674284,-0.1975422918973367,1396
14,Jalisco,14059,Mazamitla,0.0,0.0136986301369863,,,,0.0,1,-0.19783914488511273,-0.11244531890809842,-0.26405224763674284,-0.19144557047665134,1266
14,Jalisco,14060,Mexticac√°n,0.0,0.00273972602739726,,,,0.0,1,-0.19783914488511273,-0.15535889932036942,-0.26405224763674284,-0.20575009728074167,1719
14,Jalisco,14061,Mezquitic,0.010958904109589,0.010958904109589,,,,0.0,1,-0.09934548028425377,-0.12317371401116634,-0.26405224763674284,-0.1621904806440543,913
14,Jalisco,14062,Mixtl√°n,0.0,0.0,,,,0.0,1,-0.19783914488511273,-0.16608729442343717,-0.26405224763674284,-0.20932622898176426,1826
14,Jalisco,14063,Ocotl√°n,0.00547945205479452,0.0575342465753424,OCOTLAN,17.0,0.642886024766237,46672.23963,0,-0.14859231258468308,0.059209002740985416,0.3304557274265379,0.08035747252761341,300
14,Jalisco,14064,Ojuelos de Jalisco,0.0136986301369863,0.0328767123287671,,,,0.0,1,-0.07472206413403858,-0.03734655318662422,-0.26405224763674284,-0.12537362165246854,672
14,Jalisco,14065,Pihuamo,0.0,0.0,PIHUAMO,13.0,0.230776817120878,1823.136855,0,-0.19783914488511273,-0.16608729442343717,-0.2408292480866506,-0.2015852291317335,1656
14,Jalisco,14066,Poncitl√°n,0.010958904109589,0.021917808219178,,,,0.0,1,-0.09934548028425377,-0.08026013359889547,-0.26405224763674284,-0.14788595383996403,792
14,Jalisco,14067,Puerto Vallarta,0.0410958904109589,0.0684931506849315,PUERTO VALLARTA,118.0,0.363836450781236,74766.57145,0,0.17151209736810974,0.10212258315325666,0.6883195122689559,0.32065139759677413,184
14,Jalisco,14068,Villa Purificaci√≥n,0.0,0.0,VILLA PURIFICACION,16.0,0.193551761106607,1468.28366,0,-0.19783914488511273,-0.16608729442343717,-0.24534934517384036,-0.20309192816079677,1699
14,Jalisco,14069,Quitupan,0.00273972602739726,0.0,,,,0.0,1,-0.1732157287348979,-0.16608729442343717,-0.26405224763674284,-0.2011184235983593,1482
14,Jalisco,14070,El Salto,0.128767123287671,0.646575342465753,EL SALTO,99.0,0.727489040953696,112196.2699,0,0.9594614141749824,2.3658139499005513,1.165096594516267,1.4967906528639336,61
14,Jalisco,14071,San Crist√≥bal de la Barranca,0.00273972602739726,0.00821917808219178,,,,0.0,1,-0.1732157287348979,-0.13390210911423392,-0.26405224763674284,-0.19039002849529155,1249
14,Jalisco,14072,San Diego de Alejandr√≠a,0.0,0.00273972602739726,SAN DIEGO DE ALEJANDRIA,17.0,0.153849079567929,749.5527157,0,-0.19783914488511273,-0.15535889932036942,-0.2545044935382325,-0.2025675125812382,1695
14,Jalisco,14073,San Juan de los Lagos,0.010958904109589,0.0191780821917808,SAN JUAN DE LOS LAGOS,12.0,0.774201042046925,36505.12753,0,-0.09934548028425377,-0.09098852870196299,0.20094770992554917,0.0035379003131107978,370
14,Jalisco,14074,San Juli√°n,0.0,0.0,,,,0.0,1,-0.19783914488511273,-0.16608729442343717,-0.26405224763674284,-0.20932622898176426,1826
14,Jalisco,14075,San Marcos,0.0,0.00547945205479452,,,,0.0,1,-0.19783914488511273,-0.14463050421730167,-0.26405224763674284,-0.2021739655797191,1660
14,Jalisco,14076,San Mart√≠n de Bola√±os,0.0,0.0,,,,0.0,1,-0.19783914488511273,-0.16608729442343717,-0.26405224763674284,-0.20932622898176426,1826
14,Jalisco,14077,San Mart√≠n Hidalgo,0.00273972602739726,0.010958904109589,SAN MARTIN HIDALGO,45.0,0.605374225161762,11977.93442,0,-0.1732157287348979,-0.12317371401116634,-0.11147809233741697,-0.13595584502782707,725
14,Jalisco,14078,San Miguel el Alto,0.00273972602739726,0.010958904109589,SAN MIGUEL EL ALTO,18.0,0.499973593873778,10674.43623,0,-0.1732157287348979,-0.12317371401116634,-0.1280819681226586,-0.1414904702895743,756
14,Jalisco,14079,G√≥mez Far√≠as,0.0,0.0136986301369863,GOMEZ FARIAS,20.0,0.37287264960731,4117.63267,0,-0.19783914488511273,-0.11244531890809842,-0.21160210853686975,-0.17396219077669364,1030
14,Jalisco,14080,San Sebasti√°n del Oeste,0.00273972602739726,0.0,,,,0.0,1,-0.1732157287348979,-0.16608729442343717,-0.26405224763674284,-0.2011184235983593,1482
14,Jalisco,14081,Santa Mar√≠a de los √Ångeles,0.0,0.0164383561643835,,,,0.0,1,-0.19783914488511273,-0.10171692380503089,-0.26405224763674284,-0.1878694387756288,1211
14,Jalisco,14082,Sayula,0.0,0.00821917808219178,,,,0.0,1,-0.19783914488511273,-0.13390210911423392,-0.26405224763674284,-0.19859783387869648,1439
14,Jalisco,14083,Tala,0.00821917808219178,0.0794520547945205,,,,0.0,1,-0.12396889643446825,0.1450361635655275,-0.26405224763674284,-0.08099499350189453,530
14,Jalisco,14084,Talpa de Allende,0.00273972602739726,0.0,,,,0.0,1,-0.1732157287348979,-0.16608729442343717,-0.26405224763674284,-0.2011184235983593,1482
14,Jalisco,14085,Tamazula de Gordiano,0.0,0.0,TAMAZULA DE GORDIANO,17.0,0.163625662154208,4493.815185,0,-0.19783914488511273,-0.16608729442343717,-0.20681031994862492,-0.19024558641905828,1246
14,Jalisco,14086,Tapalpa,0.0,0.00273972602739726,,,,0.0,1,-0.19783914488511273,-0.15535889932036942,-0.26405224763674284,-0.20575009728074167,1719
14,Jalisco,14087,Tecalitl√°n,0.00273972602739726,0.00547945205479452,,,,0.0,1,-0.1732157287348979,-0.14463050421730167,-0.26405224763674284,-0.19396616019631416,1331
14,Jalisco,14088,Tecolotl√°n,0.00273972602739726,0.00547945205479452,,,,0.0,1,-0.1732157287348979,-0.14463050421730167,-0.26405224763674284,-0.19396616019631416,1331
14,Jalisco,14089,Techaluta de Montenegro,0.00273972602739726,0.00821917808219178,,,,0.0,1,-0.1732157287348979,-0.13390210911423392,-0.26405224763674284,-0.19039002849529155,1249
14,Jalisco,14090,Tenamaxtl√°n,0.0,0.0,,,,0.0,1,-0.19783914488511273,-0.16608729442343717,-0.26405224763674284,-0.20932622898176426,1826
14,Jalisco,14091,Teocaltiche,0.0876712328767123,0.00273972602739726,,,,0.0,1,0.5901101719217617,-0.15535889932036942,-0.26405224763674284,0.0568996749882165,315
14,Jalisco,14092,Teocuitatl√°n de Corona,0.00273972602739726,0.00273972602739726,,,,0.0,1,-0.1732157287348979,-0.15535889932036942,-0.26405224763674284,-0.1975422918973367,1396
14,Jalisco,14093,Tepatitl√°n de Morelos,0.00821917808219178,0.0602739726027397,TEPATITLAN DE MORELOS,48.0,0.456571604024057,46410.50355,0,-0.12396889643446825,0.06993739784405331,0.32712175013821043,0.09103008384926516,288
14,Jalisco,14094,Tequila,0.00273972602739726,0.0383561643835616,,,,0.0,1,-0.1732157287348979,-0.015889762980488803,-0.26405224763674284,-0.15105257978404318,824
14,Jalisco,14095,Teuchitl√°n,0.00273972602739726,0.010958904109589,,,,0.0,1,-0.1732157287348979,-0.12317371401116634,-0.26405224763674284,-0.18681389679426905,1195
14,Jalisco,14096,Tizap√°n el Alto,0.00273972602739726,0.0,,,,0.0,1,-0.1732157287348979,-0.16608729442343717,-0.26405224763674284,-0.2011184235983593,1482
14,Jalisco,14097,Tlajomulco de Z√∫√±iga,0.394520547945205,0.654794520547945,TLAJOMULCO DE ZUNIGA,272.0,0.677484337043941,318159.5169,0,3.3479327807458192,2.3979991352097554,3.7886431370036333,3.1781916843197364,34
14,Jalisco,14098,San Pedro Tlaquepaque,0.561643835616438,2.02191780821917,SAN PEDRO TLAQUEPAQUE,186.0,0.830646059650874,391286.6248,0,4.849961165908925,7.751468291640534,4.7201315160596575,5.773853657869705,10
14,Jalisco,14099,Tolim√°n,0.00273972602739726,0.0,,,,0.0,1,-0.1732157287348979,-0.16608729442343717,-0.26405224763674284,-0.2011184235983593,1482
14,Jalisco,14100,Tomatl√°n,0.00821917808219178,0.0,TOMATLAN,37.0,0.350644567219152,8323.250092,0,-0.12396889643446825,-0.16608729442343717,-0.15803122534666286,-0.14936247206818942,810
14,Jalisco,14101,Tonal√°,0.257534246575342,0.73972602739726,TONALA,139.0,0.729331441537045,277980.303,0,2.1167619732350778,2.7305793834048555,3.276842904473772,2.7080614203712354,39
14,Jalisco,14102,Tonaya,0.0,0.0,,,,0.0,1,-0.19783914488511273,-0.16608729442343717,-0.26405224763674284,-0.20932622898176426,1826
14,Jalisco,14103,Tonila,0.0,0.0164383561643835,TONILA,18.0,0.096164697157781,513.134824,0,-0.19783914488511273,-0.10171692380503089,-0.25751596937863663,-0.18569067935626007,1179
14,Jalisco,14104,Totatiche,0.0,0.00273972602739726,,,,0.0,1,-0.19783914488511273,-0.15535889932036942,-0.26405224763674284,-0.20575009728074167,1719
14,Jalisco,14105,Tototl√°n,0.0,0.0136986301369863,,,,0.0,1,-0.19783914488511273,-0.11244531890809842,-0.26405224763674284,-0.19144557047665134,1266
14,Jalisco,14106,Tuxcacuesco,0.00273972602739726,0.0,,,,0.0,1,-0.1732157287348979,-0.16608729442343717,-0.26405224763674284,-0.2011184235983593,1482
14,Jalisco,14107,Tuxcueca,0.0,0.010958904109589,,,,0.0,1,-0.19783914488511273,-0.12317371401116634,-0.26405224763674284,-0.19502170217767398,1363
14,Jalisco,14108,Tuxpan,0.00821917808219178,0.0383561643835616,TUXPAN,15.0,0.0408192553714941,1044.115733,0,-0.12396889643446825,-0.015889762980488803,-0.25075236884201396,-0.130203676085657,701
14,Jalisco,14109,Uni√≥n de San Antonio,0.00821917808219178,0.00273972602739726,,,,0.0,1,-0.12396889643446825,-0.15535889932036942,-0.26405224763674284,-0.18112668113052685,1096
14,Jalisco,14110,Uni√≥n de Tula,0.0,0.0,UNION DE TULA,15.0,0.0666472473055636,636.0813283,0,-0.19783914488511273,-0.16608729442343717,-0.2559498847447739,-0.20662544135110794,1800
14,Jalisco,14111,Valle de Guadalupe,0.00273972602739726,0.0164383561643835,,,,0.0,1,-0.1732157287348979,-0.10171692380503089,-0.26405224763674284,-0.17966163339222388,1087
14,Jalisco,14112,Valle de Ju√°rez,0.0,0.0,,,,0.0,1,-0.19783914488511273,-0.16608729442343717,-0.26405224763674284,-0.20932622898176426,1826
14,Jalisco,14113,San Gabriel,0.0,0.00273972602739726,,,,0.0,1,-0.19783914488511273,-0.15535889932036942,-0.26405224763674284,-0.20575009728074167,1719
14,Jalisco,14114,Villa Corona,0.00547945205479452,0.0301369863013698,VILLA CORONA,18.0,0.368417418523292,4689.216903,0,-0.14859231258468308,-0.048074948289692124,-0.20432130548064562,-0.13366285545167358,715
14,Jalisco,14115,Villa Guerrero,0.00273972602739726,0.0,,,,0.0,1,-0.1732157287348979,-0.16608729442343717,-0.26405224763674284,-0.2011184235983593,1482
14,Jalisco,14116,Villa Hidalgo,0.010958904109589,0.0,,,,0.0,1,-0.09934548028425377,-0.16608729442343717,-0.26405224763674284,-0.17649500744814461,1055
14,Jalisco,14117,Ca√±adas de Obreg√≥n,0.0,0.0,,,,0.0,1,-0.19783914488511273,-0.16608729442343717,-0.26405224763674284,-0.20932622898176426,1826
14,Jalisco,14118,Yahualica de Gonz√°lez Gallo,0.0,0.0,,,,0.0,1,-0.19783914488511273,-0.16608729442343717,-0.26405224763674284,-0.20932622898176426,1826
14,Jalisco,14119,Zacoalco de Torres,0.00547945205479452,0.0136986301369863,,,,0.0,1,-0.14859231258468308,-0.11244531890809842,-0.26405224763674284,-0.17502995970984145,1036
14,Jalisco,14120,Zapopan,0.295890410958904,0.698630136986301,ZAPOPAN,452.0,0.611643669747736,638220.8105,0,2.461489799338088,2.569653456858839,7.865563230462415,4.298902162219781,17
14,Jalisco,14121,Zapotiltic,0.00273972602739726,0.00273972602739726,,,,0.0,1,-0.1732157287348979,-0.15535889932036942,-0.26405224763674284,-0.1975422918973367,1396
14,Jalisco,14122,Zapotitl√°n de Vadillo,0.0,0.0,,,,0.0,1,-0.19783914488511273,-0.16608729442343717,-0.26405224763674284,-0.20932622898176426,1826
14,Jalisco,14123,Zapotl√°n del Rey,0.00273972602739726,0.104109589041095,,,,0.0,1,-0.1732157287348979,0.24159171949313402,-0.26405224763674284,-0.06522541895950225,483
14,Jalisco,14124,Zapotlanejo,0.0136986301369863,0.145205479452054,ZAPOTLANEJO,20.0,0.47617720216142,20400.85987,0,-0.07472206413403858,0.4025176460391507,-0.0041874117725667365,0.10786939004418178,274
14,Jalisco,14125,San Ignacio Cerro Gordo,0.0,0.00547945205479452,SAN IGNACIO CERRO GORDO,14.0,0.425540156666953,4982.224154,0,-0.19783914488511273,-0.14463050421730167,-0.2005889980351101,-0.1810195490458415,1095
14,Jalisco,14998,No Especificado,0.0,0.0,,,,0.0,1,-0.19783914488511273,-0.16608729442343717,-0.26405224763674284,-0.20932622898176426,1826
15,M√©xico,15001,Acambay de Ru√≠z Casta√±eda,0.00547945205479452,0.0657534246575342,,,,0.0,1,-0.14859231258468308,0.09139418805018873,-0.26405224763674284,-0.1070834573904124,605
15,M√©xico,15002,Acolman,0.0383561643835616,0.260273972602739,ACOLMAN,10.0,0.359265787394396,43772.58427,0,0.14688868121789453,0.8531102403679965,0.2935201046640314,0.43117300874997416,159
15,M√©xico,15003,Aculco,0.00821917808219178,0.0575342465753424,,,,0.0,1,-0.12396889643446825,0.059209002740985416,-0.26405224763674284,-0.10960404711007522,613
15,M√©xico,15004,Almoloya de Alquisiras,0.0,0.0,,,,0.0,1,-0.19783914488511273,-0.16608729442343717,-0.26405224763674284,-0.20932622898176426,1826
15,M√©xico,15005,Almoloya de Ju√°rez,0.0356164383561643,0.0630136986301369,ALMOLOYA DE JUAREZ,15.0,0.913294284700035,105012.4034,0,0.12226526506767935,0.08066579294712081,1.0735889668579897,0.4255066749575966,161
15,M√©xico,15006,Almoloya del R√≠o,0.00273972602739726,0.00273972602739726,,,,0.0,1,-0.1732157287348979,-0.15535889932036942,-0.26405224763674284,-0.1975422918973367,1396
15,M√©xico,15007,Amanalco,0.0,0.0164383561643835,,,,0.0,1,-0.19783914488511273,-0.10171692380503089,-0.26405224763674284,-0.1878694387756288,1211
15,M√©xico,15008,Amatepec,0.0,0.0,AMATEPEC,18.0,0.449994306752191,7489.705242,0,-0.19783914488511273,-0.16608729442343717,-0.16864886582902353,-0.17752510171252447,1070
15,M√©xico,15009,Amecameca,0.00547945205479452,0.0246575342465753,,,,0.0,1,-0.14859231258468308,-0.06953173849582756,-0.26405224763674284,-0.16072543290575117,897
15,M√©xico,15010,Apaxco,0.00821917808219178,0.0465753424657534,,,,0.0,1,-0.12396889643446825,0.016295422328714546,-0.26405224763674284,-0.1239085739141655,669
15,M√©xico,15011,Atenco,0.00547945205479452,0.123287671232876,ATENCO,9.0,0.47833726724364,24589.40556,0,-0.14859231258468308,0.31669048521460896,0.049166012797642426,0.07242139514252277,303
15,M√©xico,15012,Atizap√°n,0.00273972602739726,0.010958904109589,,,,0.0,1,-0.1732157287348979,-0.12317371401116634,-0.26405224763674284,-0.18681389679426905,1195
15,M√©xico,15013,Atizap√°n de Zaragoza,0.0794520547945205,0.350684931506849,ATIZAPAN DE ZARAGOZA,167.0,0.717029774045418,279661.6887,0,0.516239923471117,1.2071472787692341,3.298260286963487,1.6738824964012793,56
15,M√©xico,15014,Atlacomulco,0.00547945205479452,0.0273972602739726,ATLACOMULCO,19.0,0.854544949490273,61168.32748,0,-0.14859231258468308,-0.058803343392759645,0.5151059585352981,0.10257010085261846,276
15,M√©xico,15015,Atlautla,0.00547945205479452,0.00547945205479452,ATLAUTLA,16.0,0.434773692690786,9313.722045,0,-0.14859231258468308,-0.14463050421730167,-0.14541465755812016,-0.14621249145336832,782
15,M√©xico,15016,Axapusco,0.021917808219178,0.290410958904109,,,,0.0,1,-0.000851815683394814,0.9711225865017424,-0.26405224763674284,0.23540617439386827,213
15,M√©xico,15017,Ayapango,0.0,0.00547945205479452,,,,0.0,1,-0.19783914488511273,-0.14463050421730167,-0.26405224763674284,-0.2021739655797191,1660
15,M√©xico,15018,Calimaya,0.010958904109589,0.010958904109589,CALIMAYA,19.0,0.826087433011496,38638.5875,0,-0.09934548028425377,-0.12317371401116634,0.22812358527882864,0.0018681303278028454,372
15,M√©xico,15019,Capulhuac,0.00273972602739726,0.0383561643835616,,,,0.0,1,-0.1732157287348979,-0.015889762980488803,-0.26405224763674284,-0.15105257978404318,824
15,M√©xico,15020,Coacalco de Berrioz√°bal,0.0657534246575342,0.410958904109589,COACALCO DE BERRIOZABAL,53.0,0.78868551811365,175611.0835,0,0.3931228427200429,1.443171971036726,1.972870395842874,1.2697217365332143,76
15,M√©xico,15021,Coatepec Harinas,0.0,0.00547945205479452,,,,0.0,1,-0.19783914488511273,-0.14463050421730167,-0.26405224763674284,-0.2021739655797191,1660
15,M√©xico,15022,Cocotitl√°n,0.00547945205479452,0.0301369863013698,,,,0.0,1,-0.14859231258468308,-0.048074948289692124,-0.26405224763674284,-0.153573169503706,849
15,M√©xico,15023,Coyotepec,0.084931506849315,0.265753424657534,COYOTEPEC,4.0,0.624980905341412,17181.35007,0,0.5654867557715465,0.8745670305741339,-0.04519731974073055,0.4649521555349833,155
15,M√©xico,15024,Cuautitl√°n,0.0191780821917808,0.430136986301369,CUAUTITLAN,9.0,0.59725053222811,78005.10026,0,-0.02547523183360911,1.5182707367581967,0.7295716831585577,0.7407890626943817,120
15,M√©xico,15025,Chalco,0.178082191780821,1.2986301369863,CHALCO,50.0,0.907950345559109,246031.8449,0,1.4026829048788432,4.9191719844306725,2.86988550791429,3.063913465741269,37
15,M√©xico,15026,Chapa de Mota,0.00547945205479452,0.00821917808219178,,,,0.0,1,-0.14859231258468308,-0.13390210911423392,-0.26405224763674284,-0.18218222311188662,1121
15,M√©xico,15027,Chapultepec,0.00273972602739726,0.0136986301369863,,,,0.0,1,-0.1732157287348979,-0.11244531890809842,-0.26405224763674284,-0.1832377650932464,1138
15,M√©xico,15028,Chiautla,0.0,0.073972602739726,,,,0.0,1,-0.19783914488511273,0.12357937335939208,-0.26405224763674284,-0.1127706730541545,629
15,M√©xico,15029,Chicoloapan,0.0575342465753424,0.238356164383561,CHICOLOAPAN,35.0,0.809706609744481,112602.6594,0,0.31925259426939817,0.7672830795434549,1.1702731577291599,0.7522696105140043,118
15,M√©xico,15030,Chiconcuac,0.00273972602739726,0.0465753424657534,CHICONCUAC,5.0,0.399968764641574,7671.400906,0,-0.1732157287348979,0.016295422328714546,-0.1663344381919794,-0.10775158153272092,611
15,M√©xico,15031,Chimalhuac√°n,0.147945205479452,2.04109589041095,CHIMALHUACAN,185.0,0.813855914522557,385482.8539,0,1.1318253272264878,7.826567057362006,4.646203457049771,4.5348652805460885,13
15,M√©xico,15032,Donato Guerra,0.0,0.0,DONATO GUERRA,37.0,0.418122115365065,9298.617724,0,-0.19783914488511273,-0.16608729442343717,-0.1456070554238237,-0.16984449824412454,976
15,M√©xico,15033,Ecatepec de Morelos,0.353424657534246,4.31232876712328,ECATEPEC DE MORELOS,206.0,0.861375912014128,1039433.511,0,2.9785815384925955,16.72040659780518,12.976184705558865,10.89172428061888,3
15,M√©xico,15034,Ecatzingo,0.0,0.00547945205479452,,,,0.0,1,-0.19783914488511273,-0.14463050421730167,-0.26405224763674284,-0.2021739655797191,1660
15,M√©xico,15035,Huehuetoca,0.0383561643835616,0.583561643835616,,,,0.0,1,0.14688868121789453,2.119060862529993,-0.26405224763674284,0.667299098703715,124
15,M√©xico,15036,Hueypoxtla,0.0273972602739726,0.0465753424657534,HUEYPOXTLA,19.0,0.490920375786414,15485.59233,0,0.04839501661703559,0.016295422328714546,-0.06679777234805032,-0.0007024444674333941,378
15,M√©xico,15037,Huixquilucan,0.0356164383561643,0.112328767123287,HUIXQUILUCAN,40.0,0.68943597212879,143361.316,0,0.12226526506767935,0.27377690480233813,1.5620749395999138,0.6527057031566438,127
15,M√©xico,15038,Isidro Fabela,0.010958904109589,0.021917808219178,,,,0.0,1,-0.09934548028425377,-0.08026013359889547,-0.26405224763674284,-0.14788595383996403,792
15,M√©xico,15039,Ixtapaluca,0.0602739726027397,0.441095890410958,IXTAPALUCA,45.0,0.736962467292564,281242.5646,0,0.3438760104196134,1.5611843171704676,3.318397382110111,1.7411525699000638,54
15,M√©xico,15040,Ixtapan de la Sal,0.0,0.010958904109589,,,,0.0,1,-0.19783914488511273,-0.12317371401116634,-0.26405224763674284,-0.19502170217767398,1363
15,M√©xico,15041,Ixtapan del Oro,0.0,0.0,,,,0.0,1,-0.19783914488511273,-0.16608729442343717,-0.26405224763674284,-0.20932622898176426,1826
15,M√©xico,15042,Ixtlahuaca,0.00547945205479452,0.0356164383561643,IXTLAHUACA,19.0,0.836068856625717,88828.13567,0,-0.14859231258468308,-0.026618158083556703,0.8674348094333334,0.2307414462550312,217
15,M√©xico,15043,Xalatlaco,0.00273972602739726,0.00821917808219178,,,,0.0,1,-0.1732157287348979,-0.13390210911423392,-0.26405224763674284,-0.19039002849529155,1249
15,M√©xico,15044,Jaltenco,0.021917808219178,0.0986301369863013,JALTENCO,4.0,0.5,10063.5,0,-0.000851815683394814,0.2201349292870017,-0.13586403437594877,0.027806359742552706,337
15,M√©xico,15045,Jilotepec,0.0164383561643835,0.131506849315068,,,,0.0,1,-0.05009864798382428,0.34887567052381313,-0.26405224763674284,0.011574924967748665,353
15,M√©xico,15046,Jilotzingo,0.00547945205479452,0.010958904109589,,,,0.0,1,-0.14859231258468308,-0.12317371401116634,-0.26405224763674284,-0.17860609141086412,1076
15,M√©xico,15047,Jiquipilco,0.0191780821917808,0.0136986301369863,,,,0.0,1,-0.02547523183360911,-0.11244531890809842,-0.26405224763674284,-0.1339909327928168,716
15,M√©xico,15048,Jocotitl√°n,0.00273972602739726,0.0191780821917808,,,,0.0,1,-0.1732157287348979,-0.09098852870196299,-0.26405224763674284,-0.1760855016912012,1043
15,M√©xico,15049,Joquicingo,0.00547945205479452,0.00821917808219178,,,,0.0,1,-0.14859231258468308,-0.13390210911423392,-0.26405224763674284,-0.18218222311188662,1121
15,M√©xico,15050,Juchitepec,0.00547945205479452,0.0273972602739726,,,,0.0,1,-0.14859231258468308,-0.058803343392759645,-0.26405224763674284,-0.1571493012047285,867
15,M√©xico,15051,Lerma,0.0191780821917808,0.0821917808219178,LERMA,47.0,0.734075832538326,85878.79757,0,-0.02547523183360911,0.15576455866859543,0.8298663311364202,0.3200518859904688,185
15,M√©xico,15052,Malinalco,0.0164383561643835,0.0164383561643835,,,,0.0,1,-0.05009864798382428,-0.10171692380503089,-0.26405224763674284,-0.13862260647519933,738
15,M√©xico,15053,Melchor Ocampo,0.0164383561643835,0.210958904109589,MELCHOR OCAMPO,21.0,0.630677719248097,26560.99215,0,-0.05009864798382428,0.6599991285127798,0.07427995548766496,0.2280601453388735,218
15,M√©xico,15054,Metepec,0.0273972602739726,0.0767123287671232,METEPEC,47.0,0.526622799063927,94921.12642,0,0.04839501661703559,0.13430776846245956,0.9450469322193468,0.37591657243294735,171
15,M√©xico,15055,Mexicaltzingo,0.0,0.0136986301369863,,,,0.0,1,-0.19783914488511273,-0.11244531890809842,-0.26405224763674284,-0.19144557047665134,1266
15,M√©xico,15056,Morelos,0.0,0.00547945205479452,,,,0.0,1,-0.19783914488511273,-0.14463050421730167,-0.26405224763674284,-0.2021739655797191,1660
15,M√©xico,15057,Naucalpan de Ju√°rez,0.205479452054794,1.94246575342465,NAUCALPAN DE JUAREZ,163.0,0.950414498931592,590509.6356,0,1.6489170663809953,7.440344833651571,7.257821365007628,5.449027755013398,12
15,M√©xico,15058,Nezahualc√≥yotl,0.13972602739726,0.545205479452054,NEZAHUALCOYOTL,174.0,0.665053268230006,539711.3438,0,1.0579550787758414,1.968863331087043,6.61075600379707,3.2125248045533183,33
15,M√©xico,15059,Nextlalpan,0.0246575342465753,0.282191780821917,,,,0.0,1,0.023771600466820385,0.9389374011925382,-0.26405224763674284,0.23288558467420525,215
15,M√©xico,15060,Nicol√°s Romero,0.161643835616438,0.271232876712328,NICOLAS ROMERO,10.0,0.901730134467557,272441.529,0,1.2549424079775593,0.8960238207802674,3.2062903588668417,1.7857521958748894,53
15,M√©xico,15061,Nopaltepec,0.00821917808219178,0.150684931506849,,,,0.0,1,-0.12396889643446825,0.4239744362452881,-0.26405224763674284,0.011984430724692333,351
15,M√©xico,15062,Ocoyoacac,0.0191780821917808,0.0602739726027397,OCOYOACAC,43.0,0.755747920311876,38161.49124,0,-0.02547523183360911,0.06993739784405331,0.22204636392216276,0.08883617664420233,291
15,M√©xico,15063,Ocuilan,0.0136986301369863,0.073972602739726,,,,0.0,1,-0.07472206413403858,0.12357937335939208,-0.26405224763674284,-0.07173164613712978,507
15,M√©xico,15064,El Oro,0.00273972602739726,0.00547945205479452,,,,0.0,1,-0.1732157287348979,-0.14463050421730167,-0.26405224763674284,-0.19396616019631416,1331
15,M√©xico,15065,Otumba,0.021917808219178,0.147945205479452,,,,0.0,1,-0.000851815683394814,0.41324604114222135,-0.26405224763674284,0.049447325940694564,321
15,M√©xico,15066,Otzoloapan,0.0,0.00273972602739726,,,,0.0,1,-0.19783914488511273,-0.15535889932036942,-0.26405224763674284,-0.20575009728074167,1719
15,M√©xico,15067,Otzolotepec,0.00821917808219178,0.021917808219178,OTZOLOTEPEC,2.0,1.0,58871.0,0,-0.12396889643446825,-0.08026013359889547,0.4858427494195705,0.09387123979540225,284
15,M√©xico,15068,Ozumba,0.00273972602739726,0.0164383561643835,,,,0.0,1,-0.1732157287348979,-0.10171692380503089,-0.26405224763674284,-0.17966163339222388,1087
15,M√©xico,15069,Papalotla,0.0,0.00821917808219178,,,,0.0,1,-0.19783914488511273,-0.13390210911423392,-0.26405224763674284,-0.19859783387869648,1439
15,M√©xico,15070,La Paz,0.0493150684931506,1.12602739726027,LA PAZ,45.0,0.794155452083819,166058.6992,0,0.2453823458187535,4.243283092937394,1.8511927413690368,2.113286060041728,46
15,M√©xico,15071,Polotitl√°n,0.010958904109589,0.0958904109589041,,,,0.0,1,-0.09934548028425377,0.2094065341839342,-0.26405224763674284,-0.051330397912354137,454
15,M√©xico,15072,Ray√≥n,0.0,0.00547945205479452,RAYON,18.0,0.625015092972711,6763.913336,0,-0.19783914488511273,-0.14463050421730167,-0.17789395626766677,-0.1734545351233604,1025
15,M√©xico,15073,San Antonio la Isla,0.0,0.0,SAN ANTONIO LA ISLA,19.0,0.617027304010198,13233.38459,0,-0.19783914488511273,-0.16608729442343717,-0.09548624912876588,-0.1531375628124386,842
15,M√©xico,15074,San Felipe del Progreso,0.0,0.010958904109589,SAN FELIPE DEL PROGRESO,39.0,0.707049476934797,62236.61611,0,-0.19783914488511273,-0.12317371401116634,0.5287137501313154,0.06923363041167878,305
15,M√©xico,15075,San Mart√≠n de las Pir√°mides,0.0136986301369863,0.104109589041095,SAN MARTIN DE LAS PIRAMIDES,22.0,0.828124604386979,16910.30442,0,-0.07472206413403858,0.24159171949313402,-0.048649881730655584,0.039406591209479945,331
15,M√©xico,15076,San Mateo Atenco,0.00273972602739726,0.0794520547945205,SAN MATEO ATENCO,15.0,0.822797392244949,54383.61644,0,-0.1732157287348979,0.1450361635655275,0.4286827473554515,0.1335010607286937,263
15,M√©xico,15077,San Sim√≥n de Guerrero,0.0,0.0,,,,0.0,1,-0.19783914488511273,-0.16608729442343717,-0.26405224763674284,-0.20932622898176426,1826
15,M√©xico,15078,Santo Tom√°s,0.0,0.0,,,,0.0,1,-0.19783914488511273,-0.16608729442343717,-0.26405224763674284,-0.20932622898176426,1826
15,M√©xico,15079,Soyaniquilpan de Ju√°rez,0.00273972602739726,0.0575342465753424,,,,0.0,1,-0.1732157287348979,0.059209002740985416,-0.26405224763674284,-0.1260196578768851,678
15,M√©xico,15080,Sultepec,0.00273972602739726,0.0,,,,0.0,1,-0.1732157287348979,-0.16608729442343717,-0.26405224763674284,-0.2011184235983593,1482
15,M√©xico,15081,Tec√°mac,0.112328767123287,1.38082191780821,TECAMAC,168.0,0.700340303115352,270308.9461,0,0.8117209172736894,5.2410238375226745,3.1791256555745955,3.0772901367903196,35
15,M√©xico,15082,Tejupilco,0.00547945205479452,0.0191780821917808,TEJUPILCO,18.0,0.536586700520947,26395.77297,0,-0.14859231258468308,-0.09098852870196299,0.07217540424002615,-0.055801812348873304,463
15,M√©xico,15083,Temamatla,0.0164383561643835,0.00821917808219178,,,,0.0,1,-0.05009864798382428,-0.13390210911423392,-0.26405224763674284,-0.149351001578267,806
15,M√©xico,15084,Temascalapa,0.0136986301369863,0.0712328767123287,,,,0.0,1,-0.07472206413403858,0.11285097825632416,-0.26405224763674284,-0.07530777783815241,518
15,M√©xico,15085,Temascalcingo,0.00547945205479452,0.0164383561643835,,,,0.0,1,-0.14859231258468308,-0.10171692380503089,-0.26405224763674284,-0.17145382800881892,995
15,M√©xico,15086,Temascaltepec,0.0,0.0136986301369863,TEMASCALTEPEC,20.0,0.166666666666666,3636.666667,0,-0.19783914488511273,-0.11244531890809842,-0.21772862243002378,-0.17600436207441164,1042
15,M√©xico,15087,Temoaya,0.021917808219178,0.0328767123287671,TEMOAYA,41.0,0.654516731144224,43956.03463,0,-0.000851815683394814,-0.03734655318662422,0.2958568835054335,0.08588617154513815,293
15,M√©xico,15088,Tenancingo,0.0136986301369863,0.0547945205479452,,,,0.0,1,-0.07472206413403858,0.048480607637917894,-0.26405224763674284,-0.09676456804428785,575
15,M√©xico,15089,Tenango del Aire,0.0,0.00547945205479452,TENANGO DEL AIRE,20.0,0.610166385108214,4791.636622,0,-0.19783914488511273,-0.14463050421730167,-0.2030166897126442,-0.18182877960501953,1119
15,M√©xico,15090,Tenango del Valle,0.00821917808219178,0.0493150684931506,,,,0.0,1,-0.12396889643446825,0.027023817431782067,-0.26405224763674284,-0.120332442213143,655
15,M√©xico,15091,Teoloyucan,0.0547945205479452,0.780821917808219,TEOLOYUCAN,10.0,1.0,44773.0,0,0.29462917811918393,2.891505309950872,0.30626333564199065,1.1641326079040155,81
15,M√©xico,15092,Teotihuac√°n,0.0273972602739726,0.21917808219178,TEOTIHUACAN,25.0,0.417157970950249,17144.77545,0,0.04839501661703559,0.69218431382198,-0.04566320488888899,0.23163870851670887,216
15,M√©xico,15093,Tepetlaoxtoc,0.0,0.115068493150684,TEPETLAOXTOC,25.0,0.343864336922257,7667.14312,0,-0.19783914488511273,0.28450529990540485,-0.16638867359514795,-0.026574172858285273,416
15,M√©xico,15094,Tepetlixpa,0.0,0.0164383561643835,,,,0.0,1,-0.19783914488511273,-0.10171692380503089,-0.26405224763674284,-0.1878694387756288,1211
15,M√©xico,15095,Tepotzotl√°n,0.0410958904109589,0.380821917808219,TEPOTZOTLAN,19.0,0.803686644284977,58757.53056,0,0.17151209736810974,1.32515962490298,0.4843973830188846,0.6603563684299915,125
15,M√©xico,15096,Tequixquiac,0.0191780821917808,0.021917808219178,,,,0.0,1,-0.02547523183360911,-0.08026013359889547,-0.26405224763674284,-0.12326253768974915,666
15,M√©xico,15097,Texcaltitl√°n,0.0,0.0,,,,0.0,1,-0.19783914488511273,-0.16608729442343717,-0.26405224763674284,-0.20932622898176426,1826
15,M√©xico,15098,Texcalyacac,0.0,0.0,,,,0.0,1,-0.19783914488511273,-0.16608729442343717,-0.26405224763674284,-0.20932622898176426,1826
15,M√©xico,15099,Texcoco,0.0438356164383561,0.424657534246575,TEXCOCO,60.0,0.541998724896397,107040.9542,0,0.19613551351832403,1.4968139465520633,1.0994285159771582,0.9307926586825152,101
15,M√©xico,15100,Tezoyuca,0.010958904109589,0.0684931506849315,,,,0.0,1,-0.09934548028425377,0.10212258315325666,-0.26405224763674284,-0.08709171492257999,542
15,M√©xico,15101,Tianguistenco,0.00273972602739726,0.106849315068493,,,,0.0,1,-0.1732157287348979,0.2523201145962047,-0.26405224763674284,-0.06164928725847869,473
15,M√©xico,15102,Timilpan,0.0,0.00547945205479452,TIMILPAN,18.0,0.642857142857142,7213.5,0,-0.19783914488511273,-0.14463050421730167,-0.17216715036872096,-0.1715455998237118,1002
15,M√©xico,15103,Tlalmanalco,0.0164383561643835,0.0246575342465753,,,,0.0,1,-0.05009864798382428,-0.06953173849582756,-0.26405224763674284,-0.12789421137213156,686
15,M√©xico,15104,Tlalnepantla de Baz,0.197260273972602,2.46027397260273,TLALNEPANTLA DE BAZ,156.0,0.90681984656309,468164.789,0,1.5750468179303487,9.468011508131367,5.69940060808211,5.580819644714609,11
15,M√©xico,15105,Tlatlaya,0.0,0.00547945205479452,,,,0.0,1,-0.19783914488511273,-0.14463050421730167,-0.26405224763674284,-0.2021739655797191,1660
15,M√©xico,15106,Toluca,0.073972602739726,0.841095890410958,TOLUCA,129.0,0.886120211330157,571969.3295,0,0.46699309117068755,3.12753000221836,7.021656142941031,3.538726412110026,29
15,M√©xico,15107,Tonatico,0.0,0.00547945205479452,,,,0.0,1,-0.19783914488511273,-0.14463050421730167,-0.26405224763674284,-0.2021739655797191,1660
15,M√©xico,15108,Tultepec,0.0958904109589041,0.632876712328767,TULTEPEC,19.0,0.54885780957352,61047.80759,0,0.6639804203724065,2.3121719743852136,0.5135707839577168,1.163241059571779,82
15,M√©xico,15109,Tultitl√°n,0.150684931506849,1.12054794520547,TULTITLAN,75.0,0.832570616605726,313339.6167,0,1.1564487433767003,4.2218263027312375,3.727247559447779,3.0351742018519055,38
15,M√©xico,15110,Valle de Bravo,0.0,0.0246575342465753,VALLE DE BRAVO,18.0,0.696948020982355,28793.01359,0,-0.19783914488511273,-0.06953173849582756,0.10271130048228758,-0.054886527632884236,460
15,M√©xico,15111,Villa de Allende,0.00273972602739726,0.0410958904109589,VILLA DE ALLENDE,20.0,0.708336797595999,23036.52933,0,-0.1732157287348979,-0.005161367877420875,0.02938557563970953,-0.04966384032420309,451
15,M√©xico,15112,Villa del Carb√≥n,0.0191780821917808,0.0164383561643835,VILLA DEL CARBON,19.0,0.879310029951055,29089.33441,0,-0.02547523183360911,-0.10171692380503089,0.10648581595580808,-0.00690211322761064,385
15,M√©xico,15113,Villa Guerrero,0.00821917808219178,0.0191780821917808,,,,0.0,1,-0.12396889643446825,-0.09098852870196299,-0.26405224763674284,-0.15966989092439135,884
15,M√©xico,15114,Villa Victoria,0.010958904109589,0.0328767123287671,VILLA VICTORIA,19.0,0.723412068516193,46673.82325,0,-0.09934548028425377,-0.03734655318662422,0.3304758994758532,0.0645946220016584,311
15,M√©xico,15115,Xonacatl√°n,0.010958904109589,0.0712328767123287,XONACATLAN,18.0,0.956520060238637,35204.72082,0,-0.09934548028425377,0.11285097825632416,0.18438321321294948,0.06596290372833996,309
15,M√©xico,15116,Zacazonapan,0.0,0.0,,,,0.0,1,-0.19783914488511273,-0.16608729442343717,-0.26405224763674284,-0.20932622898176426,1826
15,M√©xico,15117,Zacualpan,0.0,0.0,,,,0.0,1,-0.19783914488511273,-0.16608729442343717,-0.26405224763674284,-0.20932622898176426,1826
15,M√©xico,15118,Zinacantepec,0.0356164383561643,0.134246575342465,ZINACANTEPEC,24.0,0.952360700694388,131475.2995,0,0.12226526506767935,0.35960406562687985,1.4106716288309649,0.630846986508508,131
15,M√©xico,15119,Zumpahuac√°n,0.00273972602739726,0.00547945205479452,,,,0.0,1,-0.1732157287348979,-0.14463050421730167,-0.26405224763674284,-0.19396616019631416,1331
15,M√©xico,15120,Zumpango,0.0904109589041095,0.597260273972602,ZUMPANGO,16.0,0.817055322470485,152573.6427,0,0.614733588071976,2.17270283804533,1.6794209623204095,1.4889524628125719,62
15,M√©xico,15121,Cuautitl√°n Izcalli,0.194520547945205,1.2931506849315,CUAUTITLAN IZCALLI,99.0,0.850604351679671,353849.7091,0,1.5504234017801364,4.897715194224515,4.243262500947821,3.563800365650824,28
15,M√©xico,15122,Valle de Chalco Solidaridad,0.084931506849315,0.887671232876712,VALLE DE CHALCO SOLIDARIDAD,28.0,0.826229321256648,219929.0256,0,0.5654867557715465,3.309912718970514,2.537389480971738,2.137596318571266,45
15,M√©xico,15123,Luvianos,0.0,0.0,,,,0.0,1,-0.19783914488511273,-0.16608729442343717,-0.26405224763674284,-0.20932622898176426,1826
15,M√©xico,15124,San Jos√© del Rinc√≥n,0.00547945205479452,0.00821917808219178,SAN JOSE DEL RINCON,19.0,0.468098079351944,27384.67384,0,-0.14859231258468308,-0.13390210911423392,0.08477195967475011,-0.06590748734138897,487
15,M√©xico,15125,Tonanitla,0.00821917808219178,0.0493150684931506,,,,0.0,1,-0.12396889643446825,0.027023817431782067,-0.26405224763674284,-0.120332442213143,655
16,Michoac√°n de Ocampo,16001,Acuitzio,0.00547945205479452,0.0273972602739726,ACUITZIO,22.0,0.277777777777777,2102.5,0,-0.14859231258468308,-0.058803343392759645,-0.23727073838242582,-0.14822213145328952,796
16,Michoac√°n de Ocampo,16002,Aguililla,0.0,0.00821917808219178,,,,0.0,1,-0.19783914488511273,-0.13390210911423392,-0.26405224763674284,-0.19859783387869648,1439
16,Michoac√°n de Ocampo,16003,√Ålvaro Obreg√≥n,0.0410958904109589,0.0821917808219178,,,,0.0,1,0.17151209736810974,0.15576455866859543,-0.26405224763674284,0.02107480279998745,345
16,Michoac√°n de Ocampo,16004,Angamacutiro,0.00273972602739726,0.010958904109589,ANGAMACUTIRO,17.0,0.634075788255713,6615.312699,0,-0.1732157287348979,-0.12317371401116634,-0.1797868215875302,-0.1587254214445315,879
16,Michoac√°n de Ocampo,16005,Angangueo,0.00273972602739726,0.0,,,,0.0,1,-0.1732157287348979,-0.16608729442343717,-0.26405224763674284,-0.2011184235983593,1482
16,Michoac√°n de Ocampo,16006,Apatzing√°n,0.334246575342465,0.882191780821917,APATZINGAN,85.0,0.818653664674425,67368.64737,0,2.8062176254410898,3.2884559287643764,0.5940852329770393,2.2295862623941685,42
16,Michoac√°n de Ocampo,16007,Aporo,0.0,0.0,,,,0.0,1,-0.19783914488511273,-0.16608729442343717,-0.26405224763674284,-0.20932622898176426,1826
16,Michoac√°n de Ocampo,16008,Aquila,0.0273972602739726,0.0136986301369863,AQUILA,18.0,0.565217391304347,8147.043478,0,0.04839501661703559,-0.11244531890809842,-0.16027573381920168,-0.07477534537008818,516
16,Michoac√°n de Ocampo,16009,Ario,0.0273972602739726,0.00547945205479452,ARIO,19.0,0.673505064527739,15730.38429,0,0.04839501661703559,-0.14463050421730167,-0.06367962816630361,-0.05330503858885657,457
16,Michoac√°n de Ocampo,16010,Arteaga,0.00273972602739726,0.0657534246575342,ARTEAGA,18.0,0.37037037037037,4923.703704,0,-0.1732157287348979,0.09139418805018873,-0.2013344277488993,-0.09438532281120282,564
16,Michoac√°n de Ocampo,16011,Brise√±as,0.0,0.0,BRISENAS,57.0,0.179301589395238,1391.021731,0,-0.19783914488511273,-0.16608729442343717,-0.24633350263710785,-0.2034199806485526,1705
16,Michoac√°n de Ocampo,16012,Buenavista,0.0602739726027397,0.084931506849315,,,,0.0,1,0.3438760104196134,0.16649295377166293,-0.26405224763674284,0.08210557218484449,299
16,Michoac√°n de Ocampo,16013,Car√°cuaro,0.00547945205479452,0.0,,,,0.0,1,-0.14859231258468308,-0.16608729442343717,-0.26405224763674284,-0.19291061821495437,1277
16,Michoac√°n de Ocampo,16014,Coahuayana,0.0246575342465753,0.0,,,,0.0,1,0.023771600466820385,-0.16608729442343717,-0.26405224763674284,-0.13545598053111987,723
16,Michoac√°n de Ocampo,16015,Coalcom√°n de V√°zquez Pallares,0.010958904109589,0.010958904109589,,,,0.0,1,-0.09934548028425377,-0.12317371401116634,-0.26405224763674284,-0.1621904806440543,913
16,Michoac√°n de Ocampo,16016,Coeneo,0.00547945205479452,0.0246575342465753,COENEO,17.0,0.382942821328705,5744.14232,0,-0.14859231258468308,-0.06953173849582756,-0.19088373362904051,-0.13633592823651705,726
16,Michoac√°n de Ocampo,16017,Contepec,0.00821917808219178,0.0273972602739726,CONTEPEC,17.0,0.581395348837209,12792.44186,0,-0.12396889643446825,-0.058803343392759645,-0.10110294915450609,-0.09462506299391132,567
16,Michoac√°n de Ocampo,16018,Cop√°ndaro,0.0136986301369863,0.0465753424657534,,,,0.0,1,-0.07472206413403858,0.016295422328714546,-0.26405224763674284,-0.10749296314735562,609
16,Michoac√°n de Ocampo,16019,Cotija,0.0191780821917808,0.0438356164383561,,,,0.0,1,-0.02547523183360911,0.005567027225646646,-0.26405224763674284,-0.09465348408156843,568
16,Michoac√°n de Ocampo,16020,Cuitzeo,0.0493150684931506,0.0958904109589041,CUITZEO,32.0,0.76719864760322,15489.7407,0,0.2453823458187535,0.2094065341839342,-0.0667449306788254,0.1293479831079541,265
16,Michoac√°n de Ocampo,16021,Charapan,0.00547945205479452,0.0,,,,0.0,1,-0.14859231258468308,-0.16608729442343717,-0.26405224763674284,-0.19291061821495437,1277
16,Michoac√°n de Ocampo,16022,Charo,0.0246575342465753,0.0465753424657534,,,,0.0,1,0.023771600466820385,0.016295422328714546,-0.26405224763674284,-0.07466174161373597,515
16,Michoac√°n de Ocampo,16023,Chavinda,0.00273972602739726,0.0136986301369863,,,,0.0,1,-0.1732157287348979,-0.11244531890809842,-0.26405224763674284,-0.1832377650932464,1138
16,Michoac√°n de Ocampo,16024,Cher√°n,0.00547945205479452,0.0,CHERAN,36.0,0.369653375958322,4798.470473,0,-0.14859231258468308,-0.16608729442343717,-0.2029296405598265,-0.17253641585598226,1013
16,Michoac√°n de Ocampo,16025,Chilchota,0.00547945205479452,0.0602739726027397,CHILCHOTA,18.0,0.638287998857714,16893.56847,0,-0.14859231258468308,0.06993739784405331,-0.04886306318121675,-0.042505992640615504,438
16,Michoac√°n de Ocampo,16026,Chinicuila,0.00273972602739726,0.00273972602739726,,,,0.0,1,-0.1732157287348979,-0.15535889932036942,-0.26405224763674284,-0.1975422918973367,1396
16,Michoac√°n de Ocampo,16027,Chuc√°ndiro,0.0,0.00821917808219178,,,,0.0,1,-0.19783914488511273,-0.13390210911423392,-0.26405224763674284,-0.19859783387869648,1439
16,Michoac√°n de Ocampo,16028,Churintzio,0.0,0.0547945205479452,CHURINTZIO,18.0,0.473631172321128,1827.269063,0,-0.19783914488511273,0.048480607637917894,-0.24077661228793823,-0.13004504984504436,700
16,Michoac√°n de Ocampo,16029,Churumuco,0.0,0.00273972602739726,,,,0.0,1,-0.19783914488511273,-0.15535889932036942,-0.26405224763674284,-0.20575009728074167,1719
16,Michoac√°n de Ocampo,16030,Ecuandureo,0.0,0.106849315068493,,,,0.0,1,-0.19783914488511273,0.2523201145962047,-0.26405224763674284,-0.06985709264188363,498
16,Michoac√°n de Ocampo,16031,Epitacio Huerta,0.00547945205479452,0.00547945205479452,EPITACIO HUERTA,29.0,0.397953712804932,4150.657225,0,-0.14859231258468308,-0.14463050421730167,-0.21118144388747515,-0.1681347535631533,955
16,Michoac√°n de Ocampo,16032,Erongar√≠cuaro,0.00273972602739726,0.0164383561643835,,,,0.0,1,-0.1732157287348979,-0.10171692380503089,-0.26405224763674284,-0.17966163339222388,1087
16,Michoac√°n de Ocampo,16033,Gabriel Zamora,0.00821917808219178,0.0273972602739726,GABRIEL ZAMORA,20.0,0.444397896010799,6283.341852,0,-0.12396889643446825,-0.058803343392759645,-0.1840154448032705,-0.12226256154349946,663
16,Michoac√°n de Ocampo,16034,Hidalgo,0.0356164383561643,0.073972602739726,HIDALGO,71.0,0.580523524165662,47778.24709,0,0.12226526506767935,0.12357937335939208,0.3445439790438191,0.1967962058236302,233
16,Michoac√°n de Ocampo,16035,La Huacana,0.00273972602739726,0.0191780821917808,,,,0.0,1,-0.1732157287348979,-0.09098852870196299,-0.26405224763674284,-0.1760855016912012,1043
16,Michoac√°n de Ocampo,16036,Huandacareo,0.0,0.00547945205479452,HUANDACAREO,14.0,0.294151624548736,2426.750903,0,-0.19783914488511273,-0.14463050421730167,-0.23314045131492753,-0.19187003347244733,1274
16,Michoac√°n de Ocampo,16037,Huaniqueo,0.0,0.0273972602739726,HUANIQUEO,19.0,0.609779031499765,3633.06347,0,-0.19783914488511273,-0.058803343392759645,-0.2177745197207732,-0.1581390026662152,873
16,Michoac√°n de Ocampo,16038,Huetamo,0.00547945205479452,0.0164383561643835,HUETAMO,33.0,0.330409356725146,9458.298246,0,-0.14859231258468308,-0.10171692380503089,-0.14357305524419128,-0.13129409721130175,707
16,Michoac√°n de Ocampo,16039,Huiramba,0.00547945205479452,0.010958904109589,,,,0.0,1,-0.14859231258468308,-0.12317371401116634,-0.26405224763674284,-0.17860609141086412,1076
16,Michoac√°n de Ocampo,16040,Indaparapeo,0.0328767123287671,0.0602739726027397,INDAPARAPEO,16.0,0.757553573805404,9261.09244,0,0.09764184891746505,0.06993739784405331,-0.14608505006863554,0.007164732230960942,363
16,Michoac√°n de Ocampo,16041,Irimbo,0.00547945205479452,0.0,,,,0.0,1,-0.14859231258468308,-0.16608729442343717,-0.26405224763674284,-0.19291061821495437,1277
16,Michoac√°n de Ocampo,16042,Ixtl√°n,0.0,0.010958904109589,,,,0.0,1,-0.19783914488511273,-0.12317371401116634,-0.26405224763674284,-0.19502170217767398,1363
16,Michoac√°n de Ocampo,16043,Jacona,0.150684931506849,0.454794520547945,JACONA,46.0,0.831768354860639,37526.0611,0,1.1564487433767003,1.6148262926858092,0.21395229582471587,0.9950757772957418,95
16,Michoac√°n de Ocampo,16044,Jim√©nez,0.0,0.0164383561643835,JIMENEZ,16.0,0.653826702629804,6089.741908,0,-0.19783914488511273,-0.10171692380503089,-0.18648150839036742,-0.1620125256935037,911
16,Michoac√°n de Ocampo,16045,Jiquilpan,0.0,0.00273972602739726,JIQUILPAN,37.0,0.483627573071569,12318.47791,0,-0.19783914488511273,-0.15535889932036942,-0.10714027134862628,-0.1534461051847028,847
16,Michoac√°n de Ocampo,16046,Ju√°rez,0.00273972602739726,0.00547945205479452,,,,0.0,1,-0.1732157287348979,-0.14463050421730167,-0.26405224763674284,-0.19396616019631416,1331
16,Michoac√°n de Ocampo,16047,Jungapeo,0.00273972602739726,0.00273972602739726,JUNGAPEO,17.0,0.829254921505108,10433.68542,0,-0.1732157287348979,-0.15535889932036942,-0.13114863639661783,-0.1532410881506284,845
16,Michoac√°n de Ocampo,16048,Lagunillas,0.0,0.010958904109589,,,,0.0,1,-0.19783914488511273,-0.12317371401116634,-0.26405224763674284,-0.19502170217767398,1363
16,Michoac√°n de Ocampo,16049,Madero,0.0164383561643835,0.021917808219178,MADERO,18.0,0.540524070688604,6292.781231,0,-0.05009864798382428,-0.08026013359889547,-0.183895206603012,-0.10475132939524391,596
16,Michoac√°n de Ocampo,16050,Maravat√≠o,0.0136986301369863,0.0493150684931506,MARAVATIO,54.0,0.774658366607971,44557.57459,0,-0.07472206413403858,0.027023817431782067,0.3035192606781238,0.08527367132528908,295
16,Michoac√°n de Ocampo,16051,Marcos Castellanos,0.0,0.0,,,,0.0,1,-0.19783914488511273,-0.16608729442343717,-0.26405224763674284,-0.20932622898176426,1826
16,Michoac√°n de Ocampo,16052,L√°zaro C√°rdenas,0.0465753424657534,0.241095890410958,LAZARO CARDENAS,522.0,0.551070982879233,73165.14333,0,0.22075892966853922,0.7780114746465218,0.6679206242709044,0.5555636761953218,141
16,Michoac√°n de Ocampo,16053,Morelia,0.435616438356164,0.934246575342465,MORELIA,659.0,0.768559925391806,468341.9731,0,3.717284022999042,3.4922954357226645,5.701657567708207,4.3037456754766374,16
16,Michoac√°n de Ocampo,16054,Morelos,0.0,0.00547945205479452,,,,0.0,1,-0.19783914488511273,-0.14463050421730167,-0.26405224763674284,-0.2021739655797191,1660
16,Michoac√°n de Ocampo,16055,M√∫gica,0.00273972602739726,0.0575342465753424,,,,0.0,1,-0.1732157287348979,0.059209002740985416,-0.26405224763674284,-0.1260196578768851,678
16,Michoac√°n de Ocampo,16056,Nahuatzen,0.010958904109589,0.00821917808219178,NAHUATZEN,21.0,0.666666666666666,13728.0,0,-0.09934548028425377,-0.13390210911423392,-0.08918586997050532,-0.10747781978966435,608
16,Michoac√°n de Ocampo,16057,Nocup√©taro,0.0,0.0,,,,0.0,1,-0.19783914488511273,-0.16608729442343717,-0.26405224763674284,-0.20932622898176426,1826
16,Michoac√°n de Ocampo,16058,Nuevo Parangaricutiro,0.00273972602739726,0.0136986301369863,NUEVO PARANGARICUTIRO,20.0,0.440664768717911,5983.34623,0,-0.1732157287348979,-0.11244531890809842,-0.1878367696674073,-0.15783260577013455,872
16,Michoac√°n de Ocampo,16059,Nuevo Urecho,0.00821917808219178,0.00273972602739726,,,,0.0,1,-0.12396889643446825,-0.15535889932036942,-0.26405224763674284,-0.18112668113052685,1096
16,Michoac√°n de Ocampo,16060,Numar√°n,0.00273972602739726,0.010958904109589,,,,0.0,1,-0.1732157287348979,-0.12317371401116634,-0.26405224763674284,-0.18681389679426905,1195
16,Michoac√°n de Ocampo,16061,Ocampo,0.00547945205479452,0.00273972602739726,OCAMPO,37.0,0.654077117572692,9531.865834,0,-0.14859231258468308,-0.15535889932036942,-0.1426359560580606,-0.14886238932103768,800
16,Michoac√°n de Ocampo,16062,Pajacuar√°n,0.0,0.0,,,,0.0,1,-0.19783914488511273,-0.16608729442343717,-0.26405224763674284,-0.20932622898176426,1826
16,Michoac√°n de Ocampo,16063,Panind√≠cuaro,0.0,0.0438356164383561,,,,0.0,1,-0.19783914488511273,0.005567027225646646,-0.26405224763674284,-0.15210812176540298,836
16,Michoac√°n de Ocampo,16064,Par√°cuaro,0.0246575342465753,0.0493150684931506,,,,0.0,1,0.023771600466820385,0.027023817431782067,-0.26405224763674284,-0.07108560991271347,504
16,Michoac√°n de Ocampo,16065,Paracho,0.00821917808219178,0.010958904109589,,,,0.0,1,-0.12396889643446825,-0.12317371401116634,-0.26405224763674284,-0.17039828602745913,983
16,Michoac√°n de Ocampo,16066,P√°tzcuaro,0.0465753424657534,0.136986301369863,PATZCUARO,60.0,0.847055277807325,55028.09907,0,0.22075892966853922,0.3703324607299505,0.4368921254860539,0.3426611719615145,179
16,Michoac√°n de Ocampo,16067,Penjamillo,0.00273972602739726,0.00821917808219178,PENJAMILLO,15.0,0.777763183818217,9191.605306,0,-0.1732157287348979,-0.13390210911423392,-0.14697017269516444,-0.1513626701814321,826
16,Michoac√°n de Ocampo,16068,Perib√°n,0.010958904109589,0.00821917808219178,PERIBAN,20.0,0.448295731572182,8518.067196,0,-0.09934548028425377,-0.13390210911423392,-0.15554965765407058,-0.12959908235085274,697
16,Michoac√°n de Ocampo,16069,La Piedad,0.0164383561643835,0.128767123287671,LA PIEDAD,39.0,0.625966526377606,46213.85671,0,-0.05009864798382428,0.3381472754207464,0.3246168753865851,0.20422183427450244,231
16,Michoac√°n de Ocampo,16070,Pur√©pero,0.00273972602739726,0.0136986301369863,PUREPERO,20.0,0.686256897215449,7613.334018,0,-0.1732157287348979,-0.11244531890809842,-0.16707409046229635,-0.1509117127017642,823
16,Michoac√°n de Ocampo,16071,Puru√°ndiro,0.0356164383561643,0.0794520547945205,PURUANDIRO,17.0,0.722222222222222,33954.55556,0,0.12226526506767935,0.1450361635655275,0.16845868884666376,0.1452533724932902,260
16,Michoac√°n de Ocampo,16072,Quer√©ndaro,0.0246575342465753,0.0301369863013698,QUERENDARO,19.0,0.857142857142857,8109.428571,0,0.023771600466820385,-0.048074948289692124,-0.1607548700760011,-0.06168607263295761,474
16,Michoac√°n de Ocampo,16073,Quiroga,0.00547945205479452,0.073972602739726,QUIROGA,20.0,0.571403802808761,10556.11385,0,-0.14859231258468308,0.12357937335939208,-0.1295891509597396,-0.05153403006167687,455
16,Michoac√°n de Ocampo,16074,Cojumatl√°n de R√©gules,0.0,0.00821917808219178,,,,0.0,1,-0.19783914488511273,-0.13390210911423392,-0.26405224763674284,-0.19859783387869648,1439
16,Michoac√°n de Ocampo,16075,Los Reyes,0.0191780821917808,0.0136986301369863,LOS REYES,78.0,0.553626782393056,28657.38314,0,-0.02547523183360911,-0.11244531890809842,0.1009836485670238,-0.012312300724894578,396
16,Michoac√°n de Ocampo,16076,Sahuayo,0.00273972602739726,0.0191780821917808,,,,0.0,1,-0.1732157287348979,-0.09098852870196299,-0.26405224763674284,-0.1760855016912012,1043
16,Michoac√°n de Ocampo,16077,San Lucas,0.00821917808219178,0.00821917808219178,SAN LUCAS,13.0,0.548387096774193,6600.935484,0,-0.12396889643446825,-0.13390210911423392,-0.17996995762395057,-0.14594698772421758,781
16,Michoac√°n de Ocampo,16078,Santa Ana Maya,0.0,0.00273972602739726,,,,0.0,1,-0.19783914488511273,-0.15535889932036942,-0.26405224763674284,-0.20575009728074167,1719
16,Michoac√°n de Ocampo,16079,Salvador Escalante,0.00821917808219178,0.0465753424657534,SALVADOR ESCALANTE,37.0,0.505327851659185,16176.04986,0,-0.12396889643446825,0.016295422328714546,-0.058002768909568556,-0.05522541433844075,461
16,Michoac√°n de Ocampo,16080,Senguio,0.00273972602739726,0.0,,,,0.0,1,-0.1732157287348979,-0.16608729442343717,-0.26405224763674284,-0.2011184235983593,1482
16,Michoac√°n de Ocampo,16081,Susupuato,0.00547945205479452,0.00273972602739726,SUSUPUATO,33.0,0.426290455132469,2429.429304,0,-0.14859231258468308,-0.15535889932036942,-0.23310633401591763,-0.1790191819736567,1082
16,Michoac√°n de Ocampo,16082,Tac√°mbaro,0.0273972602739726,0.0273972602739726,TACAMBARO,88.0,0.626572296302089,31568.592,0,0.04839501661703559,-0.058803343392759645,0.13806643906659086,0.0425527040969556,329
16,Michoac√°n de Ocampo,16083,Tanc√≠taro,0.010958904109589,0.00547945205479452,,,,0.0,1,-0.09934548028425377,-0.14463050421730167,-0.26405224763674284,-0.16934274404609942,972
16,Michoac√°n de Ocampo,16084,Tangamandapio,0.021917808219178,0.136986301369863,TANGAMANDAPIO,38.0,0.64490102731145,13069.56422,0,-0.000851815683394814,0.3703324607299505,-0.09757298242493741,0.09063588754053943,289
16,Michoac√°n de Ocampo,16085,Tanganc√≠cuaro,0.0164383561643835,0.0493150684931506,TANGANCICUARO,22.0,0.468053321075614,11123.75523,0,-0.05009864798382428,0.027023817431782067,-0.12235857171046334,-0.04847780075416852,450
16,Michoac√°n de Ocampo,16086,Tanhuato,0.00273972602739726,0.010958904109589,,,,0.0,1,-0.1732157287348979,-0.12317371401116634,-0.26405224763674284,-0.18681389679426905,1195
16,Michoac√°n de Ocampo,16087,Taretan,0.010958904109589,0.0410958904109589,TARETAN,21.0,0.583358171882762,6024.339841,0,-0.09934548028425377,-0.005161367877420875,-0.1873145956971983,-0.09727381461962431,578
16,Michoac√°n de Ocampo,16088,Tar√≠mbaro,0.120547945205479,0.120547945205479,TARIMBARO,203.0,0.72923662764544,55949.95102,0,0.8855911657243359,0.30596209011154224,0.4486346161067605,0.5467292906475462,142
16,Michoac√°n de Ocampo,16089,Tepalcatepec,0.00821917808219178,0.021917808219178,,,,0.0,1,-0.12396889643446825,-0.08026013359889547,-0.26405224763674284,-0.15609375922336885,862
16,Michoac√°n de Ocampo,16090,Tingambato,0.0136986301369863,0.0273972602739726,TINGAMBATO,40.0,0.598573268602001,6305.969385,0,-0.07472206413403858,-0.058803343392759645,-0.18372721674883918,-0.10575087475854579,602
16,Michoac√°n de Ocampo,16091,Ting√ºind√≠n,0.0191780821917808,0.126027397260273,,,,0.0,1,-0.02547523183360911,0.32741888031767574,-0.26405224763674284,0.01263046694910793,350
16,Michoac√°n de Ocampo,16092,Tiquicheo de Nicol√°s Romero,0.00547945205479452,0.021917808219178,,,,0.0,1,-0.14859231258468308,-0.08026013359889547,-0.26405224763674284,-0.1643015646067738,928
16,Michoac√°n de Ocampo,16093,Tlalpujahua,0.0136986301369863,0.00273972602739726,TLALPUJAHUA,19.0,0.75,13615.5,0,-0.07472206413403858,-0.15535889932036942,-0.09061888770706211,-0.1068999503871567,604
16,Michoac√°n de Ocampo,16094,Tlazazalca,0.0,0.00547945205479452,,,,0.0,1,-0.19783914488511273,-0.14463050421730167,-0.26405224763674284,-0.2021739655797191,1660
16,Michoac√°n de Ocampo,16095,Tocumbo,0.00547945205479452,0.00547945205479452,TOCUMBO,17.0,0.657160455805358,5679.180659,0,-0.14859231258468308,-0.14463050421730167,-0.19171121107267777,-0.16164467595822085,909
16,Michoac√°n de Ocampo,16096,Tumbiscat√≠o,0.00273972602739726,0.0,,,,0.0,1,-0.1732157287348979,-0.16608729442343717,-0.26405224763674284,-0.2011184235983593,1482
16,Michoac√°n de Ocampo,16097,Turicato,0.00821917808219178,0.00273972602739726,TURICATO,29.0,0.429721787581574,7786.558791,0,-0.12396889643446825,-0.15535889932036942,-0.16486756448789613,-0.14806512008091127,795
16,Michoac√°n de Ocampo,16098,Tuxpan,0.00273972602739726,0.00273972602739726,,,,0.0,1,-0.1732157287348979,-0.15535889932036942,-0.26405224763674284,-0.1975422918973367,1396
16,Michoac√°n de Ocampo,16099,Tuzantla,0.00547945205479452,0.00547945205479452,,,,0.0,1,-0.14859231258468308,-0.14463050421730167,-0.26405224763674284,-0.18575835481290923,1180
16,Michoac√°n de Ocampo,16100,Tzintzuntzan,0.0,0.0301369863013698,TZINTZUNTZAN,16.0,0.827487375460625,8253.359083,0,-0.19783914488511273,-0.048074948289692124,-0.158921492506866,-0.13494519522722362,721
16,Michoac√°n de Ocampo,16101,Tzitzio,0.00547945205479452,0.0164383561643835,,,,0.0,1,-0.14859231258468308,-0.10171692380503089,-0.26405224763674284,-0.17145382800881892,995
16,Michoac√°n de Ocampo,16102,Uruapan,0.380821917808219,1.28767123287671,URUAPAN,264.0,0.902611326819708,217906.6213,0,3.2248156999947475,4.876258404018397,2.511628225572727,3.537567443195291,30
16,Michoac√°n de Ocampo,16103,Venustiano Carranza,0.0,0.0191780821917808,,,,0.0,1,-0.19783914488511273,-0.09098852870196299,-0.26405224763674284,-0.1842933070746062,1152
16,Michoac√°n de Ocampo,16104,Villamar,0.00273972602739726,0.00273972602739726,,,,0.0,1,-0.1732157287348979,-0.15535889932036942,-0.26405224763674284,-0.1975422918973367,1396
16,Michoac√°n de Ocampo,16105,Vista Hermosa,0.00273972602739726,0.010958904109589,,,,0.0,1,-0.1732157287348979,-0.12317371401116634,-0.26405224763674284,-0.18681389679426905,1195
16,Michoac√°n de Ocampo,16106,Yur√©cuaro,0.00273972602739726,0.0273972602739726,,,,0.0,1,-0.1732157287348979,-0.058803343392759645,-0.26405224763674284,-0.16535710658813346,938
16,Michoac√°n de Ocampo,16107,Zacapu,0.00273972602739726,0.0465753424657534,ZACAPU,51.0,0.672530786629806,35734.25082,0,-0.1732157287348979,0.016295422328714546,0.19112833216440653,0.011402675252741051,354
16,Michoac√°n de Ocampo,16108,Zamora,0.468493150684931,0.698630136986301,ZAMORA,159.0,0.880870933287145,122382.0414,0,4.01276501680162,2.569653456858839,1.2948422942497315,2.6257535893033968,41
16,Michoac√°n de Ocampo,16109,Zin√°paro,0.0,0.00547945205479452,ZINAPARO,18.0,0.499962089620138,1243.405717,0,-0.19783914488511273,-0.14463050421730167,-0.2482138258927684,-0.19689449166506093,1392
16,Michoac√°n de Ocampo,16110,Zinap√©cuaro,0.0136986301369863,0.10958904109589,ZINAPECUARO,35.0,0.767546337395421,25456.44183,0,-0.07472206413403858,0.2630485096992714,0.06021026482562509,0.08284557013028597,297
16,Michoac√°n de Ocampo,16111,Ziracuaretiro,0.010958904109589,0.0547945205479452,,,,0.0,1,-0.09934548028425377,0.048480607637917894,-0.26405224763674284,-0.1049723734276929,598
16,Michoac√°n de Ocampo,16112,Zit√°cuaro,0.0328767123287671,0.073972602739726,ZITACUARO,127.0,0.745899734794766,77615.3428,0,0.09764184891746505,0.12357937335939208,0.7246069777973546,0.3152760666914039,186
16,Michoac√°n de Ocampo,16113,Jos√© Sixto Verduzco,0.0,0.0301369863013698,,,,0.0,1,-0.19783914488511273,-0.048074948289692124,-0.26405224763674284,-0.1699887802705159,979
17,Morelos,17001,Amacuzac,0.0328767123287671,0.0547945205479452,,,,0.0,1,0.09764184891746505,0.048480607637917894,-0.26405224763674284,-0.0393099303604533,434
17,Morelos,17002,Atlatlahucan,0.0164383561643835,0.0328767123287671,ATLATLAHUCAN,38.0,0.70472841676691,12214.35292,0,-0.05009864798382428,-0.03734655318662422,-0.10846660874852672,-0.0653039366396584,484
17,Morelos,17003,Axochiapan,0.021917808219178,0.0136986301369863,AXOCHIAPAN,40.0,0.96815170040634,25143.86781,0,-0.000851815683394814,-0.11244531890809842,0.05622871713987523,-0.019022805817206005,405
17,Morelos,17004,Ayala,0.0767123287671232,0.106849315068493,AYALA,148.0,0.90170969831575,55165.69763,0,0.4916165073209018,0.2523201145962047,0.43864484705942897,0.3941938229921784,165
17,Morelos,17005,Coatl√°n del R√≠o,0.0356164383561643,0.00547945205479452,,,,0.0,1,0.12226526506767935,-0.14463050421730167,-0.26405224763674284,-0.09547249559545505,571
17,Morelos,17006,Cuautla,0.301369863013698,0.235616438356164,CUAUTLA,264.0,0.932682121724676,124676.2826,0,2.510736631638513,0.7565546844403882,1.3240661905300812,1.5304525022029942,59
17,Morelos,17007,Cuernavaca,0.345205479452054,1.75890410958904,CUERNAVACA,540.0,0.870941030552663,248066.65,0,2.904711290041949,6.721542361746057,2.8958047239030567,4.174019458563687,19
17,Morelos,17008,Emiliano Zapata,0.21917808219178,0.424657534246575,EMILIANO ZAPATA,132.0,0.873688333085742,65898.81621,0,1.7720341471320666,1.4968139465520633,0.5753626185590495,1.2814035707477265,75
17,Morelos,17009,Huitzilac,0.0904109589041095,0.608219178082191,,,,0.0,1,0.614733588071976,2.2156164184576013,-0.26405224763674284,0.8554325862976114,107
17,Morelos,17010,Jantetelco,0.0383561643835616,0.0575342465753424,,,,0.0,1,0.14688868121789453,0.059209002740985416,-0.26405224763674284,-0.019318187892620964,406
17,Morelos,17011,Jiutepec,0.2,0.841095890410958,JIUTEPEC,305.0,0.837855798713005,131173.0281,0,1.5996702340805702,3.12753000221836,1.4068213152535973,2.0446738505175093,47
17,Morelos,17012,Jojutla,0.084931506849315,0.0657534246575342,JOJUTLA,94.0,0.753876746816506,31485.66233,0,0.5654867557715465,0.09139418805018873,0.13701008628439706,0.2646303433687108,200
17,Morelos,17013,Jonacatepec de Leandro Valle,0.021917808219178,0.010958904109589,JONACATEPEC DE LEANDRO VALLE,37.0,0.627633138356845,7347.073518,0,-0.000851815683394814,-0.12317371401116634,-0.1704656995204695,-0.0981637430716769,580
17,Morelos,17014,Mazatepec,0.0383561643835616,0.010958904109589,,,,0.0,1,0.14688868121789453,-0.12317371401116634,-0.26405224763674284,-0.08011242681000488,529
17,Morelos,17015,Miacatl√°n,0.0356164383561643,0.0164383561643835,,,,0.0,1,0.12226526506767935,-0.10171692380503089,-0.26405224763674284,-0.0811679687913648,531
17,Morelos,17016,Ocuituco,0.0,0.0410958904109589,OCUITUCO,38.0,0.584708494796882,7488.361693,0,-0.19783914488511273,-0.005161367877420875,-0.16866597986944074,-0.12388883087732479,668
17,Morelos,17017,Puente de Ixtla,0.0904109589041095,0.134246575342465,PUENTE DE IXTLA,53.0,0.882404812143734,24486.73354,0,0.614733588071976,0.35960406562687985,0.047858183235792544,0.3407319456448828,180
17,Morelos,17018,Temixco,0.282191780821917,0.334246575342465,TEMIXCO,234.0,0.877263977413697,74868.33962,0,2.3383727185870073,1.1427769081508259,0.689615828647862,1.390255151795232,67
17,Morelos,17019,Tepalcingo,0.0410958904109589,0.00821917808219178,TEPALCINGO,20.0,0.956546435671684,18693.78699,0,0.17151209736810974,-0.13390210911423392,-0.025931995902656463,0.003892664117073119,369
17,Morelos,17020,Tepoztl√°n,0.0986301369863013,0.0630136986301369,TEPOZTLAN,81.0,0.577074802756416,22535.9252,0,0.6886038365226207,0.08066579294712081,0.023008912552744332,0.2640928473408286,201
17,Morelos,17021,Tetecala,0.0410958904109589,0.00273972602739726,TETECALA,39.0,0.610684510750329,3315.406209,0,0.17151209736810974,-0.15535889932036942,-0.22182081740218698,-0.06855587311814888,495
17,Morelos,17022,Tetela del Volc√°n,0.00273972602739726,0.00273972602739726,TETELA DEL VOLCAN,18.0,0.531855326876513,5085.06878,0,-0.1732157287348979,-0.15535889932036942,-0.1992789698291763,-0.17595119929481454,1041
17,Morelos,17023,Tlalnepantla,0.010958904109589,0.0,,,,0.0,1,-0.09934548028425377,-0.16608729442343717,-0.26405224763674284,-0.17649500744814461,1055
17,Morelos,17024,Tlaltizap√°n de Zapata,0.0575342465753424,0.0301369863013698,TLALTIZAPAN DE ZAPATA,35.0,0.631834032744252,23251.4924,0,0.31925259426939817,-0.048074948289692124,0.03212376134650684,0.10110046910873764,279
17,Morelos,17025,Tlaquiltenango,0.0438356164383561,0.0246575342465753,,,,0.0,1,0.19613551351832403,-0.06953173849582756,-0.26405224763674284,-0.045816157538082124,443
17,Morelos,17026,Tlayacapan,0.0383561643835616,0.0136986301369863,TLAYACAPAN,34.0,0.866445438368681,11641.56091,0,0.14688868121789453,-0.11244531890809842,-0.11576279639019799,-0.027106478026800624,417
17,Morelos,17027,Totolapan,0.0164383561643835,0.0,,,,0.0,1,-0.05009864798382428,-0.16608729442343717,-0.26405224763674284,-0.16007939668133478,886
17,Morelos,17028,Xochitepec,0.0931506849315068,0.290410958904109,XOCHITEPEC,128.0,0.717309178955352,36721.2088,0,0.6393570042221912,0.9711225865017424,0.20370013919175115,0.6047265766385616,134
17,Morelos,17029,Yautepec,0.16986301369863,0.350684931506849,YAUTEPEC,117.0,0.871770976391341,64474.43787,0,1.3288126564282057,1.2071472787692341,0.5572189792276065,1.0310596381416819,90
17,Morelos,17030,Yecapixtla,0.0821917808219178,0.0657534246575342,YECAPIXTLA,88.0,0.655445591382592,24707.67701,0,0.5408633396213323,0.09139418805018873,0.05067254689167168,0.22764335818773088,219
17,Morelos,17031,Zacatepec,0.0356164383561643,0.0246575342465753,ZACATEPEC,122.0,0.850411780914184,22476.38337,0,0.12226526506767935,-0.06953173849582756,0.02225047256645942,0.024994666379437074,340
17,Morelos,17032,Zacualpan de Amilpas,0.00273972602739726,0.0,,,,0.0,1,-0.1732157287348979,-0.16608729442343717,-0.26405224763674284,-0.2011184235983593,1482
17,Morelos,17033,Temoac,0.00547945205479452,0.0301369863013698,,,,0.0,1,-0.14859231258468308,-0.048074948289692124,-0.26405224763674284,-0.153573169503706,849
17,Morelos,17034,Coatetelco,0.021917808219178,0.00273972602739726,,,,0.0,1,-0.000851815683394814,-0.15535889932036942,-0.26405224763674284,-0.14008765421350236,746
17,Morelos,17035,Xoxocotla,0.0356164383561643,0.0246575342465753,XOXOCOTLA,18.0,0.755035045692485,14126.7057,0,0.12226526506767935,-0.06953173849582756,-0.08410718250591603,-0.010457885311354748,394
17,Morelos,17036,Hueyapan,0.00273972602739726,0.00273972602739726,,,,0.0,1,-0.1732157287348979,-0.15535889932036942,-0.26405224763674284,-0.1975422918973367,1396
18,Nayarit,18001,Acaponeta,0.0410958904109589,0.0383561643835616,ACAPONETA,73.0,0.493413677130044,12512.97085,0,0.17151209736810974,-0.015889762980488803,-0.1046628328361367,0.016986500517161413,346
18,Nayarit,18002,Ahuacatl√°n,0.00273972602739726,0.00273972602739726,AHUACATLAN,19.0,0.416644684779741,4537.677262,0,-0.1732157287348979,-0.15535889932036942,-0.2062516076437074,-0.17827541189965823,1075
18,Nayarit,18003,Amatl√°n de Ca√±as,0.00547945205479452,0.0,AMATLAN DE CANAS,17.0,0.135119118169965,1094.464857,0,-0.14859231258468308,-0.16608729442343717,-0.25011102495123977,-0.18826354398645337,1222
18,Nayarit,18004,Compostela,0.0136986301369863,0.0410958904109589,COMPOSTELA,130.0,0.296627258162532,15719.46492,0,-0.07472206413403858,-0.005161367877420875,-0.06381871839636606,-0.04790071680260851,447
18,Nayarit,18005,Huajicori,0.0630136986301369,0.0246575342465753,,,,0.0,1,0.36849942656982765,-0.06953173849582756,-0.26405224763674284,0.011638480145752417,352
18,Nayarit,18006,Ixtl√°n del R√≠o,0.0,0.00547945205479452,IXTLAN DEL RIO,37.0,0.553234307618591,10990.55276,0,-0.19783914488511273,-0.14463050421730167,-0.12405529617324712,-0.15550831509188717,859
18,Nayarit,18007,Jala,0.00273972602739726,0.010958904109589,,,,0.0,1,-0.1732157287348979,-0.12317371401116634,-0.26405224763674284,-0.18681389679426905,1195
18,Nayarit,18008,Xalisco,0.010958904109589,0.0410958904109589,XALISCO,126.0,0.358813661254075,15847.00535,0,-0.09934548028425377,-0.005161367877420875,-0.062194116633538694,-0.055566988265071116,462
18,Nayarit,18009,Del Nayar,0.0383561643835616,0.00273972602739726,DEL NAYAR,87.0,0.322574516090725,7611.145707,0,0.14688868121789453,-0.15535889932036942,-0.16710196502652838,-0.05852406104300109,464
18,Nayarit,18010,Rosamorada,0.0273972602739726,0.00821917808219178,ROSAMORADA,18.0,0.534792254941508,12221.07261,0,0.04839501661703559,-0.13390210911423392,-0.10838101377115637,-0.06462936875611823,480
18,Nayarit,18011,Ru√≠z,0.010958904109589,0.0,RUIZ,37.0,0.360178721027645,5684.700754,0,-0.09934548028425377,-0.16608729442343717,-0.19164089645896681,-0.15235789038888592,837
18,Nayarit,18012,San Blas,0.0273972602739726,0.00821917808219178,SAN BLAS,70.0,0.428493463967358,12198.35193,0,0.04839501661703559,-0.13390210911423392,-0.10867042832605975,-0.06472584027441936,481
18,Nayarit,18013,San Pedro Lagunillas,0.0,0.00273972602739726,SAN PEDRO LAGUNILLAS,38.0,0.184245589724457,1018.878111,0,-0.19783914488511273,-0.15535889932036942,-0.25107384404160965,-0.20142396274903063,1653
18,Nayarit,18014,Santa Mar√≠a del Oro,0.00547945205479452,0.00821917808219178,SANTA MARIA DEL ORO,35.0,0.40115626403233,6790.372081,0,-0.14859231258468308,-0.13390210911423392,-0.17755692648213756,-0.15335044939368486,846
18,Nayarit,18015,Santiago Ixcuintla,0.00821917808219178,0.00821917808219178,SANTIAGO IXCUINTLA,244.0,0.50417878543645,33127.57128,0,-0.12396889643446825,-0.13390210911423392,0.15792461648138678,-0.033315463022438464,425
18,Nayarit,18016,Tecuala,0.0164383561643835,0.00273972602739726,TECUALA,35.0,0.573729304902402,15038.01881,0,-0.05009864798382428,-0.15535889932036942,-0.0724989349487006,-0.09265216075096476,552
18,Nayarit,18017,Tepic,0.073972602739726,0.00821917808219178,TEPIC,627.0,0.478320149121015,143905.4868,0,0.46699309117068755,-0.13390210911423392,1.5690065521165033,0.6340325113909856,129
18,Nayarit,18018,Tuxpan,0.0136986301369863,0.00821917808219178,TUXPAN,20.0,0.438897498339605,9452.974319,0,-0.07472206413403858,-0.13390210911423392,-0.14364087108258355,-0.11742168144361868,644
18,Nayarit,18019,La Yesca,0.00273972602739726,0.0,,,,0.0,1,-0.1732157287348979,-0.16608729442343717,-0.26405224763674284,-0.2011184235983593,1482
18,Nayarit,18020,Bah√≠a de Banderas,0.0657534246575342,0.0191780821917808,BAHIA DE BANDERAS,209.0,0.484633238954368,60074.16703,0,0.3931228427200429,-0.09098852870196299,0.5011686133665071,0.267767642461529,199
19,Nuevo Le√≥n,19001,Abasolo,0.0,0.0,,,,0.0,1,-0.19783914488511273,-0.16608729442343717,-0.26405224763674284,-0.20932622898176426,1826
19,Nuevo Le√≥n,19002,Agualeguas,0.0,0.0,,,,0.0,1,-0.19783914488511273,-0.16608729442343717,-0.26405224763674284,-0.20932622898176426,1826
19,Nuevo Le√≥n,19003,Los Aldamas,0.00273972602739726,0.0,,,,0.0,1,-0.1732157287348979,-0.16608729442343717,-0.26405224763674284,-0.2011184235983593,1482
19,Nuevo Le√≥n,19004,Allende,0.0383561643835616,0.0,,,,0.0,1,0.14688868121789453,-0.16608729442343717,-0.26405224763674284,-0.09441695361409515,565
19,Nuevo Le√≥n,19005,An√°huac,0.0,0.0,,,,0.0,1,-0.19783914488511273,-0.16608729442343717,-0.26405224763674284,-0.20932622898176426,1826
19,Nuevo Le√≥n,19006,Apodaca,0.156164383561643,0.073972602739726,APODACA,288.0,0.420795676124526,192036.4187,0,1.2056955756771253,0.12357937335939208,2.1820952551361246,1.1704567347242139,80
19,Nuevo Le√≥n,19007,Aramberri,0.00273972602739726,0.0,,,,0.0,1,-0.1732157287348979,-0.16608729442343717,-0.26405224763674284,-0.2011184235983593,1482
19,Nuevo Le√≥n,19008,Bustamante,0.0,0.00273972602739726,,,,0.0,1,-0.19783914488511273,-0.15535889932036942,-0.26405224763674284,-0.20575009728074167,1719
19,Nuevo Le√≥n,19009,Cadereyta Jim√©nez,0.0383561643835616,0.00547945205479452,CADEREYTA JIMENEZ,89.0,0.637131968315647,54265.80401,0,0.14688868121789453,-0.14463050421730167,0.4271820602285462,0.14314674574304634,261
19,Nuevo Le√≥n,19010,El Carmen,0.0465753424657534,0.00273972602739726,EL CARMEN,39.0,0.875111936585851,57228.8202,0,0.22075892966853922,-0.15535889932036942,0.4649247691527679,0.17677493316697923,242
19,Nuevo Le√≥n,19011,Cerralvo,0.0,0.0,CERRALVO,17.0,0.138915464390953,721.2490911,0,-0.19783914488511273,-0.16608729442343717,-0.2548650232809938,-0.2062638208631812,1795
19,Nuevo Le√≥n,19012,Ci√©nega de Flores,0.021917808219178,0.0164383561643835,CIENEGA DE FLORES,37.0,0.767679202828672,33865.40035,0,-0.000851815683394814,-0.10171692380503089,0.16732303553789538,0.02158476534982322,344
19,Nuevo Le√≥n,19013,China,0.00821917808219178,0.0136986301369863,,,,0.0,1,-0.12396889643446825,-0.11244531890809842,-0.26405224763674284,-0.16682215432643652,951
19,Nuevo Le√≥n,19014,Doctor Arroyo,0.0273972602739726,0.0328767123287671,DOCTOR ARROYO,35.0,0.752588856226616,17435.22603,0,0.04839501661703559,-0.03734655318662422,-0.04196346415348268,-0.01030500024102377,393
19,Nuevo Le√≥n,19015,Doctor Coss,0.00547945205479452,0.0,,,,0.0,1,-0.14859231258468308,-0.16608729442343717,-0.26405224763674284,-0.19291061821495437,1277
19,Nuevo Le√≥n,19016,Doctor Gonz√°lez,0.00821917808219178,0.0,,,,0.0,1,-0.12396889643446825,-0.16608729442343717,-0.26405224763674284,-0.1847028128315494,1153
19,Nuevo Le√≥n,19017,Galeana,0.0191780821917808,0.0438356164383561,,,,0.0,1,-0.02547523183360911,0.005567027225646646,-0.26405224763674284,-0.09465348408156843,568
19,Nuevo Le√≥n,19018,Garc√≠a,0.227397260273972,0.0575342465753424,GARCIA,193.0,0.768125878229181,193895.7111,0,1.845904395582713,0.059209002740985416,2.2057788016840822,1.3702974000025936,71
19,Nuevo Le√≥n,19019,San Pedro Garza Garc√≠a,0.0,0.00273972602739726,SAN PEDRO GARZA GARCIA,138.0,0.149217082522713,15112.5569,0,-0.19783914488511273,-0.15535889932036942,-0.07154947357075335,-0.14158250592541186,757
19,Nuevo Le√≥n,19020,General Bravo,0.0136986301369863,0.0273972602739726,,,,0.0,1,-0.07472206413403858,-0.058803343392759645,-0.26405224763674284,-0.13252588505451368,708
19,Nuevo Le√≥n,19021,General Escobedo,0.136986301369863,0.0410958904109589,GENERAL ESCOBEDO,207.0,0.615223360894966,201770.4991,0,1.0333316626256288,-0.005161367877420875,2.306087342800746,1.1114192125163178,86
19,Nuevo Le√≥n,19022,General Ter√°n,0.00273972602739726,0.0,,,,0.0,1,-0.1732157287348979,-0.16608729442343717,-0.26405224763674284,-0.2011184235983593,1482
19,Nuevo Le√≥n,19023,General Trevi√±o,0.0,0.00273972602739726,GENERAL TREVINO,15.0,0.0312712440516655,43.52957172,0,-0.19783914488511273,-0.15535889932036942,-0.26349777076261416,-0.2055652716560321,1716
19,Nuevo Le√≥n,19024,General Zaragoza,0.00273972602739726,0.0,,,,0.0,1,-0.1732157287348979,-0.16608729442343717,-0.26405224763674284,-0.2011184235983593,1482
19,Nuevo Le√≥n,19025,General Zuazua,0.0328767123287671,0.010958904109589,GENERAL ZUAZUA,20.0,0.918367346938775,60201.73469,0,0.09764184891746505,-0.12317371401116634,0.5027935619833164,0.15908723229653834,252
19,Nuevo Le√≥n,19026,Guadalupe,0.153424657534246,0.106849315068493,GUADALUPE,283.0,0.553024441961087,269117.1781,0,1.181072159526913,0.2523201145962047,3.163944991735833,1.5324457552863169,58
19,Nuevo Le√≥n,19027,Los Herreras,0.0,0.0,,,,0.0,1,-0.19783914488511273,-0.16608729442343717,-0.26405224763674284,-0.20932622898176426,1826
19,Nuevo Le√≥n,19028,Higueras,0.0,0.0,,,,0.0,1,-0.19783914488511273,-0.16608729442343717,-0.26405224763674284,-0.20932622898176426,1826
19,Nuevo Le√≥n,19029,Hualahuises,0.0,0.0,,,,0.0,1,-0.19783914488511273,-0.16608729442343717,-0.26405224763674284,-0.20932622898176426,1826
19,Nuevo Le√≥n,19030,Iturbide,0.00273972602739726,0.0,,,,0.0,1,-0.1732157287348979,-0.16608729442343717,-0.26405224763674284,-0.2011184235983593,1482
19,Nuevo Le√≥n,19031,Ju√°rez,0.178082191780821,0.0821917808219178,JUAREZ,221.0,0.755451046325963,231254.897,0,1.4026829048788432,0.15576455866859543,2.6816576996220616,1.4133683877231666,64
19,Nuevo Le√≥n,19032,Lampazos de Naranjo,0.0,0.0,,,,0.0,1,-0.19783914488511273,-0.16608729442343717,-0.26405224763674284,-0.20932622898176426,1826
19,Nuevo Le√≥n,19033,Linares,0.0575342465753424,0.010958904109589,,,,0.0,1,0.31925259426939817,-0.12317371401116634,-0.26405224763674284,-0.022657789126170336,410
19,Nuevo Le√≥n,19034,Mar√≠n,0.0,0.0,,,,0.0,1,-0.19783914488511273,-0.16608729442343717,-0.26405224763674284,-0.20932622898176426,1826
19,Nuevo Le√≥n,19035,Melchor Ocampo,0.0,0.0,,,,0.0,1,-0.19783914488511273,-0.16608729442343717,-0.26405224763674284,-0.20932622898176426,1826
19,Nuevo Le√≥n,19036,Mier y Noriega,0.0,0.0,MIER Y NORIEGA,18.0,0.404250038777726,1884.209431,0,-0.19783914488511273,-0.16608729442343717,-0.24005130955664872,-0.20132591628839955,1651
19,Nuevo Le√≥n,19037,Mina,0.00821917808219178,0.0,,,,0.0,1,-0.12396889643446825,-0.16608729442343717,-0.26405224763674284,-0.1847028128315494,1153
19,Nuevo Le√≥n,19038,Montemorelos,0.0410958904109589,0.00547945205479452,MONTEMORELOS,75.0,0.651128986231005,31170.1957,0,0.17151209736810974,-0.14463050421730167,0.1329916927192255,0.05329109529001119,318
19,Nuevo Le√≥n,19039,Monterrey,0.41917808219178,0.175342465753424,MONTERREY,431.0,0.650834446106901,562634.6636,0,3.5695435260977493,0.5205299921728964,6.902751771389635,3.664275096553427,26
19,Nuevo Le√≥n,19040,Par√°s,0.0,0.0,,,,0.0,1,-0.19783914488511273,-0.16608729442343717,-0.26405224763674284,-0.20932622898176426,1826
19,Nuevo Le√≥n,19041,Pesquer√≠a,0.0657534246575342,0.0191780821917808,PESQUERIA,52.0,0.642234230378256,61212.62897,0,0.3931228427200429,-0.09098852870196299,0.5156702680546392,0.27260152735757304,197
19,Nuevo Le√≥n,19042,Los Ramones,0.00273972602739726,0.00273972602739726,,,,0.0,1,-0.1732157287348979,-0.15535889932036942,-0.26405224763674284,-0.1975422918973367,1396
19,Nuevo Le√≥n,19043,Rayones,0.00273972602739726,0.0,,,,0.0,1,-0.1732157287348979,-0.16608729442343717,-0.26405224763674284,-0.2011184235983593,1482
19,Nuevo Le√≥n,19044,Sabinas Hidalgo,0.0,0.00821917808219178,SABINAS HIDALGO,16.0,0.263137900468532,6597.130303,0,-0.19783914488511273,-0.13390210911423392,-0.1800184277738511,-0.17058656059106592,988
19,Nuevo Le√≥n,19045,Salinas Victoria,0.021917808219178,0.0191780821917808,SALINAS VICTORIA,18.0,0.239137149917627,13594.70784,0,-0.000851815683394814,-0.09098852870196299,-0.09088373689871837,-0.06090802709469206,469
19,Nuevo Le√≥n,19046,San Nicol√°s de los Garza,0.120547945205479,0.0273972602739726,SAN NICOLAS DE LOS GARZA,208.0,0.30315028263377,99814.35261,0,0.8855911657243359,-0.058803343392759645,1.0073765315016068,0.6113881179443944,133
19,Nuevo Le√≥n,19047,Hidalgo,0.0,0.0,HIDALGO,36.0,0.285958266053906,3248.771861,0,-0.19783914488511273,-0.16608729442343717,-0.22266960142483497,-0.19553201357779496,1378
19,Nuevo Le√≥n,19048,Santa Catarina,0.115068493150684,0.021917808219178,SANTA CATARINA,195.0,0.647032524868671,141580.4219,0,0.8363443334239019,-0.08026013359889547,1.5393900255356527,0.7651580751202197,115
19,Nuevo Le√≥n,19049,Santiago,0.00547945205479452,0.00273972602739726,SANTIAGO,26.0,0.340206860434668,11618.06428,0,-0.14859231258468308,-0.15535889932036942,-0.11606209494610298,-0.1400044356170518,745
19,Nuevo Le√≥n,19050,Vallecillo,0.00273972602739726,0.0,,,,0.0,1,-0.1732157287348979,-0.16608729442343717,-0.26405224763674284,-0.2011184235983593,1482
19,Nuevo Le√≥n,19051,Villaldama,0.0,0.0,,,,0.0,1,-0.19783914488511273,-0.16608729442343717,-0.26405224763674284,-0.20932622898176426,1826
20,Oaxaca,20001,Abejones,0.0,0.0,,,,0.0,1,-0.19783914488511273,-0.16608729442343717,-0.26405224763674284,-0.20932622898176426,1826
20,Oaxaca,20002,Acatl√°n de P√©rez Figueroa,0.00273972602739726,0.00273972602739726,ACATLAN DE PEREZ FIGUEROA,39.0,0.511733999092147,15637.56754,0,-0.1732157287348979,-0.15535889932036942,-0.06486192193518858,-0.1311455166634853,705
20,Oaxaca,20003,Asunci√≥n Cacalotepec,0.0,0.0,,,,0.0,1,-0.19783914488511273,-0.16608729442343717,-0.26405224763674284,-0.20932622898176426,1826
20,Oaxaca,20004,Asunci√≥n Cuyotepeji,0.0,0.0,,,,0.0,1,-0.19783914488511273,-0.16608729442343717,-0.26405224763674284,-0.20932622898176426,1826
20,Oaxaca,20005,Asunci√≥n Ixtaltepec,0.00821917808219178,0.00547945205479452,ASUNCION IXTALTEPEC,19.0,0.270806143961449,3037.361711,0,-0.12396889643446825,-0.14463050421730167,-0.22536253026606282,-0.1646539769726109,931
20,Oaxaca,20006,Asunci√≥n Nochixtl√°n,0.00547945205479452,0.00273972602739726,ASUNCION NOCHIXTLAN,18.0,0.894764853880394,11827.8966,0,-0.14859231258468308,-0.15535889932036942,-0.11338926440154422,-0.1391134921021989,741
20,Oaxaca,20007,Asunci√≥n Ocotl√°n,0.0,0.00273972602739726,,,,0.0,1,-0.19783914488511273,-0.15535889932036942,-0.26405224763674284,-0.20575009728074167,1719
20,Oaxaca,20008,Asunci√≥n Tlacolulita,0.0,0.0,,,,0.0,1,-0.19783914488511273,-0.16608729442343717,-0.26405224763674284,-0.20932622898176426,1826
20,Oaxaca,20009,Ayotzintepec,0.00273972602739726,0.0,,,,0.0,1,-0.1732157287348979,-0.16608729442343717,-0.26405224763674284,-0.2011184235983593,1482
20,Oaxaca,20010,El Barrio de la Soledad,0.010958904109589,0.00273972602739726,,,,0.0,1,-0.09934548028425377,-0.15535889932036942,-0.26405224763674284,-0.17291887574712203,1015
20,Oaxaca,20011,Calihual√°,0.0,0.0,,,,0.0,1,-0.19783914488511273,-0.16608729442343717,-0.26405224763674284,-0.20932622898176426,1826
20,Oaxaca,20012,Candelaria Loxicha,0.00821917808219178,0.00273972602739726,CANDELARIA LOXICHA,17.0,0.74994497997271,4663.90783,0,-0.12396889643446825,-0.15535889932036942,-0.20464369081846617,-0.16132382885776794,905
20,Oaxaca,20013,Ci√©nega de Zimatl√°n,0.0,0.00273972602739726,,,,0.0,1,-0.19783914488511273,-0.15535889932036942,-0.26405224763674284,-0.20575009728074167,1719
20,Oaxaca,20014,Ciudad Ixtepec,0.0191780821917808,0.0164383561643835,CIUDAD IXTEPEC,17.0,0.666666666666666,13318.66667,0,-0.02547523183360911,-0.10171692380503089,-0.09439993149987293,-0.07386402904617097,513
20,Oaxaca,20015,Coatecas Altas,0.00273972602739726,0.0,,,,0.0,1,-0.1732157287348979,-0.16608729442343717,-0.26405224763674284,-0.2011184235983593,1482
20,Oaxaca,20016,Coicoy√°n de las Flores,0.0,0.00273972602739726,COICOYAN DE LAS FLORES,16.0,0.140337674235979,693.2681107,0,-0.19783914488511273,-0.15535889932036942,-0.2552214432027667,-0.20280649580274965,1697
20,Oaxaca,20017,La Compa√±√≠a,0.0,0.0,,,,0.0,1,-0.19783914488511273,-0.16608729442343717,-0.26405224763674284,-0.20932622898176426,1826
20,Oaxaca,20018,Concepci√≥n Buenavista,0.0,0.0,,,,0.0,1,-0.19783914488511273,-0.16608729442343717,-0.26405224763674284,-0.20932622898176426,1826
20,Oaxaca,20019,Concepci√≥n P√°palo,0.0,0.0,,,,0.0,1,-0.19783914488511273,-0.16608729442343717,-0.26405224763674284,-0.20932622898176426,1826
20,Oaxaca,20020,Constancia del Rosario,0.00273972602739726,0.0,,,,0.0,1,-0.1732157287348979,-0.16608729442343717,-0.26405224763674284,-0.2011184235983593,1482
20,Oaxaca,20021,Cosolapa,0.00821917808219178,0.00547945205479452,,,,0.0,1,-0.12396889643446825,-0.14463050421730167,-0.26405224763674284,-0.17755054942950424,1071
20,Oaxaca,20022,Cosoltepec,0.00273972602739726,0.0,,,,0.0,1,-0.1732157287348979,-0.16608729442343717,-0.26405224763674284,-0.2011184235983593,1482
20,Oaxaca,20023,Cuil√°pam de Guerrero,0.00547945205479452,0.00273972602739726,CUILAPAM DE GUERRERO,43.0,0.316384632289772,5765.477154,0,-0.14859231258468308,-0.15535889932036942,-0.19061197189100945,-0.1648543945986873,935
20,Oaxaca,20024,Cuyamecalco Villa de Zaragoza,0.00273972602739726,0.0,,,,0.0,1,-0.1732157287348979,-0.16608729442343717,-0.26405224763674284,-0.2011184235983593,1482
20,Oaxaca,20025,Chahuites,0.0273972602739726,0.00821917808219178,,,,0.0,1,0.04839501661703559,-0.13390210911423392,-0.26405224763674284,-0.11651978004464707,641
20,Oaxaca,20026,Chalcatongo de Hidalgo,0.00273972602739726,0.0,CHALCATONGO DE HIDALGO,16.0,0.176470588235294,1053.705882,0,-0.1732157287348979,-0.16608729442343717,-0.2506302101432298,-0.19664441110052158,1389
20,Oaxaca,20027,Chiquihuitl√°n de Benito Ju√°rez,0.0,0.0,,,,0.0,1,-0.19783914488511273,-0.16608729442343717,-0.26405224763674284,-0.20932622898176426,1826
20,Oaxaca,20028,Heroica Ciudad de Ejutla de Crespo,0.0328767123287671,0.0136986301369863,,,,0.0,1,0.09764184891746505,-0.11244531890809842,-0.26405224763674284,-0.09295190587579207,555
20,Oaxaca,20029,Eloxochitl√°n de Flores Mag√≥n,0.0,0.0,,,,0.0,1,-0.19783914488511273,-0.16608729442343717,-0.26405224763674284,-0.20932622898176426,1826
20,Oaxaca,20030,El Espinal,0.010958904109589,0.00273972602739726,EL ESPINAL,19.0,0.170703238984534,1104.279253,0,-0.09934548028425377,-0.15535889932036942,-0.24998600980864782,-0.16823012980442367,957
20,Oaxaca,20031,Tamazul√°pam del Esp√≠ritu Santo,0.00273972602739726,0.0,,,,0.0,1,-0.1732157287348979,-0.16608729442343717,-0.26405224763674284,-0.2011184235983593,1482
20,Oaxaca,20032,Fresnillo de Trujano,0.00273972602739726,0.0,,,,0.0,1,-0.1732157287348979,-0.16608729442343717,-0.26405224763674284,-0.2011184235983593,1482
20,Oaxaca,20033,Guadalupe Etla,0.0,0.00273972602739726,GUADALUPE ETLA,20.0,0.460007238508867,980.7354325,0,-0.19783914488511273,-0.15535889932036942,-0.25155970301770103,-0.20158591574106108,1657
20,Oaxaca,20034,Guadalupe de Ram√≠rez,0.00273972602739726,0.0,,,,0.0,1,-0.1732157287348979,-0.16608729442343717,-0.26405224763674284,-0.2011184235983593,1482
20,Oaxaca,20035,Guelatao de Ju√°rez,0.0,0.0,,,,0.0,1,-0.19783914488511273,-0.16608729442343717,-0.26405224763674284,-0.20932622898176426,1826
20,Oaxaca,20036,Guevea de Humboldt,0.0,0.0,GUEVEA DE HUMBOLDT,21.0,0.487806173954625,1643.906806,0,-0.19783914488511273,-0.16608729442343717,-0.24311226887901458,-0.20234623606252147,1693
20,Oaxaca,20037,Mesones Hidalgo,0.00821917808219178,0.0,,,,0.0,1,-0.12396889643446825,-0.16608729442343717,-0.26405224763674284,-0.1847028128315494,1153
20,Oaxaca,20038,Villa Hidalgo,0.0,0.0,,,,0.0,1,-0.19783914488511273,-0.16608729442343717,-0.26405224763674284,-0.20932622898176426,1826
20,Oaxaca,20039,Heroica Ciudad de Huajuapan de Le√≥n,0.0465753424657534,0.0520547945205479,HEROICA CIUDAD DE HUAJUAPAN DE LEON,54.0,0.741948028990631,38763.07477,0,0.22075892966853922,0.03775221253484997,0.22970929608670004,0.1627401460966964,249
20,Oaxaca,20040,Huautepec,0.00547945205479452,0.00273972602739726,,,,0.0,1,-0.14859231258468308,-0.15535889932036942,-0.26405224763674284,-0.18933448651393178,1229
20,Oaxaca,20041,Huautla de Jim√©nez,0.010958904109589,0.0,HUAUTLA DE JIMENEZ,48.0,0.355894813366423,7309.367677,0,-0.09934548028425377,-0.16608729442343717,-0.17094599408868988,-0.1454595895987936,777
20,Oaxaca,20042,Ixtl√°n de Ju√°rez,0.0,0.0,IXTLAN DE JUAREZ,20.0,0.045460738453154,247.0791135,0,-0.19783914488511273,-0.16608729442343717,-0.26090496984138084,-0.20827713638331025,1816
20,Oaxaca,20043,Heroica Ciudad de Juchit√°n de Zaragoza,0.227397260273972,0.0684931506849315,JUCHITAN DE ZARAGOZA,36.0,0.590766614020167,45916.74431,0,1.845904395582713,0.10212258315325666,0.32083227681813214,0.7562864185180339,117
20,Oaxaca,20044,Loma Bonita,0.00547945205479452,0.00273972602739726,LOMA BONITA,19.0,0.681818181818181,19154.31818,0,-0.14859231258468308,-0.15535889932036942,-0.02006577933814441,-0.1080056637477323,612
20,Oaxaca,20045,Magdalena Apasco,0.0,0.00821917808219178,,,,0.0,1,-0.19783914488511273,-0.13390210911423392,-0.26405224763674284,-0.19859783387869648,1439
20,Oaxaca,20046,Magdalena Jaltepec,0.0,0.0,,,,0.0,1,-0.19783914488511273,-0.16608729442343717,-0.26405224763674284,-0.20932622898176426,1826
20,Oaxaca,20047,Santa Magdalena Jicotl√°n,0.0,0.0,,,,0.0,1,-0.19783914488511273,-0.16608729442343717,-0.26405224763674284,-0.20932622898176426,1826
20,Oaxaca,20048,Magdalena Mixtepec,0.0,0.0,,,,0.0,1,-0.19783914488511273,-0.16608729442343717,-0.26405224763674284,-0.20932622898176426,1826
20,Oaxaca,20049,Magdalena Ocotl√°n,0.0,0.0,,,,0.0,1,-0.19783914488511273,-0.16608729442343717,-0.26405224763674284,-0.20932622898176426,1826
20,Oaxaca,20050,Magdalena Pe√±asco,0.0,0.0,,,,0.0,1,-0.19783914488511273,-0.16608729442343717,-0.26405224763674284,-0.20932622898176426,1826
20,Oaxaca,20051,Magdalena Teitipac,0.0,0.0,,,,0.0,1,-0.19783914488511273,-0.16608729442343717,-0.26405224763674284,-0.20932622898176426,1826
20,Oaxaca,20052,Magdalena Tequisistl√°n,0.0,0.00821917808219178,,,,0.0,1,-0.19783914488511273,-0.13390210911423392,-0.26405224763674284,-0.19859783387869648,1439
20,Oaxaca,20053,Magdalena Tlacotepec,0.0,0.0,,,,0.0,1,-0.19783914488511273,-0.16608729442343717,-0.26405224763674284,-0.20932622898176426,1826
20,Oaxaca,20054,Magdalena Zahuatl√°n,0.0,0.0,,,,0.0,1,-0.19783914488511273,-0.16608729442343717,-0.26405224763674284,-0.20932622898176426,1826
20,Oaxaca,20055,Mariscala de Ju√°rez,0.0,0.0,,,,0.0,1,-0.19783914488511273,-0.16608729442343717,-0.26405224763674284,-0.20932622898176426,1826
20,Oaxaca,20056,M√°rtires de Tacubaya,0.0,0.0,,,,0.0,1,-0.19783914488511273,-0.16608729442343717,-0.26405224763674284,-0.20932622898176426,1826
20,Oaxaca,20057,Mat√≠as Romero Avenda√±o,0.0794520547945205,0.0136986301369863,,,,0.0,1,0.516239923471117,-0.11244531890809842,-0.26405224763674284,0.04658078564209193,325
20,Oaxaca,20058,Mazatl√°n Villa de Flores,0.00547945205479452,0.0,,,,0.0,1,-0.14859231258468308,-0.16608729442343717,-0.26405224763674284,-0.19291061821495437,1277
20,Oaxaca,20059,Miahuatl√°n de Porfirio D√≠az,0.0493150684931506,0.021917808219178,MIAHUATLAN DE PORFIRIO DIAZ,21.0,0.5,16554.5,0,0.2453823458187535,-0.08026013359889547,-0.05318209546048052,0.03731337225312584,333
20,Oaxaca,20060,Mixistl√°n de la Reforma,0.0,0.0,,,,0.0,1,-0.19783914488511273,-0.16608729442343717,-0.26405224763674284,-0.20932622898176426,1826
20,Oaxaca,20061,Monjas,0.00273972602739726,0.00273972602739726,,,,0.0,1,-0.1732157287348979,-0.15535889932036942,-0.26405224763674284,-0.1975422918973367,1396
20,Oaxaca,20062,Natividad,0.0,0.0,,,,0.0,1,-0.19783914488511273,-0.16608729442343717,-0.26405224763674284,-0.20932622898176426,1826
20,Oaxaca,20063,Nazareno Etla,0.0,0.0,,,,0.0,1,-0.19783914488511273,-0.16608729442343717,-0.26405224763674284,-0.20932622898176426,1826
20,Oaxaca,20064,Nejapa de Madero,0.0,0.0,,,,0.0,1,-0.19783914488511273,-0.16608729442343717,-0.26405224763674284,-0.20932622898176426,1826
20,Oaxaca,20065,Ixpantepec Nieves,0.0,0.0,,,,0.0,1,-0.19783914488511273,-0.16608729442343717,-0.26405224763674284,-0.20932622898176426,1826
20,Oaxaca,20066,Santiago Niltepec,0.00821917808219178,0.00273972602739726,,,,0.0,1,-0.12396889643446825,-0.15535889932036942,-0.26405224763674284,-0.18112668113052685,1096
20,Oaxaca,20067,Oaxaca de Ju√°rez,0.0575342465753424,0.123287671232876,OAXACA DE JUAREZ,179.0,0.758539350867602,149142.4901,0,0.31925259426939817,0.31669048521460896,1.6357151620303385,0.7572194138381153,116
20,Oaxaca,20068,Ocotl√°n de Morelos,0.021917808219178,0.00821917808219178,,,,0.0,1,-0.000851815683394814,-0.13390210911423392,-0.26405224763674284,-0.1329353908114572,710
20,Oaxaca,20069,La Pe,0.0,0.0,,,,0.0,1,-0.19783914488511273,-0.16608729442343717,-0.26405224763674284,-0.20932622898176426,1826
20,Oaxaca,20070,Pinotepa de Don Luis,0.00273972602739726,0.0,,,,0.0,1,-0.1732157287348979,-0.16608729442343717,-0.26405224763674284,-0.2011184235983593,1482
20,Oaxaca,20071,Pluma Hidalgo,0.00821917808219178,0.0,,,,0.0,1,-0.12396889643446825,-0.16608729442343717,-0.26405224763674284,-0.1847028128315494,1153
20,Oaxaca,20072,San Jos√© del Progreso,0.0,0.0,,,,0.0,1,-0.19783914488511273,-0.16608729442343717,-0.26405224763674284,-0.20932622898176426,1826
20,Oaxaca,20073,Putla Villa de Guerrero,0.0383561643835616,0.0,PUTLA VILLA DE GUERRERO,34.0,0.747455279166415,16777.3812,0,0.14688868121789453,-0.16608729442343717,-0.05034304912496885,-0.023180554110170493,411
20,Oaxaca,20074,Santa Catarina Quioquitani,0.0,0.0,,,,0.0,1,-0.19783914488511273,-0.16608729442343717,-0.26405224763674284,-0.20932622898176426,1826
20,Oaxaca,20075,Reforma de Pineda,0.0,0.00821917808219178,,,,0.0,1,-0.19783914488511273,-0.13390210911423392,-0.26405224763674284,-0.19859783387869648,1439
20,Oaxaca,20076,La Reforma,0.00273972602739726,0.0,LA REFORMA,19.0,0.609756097560975,1373.170732,0,-0.1732157287348979,-0.16608729442343717,-0.24656088750983904,-0.1952879702227247,1377
20,Oaxaca,20077,Reyes Etla,0.0,0.00273972602739726,REYES ETLA,17.0,0.452427184466019,1383.974757,0,-0.19783914488511273,-0.15535889932036942,-0.24642326653693944,-0.19987377024747388,1468
20,Oaxaca,20078,Rojas de Cuauht√©moc,0.0,0.0,,,,0.0,1,-0.19783914488511273,-0.16608729442343717,-0.26405224763674284,-0.20932622898176426,1826
20,Oaxaca,20079,Salina Cruz,0.0767123287671232,0.0356164383561643,SALINA CRUZ,54.0,0.703806111587091,42415.57912,0,0.4916165073209018,-0.026618158083556703,0.2762346606769299,0.247077669971425,209
20,Oaxaca,20080,San Agust√≠n Amatengo,0.00273972602739726,0.0,SAN AGUSTIN AMATENGO,20.0,0.404255319148936,472.9787234,0,-0.1732157287348979,-0.16608729442343717,-0.2580274751954434,-0.19911016611792612,1463
20,Oaxaca,20081,San Agust√≠n Atenango,0.0,0.0,,,,0.0,1,-0.19783914488511273,-0.16608729442343717,-0.26405224763674284,-0.20932622898176426,1826
20,Oaxaca,20082,San Agust√≠n Chayuco,0.00547945205479452,0.0,,,,0.0,1,-0.14859231258468308,-0.16608729442343717,-0.26405224763674284,-0.19291061821495437,1277
20,Oaxaca,20083,San Agust√≠n de las Juntas,0.0,0.00547945205479452,SAN AGUSTIN DE LAS JUNTAS,4.0,0.615357458075904,4715.484201,0,-0.19783914488511273,-0.14463050421730167,-0.20398671433464188,-0.18215212114568544,1120
20,Oaxaca,20084,San Agust√≠n Etla,0.00547945205479452,0.0,,,,0.0,1,-0.14859231258468308,-0.16608729442343717,-0.26405224763674284,-0.19291061821495437,1277
20,Oaxaca,20085,San Agust√≠n Loxicha,0.00821917808219178,0.0,SAN AGUSTIN LOXICHA,18.0,0.422296273856407,5992.384126,0,-0.12396889643446825,-0.16608729442343717,-0.18772164553168147,-0.15925927879652896,881
20,Oaxaca,20086,San Agust√≠n Tlacotepec,0.00273972602739726,0.0,,,,0.0,1,-0.1732157287348979,-0.16608729442343717,-0.26405224763674284,-0.2011184235983593,1482
20,Oaxaca,20087,San Agust√≠n Yatareni,0.0,0.00821917808219178,,,,0.0,1,-0.19783914488511273,-0.13390210911423392,-0.26405224763674284,-0.19859783387869648,1439
20,Oaxaca,20088,San Andr√©s Cabecera Nueva,0.0,0.0,,,,0.0,1,-0.19783914488511273,-0.16608729442343717,-0.26405224763674284,-0.20932622898176426,1826
20,Oaxaca,20089,San Andr√©s Dinicuiti,0.0,0.00547945205479452,,,,0.0,1,-0.19783914488511273,-0.14463050421730167,-0.26405224763674284,-0.2021739655797191,1660
20,Oaxaca,20090,San Andr√©s Huaxpaltepec,0.00547945205479452,0.00273972602739726,,,,0.0,1,-0.14859231258468308,-0.15535889932036942,-0.26405224763674284,-0.18933448651393178,1229
20,Oaxaca,20091,San Andr√©s Huay√°pam,0.0,0.0,,,,0.0,1,-0.19783914488511273,-0.16608729442343717,-0.26405224763674284,-0.20932622898176426,1826
20,Oaxaca,20092,San Andr√©s Ixtlahuaca,0.0,0.0,,,,0.0,1,-0.19783914488511273,-0.16608729442343717,-0.26405224763674284,-0.20932622898176426,1826
20,Oaxaca,20093,San Andr√©s Lagunas,0.0,0.0,,,,0.0,1,-0.19783914488511273,-0.16608729442343717,-0.26405224763674284,-0.20932622898176426,1826
20,Oaxaca,20094,San Andr√©s Nuxi√±o,0.0,0.0,,,,0.0,1,-0.19783914488511273,-0.16608729442343717,-0.26405224763674284,-0.20932622898176426,1826
20,Oaxaca,20095,San Andr√©s Paxtl√°n,0.00273972602739726,0.0,SAN ANDRES PAXTLAN,17.0,0.0384696681462692,110.0232509,0,-0.1732157287348979,-0.16608729442343717,-0.26265077857031316,-0.20065126724288274,1477
20,Oaxaca,20096,San Andr√©s Sinaxtla,0.0,0.0,,,,0.0,1,-0.19783914488511273,-0.16608729442343717,-0.26405224763674284,-0.20932622898176426,1826
20,Oaxaca,20097,San Andr√©s Solaga,0.0,0.0,,,,0.0,1,-0.19783914488511273,-0.16608729442343717,-0.26405224763674284,-0.20932622898176426,1826
20,Oaxaca,20098,San Andr√©s Teotil√°lpam,0.0,0.0,,,,0.0,1,-0.19783914488511273,-0.16608729442343717,-0.26405224763674284,-0.20932622898176426,1826
20,Oaxaca,20099,San Andr√©s Tepetlapa,0.0,0.0,,,,0.0,1,-0.19783914488511273,-0.16608729442343717,-0.26405224763674284,-0.20932622898176426,1826
20,Oaxaca,20100,San Andr√©s Ya√°,0.0,0.0,,,,0.0,1,-0.19783914488511273,-0.16608729442343717,-0.26405224763674284,-0.20932622898176426,1826
20,Oaxaca,20101,San Andr√©s Zabache,0.0,0.0,,,,0.0,1,-0.19783914488511273,-0.16608729442343717,-0.26405224763674284,-0.20932622898176426,1826
20,Oaxaca,20102,San Andr√©s Zautla,0.00273972602739726,0.0,SAN ANDRES ZAUTLA,18.0,0.196105072463768,732.0602355,0,-0.1732157287348979,-0.16608729442343717,-0.25472731162163664,-0.1980101115933239,1437
20,Oaxaca,20103,San Antonino Castillo Velasco,0.00273972602739726,0.00273972602739726,,,,0.0,1,-0.1732157287348979,-0.15535889932036942,-0.26405224763674284,-0.1975422918973367,1396
20,Oaxaca,20104,San Antonino el Alto,0.0,0.0,,,,0.0,1,-0.19783914488511273,-0.16608729442343717,-0.26405224763674284,-0.20932622898176426,1826
20,Oaxaca,20105,San Antonino Monte Verde,0.0,0.0,,,,0.0,1,-0.19783914488511273,-0.16608729442343717,-0.26405224763674284,-0.20932622898176426,1826
20,Oaxaca,20106,San Antonio Acutla,0.0,0.0,,,,0.0,1,-0.19783914488511273,-0.16608729442343717,-0.26405224763674284,-0.20932622898176426,1826
20,Oaxaca,20107,San Antonio de la Cal,0.00273972602739726,0.0164383561643835,SAN ANTONIO DE LA CAL,21.0,0.707628903194753,12549.09097,0,-0.1732157287348979,-0.10171692380503089,-0.10420273707963396,-0.12637846320652094,681
20,Oaxaca,20108,San Antonio Huitepec,0.0,0.0,,,,0.0,1,-0.19783914488511273,-0.16608729442343717,-0.26405224763674284,-0.20932622898176426,1826
20,Oaxaca,20109,San Antonio Nanahuat√≠pam,0.0,0.0,,,,0.0,1,-0.19783914488511273,-0.16608729442343717,-0.26405224763674284,-0.20932622898176426,1826
20,Oaxaca,20110,San Antonio Sinicahua,0.0,0.0,,,,0.0,1,-0.19783914488511273,-0.16608729442343717,-0.26405224763674284,-0.20932622898176426,1826
20,Oaxaca,20111,San Antonio Tepetlapa,0.0,0.0,,,,0.0,1,-0.19783914488511273,-0.16608729442343717,-0.26405224763674284,-0.20932622898176426,1826
20,Oaxaca,20112,San Baltazar Chichic√°pam,0.0,0.0,,,,0.0,1,-0.19783914488511273,-0.16608729442343717,-0.26405224763674284,-0.20932622898176426,1826
20,Oaxaca,20113,San Baltazar Loxicha,0.0,0.0,,,,0.0,1,-0.19783914488511273,-0.16608729442343717,-0.26405224763674284,-0.20932622898176426,1826
20,Oaxaca,20114,San Baltazar Yatzachi el Bajo,0.0,0.0,,,,0.0,1,-0.19783914488511273,-0.16608729442343717,-0.26405224763674284,-0.20932622898176426,1826
20,Oaxaca,20115,San Bartolo Coyotepec,0.0,0.00273972602739726,SAN BARTOLO COYOTEPEC,5.0,0.181877022653721,1316.42589,0,-0.19783914488511273,-0.15535889932036942,-0.2472836996435645,-0.20016058128301553,1473
20,Oaxaca,20116,San Bartolom√© Ayautla,0.0,0.00273972602739726,,,,0.0,1,-0.19783914488511273,-0.15535889932036942,-0.26405224763674284,-0.20575009728074167,1719
20,Oaxaca,20117,San Bartolom√© Loxicha,0.00273972602739726,0.0,,,,0.0,1,-0.1732157287348979,-0.16608729442343717,-0.26405224763674284,-0.2011184235983593,1482
20,Oaxaca,20118,San Bartolom√© Quialana,0.0,0.0,,,,0.0,1,-0.19783914488511273,-0.16608729442343717,-0.26405224763674284,-0.20932622898176426,1826
20,Oaxaca,20119,San Bartolom√© Yucua√±e,0.0,0.0,,,,0.0,1,-0.19783914488511273,-0.16608729442343717,-0.26405224763674284,-0.20932622898176426,1826
20,Oaxaca,20120,San Bartolom√© Zoogocho,0.0,0.0,,,,0.0,1,-0.19783914488511273,-0.16608729442343717,-0.26405224763674284,-0.20932622898176426,1826
20,Oaxaca,20121,San Bartolo Soyaltepec,0.0,0.0,,,,0.0,1,-0.19783914488511273,-0.16608729442343717,-0.26405224763674284,-0.20932622898176426,1826
20,Oaxaca,20122,San Bartolo Yautepec,0.0,0.0,,,,0.0,1,-0.19783914488511273,-0.16608729442343717,-0.26405224763674284,-0.20932622898176426,1826
20,Oaxaca,20123,San Bernardo Mixtepec,0.0,0.0,,,,0.0,1,-0.19783914488511273,-0.16608729442343717,-0.26405224763674284,-0.20932622898176426,1826
20,Oaxaca,20124,San Blas Atempa,0.0164383561643835,0.010958904109589,,,,0.0,1,-0.05009864798382428,-0.12317371401116634,-0.26405224763674284,-0.1457748698772445,779
20,Oaxaca,20125,San Carlos Yautepec,0.00273972602739726,0.00273972602739726,,,,0.0,1,-0.1732157287348979,-0.15535889932036942,-0.26405224763674284,-0.1975422918973367,1396
20,Oaxaca,20126,San Crist√≥bal Amatl√°n,0.00547945205479452,0.0,SAN CRISTOBAL AMATLAN,15.0,0.200038102495713,657.3252048,0,-0.14859231258468308,-0.16608729442343717,-0.25567928161750525,-0.19011962954187514,1245
20,Oaxaca,20127,San Crist√≥bal Amoltepec,0.0,0.0,,,,0.0,1,-0.19783914488511273,-0.16608729442343717,-0.26405224763674284,-0.20932622898176426,1826
20,Oaxaca,20128,San Crist√≥bal Lachirioag,0.0,0.0,,,,0.0,1,-0.19783914488511273,-0.16608729442343717,-0.26405224763674284,-0.20932622898176426,1826
20,Oaxaca,20129,San Crist√≥bal Suchixtlahuaca,0.0,0.0,,,,0.0,1,-0.19783914488511273,-0.16608729442343717,-0.26405224763674284,-0.20932622898176426,1826
20,Oaxaca,20130,San Dionisio del Mar,0.0,0.0,SAN DIONISIO DEL MAR,21.0,0.361702127659574,1230.510638,0,-0.19783914488511273,-0.16608729442343717,-0.24837808257651334,-0.20410150729502108,1711
20,Oaxaca,20131,San Dionisio Ocotepec,0.0,0.00547945205479452,,,,0.0,1,-0.19783914488511273,-0.14463050421730167,-0.26405224763674284,-0.2021739655797191,1660
20,Oaxaca,20132,San Dionisio Ocotl√°n,0.0,0.0,,,,0.0,1,-0.19783914488511273,-0.16608729442343717,-0.26405224763674284,-0.20932622898176426,1826
20,Oaxaca,20133,San Esteban Atatlahuca,0.0,0.0,,,,0.0,1,-0.19783914488511273,-0.16608729442343717,-0.26405224763674284,-0.20932622898176426,1826
20,Oaxaca,20134,San Felipe Jalapa de D√≠az,0.00547945205479452,0.00273972602739726,SAN FELIPE JALAPA DE DIAZ,15.0,0.548394004282655,9283.762099,0,-0.14859231258468308,-0.15535889932036942,-0.14579628541593603,-0.1499158324403295,816
20,Oaxaca,20135,San Felipe Tejal√°pam,0.00547945205479452,0.0,,,,0.0,1,-0.14859231258468308,-0.16608729442343717,-0.26405224763674284,-0.19291061821495437,1277
20,Oaxaca,20136,San Felipe Usila,0.00273972602739726,0.0,,,,0.0,1,-0.1732157287348979,-0.16608729442343717,-0.26405224763674284,-0.2011184235983593,1482
20,Oaxaca,20137,San Francisco Cahuacu√°,0.0,0.0,,,,0.0,1,-0.19783914488511273,-0.16608729442343717,-0.26405224763674284,-0.20932622898176426,1826
20,Oaxaca,20138,San Francisco Cajonos,0.0,0.0,,,,0.0,1,-0.19783914488511273,-0.16608729442343717,-0.26405224763674284,-0.20932622898176426,1826
20,Oaxaca,20139,San Francisco Chapulapa,0.0,0.0,SAN FRANCISCO CHAPULAPA,19.0,0.666738266566426,857.4254108,0,-0.19783914488511273,-0.16608729442343717,-0.2531304181127349,-0.20568561914042827,1718
20,Oaxaca,20140,San Francisco Chind√∫a,0.0,0.0,,,,0.0,1,-0.19783914488511273,-0.16608729442343717,-0.26405224763674284,-0.20932622898176426,1826
20,Oaxaca,20141,San Francisco del Mar,0.0,0.0,,,,0.0,1,-0.19783914488511273,-0.16608729442343717,-0.26405224763674284,-0.20932622898176426,1826
20,Oaxaca,20142,San Francisco Huehuetl√°n,0.0,0.0,,,,0.0,1,-0.19783914488511273,-0.16608729442343717,-0.26405224763674284,-0.20932622898176426,1826
20,Oaxaca,20143,San Francisco Ixhuat√°n,0.00547945205479452,0.00547945205479452,SAN FRANCISCO IXHUATAN,19.0,0.536556428889218,3526.248851,0,-0.14859231258468308,-0.14463050421730167,-0.2191351174412226,-0.17078597808106913,989
20,Oaxaca,20144,San Francisco Jaltepetongo,0.0,0.0,,,,0.0,1,-0.19783914488511273,-0.16608729442343717,-0.26405224763674284,-0.20932622898176426,1826
20,Oaxaca,20145,San Francisco Lachigol√≥,0.00273972602739726,0.0,,,,0.0,1,-0.1732157287348979,-0.16608729442343717,-0.26405224763674284,-0.2011184235983593,1482
20,Oaxaca,20146,San Francisco Logueche,0.0,0.0,,,,0.0,1,-0.19783914488511273,-0.16608729442343717,-0.26405224763674284,-0.20932622898176426,1826
20,Oaxaca,20147,San Francisco Nuxa√±o,0.0,0.0,,,,0.0,1,-0.19783914488511273,-0.16608729442343717,-0.26405224763674284,-0.20932622898176426,1826
20,Oaxaca,20148,San Francisco Ozolotepec,0.0,0.0,,,,0.0,1,-0.19783914488511273,-0.16608729442343717,-0.26405224763674284,-0.20932622898176426,1826
20,Oaxaca,20149,San Francisco Sola,0.0,0.0,,,,0.0,1,-0.19783914488511273,-0.16608729442343717,-0.26405224763674284,-0.20932622898176426,1826
20,Oaxaca,20150,San Francisco Telixtlahuaca,0.00273972602739726,0.00273972602739726,SAN FRANCISCO TELIXTLAHUACA,20.0,0.183689437255492,1695.269816,0,-0.1732157287348979,-0.15535889932036942,-0.24245801017383284,-0.1903442127430334,1247
20,Oaxaca,20151,San Francisco Teopan,0.0,0.0,,,,0.0,1,-0.19783914488511273,-0.16608729442343717,-0.26405224763674284,-0.20932622898176426,1826
20,Oaxaca,20152,San Francisco Tlapancingo,0.0,0.0,,,,0.0,1,-0.19783914488511273,-0.16608729442343717,-0.26405224763674284,-0.20932622898176426,1826
20,Oaxaca,20153,San Gabriel Mixtepec,0.0191780821917808,0.0,,,,0.0,1,-0.02547523183360911,-0.16608729442343717,-0.26405224763674284,-0.1518715912979297,829
20,Oaxaca,20154,San Ildefonso Amatl√°n,0.0,0.0,,,,0.0,1,-0.19783914488511273,-0.16608729442343717,-0.26405224763674284,-0.20932622898176426,1826
20,Oaxaca,20155,San Ildefonso Sola,0.00273972602739726,0.0,,,,0.0,1,-0.1732157287348979,-0.16608729442343717,-0.26405224763674284,-0.2011184235983593,1482
20,Oaxaca,20156,San Ildefonso Villa Alta,0.0,0.0,,,,0.0,1,-0.19783914488511273,-0.16608729442343717,-0.26405224763674284,-0.20932622898176426,1826
20,Oaxaca,20157,San Jacinto Amilpas,0.00547945205479452,0.0136986301369863,SAN JACINTO AMILPAS,16.0,0.618506375227686,7419.602477,0,-0.14859231258468308,-0.11244531890809842,-0.16954183032348283,-0.14352648727208808,765
20,Oaxaca,20158,San Jacinto Tlacotepec,0.0,0.0,,,,0.0,1,-0.19783914488511273,-0.16608729442343717,-0.26405224763674284,-0.20932622898176426,1826
20,Oaxaca,20159,San Jer√≥nimo Coatl√°n,0.0,0.0,,,,0.0,1,-0.19783914488511273,-0.16608729442343717,-0.26405224763674284,-0.20932622898176426,1826
20,Oaxaca,20160,San Jer√≥nimo Silacayoapilla,0.0,0.0,,,,0.0,1,-0.19783914488511273,-0.16608729442343717,-0.26405224763674284,-0.20932622898176426,1826
20,Oaxaca,20161,San Jer√≥nimo Sosola,0.0,0.0,,,,0.0,1,-0.19783914488511273,-0.16608729442343717,-0.26405224763674284,-0.20932622898176426,1826
20,Oaxaca,20162,San Jer√≥nimo Taviche,0.0,0.0,,,,0.0,1,-0.19783914488511273,-0.16608729442343717,-0.26405224763674284,-0.20932622898176426,1826
20,Oaxaca,20163,San Jer√≥nimo Tec√≥atl,0.0,0.0,,,,0.0,1,-0.19783914488511273,-0.16608729442343717,-0.26405224763674284,-0.20932622898176426,1826
20,Oaxaca,20164,San Jorge Nuchita,0.0,0.0,,,,0.0,1,-0.19783914488511273,-0.16608729442343717,-0.26405224763674284,-0.20932622898176426,1826
20,Oaxaca,20165,San Jos√© Ayuquila,0.0,0.0,,,,0.0,1,-0.19783914488511273,-0.16608729442343717,-0.26405224763674284,-0.20932622898176426,1826
20,Oaxaca,20166,San Jos√© Chiltepec,0.0,0.00273972602739726,SAN JOSE CHILTEPEC,19.0,0.583344648110432,4539.004707,0,-0.19783914488511273,-0.15535889932036942,-0.2062346987350025,-0.18647758098016154,1191
20,Oaxaca,20167,San Jos√© del Pe√±asco,0.0,0.0,,,,0.0,1,-0.19783914488511273,-0.16608729442343717,-0.26405224763674284,-0.20932622898176426,1826
20,Oaxaca,20168,San Jos√© Estancia Grande,0.0,0.00547945205479452,,,,0.0,1,-0.19783914488511273,-0.14463050421730167,-0.26405224763674284,-0.2021739655797191,1660
20,Oaxaca,20169,San Jos√© Independencia,0.0,0.0,,,,0.0,1,-0.19783914488511273,-0.16608729442343717,-0.26405224763674284,-0.20932622898176426,1826
20,Oaxaca,20170,San Jos√© Lachiguiri,0.0,0.0,SAN JOSE LACHIGUIRI,30.0,0.0420346167432002,103.321088,0,-0.19783914488511273,-0.16608729442343717,-0.26273615028861536,-0.20888752986572176,1820
20,Oaxaca,20171,San Jos√© Tenango,0.0,0.0,,,,0.0,1,-0.19783914488511273,-0.16608729442343717,-0.26405224763674284,-0.20932622898176426,1826
20,Oaxaca,20172,San Juan Achiutla,0.0,0.0,,,,0.0,1,-0.19783914488511273,-0.16608729442343717,-0.26405224763674284,-0.20932622898176426,1826
20,Oaxaca,20173,San Juan Atepec,0.0,0.0,,,,0.0,1,-0.19783914488511273,-0.16608729442343717,-0.26405224763674284,-0.20932622898176426,1826
20,Oaxaca,20174,√Ånimas Trujano,0.00273972602739726,0.0,,,,0.0,1,-0.1732157287348979,-0.16608729442343717,-0.26405224763674284,-0.2011184235983593,1482
20,Oaxaca,20175,San Juan Bautista Atatlahuca,0.0,0.0,,,,0.0,1,-0.19783914488511273,-0.16608729442343717,-0.26405224763674284,-0.20932622898176426,1826
20,Oaxaca,20176,San Juan Bautista Coixtlahuaca,0.0,0.0,,,,0.0,1,-0.19783914488511273,-0.16608729442343717,-0.26405224763674284,-0.20932622898176426,1826
20,Oaxaca,20177,San Juan Bautista Cuicatl√°n,0.00273972602739726,0.0,SAN JUAN BAUTISTA CUICATLAN,21.0,0.368499257057949,2607.132244,0,-0.1732157287348979,-0.16608729442343717,-0.23084276543939952,-0.19004859619924486,1243
20,Oaxaca,20178,San Juan Bautista Guelache,0.0,0.0,,,,0.0,1,-0.19783914488511273,-0.16608729442343717,-0.26405224763674284,-0.20932622898176426,1826
20,Oaxaca,20179,San Juan Bautista Jayacatl√°n,0.0,0.0,,,,0.0,1,-0.19783914488511273,-0.16608729442343717,-0.26405224763674284,-0.20932622898176426,1826
20,Oaxaca,20180,San Juan Bautista Lo de Soto,0.0,0.0,,,,0.0,1,-0.19783914488511273,-0.16608729442343717,-0.26405224763674284,-0.20932622898176426,1826
20,Oaxaca,20181,San Juan Bautista Suchitepec,0.0,0.00273972602739726,,,,0.0,1,-0.19783914488511273,-0.15535889932036942,-0.26405224763674284,-0.20575009728074167,1719
20,Oaxaca,20182,San Juan Bautista Tlacoatzintepec,0.00273972602739726,0.0,,,,0.0,1,-0.1732157287348979,-0.16608729442343717,-0.26405224763674284,-0.2011184235983593,1482
20,Oaxaca,20183,San Juan Bautista Tlachichilco,0.0,0.0,,,,0.0,1,-0.19783914488511273,-0.16608729442343717,-0.26405224763674284,-0.20932622898176426,1826
20,Oaxaca,20184,San Juan Bautista Tuxtepec,0.0356164383561643,0.0520547945205479,SAN JUAN BAUTISTA TUXTEPEC,173.0,0.818800711348227,89685.69832,0,0.12226526506767935,0.03775221253484997,0.8783583871014102,0.34612528823464656,178
20,Oaxaca,20185,San Juan Cacahuatepec,0.021917808219178,0.0,,,,0.0,1,-0.000851815683394814,-0.16608729442343717,-0.26405224763674284,-0.14366378591452494,767
20,Oaxaca,20186,San Juan Cieneguilla,0.0,0.0,,,,0.0,1,-0.19783914488511273,-0.16608729442343717,-0.26405224763674284,-0.20932622898176426,1826
20,Oaxaca,20187,San Juan Coatz√≥spam,0.0,0.0,,,,0.0,1,-0.19783914488511273,-0.16608729442343717,-0.26405224763674284,-0.20932622898176426,1826
20,Oaxaca,20188,San Juan Colorado,0.00547945205479452,0.0,,,,0.0,1,-0.14859231258468308,-0.16608729442343717,-0.26405224763674284,-0.19291061821495437,1277
20,Oaxaca,20189,San Juan Comaltepec,0.0,0.0,,,,0.0,1,-0.19783914488511273,-0.16608729442343717,-0.26405224763674284,-0.20932622898176426,1826
20,Oaxaca,20190,San Juan Cotzoc√≥n,0.0,0.0,SAN JUAN COTZOCON,18.0,0.594598376714245,8714.433809,0,-0.19783914488511273,-0.16608729442343717,-0.15304835241587872,-0.17232493057480955,1010
20,Oaxaca,20191,San Juan Chicomez√∫chil,0.0,0.0,,,,0.0,1,-0.19783914488511273,-0.16608729442343717,-0.26405224763674284,-0.20932622898176426,1826
20,Oaxaca,20192,San Juan Chilateca,0.0,0.0,,,,0.0,1,-0.19783914488511273,-0.16608729442343717,-0.26405224763674284,-0.20932622898176426,1826
20,Oaxaca,20193,San Juan del Estado,0.00273972602739726,0.0,,,,0.0,1,-0.1732157287348979,-0.16608729442343717,-0.26405224763674284,-0.2011184235983593,1482
20,Oaxaca,20194,San Juan del R√≠o,0.0,0.0,,,,0.0,1,-0.19783914488511273,-0.16608729442343717,-0.26405224763674284,-0.20932622898176426,1826
20,Oaxaca,20195,San Juan Diuxi,0.0,0.0,,,,0.0,1,-0.19783914488511273,-0.16608729442343717,-0.26405224763674284,-0.20932622898176426,1826
20,Oaxaca,20196,San Juan Evangelista Analco,0.0,0.0,,,,0.0,1,-0.19783914488511273,-0.16608729442343717,-0.26405224763674284,-0.20932622898176426,1826
20,Oaxaca,20197,San Juan Guelav√≠a,0.0,0.0,SAN JUAN GUELAVIA,18.0,0.314232471465175,745.9878873,0,-0.19783914488511273,-0.16608729442343717,-0.2545499020922323,-0.2061587804669274,1793
20,Oaxaca,20198,San Juan Guichicovi,0.0246575342465753,0.0,SAN JUAN GUICHICOVI,19.0,0.538408270267596,10911.92041,0,0.023771600466820385,-0.16608729442343717,-0.12505690997073282,-0.08912420130911654,548
20,Oaxaca,20199,San Juan Ihualtepec,0.0,0.0,,,,0.0,1,-0.19783914488511273,-0.16608729442343717,-0.26405224763674284,-0.20932622898176426,1826
20,Oaxaca,20200,San Juan Juquila Mixes,0.00547945205479452,0.0,,,,0.0,1,-0.14859231258468308,-0.16608729442343717,-0.26405224763674284,-0.19291061821495437,1277
20,Oaxaca,20201,San Juan Juquila Vijanos,0.0,0.0,,,,0.0,1,-0.19783914488511273,-0.16608729442343717,-0.26405224763674284,-0.20932622898176426,1826
20,Oaxaca,20202,San Juan Lachao,0.00273972602739726,0.0,SAN JUAN LACHAO,18.0,0.0930087945278493,254.4720618,0,-0.1732157287348979,-0.16608729442343717,-0.2608107989432533,-0.20003794070052947,1472
20,Oaxaca,20203,San Juan Lachigalla,0.00821917808219178,0.0,SAN JUAN LACHIGALLA,20.0,0.0961583236321303,207.4135041,0,-0.12396889643446825,-0.16608729442343717,-0.26141022781295,-0.18382213955695179,1148
20,Oaxaca,20204,San Juan Lajarcia,0.0,0.0,,,,0.0,1,-0.19783914488511273,-0.16608729442343717,-0.26405224763674284,-0.20932622898176426,1826
20,Oaxaca,20205,San Juan Lalana,0.00273972602739726,0.0,SAN JUAN LALANA,14.0,0.562518509743529,6042.011313,0,-0.1732157287348979,-0.16608729442343717,-0.1870894976278022,-0.1754641735953791,1040
20,Oaxaca,20206,San Juan de los Cu√©s,0.0,0.0,,,,0.0,1,-0.19783914488511273,-0.16608729442343717,-0.26405224763674284,-0.20932622898176426,1826
20,Oaxaca,20207,San Juan Mazatl√°n,0.00273972602739726,0.0,SAN JUAN MAZATLAN,18.0,0.560915951079885,6564.960291,0,-0.1732157287348979,-0.16608729442343717,-0.1804282073096844,-0.17324374348933982,1023
20,Oaxaca,20208,San Juan Mixtepec Distrito 08,0.00273972602739726,0.0,,,,0.0,1,-0.1732157287348979,-0.16608729442343717,-0.26405224763674284,-0.2011184235983593,1482
20,Oaxaca,20209,San Juan Mixtepec Distrito 26,0.0,0.0,,,,0.0,1,-0.19783914488511273,-0.16608729442343717,-0.26405224763674284,-0.20932622898176426,1826
20,Oaxaca,20210,San Juan √ëum√≠,0.00273972602739726,0.00273972602739726,,,,0.0,1,-0.1732157287348979,-0.15535889932036942,-0.26405224763674284,-0.1975422918973367,1396
20,Oaxaca,20211,San Juan Ozolotepec,0.00273972602739726,0.0,,,,0.0,1,-0.1732157287348979,-0.16608729442343717,-0.26405224763674284,-0.2011184235983593,1482
20,Oaxaca,20212,San Juan Petlapa,0.0,0.0,,,,0.0,1,-0.19783914488511273,-0.16608729442343717,-0.26405224763674284,-0.20932622898176426,1826
20,Oaxaca,20213,San Juan Quiahije,0.0,0.0,,,,0.0,1,-0.19783914488511273,-0.16608729442343717,-0.26405224763674284,-0.20932622898176426,1826
20,Oaxaca,20214,San Juan Quiotepec,0.0,0.0,,,,0.0,1,-0.19783914488511273,-0.16608729442343717,-0.26405224763674284,-0.20932622898176426,1826
20,Oaxaca,20215,San Juan Sayultepec,0.0,0.0,,,,0.0,1,-0.19783914488511273,-0.16608729442343717,-0.26405224763674284,-0.20932622898176426,1826
20,Oaxaca,20216,San Juan Taba√°,0.0,0.0,,,,0.0,1,-0.19783914488511273,-0.16608729442343717,-0.26405224763674284,-0.20932622898176426,1826
20,Oaxaca,20217,San Juan Tamazola,0.0,0.0,,,,0.0,1,-0.19783914488511273,-0.16608729442343717,-0.26405224763674284,-0.20932622898176426,1826
20,Oaxaca,20218,San Juan Teita,0.0,0.0,,,,0.0,1,-0.19783914488511273,-0.16608729442343717,-0.26405224763674284,-0.20932622898176426,1826
20,Oaxaca,20219,San Juan Teitipac,0.0,0.0,,,,0.0,1,-0.19783914488511273,-0.16608729442343717,-0.26405224763674284,-0.20932622898176426,1826
20,Oaxaca,20220,San Juan Tepeuxila,0.0,0.0,,,,0.0,1,-0.19783914488511273,-0.16608729442343717,-0.26405224763674284,-0.20932622898176426,1826
20,Oaxaca,20221,San Juan Teposcolula,0.0,0.0,,,,0.0,1,-0.19783914488511273,-0.16608729442343717,-0.26405224763674284,-0.20932622898176426,1826
20,Oaxaca,20222,San Juan Yae√©,0.0,0.0,,,,0.0,1,-0.19783914488511273,-0.16608729442343717,-0.26405224763674284,-0.20932622898176426,1826
20,Oaxaca,20223,San Juan Yatzona,0.0,0.0,,,,0.0,1,-0.19783914488511273,-0.16608729442343717,-0.26405224763674284,-0.20932622898176426,1826
20,Oaxaca,20224,San Juan Yucuita,0.00273972602739726,0.0,,,,0.0,1,-0.1732157287348979,-0.16608729442343717,-0.26405224763674284,-0.2011184235983593,1482
20,Oaxaca,20225,San Lorenzo,0.00273972602739726,0.0,,,,0.0,1,-0.1732157287348979,-0.16608729442343717,-0.26405224763674284,-0.2011184235983593,1482
20,Oaxaca,20226,San Lorenzo Albarradas,0.0,0.0,,,,0.0,1,-0.19783914488511273,-0.16608729442343717,-0.26405224763674284,-0.20932622898176426,1826
20,Oaxaca,20227,San Lorenzo Cacaotepec,0.00273972602739726,0.00547945205479452,SAN LORENZO CACAOTEPEC,49.0,0.308401138794831,3986.701521,0,-0.1732157287348979,-0.14463050421730167,-0.21326990105940097,-0.1770387113372002,1066
20,Oaxaca,20228,San Lorenzo Cuaunecuiltitla,0.0,0.0,,,,0.0,1,-0.19783914488511273,-0.16608729442343717,-0.26405224763674284,-0.20932622898176426,1826
20,Oaxaca,20229,San Lorenzo Texmel√∫can,0.0,0.0,,,,0.0,1,-0.19783914488511273,-0.16608729442343717,-0.26405224763674284,-0.20932622898176426,1826
20,Oaxaca,20230,San Lorenzo Victoria,0.0,0.0,,,,0.0,1,-0.19783914488511273,-0.16608729442343717,-0.26405224763674284,-0.20932622898176426,1826
20,Oaxaca,20231,San Lucas Camotl√°n,0.0,0.0,,,,0.0,1,-0.19783914488511273,-0.16608729442343717,-0.26405224763674284,-0.20932622898176426,1826
20,Oaxaca,20232,San Lucas Ojitl√°n,0.00273972602739726,0.00547945205479452,,,,0.0,1,-0.1732157287348979,-0.14463050421730167,-0.26405224763674284,-0.19396616019631416,1331
20,Oaxaca,20233,San Lucas Quiavin√≠,0.0,0.0,,,,0.0,1,-0.19783914488511273,-0.16608729442343717,-0.26405224763674284,-0.20932622898176426,1826
20,Oaxaca,20234,San Lucas Zoqui√°pam,0.0,0.0,,,,0.0,1,-0.19783914488511273,-0.16608729442343717,-0.26405224763674284,-0.20932622898176426,1826
20,Oaxaca,20235,San Luis Amatl√°n,0.00547945205479452,0.0,,,,0.0,1,-0.14859231258468308,-0.16608729442343717,-0.26405224763674284,-0.19291061821495437,1277
20,Oaxaca,20236,San Marcial Ozolotepec,0.0,0.0,,,,0.0,1,-0.19783914488511273,-0.16608729442343717,-0.26405224763674284,-0.20932622898176426,1826
20,Oaxaca,20237,San Marcos Arteaga,0.00547945205479452,0.0,,,,0.0,1,-0.14859231258468308,-0.16608729442343717,-0.26405224763674284,-0.19291061821495437,1277
20,Oaxaca,20238,San Mart√≠n de los Cansecos,0.0,0.0,,,,0.0,1,-0.19783914488511273,-0.16608729442343717,-0.26405224763674284,-0.20932622898176426,1826
20,Oaxaca,20239,San Mart√≠n Huamel√∫lpam,0.0,0.0,,,,0.0,1,-0.19783914488511273,-0.16608729442343717,-0.26405224763674284,-0.20932622898176426,1826
20,Oaxaca,20240,San Mart√≠n Itunyoso,0.0,0.0,,,,0.0,1,-0.19783914488511273,-0.16608729442343717,-0.26405224763674284,-0.20932622898176426,1826
20,Oaxaca,20241,San Mart√≠n Lachil√°,0.0,0.0,,,,0.0,1,-0.19783914488511273,-0.16608729442343717,-0.26405224763674284,-0.20932622898176426,1826
20,Oaxaca,20242,San Mart√≠n Peras,0.00547945205479452,0.0,,,,0.0,1,-0.14859231258468308,-0.16608729442343717,-0.26405224763674284,-0.19291061821495437,1277
20,Oaxaca,20243,San Mart√≠n Tilcajete,0.0,0.0,,,,0.0,1,-0.19783914488511273,-0.16608729442343717,-0.26405224763674284,-0.20932622898176426,1826
20,Oaxaca,20244,San Mart√≠n Toxpalan,0.0,0.0,,,,0.0,1,-0.19783914488511273,-0.16608729442343717,-0.26405224763674284,-0.20932622898176426,1826
20,Oaxaca,20245,San Mart√≠n Zacatepec,0.0,0.0,,,,0.0,1,-0.19783914488511273,-0.16608729442343717,-0.26405224763674284,-0.20932622898176426,1826
20,Oaxaca,20246,San Mateo Cajonos,0.0,0.0,,,,0.0,1,-0.19783914488511273,-0.16608729442343717,-0.26405224763674284,-0.20932622898176426,1826
20,Oaxaca,20247,Capul√°lpam de M√©ndez,0.0,0.0,CAPULALPAM DE MENDEZ,17.0,0.063828034920112,70.52997859,0,-0.19783914488511273,-0.16608729442343717,-0.2631538413231567,-0.20902676021056887,1822
20,Oaxaca,20248,San Mateo del Mar,0.0,0.0,SAN MATEO DEL MAR,18.0,0.2174178451521,2059.816665,0,-0.19783914488511273,-0.16608729442343717,-0.23781443594785157,-0.20058029175213385,1476
20,Oaxaca,20249,San Mateo Yoloxochitl√°n,0.0,0.0,,,,0.0,1,-0.19783914488511273,-0.16608729442343717,-0.26405224763674284,-0.20932622898176426,1826
20,Oaxaca,20250,San Mateo Etlatongo,0.0,0.0,,,,0.0,1,-0.19783914488511273,-0.16608729442343717,-0.26405224763674284,-0.20932622898176426,1826
20,Oaxaca,20251,San Mateo Nej√°pam,0.00821917808219178,0.0,,,,0.0,1,-0.12396889643446825,-0.16608729442343717,-0.26405224763674284,-0.1847028128315494,1153
20,Oaxaca,20252,San Mateo Pe√±asco,0.0,0.0,,,,0.0,1,-0.19783914488511273,-0.16608729442343717,-0.26405224763674284,-0.20932622898176426,1826
20,Oaxaca,20253,San Mateo Pi√±as,0.00273972602739726,0.0,,,,0.0,1,-0.1732157287348979,-0.16608729442343717,-0.26405224763674284,-0.2011184235983593,1482
20,Oaxaca,20254,San Mateo R√≠o Hondo,0.0,0.0,,,,0.0,1,-0.19783914488511273,-0.16608729442343717,-0.26405224763674284,-0.20932622898176426,1826
20,Oaxaca,20255,San Mateo Sindihui,0.0,0.0,,,,0.0,1,-0.19783914488511273,-0.16608729442343717,-0.26405224763674284,-0.20932622898176426,1826
20,Oaxaca,20256,San Mateo Tlapiltepec,0.0,0.0,,,,0.0,1,-0.19783914488511273,-0.16608729442343717,-0.26405224763674284,-0.20932622898176426,1826
20,Oaxaca,20257,San Melchor Betaza,0.0,0.0,,,,0.0,1,-0.19783914488511273,-0.16608729442343717,-0.26405224763674284,-0.20932622898176426,1826
20,Oaxaca,20258,San Miguel Achiutla,0.0,0.0,,,,0.0,1,-0.19783914488511273,-0.16608729442343717,-0.26405224763674284,-0.20932622898176426,1826
20,Oaxaca,20259,San Miguel Ahuehuetitl√°n,0.00273972602739726,0.0,,,,0.0,1,-0.1732157287348979,-0.16608729442343717,-0.26405224763674284,-0.2011184235983593,1482
20,Oaxaca,20260,San Miguel Alo√°pam,0.0,0.0,,,,0.0,1,-0.19783914488511273,-0.16608729442343717,-0.26405224763674284,-0.20932622898176426,1826
20,Oaxaca,20261,San Miguel Amatitl√°n,0.0,0.0,,,,0.0,1,-0.19783914488511273,-0.16608729442343717,-0.26405224763674284,-0.20932622898176426,1826
20,Oaxaca,20262,San Miguel Amatl√°n,0.0,0.0,,,,0.0,1,-0.19783914488511273,-0.16608729442343717,-0.26405224763674284,-0.20932622898176426,1826
20,Oaxaca,20263,San Miguel Coatl√°n,0.00273972602739726,0.0,,,,0.0,1,-0.1732157287348979,-0.16608729442343717,-0.26405224763674284,-0.2011184235983593,1482
20,Oaxaca,20264,San Miguel Chicahua,0.0,0.0,,,,0.0,1,-0.19783914488511273,-0.16608729442343717,-0.26405224763674284,-0.20932622898176426,1826
20,Oaxaca,20265,San Miguel Chimalapa,0.0,0.0,,,,0.0,1,-0.19783914488511273,-0.16608729442343717,-0.26405224763674284,-0.20932622898176426,1826
20,Oaxaca,20266,San Miguel del Puerto,0.00821917808219178,0.0,,,,0.0,1,-0.12396889643446825,-0.16608729442343717,-0.26405224763674284,-0.1847028128315494,1153
20,Oaxaca,20267,San Miguel del R√≠o,0.0,0.0,,,,0.0,1,-0.19783914488511273,-0.16608729442343717,-0.26405224763674284,-0.20932622898176426,1826
20,Oaxaca,20268,San Miguel Ejutla,0.00273972602739726,0.0,,,,0.0,1,-0.1732157287348979,-0.16608729442343717,-0.26405224763674284,-0.2011184235983593,1482
20,Oaxaca,20269,San Miguel el Grande,0.0,0.0,,,,0.0,1,-0.19783914488511273,-0.16608729442343717,-0.26405224763674284,-0.20932622898176426,1826
20,Oaxaca,20270,San Miguel Huautla,0.0,0.0,,,,0.0,1,-0.19783914488511273,-0.16608729442343717,-0.26405224763674284,-0.20932622898176426,1826
20,Oaxaca,20271,San Miguel Mixtepec,0.0,0.0,SAN MIGUEL MIXTEPEC,19.0,0.059979796279148,110.5427645,0,-0.19783914488511273,-0.16608729442343717,-0.2626441610396182,-0.20885686678272272,1819
20,Oaxaca,20272,San Miguel Panixtlahuaca,0.0301369863013698,0.0,,,,0.0,1,0.07301843276724988,-0.16608729442343717,-0.26405224763674284,-0.11904036976431004,653
20,Oaxaca,20273,San Miguel Peras,0.0,0.0,,,,0.0,1,-0.19783914488511273,-0.16608729442343717,-0.26405224763674284,-0.20932622898176426,1826
20,Oaxaca,20274,San Miguel Piedras,0.0,0.0,,,,0.0,1,-0.19783914488511273,-0.16608729442343717,-0.26405224763674284,-0.20932622898176426,1826
20,Oaxaca,20275,San Miguel Quetzaltepec,0.0,0.0,,,,0.0,1,-0.19783914488511273,-0.16608729442343717,-0.26405224763674284,-0.20932622898176426,1826
20,Oaxaca,20276,San Miguel Santa Flor,0.0,0.0,,,,0.0,1,-0.19783914488511273,-0.16608729442343717,-0.26405224763674284,-0.20932622898176426,1826
20,Oaxaca,20277,Villa Sola de Vega,0.0,0.0,,,,0.0,1,-0.19783914488511273,-0.16608729442343717,-0.26405224763674284,-0.20932622898176426,1826
20,Oaxaca,20278,San Miguel Soyaltepec,0.0136986301369863,0.0,SAN MIGUEL SOYALTEPEC,18.0,0.54054054054054,13180.0,0,-0.07472206413403858,-0.16608729442343717,-0.09616625858946642,-0.1123252057156474,625
20,Oaxaca,20279,San Miguel Suchixtepec,0.0,0.0,,,,0.0,1,-0.19783914488511273,-0.16608729442343717,-0.26405224763674284,-0.20932622898176426,1826
20,Oaxaca,20280,Villa Talea de Castro,0.0,0.0,,,,0.0,1,-0.19783914488511273,-0.16608729442343717,-0.26405224763674284,-0.20932622898176426,1826
20,Oaxaca,20281,San Miguel Tecomatl√°n,0.0,0.0,,,,0.0,1,-0.19783914488511273,-0.16608729442343717,-0.26405224763674284,-0.20932622898176426,1826
20,Oaxaca,20282,San Miguel Tenango,0.0,0.0,,,,0.0,1,-0.19783914488511273,-0.16608729442343717,-0.26405224763674284,-0.20932622898176426,1826
20,Oaxaca,20283,San Miguel Tequixtepec,0.0,0.00273972602739726,,,,0.0,1,-0.19783914488511273,-0.15535889932036942,-0.26405224763674284,-0.20575009728074167,1719
20,Oaxaca,20284,San Miguel Tilqui√°pam,0.00273972602739726,0.00547945205479452,,,,0.0,1,-0.1732157287348979,-0.14463050421730167,-0.26405224763674284,-0.19396616019631416,1331
20,Oaxaca,20285,San Miguel Tlacamama,0.00821917808219178,0.0,,,,0.0,1,-0.12396889643446825,-0.16608729442343717,-0.26405224763674284,-0.1847028128315494,1153
20,Oaxaca,20286,San Miguel Tlacotepec,0.0,0.0,,,,0.0,1,-0.19783914488511273,-0.16608729442343717,-0.26405224763674284,-0.20932622898176426,1826
20,Oaxaca,20287,San Miguel Tulancingo,0.0,0.0,,,,0.0,1,-0.19783914488511273,-0.16608729442343717,-0.26405224763674284,-0.20932622898176426,1826
20,Oaxaca,20288,San Miguel Yotao,0.0,0.0,,,,0.0,1,-0.19783914488511273,-0.16608729442343717,-0.26405224763674284,-0.20932622898176426,1826
20,Oaxaca,20289,San Nicol√°s,0.0,0.0,,,,0.0,1,-0.19783914488511273,-0.16608729442343717,-0.26405224763674284,-0.20932622898176426,1826
20,Oaxaca,20290,San Nicol√°s Hidalgo,0.0,0.0,,,,0.0,1,-0.19783914488511273,-0.16608729442343717,-0.26405224763674284,-0.20932622898176426,1826
20,Oaxaca,20291,San Pablo Coatl√°n,0.00273972602739726,0.0,,,,0.0,1,-0.1732157287348979,-0.16608729442343717,-0.26405224763674284,-0.2011184235983593,1482
20,Oaxaca,20292,San Pablo Cuatro Venados,0.0,0.0,,,,0.0,1,-0.19783914488511273,-0.16608729442343717,-0.26405224763674284,-0.20932622898176426,1826
20,Oaxaca,20293,San Pablo Etla,0.00273972602739726,0.00821917808219178,SAN PABLO ETLA,9.0,0.661422708618331,7998.584815,0,-0.1732157287348979,-0.13390210911423392,-0.16216679068341952,-0.15642820951085046,864
20,Oaxaca,20294,San Pablo Huitzo,0.00273972602739726,0.00547945205479452,,,,0.0,1,-0.1732157287348979,-0.14463050421730167,-0.26405224763674284,-0.19396616019631416,1331
20,Oaxaca,20295,San Pablo Huixtepec,0.00547945205479452,0.0,,,,0.0,1,-0.14859231258468308,-0.16608729442343717,-0.26405224763674284,-0.19291061821495437,1277
20,Oaxaca,20296,San Pablo Macuiltianguis,0.0,0.0,,,,0.0,1,-0.19783914488511273,-0.16608729442343717,-0.26405224763674284,-0.20932622898176426,1826
20,Oaxaca,20297,San Pablo Tijaltepec,0.0,0.0,,,,0.0,1,-0.19783914488511273,-0.16608729442343717,-0.26405224763674284,-0.20932622898176426,1826
20,Oaxaca,20298,San Pablo Villa de Mitla,0.0,0.00273972602739726,SAN PABLO VILLA DE MITLA,41.0,0.606694816718683,5755.107031,0,-0.19783914488511273,-0.15535889932036942,-0.19074406584824746,-0.18131403668457655,1116
20,Oaxaca,20299,San Pablo Yaganiza,0.0,0.0,,,,0.0,1,-0.19783914488511273,-0.16608729442343717,-0.26405224763674284,-0.20932622898176426,1826
20,Oaxaca,20300,San Pedro Amuzgos,0.00547945205479452,0.0,,,,0.0,1,-0.14859231258468308,-0.16608729442343717,-0.26405224763674284,-0.19291061821495437,1277
20,Oaxaca,20301,San Pedro Ap√≥stol,0.0,0.0,,,,0.0,1,-0.19783914488511273,-0.16608729442343717,-0.26405224763674284,-0.20932622898176426,1826
20,Oaxaca,20302,San Pedro Atoyac,0.00273972602739726,0.0,,,,0.0,1,-0.1732157287348979,-0.16608729442343717,-0.26405224763674284,-0.2011184235983593,1482
20,Oaxaca,20303,San Pedro Cajonos,0.0,0.0,,,,0.0,1,-0.19783914488511273,-0.16608729442343717,-0.26405224763674284,-0.20932622898176426,1826
20,Oaxaca,20304,San Pedro Coxcaltepec C√°ntaros,0.0,0.0,,,,0.0,1,-0.19783914488511273,-0.16608729442343717,-0.26405224763674284,-0.20932622898176426,1826
20,Oaxaca,20305,San Pedro Comitancillo,0.0,0.0,,,,0.0,1,-0.19783914488511273,-0.16608729442343717,-0.26405224763674284,-0.20932622898176426,1826
20,Oaxaca,20306,San Pedro el Alto,0.00273972602739726,0.0,,,,0.0,1,-0.1732157287348979,-0.16608729442343717,-0.26405224763674284,-0.2011184235983593,1482
20,Oaxaca,20307,San Pedro Huamelula,0.0,0.0,,,,0.0,1,-0.19783914488511273,-0.16608729442343717,-0.26405224763674284,-0.20932622898176426,1826
20,Oaxaca,20308,San Pedro Huilotepec,0.0,0.0,,,,0.0,1,-0.19783914488511273,-0.16608729442343717,-0.26405224763674284,-0.20932622898176426,1826
20,Oaxaca,20309,San Pedro Ixcatl√°n,0.0,0.0,SAN PEDRO IXCATLAN,18.0,0.499975921020948,3125.849458,0,-0.19783914488511273,-0.16608729442343717,-0.22423537905789437,-0.19605393945548144,1384
20,Oaxaca,20310,San Pedro Ixtlahuaca,0.00273972602739726,0.0136986301369863,SAN PEDRO IXTLAHUACA,20.0,0.773605793625167,7090.097099,0,-0.1732157287348979,-0.11244531890809842,-0.17373904855428154,-0.1531333653990926,841
20,Oaxaca,20311,San Pedro Jaltepetongo,0.0,0.0,,,,0.0,1,-0.19783914488511273,-0.16608729442343717,-0.26405224763674284,-0.20932622898176426,1826
20,Oaxaca,20312,San Pedro Jicay√°n,0.00547945205479452,0.0,,,,0.0,1,-0.14859231258468308,-0.16608729442343717,-0.26405224763674284,-0.19291061821495437,1277
20,Oaxaca,20313,San Pedro Jocotipac,0.0,0.0,SAN PEDRO JOCOTIPAC,12.0,0.15388483781745,86.79104853,0,-0.19783914488511273,-0.16608729442343717,-0.26294670886413973,-0.20895771605756322,1821
20,Oaxaca,20314,San Pedro Juchatengo,0.0,0.0,,,,0.0,1,-0.19783914488511273,-0.16608729442343717,-0.26405224763674284,-0.20932622898176426,1826
20,Oaxaca,20315,San Pedro M√°rtir,0.0,0.0,,,,0.0,1,-0.19783914488511273,-0.16608729442343717,-0.26405224763674284,-0.20932622898176426,1826
20,Oaxaca,20316,San Pedro M√°rtir Quiechapa,0.00547945205479452,0.0,,,,0.0,1,-0.14859231258468308,-0.16608729442343717,-0.26405224763674284,-0.19291061821495437,1277
20,Oaxaca,20317,San Pedro M√°rtir Yucuxaco,0.0,0.0,,,,0.0,1,-0.19783914488511273,-0.16608729442343717,-0.26405224763674284,-0.20932622898176426,1826
20,Oaxaca,20318,San Pedro Mixtepec Distrito 22,0.0547945205479452,0.00821917808219178,,,,0.0,1,0.29462917811918393,-0.13390210911423392,-0.26405224763674284,-0.03444172621059761,429
20,Oaxaca,20319,San Pedro Mixtepec Distrito 26,0.0,0.0,,,,0.0,1,-0.19783914488511273,-0.16608729442343717,-0.26405224763674284,-0.20932622898176426,1826
20,Oaxaca,20320,San Pedro Molinos,0.0,0.0,,,,0.0,1,-0.19783914488511273,-0.16608729442343717,-0.26405224763674284,-0.20932622898176426,1826
20,Oaxaca,20321,San Pedro Nopala,0.0,0.0,,,,0.0,1,-0.19783914488511273,-0.16608729442343717,-0.26405224763674284,-0.20932622898176426,1826
20,Oaxaca,20322,San Pedro Ocopetatillo,0.0,0.0,,,,0.0,1,-0.19783914488511273,-0.16608729442343717,-0.26405224763674284,-0.20932622898176426,1826
20,Oaxaca,20323,San Pedro Ocotepec,0.0,0.0,,,,0.0,1,-0.19783914488511273,-0.16608729442343717,-0.26405224763674284,-0.20932622898176426,1826
20,Oaxaca,20324,San Pedro Pochutla,0.021917808219178,0.00547945205479452,SAN PEDRO POCHUTLA,40.0,0.768458419980255,24096.55068,0,-0.000851815683394814,-0.14463050421730167,0.04288805915685513,-0.03419808691461378,427
20,Oaxaca,20325,San Pedro Quiatoni,0.00821917808219178,0.00273972602739726,,,,0.0,1,-0.12396889643446825,-0.15535889932036942,-0.26405224763674284,-0.18112668113052685,1096
20,Oaxaca,20326,San Pedro Sochi√°pam,0.0,0.0,SAN PEDRO SOCHIAPAM,37.0,0.486247470583826,1434.430038,0,-0.19783914488511273,-0.16608729442343717,-0.24578057042515317,-0.20323566991123435,1702
20,Oaxaca,20327,San Pedro Tapanatepec,0.0164383561643835,0.00821917808219178,,,,0.0,1,-0.05009864798382428,-0.13390210911423392,-0.26405224763674284,-0.149351001578267,806
20,Oaxaca,20328,San Pedro Taviche,0.0,0.0,,,,0.0,1,-0.19783914488511273,-0.16608729442343717,-0.26405224763674284,-0.20932622898176426,1826
20,Oaxaca,20329,San Pedro Teozacoalco,0.0,0.0,,,,0.0,1,-0.19783914488511273,-0.16608729442343717,-0.26405224763674284,-0.20932622898176426,1826
20,Oaxaca,20330,San Pedro Teutila,0.0,0.0,SAN PEDRO TEUTILA,19.0,0.243243243243243,683.2702703,0,-0.19783914488511273,-0.16608729442343717,-0.2553487950482819,-0.20642507811894392,1797
20,Oaxaca,20331,San Pedro Tida√°,0.0,0.0,,,,0.0,1,-0.19783914488511273,-0.16608729442343717,-0.26405224763674284,-0.20932622898176426,1826
20,Oaxaca,20332,San Pedro Topiltepec,0.0,0.0,,,,0.0,1,-0.19783914488511273,-0.16608729442343717,-0.26405224763674284,-0.20932622898176426,1826
20,Oaxaca,20333,San Pedro Totol√°pam,0.00821917808219178,0.00821917808219178,,,,0.0,1,-0.12396889643446825,-0.13390210911423392,-0.26405224763674284,-0.17397441772848166,1031
20,Oaxaca,20334,Villa de Tututepec,0.010958904109589,0.0,VILLA DE TUTUTEPEC,21.0,0.267864845434938,8941.060676,0,-0.09934548028425377,-0.16608729442343717,-0.15016159401595608,-0.13853145624121568,737
20,Oaxaca,20335,San Pedro Yaneri,0.0,0.0,,,,0.0,1,-0.19783914488511273,-0.16608729442343717,-0.26405224763674284,-0.20932622898176426,1826
20,Oaxaca,20336,San Pedro Y√≥lox,0.0,0.0,,,,0.0,1,-0.19783914488511273,-0.16608729442343717,-0.26405224763674284,-0.20932622898176426,1826
20,Oaxaca,20337,San Pedro y San Pablo Ayutla,0.00821917808219178,0.00273972602739726,,,,0.0,1,-0.12396889643446825,-0.15535889932036942,-0.26405224763674284,-0.18112668113052685,1096
20,Oaxaca,20338,Villa de Etla,0.00547945205479452,0.0,VILLA DE ETLA,38.0,0.61011208773486,4454.428353,0,-0.14859231258468308,-0.16608729442343717,-0.20731202687167188,-0.17399721129326404,1032
20,Oaxaca,20339,San Pedro y San Pablo Teposcolula,0.0,0.0,,,,0.0,1,-0.19783914488511273,-0.16608729442343717,-0.26405224763674284,-0.20932622898176426,1826
20,Oaxaca,20340,San Pedro y San Pablo Tequixtepec,0.0,0.00273972602739726,,,,0.0,1,-0.19783914488511273,-0.15535889932036942,-0.26405224763674284,-0.20575009728074167,1719
20,Oaxaca,20341,San Pedro Yucunama,0.0,0.0,,,,0.0,1,-0.19783914488511273,-0.16608729442343717,-0.26405224763674284,-0.20932622898176426,1826
20,Oaxaca,20342,San Raymundo Jalpan,0.0,0.00273972602739726,SAN RAYMUNDO JALPAN,4.0,0.285763768617942,827.2861101,0,-0.19783914488511273,-0.15535889932036942,-0.25351433057913947,-0.20223745826154058,1692
20,Oaxaca,20343,San Sebasti√°n Abasolo,0.0,0.0,,,,0.0,1,-0.19783914488511273,-0.16608729442343717,-0.26405224763674284,-0.20932622898176426,1826
20,Oaxaca,20344,San Sebasti√°n Coatl√°n,0.00547945205479452,0.0,,,,0.0,1,-0.14859231258468308,-0.16608729442343717,-0.26405224763674284,-0.19291061821495437,1277
20,Oaxaca,20345,San Sebasti√°n Ixcapa,0.00273972602739726,0.0,,,,0.0,1,-0.1732157287348979,-0.16608729442343717,-0.26405224763674284,-0.2011184235983593,1482
20,Oaxaca,20346,San Sebasti√°n Nicananduta,0.0,0.0,,,,0.0,1,-0.19783914488511273,-0.16608729442343717,-0.26405224763674284,-0.20932622898176426,1826
20,Oaxaca,20347,San Sebasti√°n R√≠o Hondo,0.0,0.0,,,,0.0,1,-0.19783914488511273,-0.16608729442343717,-0.26405224763674284,-0.20932622898176426,1826
20,Oaxaca,20348,San Sebasti√°n Tecomaxtlahuaca,0.0136986301369863,0.0,,,,0.0,1,-0.07472206413403858,-0.16608729442343717,-0.26405224763674284,-0.16828720206473954,958
20,Oaxaca,20349,San Sebasti√°n Teitipac,0.0,0.0,,,,0.0,1,-0.19783914488511273,-0.16608729442343717,-0.26405224763674284,-0.20932622898176426,1826
20,Oaxaca,20350,San Sebasti√°n Tutla,0.0,0.00821917808219178,SAN SEBASTIAN TUTLA,10.0,0.701851364394138,8984.399316,0,-0.19783914488511273,-0.13390210911423392,-0.14960954921774938,-0.160450267739032,893
20,Oaxaca,20351,San Sim√≥n Almolongas,0.0,0.0,,,,0.0,1,-0.19783914488511273,-0.16608729442343717,-0.26405224763674284,-0.20932622898176426,1826
20,Oaxaca,20352,San Sim√≥n Zahuatl√°n,0.0,0.0,,,,0.0,1,-0.19783914488511273,-0.16608729442343717,-0.26405224763674284,-0.20932622898176426,1826
20,Oaxaca,20353,Santa Ana,0.0,0.0,,,,0.0,1,-0.19783914488511273,-0.16608729442343717,-0.26405224763674284,-0.20932622898176426,1826
20,Oaxaca,20354,Santa Ana Ateixtlahuaca,0.0,0.0,,,,0.0,1,-0.19783914488511273,-0.16608729442343717,-0.26405224763674284,-0.20932622898176426,1826
20,Oaxaca,20355,Santa Ana Cuauht√©moc,0.0,0.0,,,,0.0,1,-0.19783914488511273,-0.16608729442343717,-0.26405224763674284,-0.20932622898176426,1826
20,Oaxaca,20356,Santa Ana del Valle,0.0,0.0,,,,0.0,1,-0.19783914488511273,-0.16608729442343717,-0.26405224763674284,-0.20932622898176426,1826
20,Oaxaca,20357,Santa Ana Tavela,0.0,0.0,,,,0.0,1,-0.19783914488511273,-0.16608729442343717,-0.26405224763674284,-0.20932622898176426,1826
20,Oaxaca,20358,Santa Ana Tlapacoyan,0.0,0.0,,,,0.0,1,-0.19783914488511273,-0.16608729442343717,-0.26405224763674284,-0.20932622898176426,1826
20,Oaxaca,20359,Santa Ana Yareni,0.0,0.0,,,,0.0,1,-0.19783914488511273,-0.16608729442343717,-0.26405224763674284,-0.20932622898176426,1826
20,Oaxaca,20360,Santa Ana Zegache,0.0,0.00273972602739726,,,,0.0,1,-0.19783914488511273,-0.15535889932036942,-0.26405224763674284,-0.20575009728074167,1719
20,Oaxaca,20361,Santa Catalina Quier√≠,0.0,0.0,,,,0.0,1,-0.19783914488511273,-0.16608729442343717,-0.26405224763674284,-0.20932622898176426,1826
20,Oaxaca,20362,Santa Catarina Cuixtla,0.0,0.0,,,,0.0,1,-0.19783914488511273,-0.16608729442343717,-0.26405224763674284,-0.20932622898176426,1826
20,Oaxaca,20363,Santa Catarina Ixtepeji,0.0,0.00273972602739726,,,,0.0,1,-0.19783914488511273,-0.15535889932036942,-0.26405224763674284,-0.20575009728074167,1719
20,Oaxaca,20364,Santa Catarina Juquila,0.010958904109589,0.0,,,,0.0,1,-0.09934548028425377,-0.16608729442343717,-0.26405224763674284,-0.17649500744814461,1055
20,Oaxaca,20365,Santa Catarina Lachatao,0.0,0.0,,,,0.0,1,-0.19783914488511273,-0.16608729442343717,-0.26405224763674284,-0.20932622898176426,1826
20,Oaxaca,20366,Santa Catarina Loxicha,0.00273972602739726,0.0,,,,0.0,1,-0.1732157287348979,-0.16608729442343717,-0.26405224763674284,-0.2011184235983593,1482
20,Oaxaca,20367,Santa Catarina Mechoac√°n,0.00821917808219178,0.0,SANTA CATARINA MECHOACAN,16.0,0.261897243899138,805.0721277,0,-0.12396889643446825,-0.16608729442343717,-0.25379729085272845,-0.18128449390354462,1114
20,Oaxaca,20368,Santa Catarina Minas,0.00273972602739726,0.0,,,,0.0,1,-0.1732157287348979,-0.16608729442343717,-0.26405224763674284,-0.2011184235983593,1482
20,Oaxaca,20369,Santa Catarina Quian√©,0.00273972602739726,0.0,,,,0.0,1,-0.1732157287348979,-0.16608729442343717,-0.26405224763674284,-0.2011184235983593,1482
20,Oaxaca,20370,Santa Catarina Tayata,0.0,0.0,,,,0.0,1,-0.19783914488511273,-0.16608729442343717,-0.26405224763674284,-0.20932622898176426,1826
20,Oaxaca,20371,Santa Catarina Ticu√°,0.0,0.0,,,,0.0,1,-0.19783914488511273,-0.16608729442343717,-0.26405224763674284,-0.20932622898176426,1826
20,Oaxaca,20372,Santa Catarina Yosonot√∫,0.0,0.0,,,,0.0,1,-0.19783914488511273,-0.16608729442343717,-0.26405224763674284,-0.20932622898176426,1826
20,Oaxaca,20373,Santa Catarina Zapoquila,0.0,0.0,,,,0.0,1,-0.19783914488511273,-0.16608729442343717,-0.26405224763674284,-0.20932622898176426,1826
20,Oaxaca,20374,Santa Cruz Acatepec,0.0,0.0,,,,0.0,1,-0.19783914488511273,-0.16608729442343717,-0.26405224763674284,-0.20932622898176426,1826
20,Oaxaca,20375,Santa Cruz Amilpas,0.00273972602739726,0.0,SANTA CRUZ AMILPAS,5.0,0.833367535399138,7713.649908,0,-0.1732157287348979,-0.16608729442343717,-0.16579627313226541,-0.16836643209686683,963
20,Oaxaca,20376,Santa Cruz de Bravo,0.0,0.0,,,,0.0,1,-0.19783914488511273,-0.16608729442343717,-0.26405224763674284,-0.20932622898176426,1826
20,Oaxaca,20377,Santa Cruz Itundujia,0.0,0.0,SANTA CRUZ ITUNDUJIA,18.0,0.210526315789473,1437.473684,0,-0.19783914488511273,-0.16608729442343717,-0.24574180065891493,-0.20322274665582163,1701
20,Oaxaca,20378,Santa Cruz Mixtepec,0.0,0.0,,,,0.0,1,-0.19783914488511273,-0.16608729442343717,-0.26405224763674284,-0.20932622898176426,1826
20,Oaxaca,20379,Santa Cruz Nundaco,0.0,0.0,SANTA CRUZ NUNDACO,18.0,0.444444444444444,803.5555556,0,-0.19783914488511273,-0.16608729442343717,-0.2538166088502224,-0.2059143493862574,1790
20,Oaxaca,20380,Santa Cruz Papalutla,0.0,0.00273972602739726,,,,0.0,1,-0.19783914488511273,-0.15535889932036942,-0.26405224763674284,-0.20575009728074167,1719
20,Oaxaca,20381,Santa Cruz Tacache de Mina,0.0,0.0,,,,0.0,1,-0.19783914488511273,-0.16608729442343717,-0.26405224763674284,-0.20932622898176426,1826
20,Oaxaca,20382,Santa Cruz Tacahua,0.00273972602739726,0.0,,,,0.0,1,-0.1732157287348979,-0.16608729442343717,-0.26405224763674284,-0.2011184235983593,1482
20,Oaxaca,20383,Santa Cruz Tayata,0.0,0.0,,,,0.0,1,-0.19783914488511273,-0.16608729442343717,-0.26405224763674284,-0.20932622898176426,1826
20,Oaxaca,20384,Santa Cruz Xitla,0.0,0.0,,,,0.0,1,-0.19783914488511273,-0.16608729442343717,-0.26405224763674284,-0.20932622898176426,1826
20,Oaxaca,20385,Santa Cruz Xoxocotl√°n,0.021917808219178,0.0273972602739726,SANTA CRUZ XOXOCOTLAN,93.0,0.607702131128239,42683.78229,0,-0.000851815683394814,-0.058803343392759645,0.2796510153401367,0.07333195208799408,302
20,Oaxaca,20386,Santa Cruz Zenzontepec,0.0,0.0,,,,0.0,1,-0.19783914488511273,-0.16608729442343717,-0.26405224763674284,-0.20932622898176426,1826
20,Oaxaca,20387,Santa Gertrudis,0.0,0.0,,,,0.0,1,-0.19783914488511273,-0.16608729442343717,-0.26405224763674284,-0.20932622898176426,1826
20,Oaxaca,20388,Santa In√©s del Monte,0.00273972602739726,0.0,,,,0.0,1,-0.1732157287348979,-0.16608729442343717,-0.26405224763674284,-0.2011184235983593,1482
20,Oaxaca,20389,Santa In√©s Yatzeche,0.0,0.0,,,,0.0,1,-0.19783914488511273,-0.16608729442343717,-0.26405224763674284,-0.20932622898176426,1826
20,Oaxaca,20390,Santa Luc√≠a del Camino,0.0,0.00821917808219178,SANTA LUCIA DEL CAMINO,33.0,0.679817559863169,24979.89624,0,-0.19783914488511273,-0.13390210911423392,0.05414005786786574,-0.09253373204382696,551
20,Oaxaca,20391,Santa Luc√≠a Miahuatl√°n,0.00273972602739726,0.0,,,,0.0,1,-0.1732157287348979,-0.16608729442343717,-0.26405224763674284,-0.2011184235983593,1482
20,Oaxaca,20392,Santa Luc√≠a Monteverde,0.00273972602739726,0.0,,,,0.0,1,-0.1732157287348979,-0.16608729442343717,-0.26405224763674284,-0.2011184235983593,1482
20,Oaxaca,20393,Santa Luc√≠a Ocotl√°n,0.0,0.00273972602739726,,,,0.0,1,-0.19783914488511273,-0.15535889932036942,-0.26405224763674284,-0.20575009728074167,1719
20,Oaxaca,20394,Santa Mar√≠a Alotepec,0.0,0.00273972602739726,,,,0.0,1,-0.19783914488511273,-0.15535889932036942,-0.26405224763674284,-0.20575009728074167,1719
20,Oaxaca,20395,Santa Mar√≠a Apazco,0.0,0.0,,,,0.0,1,-0.19783914488511273,-0.16608729442343717,-0.26405224763674284,-0.20932622898176426,1826
20,Oaxaca,20396,Santa Mar√≠a la Asunci√≥n,0.0,0.0,,,,0.0,1,-0.19783914488511273,-0.16608729442343717,-0.26405224763674284,-0.20932622898176426,1826
20,Oaxaca,20397,Heroica Ciudad de Tlaxiaco,0.00273972602739726,0.0,HEROICA CIUDAD DE TLAXIACO,12.0,0.6,15712.8,0,-0.1732157287348979,-0.16608729442343717,-0.06390361571701259,-0.1344022129584492,719
20,Oaxaca,20398,Ayoquezco de Aldama,0.0,0.0,,,,0.0,1,-0.19783914488511273,-0.16608729442343717,-0.26405224763674284,-0.20932622898176426,1826
20,Oaxaca,20399,Santa Mar√≠a Atzompa,0.010958904109589,0.0246575342465753,SANTA MARIA ATZOMPA,28.0,0.558109965635738,15878.78663,0,-0.09934548028425377,-0.06953173849582756,-0.061789288740823324,-0.07688883584030155,523
20,Oaxaca,20400,Santa Mar√≠a Camotl√°n,0.0,0.00273972602739726,,,,0.0,1,-0.19783914488511273,-0.15535889932036942,-0.26405224763674284,-0.20575009728074167,1719
20,Oaxaca,20401,Santa Mar√≠a Colotepec,0.0164383561643835,0.00547945205479452,SANTA MARIA COLOTEPEC,18.0,0.333333333333333,5795.0,0,-0.05009864798382428,-0.14463050421730167,-0.1902359117847727,-0.12832168799529955,690
20,Oaxaca,20402,Santa Mar√≠a Cortijo,0.00821917808219178,0.0,,,,0.0,1,-0.12396889643446825,-0.16608729442343717,-0.26405224763674284,-0.1847028128315494,1153
20,Oaxaca,20403,Santa Mar√≠a Coyotepec,0.0,0.0,SANTA MARIA COYOTEPEC,11.0,0.207825479388246,532.8645292,0,-0.19783914488511273,-0.16608729442343717,-0.2572646536676265,-0.20706369765872545,1803
20,Oaxaca,20404,Santa Mar√≠a Chacho√°pam,0.0,0.0,,,,0.0,1,-0.19783914488511273,-0.16608729442343717,-0.26405224763674284,-0.20932622898176426,1826
20,Oaxaca,20405,Villa de Chilapa de D√≠az,0.0,0.0,,,,0.0,1,-0.19783914488511273,-0.16608729442343717,-0.26405224763674284,-0.20932622898176426,1826
20,Oaxaca,20406,Santa Mar√≠a Chilchotla,0.00273972602739726,0.00547945205479452,,,,0.0,1,-0.1732157287348979,-0.14463050421730167,-0.26405224763674284,-0.19396616019631416,1331
20,Oaxaca,20407,Santa Mar√≠a Chimalapa,0.00273972602739726,0.0,,,,0.0,1,-0.1732157287348979,-0.16608729442343717,-0.26405224763674284,-0.2011184235983593,1482
20,Oaxaca,20408,Santa Mar√≠a del Rosario,0.0,0.0,,,,0.0,1,-0.19783914488511273,-0.16608729442343717,-0.26405224763674284,-0.20932622898176426,1826
20,Oaxaca,20409,Santa Mar√≠a del Tule,0.0,0.0,SANTA MARIA DEL TULE,4.0,0.0908548707753479,591.4652087,0,-0.19783914488511273,-0.16608729442343717,-0.2565182019956463,-0.20681488043473206,1801
20,Oaxaca,20410,Santa Mar√≠a Ecatepec,0.00273972602739726,0.0,,,,0.0,1,-0.1732157287348979,-0.16608729442343717,-0.26405224763674284,-0.2011184235983593,1482
20,Oaxaca,20411,Santa Mar√≠a Guelac√©,0.0,0.0,,,,0.0,1,-0.19783914488511273,-0.16608729442343717,-0.26405224763674284,-0.20932622898176426,1826
20,Oaxaca,20412,Santa Mar√≠a Guienagati,0.0,0.0,SANTA MARIA GUIENAGATI,18.0,0.341455645803471,675.3992674,0,-0.19783914488511273,-0.16608729442343717,-0.25544905537503915,-0.206458498227863,1798
20,Oaxaca,20413,Santa Mar√≠a Huatulco,0.00821917808219178,0.00273972602739726,,,,0.0,1,-0.12396889643446825,-0.15535889932036942,-0.26405224763674284,-0.18112668113052685,1096
20,Oaxaca,20414,Santa Mar√≠a Huazolotitl√°n,0.00547945205479452,0.0,,,,0.0,1,-0.14859231258468308,-0.16608729442343717,-0.26405224763674284,-0.19291061821495437,1277
20,Oaxaca,20415,Santa Mar√≠a Ipalapa,0.00273972602739726,0.0,,,,0.0,1,-0.1732157287348979,-0.16608729442343717,-0.26405224763674284,-0.2011184235983593,1482
20,Oaxaca,20416,Santa Mar√≠a Ixcatl√°n,0.0,0.0,,,,0.0,1,-0.19783914488511273,-0.16608729442343717,-0.26405224763674284,-0.20932622898176426,1826
20,Oaxaca,20417,Santa Mar√≠a Jacatepec,0.0,0.00273972602739726,SANTA MARIA JACATEPEC,18.0,0.291643224996754,1846.976544,0,-0.19783914488511273,-0.15535889932036942,-0.24052557966735283,-0.1979078746242783,1436
20,Oaxaca,20418,Santa Mar√≠a Jalapa del Marqu√©s,0.0164383561643835,0.0,,,,0.0,1,-0.05009864798382428,-0.16608729442343717,-0.26405224763674284,-0.16007939668133478,886
20,Oaxaca,20419,Santa Mar√≠a Jaltianguis,0.0,0.0,,,,0.0,1,-0.19783914488511273,-0.16608729442343717,-0.26405224763674284,-0.20932622898176426,1826
20,Oaxaca,20420,Santa Mar√≠a Lachix√≠o,0.0,0.00273972602739726,,,,0.0,1,-0.19783914488511273,-0.15535889932036942,-0.26405224763674284,-0.20575009728074167,1719
20,Oaxaca,20421,Santa Mar√≠a Mixtequilla,0.0164383561643835,0.0,,,,0.0,1,-0.05009864798382428,-0.16608729442343717,-0.26405224763674284,-0.16007939668133478,886
20,Oaxaca,20422,Santa Mar√≠a Nativitas,0.0,0.0,,,,0.0,1,-0.19783914488511273,-0.16608729442343717,-0.26405224763674284,-0.20932622898176426,1826
20,Oaxaca,20423,Santa Mar√≠a Nduayaco,0.0,0.0,,,,0.0,1,-0.19783914488511273,-0.16608729442343717,-0.26405224763674284,-0.20932622898176426,1826
20,Oaxaca,20424,Santa Mar√≠a Ozolotepec,0.00547945205479452,0.0,,,,0.0,1,-0.14859231258468308,-0.16608729442343717,-0.26405224763674284,-0.19291061821495437,1277
20,Oaxaca,20425,Santa Mar√≠a P√°palo,0.0,0.0,,,,0.0,1,-0.19783914488511273,-0.16608729442343717,-0.26405224763674284,-0.20932622898176426,1826
20,Oaxaca,20426,Santa Mar√≠a Pe√±oles,0.0,0.0,,,,0.0,1,-0.19783914488511273,-0.16608729442343717,-0.26405224763674284,-0.20932622898176426,1826
20,Oaxaca,20427,Santa Mar√≠a Petapa,0.021917808219178,0.00273972602739726,SANTA MARIA PETAPA,54.0,0.586915313284492,6024.685691,0,-0.000851815683394814,-0.15535889932036942,-0.18731019028222778,-0.114506968428664,636
20,Oaxaca,20428,Santa Mar√≠a Quiegolani,0.0,0.0,SANTA MARIA QUIEGOLANI,12.0,0.576923076923076,738.4615385,0,-0.19783914488511273,-0.16608729442343717,-0.254645772237316,-0.20619073718195527,1794
20,Oaxaca,20429,Santa Mar√≠a Sola,0.0,0.0,,,,0.0,1,-0.19783914488511273,-0.16608729442343717,-0.26405224763674284,-0.20932622898176426,1826
20,Oaxaca,20430,Santa Mar√≠a Tataltepec,0.0,0.0,,,,0.0,1,-0.19783914488511273,-0.16608729442343717,-0.26405224763674284,-0.20932622898176426,1826
20,Oaxaca,20431,Santa Mar√≠a Tecomavaca,0.0,0.0,,,,0.0,1,-0.19783914488511273,-0.16608729442343717,-0.26405224763674284,-0.20932622898176426,1826
20,Oaxaca,20432,Santa Mar√≠a Temaxcalapa,0.0,0.0,,,,0.0,1,-0.19783914488511273,-0.16608729442343717,-0.26405224763674284,-0.20932622898176426,1826
20,Oaxaca,20433,Santa Mar√≠a Temaxcaltepec,0.00273972602739726,0.0,,,,0.0,1,-0.1732157287348979,-0.16608729442343717,-0.26405224763674284,-0.2011184235983593,1482
20,Oaxaca,20434,Santa Mar√≠a Teopoxco,0.0,0.0,SANTA MARIA TEOPOXCO,33.0,0.296095578273186,692.8636532,0,-0.19783914488511273,-0.16608729442343717,-0.2552265951562883,-0.20638434482161272,1796
20,Oaxaca,20435,Santa Mar√≠a Tepantlali,0.0,0.0,,,,0.0,1,-0.19783914488511273,-0.16608729442343717,-0.26405224763674284,-0.20932622898176426,1826
20,Oaxaca,20436,Santa Mar√≠a Texcatitl√°n,0.0,0.0,,,,0.0,1,-0.19783914488511273,-0.16608729442343717,-0.26405224763674284,-0.20932622898176426,1826
20,Oaxaca,20437,Santa Mar√≠a Tlahuitoltepec,0.0,0.0,,,,0.0,1,-0.19783914488511273,-0.16608729442343717,-0.26405224763674284,-0.20932622898176426,1826
20,Oaxaca,20438,Santa Mar√≠a Tlalixtac,0.0,0.0,,,,0.0,1,-0.19783914488511273,-0.16608729442343717,-0.26405224763674284,-0.20932622898176426,1826
20,Oaxaca,20439,Santa Mar√≠a Tonameca,0.021917808219178,0.00821917808219178,SANTA MARIA TONAMECA,34.0,0.346141188086226,5473.530607,0,-0.000851815683394814,-0.13390210911423392,-0.1943307681574762,-0.10969489765170165,614
20,Oaxaca,20440,Santa Mar√≠a Totolapilla,0.0,0.0,,,,0.0,1,-0.19783914488511273,-0.16608729442343717,-0.26405224763674284,-0.20932622898176426,1826
20,Oaxaca,20441,Santa Mar√≠a Xadani,0.00547945205479452,0.0,,,,0.0,1,-0.14859231258468308,-0.16608729442343717,-0.26405224763674284,-0.19291061821495437,1277
20,Oaxaca,20442,Santa Mar√≠a Yalina,0.0,0.0,,,,0.0,1,-0.19783914488511273,-0.16608729442343717,-0.26405224763674284,-0.20932622898176426,1826
20,Oaxaca,20443,Santa Mar√≠a Yaves√≠a,0.0,0.0,,,,0.0,1,-0.19783914488511273,-0.16608729442343717,-0.26405224763674284,-0.20932622898176426,1826
20,Oaxaca,20444,Santa Mar√≠a Yolotepec,0.0,0.0,,,,0.0,1,-0.19783914488511273,-0.16608729442343717,-0.26405224763674284,-0.20932622898176426,1826
20,Oaxaca,20445,Santa Mar√≠a Yosoy√∫a,0.0,0.0,,,,0.0,1,-0.19783914488511273,-0.16608729442343717,-0.26405224763674284,-0.20932622898176426,1826
20,Oaxaca,20446,Santa Mar√≠a Yucuhiti,0.0,0.0,,,,0.0,1,-0.19783914488511273,-0.16608729442343717,-0.26405224763674284,-0.20932622898176426,1826
20,Oaxaca,20447,Santa Mar√≠a Zacatepec,0.00547945205479452,0.0,,,,0.0,1,-0.14859231258468308,-0.16608729442343717,-0.26405224763674284,-0.19291061821495437,1277
20,Oaxaca,20448,Santa Mar√≠a Zaniza,0.0,0.0,,,,0.0,1,-0.19783914488511273,-0.16608729442343717,-0.26405224763674284,-0.20932622898176426,1826
20,Oaxaca,20449,Santa Mar√≠a Zoquitl√°n,0.0,0.0,,,,0.0,1,-0.19783914488511273,-0.16608729442343717,-0.26405224763674284,-0.20932622898176426,1826
20,Oaxaca,20450,Santiago Amoltepec,0.0493150684931506,0.0,,,,0.0,1,0.2453823458187535,-0.16608729442343717,-0.26405224763674284,-0.0615857320804755,472
20,Oaxaca,20451,Santiago Apoala,0.0,0.0,,,,0.0,1,-0.19783914488511273,-0.16608729442343717,-0.26405224763674284,-0.20932622898176426,1826
20,Oaxaca,20452,Santiago Ap√≥stol,0.00547945205479452,0.0,,,,0.0,1,-0.14859231258468308,-0.16608729442343717,-0.26405224763674284,-0.19291061821495437,1277
20,Oaxaca,20453,Santiago Astata,0.00273972602739726,0.0,,,,0.0,1,-0.1732157287348979,-0.16608729442343717,-0.26405224763674284,-0.2011184235983593,1482
20,Oaxaca,20454,Santiago Atitl√°n,0.0,0.0,,,,0.0,1,-0.19783914488511273,-0.16608729442343717,-0.26405224763674284,-0.20932622898176426,1826
20,Oaxaca,20455,Santiago Ayuquililla,0.0,0.0,,,,0.0,1,-0.19783914488511273,-0.16608729442343717,-0.26405224763674284,-0.20932622898176426,1826
20,Oaxaca,20456,Santiago Cacaloxtepec,0.0,0.00273972602739726,,,,0.0,1,-0.19783914488511273,-0.15535889932036942,-0.26405224763674284,-0.20575009728074167,1719
20,Oaxaca,20457,Santiago Camotl√°n,0.0,0.0,,,,0.0,1,-0.19783914488511273,-0.16608729442343717,-0.26405224763674284,-0.20932622898176426,1826
20,Oaxaca,20458,Santiago Comaltepec,0.0,0.0,SANTIAGO COMALTEPEC,17.0,0.0769415292353823,62.70734633,0,-0.19783914488511273,-0.16608729442343717,-0.2632534855078246,-0.2090599749387915,1825
20,Oaxaca,20459,Santiago Chazumba,0.0,0.00547945205479452,,,,0.0,1,-0.19783914488511273,-0.14463050421730167,-0.26405224763674284,-0.2021739655797191,1660
20,Oaxaca,20460,Santiago Cho√°pam,0.0,0.0,,,,0.0,1,-0.19783914488511273,-0.16608729442343717,-0.26405224763674284,-0.20932622898176426,1826
20,Oaxaca,20461,Santiago del R√≠o,0.0,0.0,,,,0.0,1,-0.19783914488511273,-0.16608729442343717,-0.26405224763674284,-0.20932622898176426,1826
20,Oaxaca,20462,Santiago Huajolotitl√°n,0.0,0.00273972602739726,SANTIAGO HUAJOLOTITLAN,21.0,0.58695652173913,1875.913043,0,-0.19783914488511273,-0.15535889932036942,-0.24015698841134522,-0.19778501087227582,1435
20,Oaxaca,20463,Santiago Huauclilla,0.0,0.0,,,,0.0,1,-0.19783914488511273,-0.16608729442343717,-0.26405224763674284,-0.20932622898176426,1826
20,Oaxaca,20464,Santiago Ihuitl√°n Plumas,0.00273972602739726,0.0,,,,0.0,1,-0.1732157287348979,-0.16608729442343717,-0.26405224763674284,-0.2011184235983593,1482
20,Oaxaca,20465,Santiago Ixcuintepec,0.0,0.0,,,,0.0,1,-0.19783914488511273,-0.16608729442343717,-0.26405224763674284,-0.20932622898176426,1826
20,Oaxaca,20466,Santiago Ixtayutla,0.0191780821917808,0.00273972602739726,,,,0.0,1,-0.02547523183360911,-0.15535889932036942,-0.26405224763674284,-0.14829545959690713,797
20,Oaxaca,20467,Santiago Jamiltepec,0.084931506849315,0.0,,,,0.0,1,0.5654867557715465,-0.16608729442343717,-0.26405224763674284,0.04511573790378883,327
20,Oaxaca,20468,Santiago Jocotepec,0.00547945205479452,0.0,SANTIAGO JOCOTEPEC,18.0,0.466628086419753,3846.415316,0,-0.14859231258468308,-0.16608729442343717,-0.21505685768126093,-0.17657882156312707,1062
20,Oaxaca,20469,Santiago Juxtlahuaca,0.021917808219178,0.010958904109589,SANTIAGO JUXTLAHUACA,30.0,0.567085796596945,11718.2609,0,-0.000851815683394814,-0.12317371401116634,-0.11478579686963152,-0.07960377552139757,527
20,Oaxaca,20470,Santiago Lachiguiri,0.0,0.0,,,,0.0,1,-0.19783914488511273,-0.16608729442343717,-0.26405224763674284,-0.20932622898176426,1826
20,Oaxaca,20471,Santiago Lalopa,0.0,0.0,,,,0.0,1,-0.19783914488511273,-0.16608729442343717,-0.26405224763674284,-0.20932622898176426,1826
20,Oaxaca,20472,Santiago Laollaga,0.0,0.0,,,,0.0,1,-0.19783914488511273,-0.16608729442343717,-0.26405224763674284,-0.20932622898176426,1826
20,Oaxaca,20473,Santiago Laxopa,0.0,0.0,,,,0.0,1,-0.19783914488511273,-0.16608729442343717,-0.26405224763674284,-0.20932622898176426,1826
20,Oaxaca,20474,Santiago Llano Grande,0.0,0.0,,,,0.0,1,-0.19783914488511273,-0.16608729442343717,-0.26405224763674284,-0.20932622898176426,1826
20,Oaxaca,20475,Santiago Matatl√°n,0.00273972602739726,0.00273972602739726,,,,0.0,1,-0.1732157287348979,-0.15535889932036942,-0.26405224763674284,-0.1975422918973367,1396
20,Oaxaca,20476,Santiago Miltepec,0.0,0.0,,,,0.0,1,-0.19783914488511273,-0.16608729442343717,-0.26405224763674284,-0.20932622898176426,1826
20,Oaxaca,20477,Santiago Minas,0.0,0.0,,,,0.0,1,-0.19783914488511273,-0.16608729442343717,-0.26405224763674284,-0.20932622898176426,1826
20,Oaxaca,20478,Santiago Nacaltepec,0.0,0.0,SANTIAGO NACALTEPEC,19.0,0.116286900886743,137.1022561,0,-0.19783914488511273,-0.16608729442343717,-0.26230584795040285,-0.20874409575298425,1818
20,Oaxaca,20479,Santiago Nejapilla,0.0,0.0,,,,0.0,1,-0.19783914488511273,-0.16608729442343717,-0.26405224763674284,-0.20932622898176426,1826
20,Oaxaca,20480,Santiago Nundiche,0.0,0.0,,,,0.0,1,-0.19783914488511273,-0.16608729442343717,-0.26405224763674284,-0.20932622898176426,1826
20,Oaxaca,20481,Santiago Nuyo√≥,0.0,0.0,,,,0.0,1,-0.19783914488511273,-0.16608729442343717,-0.26405224763674284,-0.20932622898176426,1826
20,Oaxaca,20482,Santiago Pinotepa Nacional,0.104109589041095,0.00821917808219178,SANTIAGO PINOTEPA NACIONAL,34.0,0.802927123949695,29562.17085,0,0.7378506688230431,-0.13390210911423392,0.11250877600034473,0.23881911190305127,212
20,Oaxaca,20483,Santiago Suchilquitongo,0.0,0.00821917808219178,,,,0.0,1,-0.19783914488511273,-0.13390210911423392,-0.26405224763674284,-0.19859783387869648,1439
20,Oaxaca,20484,Santiago Tamazola,0.00273972602739726,0.0,,,,0.0,1,-0.1732157287348979,-0.16608729442343717,-0.26405224763674284,-0.2011184235983593,1482
20,Oaxaca,20485,Santiago Tapextla,0.0,0.0,,,,0.0,1,-0.19783914488511273,-0.16608729442343717,-0.26405224763674284,-0.20932622898176426,1826
20,Oaxaca,20486,Villa Tej√∫pam de la Uni√≥n,0.00273972602739726,0.00821917808219178,,,,0.0,1,-0.1732157287348979,-0.13390210911423392,-0.26405224763674284,-0.19039002849529155,1249
20,Oaxaca,20487,Santiago Tenango,0.00547945205479452,0.0,,,,0.0,1,-0.14859231258468308,-0.16608729442343717,-0.26405224763674284,-0.19291061821495437,1277
20,Oaxaca,20488,Santiago Tepetlapa,0.0,0.0,,,,0.0,1,-0.19783914488511273,-0.16608729442343717,-0.26405224763674284,-0.20932622898176426,1826
20,Oaxaca,20489,Santiago Tetepec,0.0,0.0,,,,0.0,1,-0.19783914488511273,-0.16608729442343717,-0.26405224763674284,-0.20932622898176426,1826
20,Oaxaca,20490,Santiago Texcalcingo,0.00273972602739726,0.0,,,,0.0,1,-0.1732157287348979,-0.16608729442343717,-0.26405224763674284,-0.2011184235983593,1482
20,Oaxaca,20491,Santiago Textitl√°n,0.0,0.0,,,,0.0,1,-0.19783914488511273,-0.16608729442343717,-0.26405224763674284,-0.20932622898176426,1826
20,Oaxaca,20492,Santiago Tilantongo,0.0,0.0,,,,0.0,1,-0.19783914488511273,-0.16608729442343717,-0.26405224763674284,-0.20932622898176426,1826
20,Oaxaca,20493,Santiago Tillo,0.0,0.0,,,,0.0,1,-0.19783914488511273,-0.16608729442343717,-0.26405224763674284,-0.20932622898176426,1826
20,Oaxaca,20494,Santiago Tlazoyaltepec,0.0,0.0,,,,0.0,1,-0.19783914488511273,-0.16608729442343717,-0.26405224763674284,-0.20932622898176426,1826
20,Oaxaca,20495,Santiago Xanica,0.0,0.0,,,,0.0,1,-0.19783914488511273,-0.16608729442343717,-0.26405224763674284,-0.20932622898176426,1826
20,Oaxaca,20496,Santiago Xiacu√≠,0.0,0.0,,,,0.0,1,-0.19783914488511273,-0.16608729442343717,-0.26405224763674284,-0.20932622898176426,1826
20,Oaxaca,20497,Santiago Yaitepec,0.0,0.0,,,,0.0,1,-0.19783914488511273,-0.16608729442343717,-0.26405224763674284,-0.20932622898176426,1826
20,Oaxaca,20498,Santiago Yaveo,0.00547945205479452,0.0,,,,0.0,1,-0.14859231258468308,-0.16608729442343717,-0.26405224763674284,-0.19291061821495437,1277
20,Oaxaca,20499,Santiago Yolom√©catl,0.0,0.0,,,,0.0,1,-0.19783914488511273,-0.16608729442343717,-0.26405224763674284,-0.20932622898176426,1826
20,Oaxaca,20500,Santiago Yosond√∫a,0.00821917808219178,0.0,,,,0.0,1,-0.12396889643446825,-0.16608729442343717,-0.26405224763674284,-0.1847028128315494,1153
20,Oaxaca,20501,Santiago Yucuyachi,0.0,0.0,,,,0.0,1,-0.19783914488511273,-0.16608729442343717,-0.26405224763674284,-0.20932622898176426,1826
20,Oaxaca,20502,Santiago Zacatepec,0.0,0.0,,,,0.0,1,-0.19783914488511273,-0.16608729442343717,-0.26405224763674284,-0.20932622898176426,1826
20,Oaxaca,20503,Santiago Zoochila,0.0,0.0,,,,0.0,1,-0.19783914488511273,-0.16608729442343717,-0.26405224763674284,-0.20932622898176426,1826
20,Oaxaca,20504,Nuevo Zoqui√°pam,0.0,0.0,,,,0.0,1,-0.19783914488511273,-0.16608729442343717,-0.26405224763674284,-0.20932622898176426,1826
20,Oaxaca,20505,Santo Domingo Ingenio,0.00273972602739726,0.0,SANTO DOMINGO INGENIO,19.0,0.342857142857142,1909.714286,0,-0.1732157287348979,-0.16608729442343717,-0.23972643036035265,-0.1930098178395626,1325
20,Oaxaca,20506,Santo Domingo Albarradas,0.0,0.0,,,,0.0,1,-0.19783914488511273,-0.16608729442343717,-0.26405224763674284,-0.20932622898176426,1826
20,Oaxaca,20507,Santo Domingo Armenta,0.0,0.0,,,,0.0,1,-0.19783914488511273,-0.16608729442343717,-0.26405224763674284,-0.20932622898176426,1826
20,Oaxaca,20508,Santo Domingo Chihuit√°n,0.00273972602739726,0.0,,,,0.0,1,-0.1732157287348979,-0.16608729442343717,-0.26405224763674284,-0.2011184235983593,1482
20,Oaxaca,20509,Santo Domingo de Morelos,0.010958904109589,0.0,,,,0.0,1,-0.09934548028425377,-0.16608729442343717,-0.26405224763674284,-0.17649500744814461,1055
20,Oaxaca,20510,Santo Domingo Ixcatl√°n,0.0,0.0,,,,0.0,1,-0.19783914488511273,-0.16608729442343717,-0.26405224763674284,-0.20932622898176426,1826
20,Oaxaca,20511,Santo Domingo Nuxa√°,0.0,0.0,,,,0.0,1,-0.19783914488511273,-0.16608729442343717,-0.26405224763674284,-0.20932622898176426,1826
20,Oaxaca,20512,Santo Domingo Ozolotepec,0.0,0.0,,,,0.0,1,-0.19783914488511273,-0.16608729442343717,-0.26405224763674284,-0.20932622898176426,1826
20,Oaxaca,20513,Santo Domingo Petapa,0.010958904109589,0.0,,,,0.0,1,-0.09934548028425377,-0.16608729442343717,-0.26405224763674284,-0.17649500744814461,1055
20,Oaxaca,20514,Santo Domingo Roayaga,0.0,0.0,,,,0.0,1,-0.19783914488511273,-0.16608729442343717,-0.26405224763674284,-0.20932622898176426,1826
20,Oaxaca,20515,Santo Domingo Tehuantepec,0.0547945205479452,0.150684931506849,SANTO DOMINGO TEHUANTEPEC,76.0,0.60243835255512,28174.83687,0,0.29462917811918393,0.4239744362452881,0.09483700533485198,0.271146873233108,198
20,Oaxaca,20516,Santo Domingo Teojomulco,0.0,0.0,SANTO DOMINGO TEOJOMULCO,20.0,0.0731720372551118,232.1017022,0,-0.19783914488511273,-0.16608729442343717,-0.26109575113951955,-0.2083407301493565,1817
20,Oaxaca,20517,Santo Domingo Tepuxtepec,0.0,0.0,SANTO DOMINGO TEPUXTEPEC,11.0,0.368421052631578,1358.368421,0,-0.19783914488511273,-0.16608729442343717,-0.24674943839166152,-0.20355862590007048,1707
20,Oaxaca,20518,Santo Domingo Tlatay√°pam,0.0,0.0,,,,0.0,1,-0.19783914488511273,-0.16608729442343717,-0.26405224763674284,-0.20932622898176426,1826
20,Oaxaca,20519,Santo Domingo Tomaltepec,0.00547945205479452,0.0,,,,0.0,1,-0.14859231258468308,-0.16608729442343717,-0.26405224763674284,-0.19291061821495437,1277
20,Oaxaca,20520,Santo Domingo Tonal√°,0.00273972602739726,0.00273972602739726,SANTO DOMINGO TONALA,17.0,0.66668653513739,3338.099481,0,-0.1732157287348979,-0.15535889932036942,-0.22153175196861802,-0.1833687933412951,1143
20,Oaxaca,20521,Santo Domingo Tonaltepec,0.0,0.0,,,,0.0,1,-0.19783914488511273,-0.16608729442343717,-0.26405224763674284,-0.20932622898176426,1826
20,Oaxaca,20522,Santo Domingo Xagac√≠a,0.0,0.0,,,,0.0,1,-0.19783914488511273,-0.16608729442343717,-0.26405224763674284,-0.20932622898176426,1826
20,Oaxaca,20523,Santo Domingo Yanhuitl√°n,0.0,0.0,,,,0.0,1,-0.19783914488511273,-0.16608729442343717,-0.26405224763674284,-0.20932622898176426,1826
20,Oaxaca,20524,Santo Domingo Yodohino,0.0,0.0,,,,0.0,1,-0.19783914488511273,-0.16608729442343717,-0.26405224763674284,-0.20932622898176426,1826
20,Oaxaca,20525,Santo Domingo Zanatepec,0.00547945205479452,0.00547945205479452,,,,0.0,1,-0.14859231258468308,-0.14463050421730167,-0.26405224763674284,-0.18575835481290923,1180
20,Oaxaca,20526,Santos Reyes Nopala,0.0191780821917808,0.0,,,,0.0,1,-0.02547523183360911,-0.16608729442343717,-0.26405224763674284,-0.1518715912979297,829
20,Oaxaca,20527,Santos Reyes P√°palo,0.0,0.0,SANTOS REYES PAPALO,15.0,0.0,0.0,0,-0.19783914488511273,-0.16608729442343717,-0.26405224763674284,-0.20932622898176426,1826
20,Oaxaca,20528,Santos Reyes Tepejillo,0.0,0.0,,,,0.0,1,-0.19783914488511273,-0.16608729442343717,-0.26405224763674284,-0.20932622898176426,1826
20,Oaxaca,20529,Santos Reyes Yucun√°,0.0,0.0,,,,0.0,1,-0.19783914488511273,-0.16608729442343717,-0.26405224763674284,-0.20932622898176426,1826
20,Oaxaca,20530,Santo Tom√°s Jalieza,0.00273972602739726,0.0,,,,0.0,1,-0.1732157287348979,-0.16608729442343717,-0.26405224763674284,-0.2011184235983593,1482
20,Oaxaca,20531,Santo Tom√°s Mazaltepec,0.0,0.0,,,,0.0,1,-0.19783914488511273,-0.16608729442343717,-0.26405224763674284,-0.20932622898176426,1826
20,Oaxaca,20532,Santo Tom√°s Ocotepec,0.0,0.0,,,,0.0,1,-0.19783914488511273,-0.16608729442343717,-0.26405224763674284,-0.20932622898176426,1826
20,Oaxaca,20533,Santo Tom√°s Tamazulapan,0.00273972602739726,0.0,,,,0.0,1,-0.1732157287348979,-0.16608729442343717,-0.26405224763674284,-0.2011184235983593,1482
20,Oaxaca,20534,San Vicente Coatl√°n,0.0,0.0,,,,0.0,1,-0.19783914488511273,-0.16608729442343717,-0.26405224763674284,-0.20932622898176426,1826
20,Oaxaca,20535,San Vicente Lachix√≠o,0.0,0.0,,,,0.0,1,-0.19783914488511273,-0.16608729442343717,-0.26405224763674284,-0.20932622898176426,1826
20,Oaxaca,20536,San Vicente Nu√±√∫,0.0,0.0,,,,0.0,1,-0.19783914488511273,-0.16608729442343717,-0.26405224763674284,-0.20932622898176426,1826
20,Oaxaca,20537,Silacayo√°pam,0.00273972602739726,0.0,,,,0.0,1,-0.1732157287348979,-0.16608729442343717,-0.26405224763674284,-0.2011184235983593,1482
20,Oaxaca,20538,Sitio de Xitlapehua,0.0,0.0,,,,0.0,1,-0.19783914488511273,-0.16608729442343717,-0.26405224763674284,-0.20932622898176426,1826
20,Oaxaca,20539,Soledad Etla,0.00273972602739726,0.00273972602739726,SOLEDAD ETLA,18.0,0.4,1798.8,0,-0.1732157287348979,-0.15535889932036942,-0.24113924937435738,-0.18990462580987488,1242
20,Oaxaca,20540,Villa de Tamazul√°pam del Progreso,0.0,0.00273972602739726,,,,0.0,1,-0.19783914488511273,-0.15535889932036942,-0.26405224763674284,-0.20575009728074167,1719
20,Oaxaca,20541,Tanetze de Zaragoza,0.0,0.0,,,,0.0,1,-0.19783914488511273,-0.16608729442343717,-0.26405224763674284,-0.20932622898176426,1826
20,Oaxaca,20542,Taniche,0.00273972602739726,0.0,,,,0.0,1,-0.1732157287348979,-0.16608729442343717,-0.26405224763674284,-0.2011184235983593,1482
20,Oaxaca,20543,Tataltepec de Vald√©s,0.0,0.0,,,,0.0,1,-0.19783914488511273,-0.16608729442343717,-0.26405224763674284,-0.20932622898176426,1826
20,Oaxaca,20544,Teococuilco de Marcos P√©rez,0.0,0.0,,,,0.0,1,-0.19783914488511273,-0.16608729442343717,-0.26405224763674284,-0.20932622898176426,1826
20,Oaxaca,20545,Teotitl√°n de Flores Mag√≥n,0.00547945205479452,0.00547945205479452,TEOTITLAN DE FLORES MAGON,18.0,0.500023332866676,3298.153904,0,-0.14859231258468308,-0.14463050421730167,-0.22204057614940023,-0.17175446431712835,1004
20,Oaxaca,20546,Teotitl√°n del Valle,0.00273972602739726,0.0,,,,0.0,1,-0.1732157287348979,-0.16608729442343717,-0.26405224763674284,-0.2011184235983593,1482
20,Oaxaca,20547,Teotongo,0.0,0.0,,,,0.0,1,-0.19783914488511273,-0.16608729442343717,-0.26405224763674284,-0.20932622898176426,1826
20,Oaxaca,20548,Tepelmeme Villa de Morelos,0.0,0.0,,,,0.0,1,-0.19783914488511273,-0.16608729442343717,-0.26405224763674284,-0.20932622898176426,1826
20,Oaxaca,20549,"Heroica Villa Tezoatl√°n de Segura y Luna, Cuna de la Independencia de Oaxaca",0.00273972602739726,0.0,"HEROICA VILLA TEZOATLAN DE SEGURA Y LUNA, CUNA DE LA INDEPENDENCIA DE OAXACA",17.0,0.542859094324158,4288.043986,0,-0.1732157287348979,-0.16608729442343717,-0.20943142019608765,-0.1829114811181409,1132
20,Oaxaca,20550,San Jer√≥nimo Tlacochahuaya,0.0,0.00273972602739726,,,,0.0,1,-0.19783914488511273,-0.15535889932036942,-0.26405224763674284,-0.20575009728074167,1719
20,Oaxaca,20551,Tlacolula de Matamoros,0.021917808219178,0.0136986301369863,TLACOLULA DE MATAMOROS,36.0,0.557528123744475,11509.05306,0,-0.000851815683394814,-0.11244531890809842,-0.11745067282826917,-0.07691593580658747,524
20,Oaxaca,20552,Tlacotepec Plumas,0.0,0.0,,,,0.0,1,-0.19783914488511273,-0.16608729442343717,-0.26405224763674284,-0.20932622898176426,1826
20,Oaxaca,20553,Tlalixtac de Cabrera,0.00547945205479452,0.00821917808219178,,,,0.0,1,-0.14859231258468308,-0.13390210911423392,-0.26405224763674284,-0.18218222311188662,1121
20,Oaxaca,20554,Totontepec Villa de Morelos,0.00547945205479452,0.0,,,,0.0,1,-0.14859231258468308,-0.16608729442343717,-0.26405224763674284,-0.19291061821495437,1277
20,Oaxaca,20555,Trinidad Zaachila,0.0,0.0,,,,0.0,1,-0.19783914488511273,-0.16608729442343717,-0.26405224763674284,-0.20932622898176426,1826
20,Oaxaca,20556,La Trinidad Vista Hermosa,0.0,0.0,,,,0.0,1,-0.19783914488511273,-0.16608729442343717,-0.26405224763674284,-0.20932622898176426,1826
20,Oaxaca,20557,Uni√≥n Hidalgo,0.00273972602739726,0.0,UNION HIDALGO,19.0,0.551019236290554,5764.76325,0,-0.1732157287348979,-0.16608729442343717,-0.190621065554069,-0.17664136290413468,1063
20,Oaxaca,20558,Valerio Trujano,0.0,0.0,,,,0.0,1,-0.19783914488511273,-0.16608729442343717,-0.26405224763674284,-0.20932622898176426,1826
20,Oaxaca,20559,San Juan Bautista Valle Nacional,0.0,0.0,,,,0.0,1,-0.19783914488511273,-0.16608729442343717,-0.26405224763674284,-0.20932622898176426,1826
20,Oaxaca,20560,Villa D√≠az Ordaz,0.0,0.0,VILLA DIAZ ORDAZ,15.0,0.263157894736842,1212.894737,0,-0.19783914488511273,-0.16608729442343717,-0.2486024727860994,-0.20417630403154977,1713
20,Oaxaca,20561,Yaxe,0.00273972602739726,0.0,,,,0.0,1,-0.1732157287348979,-0.16608729442343717,-0.26405224763674284,-0.2011184235983593,1482
20,Oaxaca,20562,Magdalena Yodocono de Porfirio D√≠az,0.0,0.0,,,,0.0,1,-0.19783914488511273,-0.16608729442343717,-0.26405224763674284,-0.20932622898176426,1826
20,Oaxaca,20563,Yogana,0.00273972602739726,0.0,,,,0.0,1,-0.1732157287348979,-0.16608729442343717,-0.26405224763674284,-0.2011184235983593,1482
20,Oaxaca,20564,Yutanduchi de Guerrero,0.0,0.0,,,,0.0,1,-0.19783914488511273,-0.16608729442343717,-0.26405224763674284,-0.20932622898176426,1826
20,Oaxaca,20565,Villa de Zaachila,0.0164383561643835,0.00821917808219178,VILLA DE ZAACHILA,50.0,0.43248928557386,13327.15733,0,-0.05009864798382428,-0.13390210911423392,-0.09429177802098339,-0.09276417837301386,554
20,Oaxaca,20566,San Mateo Yucutindoo,0.0,0.0,,,,0.0,1,-0.19783914488511273,-0.16608729442343717,-0.26405224763674284,-0.20932622898176426,1826
20,Oaxaca,20567,Zapotitl√°n Lagunas,0.0,0.0,ZAPOTITLAN LAGUNAS,18.0,0.659102072895176,1413.114844,0,-0.19783914488511273,-0.16608729442343717,-0.24605208199013226,-0.20332617376622739,1704
20,Oaxaca,20568,Zapotitl√°n Palmas,0.00547945205479452,0.00547945205479452,,,,0.0,1,-0.14859231258468308,-0.14463050421730167,-0.26405224763674284,-0.18575835481290923,1180
20,Oaxaca,20569,Santa In√©s de Zaragoza,0.0,0.0,,,,0.0,1,-0.19783914488511273,-0.16608729442343717,-0.26405224763674284,-0.20932622898176426,1826
20,Oaxaca,20570,Zimatl√°n de √Ålvarez,0.0136986301369863,0.0164383561643835,ZIMATLAN DE ALVAREZ,53.0,0.647464710984938,9726.862353,0,-0.07472206413403858,-0.10171692380503089,-0.14015210298878206,-0.10553036364261718,600
20,Oaxaca,20999,Otros Municipios,0.0,0.0,,,,0.0,1,-0.19783914488511273,-0.16608729442343717,-0.26405224763674284,-0.20932622898176426,1826
21,Puebla,21001,Acajete,0.0164383561643835,0.145205479452054,ACAJETE,20.0,0.727254084352997,32153.35758,0,-0.05009864798382428,0.4025176460391507,0.14551514526986128,0.16597804777506256,247
21,Puebla,21002,Acateno,0.0,0.00273972602739726,,,,0.0,1,-0.19783914488511273,-0.15535889932036942,-0.26405224763674284,-0.20575009728074167,1719
21,Puebla,21003,Acatl√°n,0.00547945205479452,0.010958904109589,ACATLAN,35.0,0.32552428097239,8273.525125,0,-0.14859231258468308,-0.12317371401116634,-0.1586646187658691,-0.1434768817872395,764
21,Puebla,21004,Acatzingo,0.0301369863013698,0.268493150684931,ACATZINGO,17.0,1.0,38785.0,0,0.07301843276724988,0.8852954256772008,0.2299885782508608,0.39610081223177046,164
21,Puebla,21005,Acteopan,0.00273972602739726,0.0,,,,0.0,1,-0.1732157287348979,-0.16608729442343717,-0.26405224763674284,-0.2011184235983593,1482
21,Puebla,21006,Ahuacatl√°n,0.00547945205479452,0.00273972602739726,AHUACATLAN,17.0,0.272724462988718,2502.246948,0,-0.14859231258468308,-0.15535889932036942,-0.2321787875680396,-0.17870999982436406,1081
21,Puebla,21007,Ahuatl√°n,0.0,0.0,,,,0.0,1,-0.19783914488511273,-0.16608729442343717,-0.26405224763674284,-0.20932622898176426,1826
21,Puebla,21008,Ahuazotepec,0.0,0.0273972602739726,AHUAZOTEPEC,20.0,0.571428571428571,4184.0,0,-0.19783914488511273,-0.058803343392759645,-0.21075672577226603,-0.1557997380167128,861
21,Puebla,21009,Ahuehuetitla,0.0,0.0,,,,0.0,1,-0.19783914488511273,-0.16608729442343717,-0.26405224763674284,-0.20932622898176426,1826
21,Puebla,21010,Ajalpan,0.0,0.00273972602739726,AJALPAN,31.0,0.729644019741678,32988.66542,0,-0.19783914488511273,-0.15535889932036942,0.15615524260501634,-0.06568093386682194,486
21,Puebla,21011,Albino Zertuche,0.0,0.0,,,,0.0,1,-0.19783914488511273,-0.16608729442343717,-0.26405224763674284,-0.20932622898176426,1826
21,Puebla,21012,Aljojuca,0.0,0.00273972602739726,,,,0.0,1,-0.19783914488511273,-0.15535889932036942,-0.26405224763674284,-0.20575009728074167,1719
21,Puebla,21013,Altepexi,0.00547945205479452,0.00273972602739726,,,,0.0,1,-0.14859231258468308,-0.15535889932036942,-0.26405224763674284,-0.18933448651393178,1229
21,Puebla,21014,Amixtl√°n,0.0,0.0,AMIXTLAN,17.0,0.416666666666666,1323.75,0,-0.19783914488511273,-0.16608729442343717,-0.24719040560325786,-0.20370561497060258,1709
21,Puebla,21015,Amozoc,0.0465753424657534,0.841095890410958,AMOZOC,61.0,0.885391212135183,73048.31657,0,0.22075892966853922,3.12753000221836,0.6664324925448202,1.338240474810573,73
21,Puebla,21016,Aquixtla,0.0,0.00547945205479452,,,,0.0,1,-0.19783914488511273,-0.14463050421730167,-0.26405224763674284,-0.2021739655797191,1660
21,Puebla,21017,Atempan,0.00273972602739726,0.00547945205479452,,,,0.0,1,-0.1732157287348979,-0.14463050421730167,-0.26405224763674284,-0.19396616019631416,1331
21,Puebla,21018,Atexcal,0.0,0.00273972602739726,,,,0.0,1,-0.19783914488511273,-0.15535889932036942,-0.26405224763674284,-0.20575009728074167,1719
21,Puebla,21019,Atlixco,0.0465753424657534,0.16986301369863,ATLIXCO,47.0,0.581790680486086,56472.09419,0,0.22075892966853922,0.49907320196676297,0.4552856420946003,0.39170592457663417,167
21,Puebla,21020,Atoyatempan,0.00547945205479452,0.00273972602739726,ATOYATEMPAN,19.0,0.456158287226365,2218.297751,0,-0.14859231258468308,-0.15535889932036942,-0.2357957141065468,-0.17991564200386642,1091
21,Puebla,21021,Atzala,0.00273972602739726,0.0,,,,0.0,1,-0.1732157287348979,-0.16608729442343717,-0.26405224763674284,-0.2011184235983593,1482
21,Puebla,21022,Atzitzihuac√°n,0.0,0.00273972602739726,,,,0.0,1,-0.19783914488511273,-0.15535889932036942,-0.26405224763674284,-0.20575009728074167,1719
21,Puebla,21023,Atzitzintla,0.00547945205479452,0.0301369863013698,,,,0.0,1,-0.14859231258468308,-0.048074948289692124,-0.26405224763674284,-0.153573169503706,849
21,Puebla,21024,Axutla,0.00547945205479452,0.0,,,,0.0,1,-0.14859231258468308,-0.16608729442343717,-0.26405224763674284,-0.19291061821495437,1277
21,Puebla,21025,Ayotoxco de Guerrero,0.0,0.0,,,,0.0,1,-0.19783914488511273,-0.16608729442343717,-0.26405224763674284,-0.20932622898176426,1826
21,Puebla,21026,Calpan,0.00547945205479452,0.010958904109589,CALPAN,17.0,0.578103119032463,5979.898663,0,-0.14859231258468308,-0.12317371401116634,-0.1878806845532648,-0.15321557038303807,844
21,Puebla,21027,Caltepec,0.0,0.00273972602739726,,,,0.0,1,-0.19783914488511273,-0.15535889932036942,-0.26405224763674284,-0.20575009728074167,1719
21,Puebla,21028,Camocuautla,0.0,0.0,,,,0.0,1,-0.19783914488511273,-0.16608729442343717,-0.26405224763674284,-0.20932622898176426,1826
21,Puebla,21029,Caxhuacan,0.0,0.0,,,,0.0,1,-0.19783914488511273,-0.16608729442343717,-0.26405224763674284,-0.20932622898176426,1826
21,Puebla,21030,Coatepec,0.0,0.0,,,,0.0,1,-0.19783914488511273,-0.16608729442343717,-0.26405224763674284,-0.20932622898176426,1826
21,Puebla,21031,Coatzingo,0.0,0.00273972602739726,,,,0.0,1,-0.19783914488511273,-0.15535889932036942,-0.26405224763674284,-0.20575009728074167,1719
21,Puebla,21032,Cohetzala,0.0,0.0,,,,0.0,1,-0.19783914488511273,-0.16608729442343717,-0.26405224763674284,-0.20932622898176426,1826
21,Puebla,21033,Cohuecan,0.00273972602739726,0.00273972602739726,,,,0.0,1,-0.1732157287348979,-0.15535889932036942,-0.26405224763674284,-0.1975422918973367,1396
21,Puebla,21034,Coronango,0.0410958904109589,0.224657534246575,CORONANGO,27.0,0.742683053848557,23416.054,0,0.17151209736810974,0.7136411040281174,0.034219936382561655,0.3064577125929296,188
21,Puebla,21035,Coxcatl√°n,0.0,0.00273972602739726,,,,0.0,1,-0.19783914488511273,-0.15535889932036942,-0.26405224763674284,-0.20575009728074167,1719
21,Puebla,21036,Coyomeapan,0.0,0.00273972602739726,,,,0.0,1,-0.19783914488511273,-0.15535889932036942,-0.26405224763674284,-0.20575009728074167,1719
21,Puebla,21037,Coyotepec,0.00273972602739726,0.0,,,,0.0,1,-0.1732157287348979,-0.16608729442343717,-0.26405224763674284,-0.2011184235983593,1482
21,Puebla,21038,Cuapiaxtla de Madero,0.0136986301369863,0.0301369863013698,,,,0.0,1,-0.07472206413403858,-0.048074948289692124,-0.26405224763674284,-0.12894975335349118,693
21,Puebla,21039,Cuautempan,0.0,0.0,,,,0.0,1,-0.19783914488511273,-0.16608729442343717,-0.26405224763674284,-0.20932622898176426,1826
21,Puebla,21040,Cuautinch√°n,0.00547945205479452,0.0164383561643835,,,,0.0,1,-0.14859231258468308,-0.10171692380503089,-0.26405224763674284,-0.17145382800881892,995
21,Puebla,21041,Cuautlancingo,0.0301369863013698,0.47945205479452,CUAUTLANCINGO,72.0,0.898062760512277,86623.54163,0,0.07301843276724988,1.7113818486134178,0.8393528328890898,0.8745843714232525,105
21,Puebla,21042,Cuayuca de Andrade,0.0,0.00273972602739726,CUAYUCA DE ANDRADE,18.0,0.608690627528024,1347.641049,0,-0.19783914488511273,-0.15535889932036942,-0.2468860829635961,-0.20002804238969274,1471
21,Puebla,21043,Cuetzalan del Progreso,0.00821917808219178,0.0,CUETZALAN DEL PROGRESO,36.0,0.748111060537096,23860.25416,0,-0.12396889643446825,-0.16608729442343717,0.03987812934132937,-0.083392687172192,532
21,Puebla,21044,Cuyoaco,0.00273972602739726,0.0575342465753424,CUYOACO,19.0,0.890912446932874,9693.127423,0,-0.1732157287348979,0.059209002740985416,-0.14058181634906208,-0.0848628474476582,536
21,Puebla,21045,Chalchicomula de Sesma,0.0136986301369863,0.0547945205479452,CHALCHICOMULA DE SESMA,20.0,0.618181818181818,19419.56364,0,-0.07472206413403858,0.048480607637917894,-0.016687099793956238,-0.014309518763358973,399
21,Puebla,21046,Chapulco,0.00821917808219178,0.00547945205479452,,,,0.0,1,-0.12396889643446825,-0.14463050421730167,-0.26405224763674284,-0.17755054942950424,1071
21,Puebla,21047,Chiautla,0.0191780821917808,0.00273972602739726,,,,0.0,1,-0.02547523183360911,-0.15535889932036942,-0.26405224763674284,-0.14829545959690713,797
21,Puebla,21048,Chiautzingo,0.0,0.0,CHIAUTZINGO,34.0,0.715023409529055,10467.94272,0,-0.19783914488511273,-0.16608729442343717,-0.1307122691210041,-0.164879569476518,936
21,Puebla,21049,Chiconcuautla,0.00547945205479452,0.00547945205479452,,,,0.0,1,-0.14859231258468308,-0.14463050421730167,-0.26405224763674284,-0.18575835481290923,1180
21,Puebla,21050,Chichiquila,0.0,0.0,,,,0.0,1,-0.19783914488511273,-0.16608729442343717,-0.26405224763674284,-0.20932622898176426,1826
21,Puebla,21051,Chietla,0.0547945205479452,0.0328767123287671,CHIETLA,35.0,0.911701477230144,22868.20815,0,0.29462917811918393,-0.03734655318662422,0.02724151131634799,0.0948413787496359,283
21,Puebla,21052,Chigmecatitl√°n,0.0,0.0,,,,0.0,1,-0.19783914488511273,-0.16608729442343717,-0.26405224763674284,-0.20932622898176426,1826
21,Puebla,21053,Chignahuapan,0.0328767123287671,0.161643835616438,CHIGNAHUAPAN,20.0,0.857142857142857,36776.57143,0,0.09764184891746505,0.4668880166575589,0.2044053447982617,0.2563117367910952,206
21,Puebla,21054,Chignautla,0.0,0.010958904109589,,,,0.0,1,-0.19783914488511273,-0.12317371401116634,-0.26405224763674284,-0.19502170217767398,1363
21,Puebla,21055,Chila,0.0,0.00273972602739726,,,,0.0,1,-0.19783914488511273,-0.15535889932036942,-0.26405224763674284,-0.20575009728074167,1719
21,Puebla,21056,Chila de la Sal,0.0,0.0,,,,0.0,1,-0.19783914488511273,-0.16608729442343717,-0.26405224763674284,-0.20932622898176426,1826
21,Puebla,21057,Honey,0.00273972602739726,0.00273972602739726,HONEY,19.0,0.448962156689026,1849.275123,0,-0.1732157287348979,-0.15535889932036942,-0.24049630051645618,-0.18969030952390784,1239
21,Puebla,21058,Chilchotla,0.00273972602739726,0.0,CHILCHOTLA,15.0,0.390244904667981,4689.573019,0,-0.1732157287348979,-0.16608729442343717,-0.2043167692980299,-0.18120659748545498,1113
21,Puebla,21059,Chinantla,0.00547945205479452,0.00821917808219178,,,,0.0,1,-0.14859231258468308,-0.13390210911423392,-0.26405224763674284,-0.18218222311188662,1121
21,Puebla,21060,Domingo Arenas,0.0,0.0,,,,0.0,1,-0.19783914488511273,-0.16608729442343717,-0.26405224763674284,-0.20932622898176426,1826
21,Puebla,21061,Eloxochitl√°n,0.0136986301369863,0.00273972602739726,,,,0.0,1,-0.07472206413403858,-0.15535889932036942,-0.26405224763674284,-0.16471107036371693,932
21,Puebla,21062,Epatl√°n,0.00273972602739726,0.0,,,,0.0,1,-0.1732157287348979,-0.16608729442343717,-0.26405224763674284,-0.2011184235983593,1482
21,Puebla,21063,Esperanza,0.00273972602739726,0.101369863013698,,,,0.0,1,-0.1732157287348979,0.2308633243900673,-0.26405224763674284,-0.06880155066052449,496
21,Puebla,21064,Francisco Z. Mena,0.0,0.0,,,,0.0,1,-0.19783914488511273,-0.16608729442343717,-0.26405224763674284,-0.20932622898176426,1826
21,Puebla,21065,General Felipe √Ångeles,0.00547945205479452,0.021917808219178,,,,0.0,1,-0.14859231258468308,-0.08026013359889547,-0.26405224763674284,-0.1643015646067738,928
21,Puebla,21066,Guadalupe,0.0,0.00273972602739726,GUADALUPE,16.0,0.645810680667308,2852.545777,0,-0.19783914488511273,-0.15535889932036942,-0.22771670370091004,-0.19363824930213072,1328
21,Puebla,21067,Guadalupe Victoria,0.0,0.0136986301369863,,,,0.0,1,-0.19783914488511273,-0.11244531890809842,-0.26405224763674284,-0.19144557047665134,1266
21,Puebla,21068,Hermenegildo Galeana,0.0,0.0,,,,0.0,1,-0.19783914488511273,-0.16608729442343717,-0.26405224763674284,-0.20932622898176426,1826
21,Puebla,21069,Huaquechula,0.0164383561643835,0.00821917808219178,,,,0.0,1,-0.05009864798382428,-0.13390210911423392,-0.26405224763674284,-0.149351001578267,806
21,Puebla,21070,Huatlatlauca,0.0,0.0,,,,0.0,1,-0.19783914488511273,-0.16608729442343717,-0.26405224763674284,-0.20932622898176426,1826
21,Puebla,21071,Huauchinango,0.0383561643835616,0.153424657534246,HUAUCHINANGO,106.0,0.638437615536852,43214.56532,0,0.14688868121789453,0.4347028313483548,0.2864120953068332,0.28933453595769415,192
21,Puebla,21072,Huehuetla,0.00273972602739726,0.0,HUEHUETLA,13.0,0.636363636363636,7014.636364,0,-0.1732157287348979,-0.16608729442343717,-0.1747002625246692,-0.17133442856100142,994
21,Puebla,21073,Huehuetl√°n el Chico,0.010958904109589,0.00273972602739726,HUEHUETLAN EL CHICO,16.0,0.487773237335408,3151.502886,0,-0.09934548028425377,-0.15535889932036942,-0.22390860734831677,-0.15953766231764666,883
21,Puebla,21074,Huejotzingo,0.0356164383561643,0.145205479452054,HUEJOTZINGO,27.0,0.731167383341296,43997.99729,0,0.12226526506767935,0.4025176460391507,0.2963914011592388,0.2737247707553563,196
21,Puebla,21075,Hueyapan,0.0,0.0,HUEYAPAN,19.0,0.8,6378.4,0,-0.19783914488511273,-0.16608729442343717,-0.18280460025137504,-0.18224367985330833,1131
21,Puebla,21076,Hueytamalco,0.00547945205479452,0.00273972602739726,,,,0.0,1,-0.14859231258468308,-0.15535889932036942,-0.26405224763674284,-0.18933448651393178,1229
21,Puebla,21077,Hueytlalpan,0.0,0.0,,,,0.0,1,-0.19783914488511273,-0.16608729442343717,-0.26405224763674284,-0.20932622898176426,1826
21,Puebla,21078,Huitzilan de Serd√°n,0.00547945205479452,0.0,,,,0.0,1,-0.14859231258468308,-0.16608729442343717,-0.26405224763674284,-0.19291061821495437,1277
21,Puebla,21079,Huitziltepec,0.00273972602739726,0.00547945205479452,,,,0.0,1,-0.1732157287348979,-0.14463050421730167,-0.26405224763674284,-0.19396616019631416,1331
21,Puebla,21080,Atlequizayan,0.0,0.0,,,,0.0,1,-0.19783914488511273,-0.16608729442343717,-0.26405224763674284,-0.20932622898176426,1826
21,Puebla,21081,Ixcamilpa de Guerrero,0.00273972602739726,0.0,,,,0.0,1,-0.1732157287348979,-0.16608729442343717,-0.26405224763674284,-0.2011184235983593,1482
21,Puebla,21082,Ixcaquixtla,0.0,0.0,,,,0.0,1,-0.19783914488511273,-0.16608729442343717,-0.26405224763674284,-0.20932622898176426,1826
21,Puebla,21083,Ixtacamaxtitl√°n,0.0,0.00547945205479452,IXTACAMAXTITLAN,36.0,0.617099355846183,10006.26606,0,-0.19783914488511273,-0.14463050421730167,-0.1365930766084201,-0.15968757523694485,885
21,Puebla,21084,Ixtepec,0.0,0.0,,,,0.0,1,-0.19783914488511273,-0.16608729442343717,-0.26405224763674284,-0.20932622898176426,1826
21,Puebla,21085,Iz√∫car de Matamoros,0.0630136986301369,0.0356164383561643,IZUCAR DE MATAMOROS,31.0,0.684136391421054,37791.69426,0,0.36849942656982765,-0.026618158083556703,0.21733591386647255,0.18640572745091447,239
21,Puebla,21086,Jalpan,0.0,0.0164383561643835,JALPAN,19.0,0.769216142986167,5956.040595,0,-0.19783914488511273,-0.10171692380503089,-0.18818458708307792,-0.16258021859107386,921
21,Puebla,21087,Jolalpan,0.00273972602739726,0.0,,,,0.0,1,-0.1732157287348979,-0.16608729442343717,-0.26405224763674284,-0.2011184235983593,1482
21,Puebla,21088,Jonotla,0.00821917808219178,0.0,,,,0.0,1,-0.12396889643446825,-0.16608729442343717,-0.26405224763674284,-0.1847028128315494,1153
21,Puebla,21089,Jopala,0.0,0.0,,,,0.0,1,-0.19783914488511273,-0.16608729442343717,-0.26405224763674284,-0.20932622898176426,1826
21,Puebla,21090,Juan C. Bonilla,0.021917808219178,0.0876712328767123,,,,0.0,1,-0.000851815683394814,0.17722134887473084,-0.26405224763674284,-0.029227571481802272,420
21,Puebla,21091,Juan Galindo,0.00821917808219178,0.00821917808219178,JUAN GALINDO,16.0,0.468068202652325,3177.715028,0,-0.12396889643446825,-0.13390210911423392,-0.22357471877587992,-0.16048190810819404,894
21,Puebla,21092,Juan N. M√©ndez,0.0,0.0,,,,0.0,1,-0.19783914488511273,-0.16608729442343717,-0.26405224763674284,-0.20932622898176426,1826
21,Puebla,21093,Lafragua,0.00273972602739726,0.0,LAFRAGUA,18.0,0.586951265844644,2888.387179,0,-0.1732157287348979,-0.16608729442343717,-0.22726015823629614,-0.18885439379821042,1227
21,Puebla,21094,Libres,0.010958904109589,0.0712328767123287,LIBRES,21.0,0.644053487295405,15077.93619,0,-0.09934548028425377,0.11285097825632416,-0.07199046993948391,-0.019494990655804508,407
21,Puebla,21095,La Magdalena Tlatlauquitepec,0.0,0.0,,,,0.0,1,-0.19783914488511273,-0.16608729442343717,-0.26405224763674284,-0.20932622898176426,1826
21,Puebla,21096,Mazapiltepec de Ju√°rez,0.00273972602739726,0.0547945205479452,,,,0.0,1,-0.1732157287348979,0.048480607637917894,-0.26405224763674284,-0.12959578957790763,696
21,Puebla,21097,Mixtla,0.00273972602739726,0.0,,,,0.0,1,-0.1732157287348979,-0.16608729442343717,-0.26405224763674284,-0.2011184235983593,1482
21,Puebla,21098,Molcaxac,0.00273972602739726,0.0,,,,0.0,1,-0.1732157287348979,-0.16608729442343717,-0.26405224763674284,-0.2011184235983593,1482
21,Puebla,21099,Ca√±ada Morelos,0.0191780821917808,0.0164383561643835,CANADA MORELOS,18.0,0.539995043643472,7009.135666,0,-0.02547523183360911,-0.10171692380503089,-0.17477033006064646,-0.10065416189976216,585
21,Puebla,21100,Naupan,0.00821917808219178,0.0,,,,0.0,1,-0.12396889643446825,-0.16608729442343717,-0.26405224763674284,-0.1847028128315494,1153
21,Puebla,21101,Nauzontla,0.0,0.0,,,,0.0,1,-0.19783914488511273,-0.16608729442343717,-0.26405224763674284,-0.20932622898176426,1826
21,Puebla,21102,Nealtican,0.00273972602739726,0.00821917808219178,,,,0.0,1,-0.1732157287348979,-0.13390210911423392,-0.26405224763674284,-0.19039002849529155,1249
21,Puebla,21103,Nicol√°s Bravo,0.010958904109589,0.021917808219178,,,,0.0,1,-0.09934548028425377,-0.08026013359889547,-0.26405224763674284,-0.14788595383996403,792
21,Puebla,21104,Nopalucan,0.00821917808219178,0.0630136986301369,NOPALUCAN,19.0,0.565217391304347,11378.95652,0,-0.12396889643446825,0.08066579294712081,-0.11910783415524402,-0.054136979214197155,459
21,Puebla,21105,Ocotepec,0.0,0.00547945205479452,,,,0.0,1,-0.19783914488511273,-0.14463050421730167,-0.26405224763674284,-0.2021739655797191,1660
21,Puebla,21106,Ocoyucan,0.021917808219178,0.0301369863013698,OCOYUCAN,41.0,0.724260315028055,20103.29356,0,-0.000851815683394814,-0.048074948289692124,-0.007977792217293504,-0.018968185396793482,404
21,Puebla,21107,Olintla,0.00273972602739726,0.0,,,,0.0,1,-0.1732157287348979,-0.16608729442343717,-0.26405224763674284,-0.2011184235983593,1482
21,Puebla,21108,Oriental,0.00273972602739726,0.0986301369863013,,,,0.0,1,-0.1732157287348979,0.2201349292870017,-0.26405224763674284,-0.07237768236154635,508
21,Puebla,21109,Pahuatl√°n,0.00547945205479452,0.0,PAHUATLAN,16.0,0.769260019773366,9667.290668,0,-0.14859231258468308,-0.16608729442343717,-0.1409109232661294,-0.15186351009141655,828
21,Puebla,21110,Palmar de Bravo,0.00547945205479452,0.128767123287671,PALMAR DE BRAVO,47.0,0.60037729590779,18358.33695,0,-0.14859231258468308,0.3381472754207464,-0.030204936854200348,0.053116675327287664,319
21,Puebla,21111,Pantepec,0.010958904109589,0.00273972602739726,,,,0.0,1,-0.09934548028425377,-0.15535889932036942,-0.26405224763674284,-0.17291887574712203,1015
21,Puebla,21112,Petlalcingo,0.010958904109589,0.0,,,,0.0,1,-0.09934548028425377,-0.16608729442343717,-0.26405224763674284,-0.17649500744814461,1055
21,Puebla,21113,Piaxtla,0.0,0.0,,,,0.0,1,-0.19783914488511273,-0.16608729442343717,-0.26405224763674284,-0.20932622898176426,1826
21,Puebla,21114,Puebla,0.495890410958904,2.31232876712328,PUEBLA,1123.0,0.786887711423216,972278.4562,0,4.258999178303771,8.888678172565717,12.120767953311365,8.422815101393617,5
21,Puebla,21115,Quecholac,0.0164383561643835,0.142465753424657,QUECHOLAC,18.0,0.290907846090647,10155.01109,0,-0.05009864798382428,0.39178925093608397,-0.13469837201984525,0.06899741031080481,306
21,Puebla,21116,Quimixtl√°n,0.00547945205479452,0.0,,,,0.0,1,-0.14859231258468308,-0.16608729442343717,-0.26405224763674284,-0.19291061821495437,1277
21,Puebla,21117,Rafael Lara Grajales,0.00273972602739726,0.0547945205479452,RAFAEL LARA GRAJALES,18.0,0.840904325948703,8692.428017,0,-0.1732157287348979,0.048480607637917894,-0.15332866077359408,-0.09268792729019137,553
21,Puebla,21118,Los Reyes de Ju√°rez,0.0136986301369863,0.0356164383561643,LOS REYES DE JUAREZ,41.0,0.703877610258336,12733.84985,0,-0.07472206413403858,-0.026618158083556703,-0.1018492903949551,-0.0677298375375168,493
21,Puebla,21119,San Andr√©s Cholula,0.0246575342465753,0.243835616438356,SAN ANDRES CHOLULA,83.0,0.415527772226904,47019.87612,0,0.023771600466820385,0.7887398697495922,0.3348838985913766,0.3824651229359297,169
21,Puebla,21120,San Antonio Ca√±ada,0.0,0.00821917808219178,,,,0.0,1,-0.19783914488511273,-0.13390210911423392,-0.26405224763674284,-0.19859783387869648,1439
21,Puebla,21121,San Diego la Mesa Tochimiltzingo,0.0,0.0,,,,0.0,1,-0.19783914488511273,-0.16608729442343717,-0.26405224763674284,-0.20932622898176426,1826
21,Puebla,21122,San Felipe Teotlalcingo,0.00273972602739726,0.0136986301369863,,,,0.0,1,-0.1732157287348979,-0.11244531890809842,-0.26405224763674284,-0.1832377650932464,1138
21,Puebla,21123,San Felipe Tepatl√°n,0.0,0.0,,,,0.0,1,-0.19783914488511273,-0.16608729442343717,-0.26405224763674284,-0.20932622898176426,1826
21,Puebla,21124,San Gabriel Chilac,0.00273972602739726,0.00547945205479452,,,,0.0,1,-0.1732157287348979,-0.14463050421730167,-0.26405224763674284,-0.19396616019631416,1331
21,Puebla,21125,San Gregorio Atzompa,0.00273972602739726,0.0301369863013698,SAN GREGORIO ATZOMPA,8.0,0.691775387870239,4636.970425,0,-0.1732157287348979,-0.048074948289692124,-0.20498681774417118,-0.14209249825625372,761
21,Puebla,21126,San Jer√≥nimo Tecuanipan,0.00273972602739726,0.00547945205479452,,,,0.0,1,-0.1732157287348979,-0.14463050421730167,-0.26405224763674284,-0.19396616019631416,1331
21,Puebla,21127,San Jer√≥nimo Xayacatl√°n,0.0,0.0,,,,0.0,1,-0.19783914488511273,-0.16608729442343717,-0.26405224763674284,-0.20932622898176426,1826
21,Puebla,21128,San Jos√© Chiapa,0.00821917808219178,0.0876712328767123,,,,0.0,1,-0.12396889643446825,0.17722134887473084,-0.26405224763674284,-0.07026659839882675,499
21,Puebla,21129,San Jos√© Miahuatl√°n,0.00273972602739726,0.0191780821917808,,,,0.0,1,-0.1732157287348979,-0.09098852870196299,-0.26405224763674284,-0.1760855016912012,1043
21,Puebla,21130,San Juan Atenco,0.00273972602739726,0.010958904109589,,,,0.0,1,-0.1732157287348979,-0.12317371401116634,-0.26405224763674284,-0.18681389679426905,1195
21,Puebla,21131,San Juan Atzompa,0.0,0.0,,,,0.0,1,-0.19783914488511273,-0.16608729442343717,-0.26405224763674284,-0.20932622898176426,1826
21,Puebla,21132,San Mart√≠n Texmelucan,0.156164383561643,0.536986301369863,SAN MARTIN TEXMELUCAN,114.0,0.915962413215226,97205.59514,0,1.2056955756771253,1.9366781457778426,0.9741463472804064,1.3721733562451248,70
21,Puebla,21133,San Mart√≠n Totoltepec,0.0,0.0,,,,0.0,1,-0.19783914488511273,-0.16608729442343717,-0.26405224763674284,-0.20932622898176426,1826
21,Puebla,21134,San Mat√≠as Tlalancaleca,0.0164383561643835,0.0328767123287671,,,,0.0,1,-0.05009864798382428,-0.03734655318662422,-0.26405224763674284,-0.11716581626906379,643
21,Puebla,21135,San Miguel Ixitl√°n,0.0,0.0,,,,0.0,1,-0.19783914488511273,-0.16608729442343717,-0.26405224763674284,-0.20932622898176426,1826
21,Puebla,21136,San Miguel Xoxtla,0.0,0.0684931506849315,SAN MIGUEL XOXTLA,4.0,0.727163461538461,6098.719952,0,-0.19783914488511273,0.10212258315325666,-0.18636714664555332,-0.0940279027924698,560
21,Puebla,21137,San Nicol√°s Buenos Aires,0.0,0.010958904109589,,,,0.0,1,-0.19783914488511273,-0.12317371401116634,-0.26405224763674284,-0.19502170217767398,1363
21,Puebla,21138,San Nicol√°s de los Ranchos,0.0,0.00547945205479452,SAN NICOLAS DE LOS RANCHOS,55.0,0.450124080234939,3414.191149,0,-0.19783914488511273,-0.14463050421730167,-0.22056250121441187,-0.1876773834389421,1210
21,Puebla,21139,San Pablo Anicano,0.00273972602739726,0.0,,,,0.0,1,-0.1732157287348979,-0.16608729442343717,-0.26405224763674284,-0.2011184235983593,1482
21,Puebla,21140,San Pedro Cholula,0.010958904109589,0.263013698630136,SAN PEDRO CHOLULA,90.0,0.541997761611639,53413.87941,0,-0.09934548028425377,0.8638386354710634,0.4163302996773546,0.39360781828805474,166
21,Puebla,21141,San Pedro Yeloixtlahuaca,0.0,0.0,,,,0.0,1,-0.19783914488511273,-0.16608729442343717,-0.26405224763674284,-0.20932622898176426,1826
21,Puebla,21142,San Salvador el Seco,0.00547945205479452,0.0493150684931506,SAN SALVADOR EL SECO,18.0,1.0,20097.0,0,-0.14859231258468308,0.027023817431782067,-0.008057959178236453,-0.04320881811037916,440
21,Puebla,21143,San Salvador el Verde,0.021917808219178,0.112328767123287,,,,0.0,1,-0.000851815683394814,0.27377690480233813,-0.26405224763674284,0.0029576138274001553,371
21,Puebla,21144,San Salvador Huixcolotla,0.010958904109589,0.0630136986301369,,,,0.0,1,-0.09934548028425377,0.08066579294712081,-0.26405224763674284,-0.09424397832462528,563
21,Puebla,21145,San Sebasti√°n Tlacotepec,0.00547945205479452,0.0,,,,0.0,1,-0.14859231258468308,-0.16608729442343717,-0.26405224763674284,-0.19291061821495437,1277
21,Puebla,21146,Santa Catarina Tlaltempan,0.0,0.0,,,,0.0,1,-0.19783914488511273,-0.16608729442343717,-0.26405224763674284,-0.20932622898176426,1826
21,Puebla,21147,Santa In√©s Ahuatempan,0.0,0.0,,,,0.0,1,-0.19783914488511273,-0.16608729442343717,-0.26405224763674284,-0.20932622898176426,1826
21,Puebla,21148,Santa Isabel Cholula,0.00273972602739726,0.0164383561643835,SANTA ISABEL CHOLULA,16.0,0.318184833808797,2267.066941,0,-0.1732157287348979,-0.10171692380503089,-0.23517449531305784,-0.17003571595099554,980
21,Puebla,21149,Santiago Miahuatl√°n,0.010958904109589,0.0191780821917808,SANTIAGO MIAHUATLAN,36.0,0.66380110303773,12853.18076,0,-0.09934548028425377,-0.09098852870196299,-0.10032926096784878,-0.09688775665135518,577
21,Puebla,21150,Huehuetl√°n el Grande,0.0,0.0,,,,0.0,1,-0.19783914488511273,-0.16608729442343717,-0.26405224763674284,-0.20932622898176426,1826
21,Puebla,21151,Santo Tom√°s Hueyotlipan,0.0,0.010958904109589,,,,0.0,1,-0.19783914488511273,-0.12317371401116634,-0.26405224763674284,-0.19502170217767398,1363
21,Puebla,21152,Soltepec,0.00273972602739726,0.0191780821917808,,,,0.0,1,-0.1732157287348979,-0.09098852870196299,-0.26405224763674284,-0.1760855016912012,1043
21,Puebla,21153,Tecali de Herrera,0.00273972602739726,0.0356164383561643,TECALI DE HERRERA,17.0,0.772737193277835,11778.0603,0,-0.1732157287348979,-0.026618158083556703,-0.11402407597331636,-0.10461932093059033,595
21,Puebla,21154,Tecamachalco,0.0575342465753424,0.273972602739726,TECAMACHALCO,35.0,0.781563007244942,40381.79746,0,0.31925259426939817,0.9067522158833381,0.25032848120080614,0.4921110971178475,149
21,Puebla,21155,Tecomatl√°n,0.0,0.00273972602739726,TECOMATLAN,13.0,0.200008726384222,914.2398883,0,-0.19783914488511273,-0.15535889932036942,-0.2524067189665064,-0.20186825439066283,1659
21,Puebla,21156,Tehuac√°n,0.104109589041095,0.172602739726027,TEHUACAN,150.0,0.845650509004429,187505.2417,0,0.7378506688230431,0.5098015970698299,2.1243774150607626,1.124009893651212,84
21,Puebla,21157,Tehuitzingo,0.00547945205479452,0.021917808219178,,,,0.0,1,-0.14859231258468308,-0.08026013359889547,-0.26405224763674284,-0.1643015646067738,928
21,Puebla,21158,Tenampulco,0.0,0.00273972602739726,,,,0.0,1,-0.19783914488511273,-0.15535889932036942,-0.26405224763674284,-0.20575009728074167,1719
21,Puebla,21159,Teopantl√°n,0.00273972602739726,0.0,,,,0.0,1,-0.1732157287348979,-0.16608729442343717,-0.26405224763674284,-0.2011184235983593,1482
21,Puebla,21160,Teotlalco,0.00547945205479452,0.0,,,,0.0,1,-0.14859231258468308,-0.16608729442343717,-0.26405224763674284,-0.19291061821495437,1277
21,Puebla,21161,Tepanco de L√≥pez,0.00547945205479452,0.0246575342465753,,,,0.0,1,-0.14859231258468308,-0.06953173849582756,-0.26405224763674284,-0.16072543290575117,897
21,Puebla,21162,Tepango de Rodr√≠guez,0.0,0.0,TEPANGO DE RODRIGUEZ,20.0,0.322015899022999,865.5787366,0,-0.19783914488511273,-0.16608729442343717,-0.2530265615751053,-0.20565100029455174,1717
21,Puebla,21163,Tepatlaxco de Hidalgo,0.0,0.00821917808219178,,,,0.0,1,-0.19783914488511273,-0.13390210911423392,-0.26405224763674284,-0.19859783387869648,1439
21,Puebla,21164,Tepeaca,0.021917808219178,0.150684931506849,TEPEACA,56.0,0.769925579751408,40876.88888,0,-0.000851815683394814,0.4239744362452881,0.25663492374371355,0.2265858481018689,220
21,Puebla,21165,Tepemaxalco,0.0,0.0,,,,0.0,1,-0.19783914488511273,-0.16608729442343717,-0.26405224763674284,-0.20932622898176426,1826
21,Puebla,21166,Tepeojuma,0.00821917808219178,0.00273972602739726,,,,0.0,1,-0.12396889643446825,-0.15535889932036942,-0.26405224763674284,-0.18112668113052685,1096
21,Puebla,21167,Tepetzintla,0.0,0.0,TEPETZINTLA,18.0,0.485765220679595,3034.575334,0,-0.19783914488511273,-0.16608729442343717,-0.22539802295638933,-0.19644148742164638,1387
21,Puebla,21168,Tepexco,0.00273972602739726,0.00547945205479452,,,,0.0,1,-0.1732157287348979,-0.14463050421730167,-0.26405224763674284,-0.19396616019631416,1331
21,Puebla,21169,Tepexi de Rodr√≠guez,0.0,0.0,TEPEXI DE RODRIGUEZ,74.0,0.416129322496476,6180.768827,0,-0.19783914488511273,-0.16608729442343717,-0.18532201337320192,-0.18308281756058395,1136
21,Puebla,21170,Tepeyahualco,0.00547945205479452,0.106849315068493,,,,0.0,1,-0.14859231258468308,0.2523201145962047,-0.26405224763674284,-0.05344148187507375,458
21,Puebla,21171,Tepeyahualco de Cuauht√©moc,0.0,0.010958904109589,,,,0.0,1,-0.19783914488511273,-0.12317371401116634,-0.26405224763674284,-0.19502170217767398,1363
21,Puebla,21172,Tetela de Ocampo,0.010958904109589,0.00273972602739726,TETELA DE OCAMPO,38.0,0.776801563939509,13994.08017,0,-0.09934548028425377,-0.15535889932036942,-0.08579655794422934,-0.11350031251628419,633
21,Puebla,21173,Teteles de Avila Castillo,0.0,0.0,,,,0.0,1,-0.19783914488511273,-0.16608729442343717,-0.26405224763674284,-0.20932622898176426,1826
21,Puebla,21174,Teziutl√°n,0.00821917808219178,0.0136986301369863,TEZIUTLAN,17.0,0.826097544006122,58886.71123,0,-0.12396889643446825,-0.11244531890809842,0.4860428780529316,0.08320955423678832,296
21,Puebla,21175,Tianguismanalco,0.00821917808219178,0.0,,,,0.0,1,-0.12396889643446825,-0.16608729442343717,-0.26405224763674284,-0.1847028128315494,1153
21,Puebla,21176,Tilapa,0.00821917808219178,0.010958904109589,,,,0.0,1,-0.12396889643446825,-0.12317371401116634,-0.26405224763674284,-0.17039828602745913,983
21,Puebla,21177,Tlacotepec de Benito Ju√°rez,0.021917808219178,0.0547945205479452,TLACOTEPEC DE BENITO JUAREZ,19.0,0.871807907395096,27917.90462,0,-0.000851815683394814,0.048480607637917894,0.09156421892291028,0.04639767029247779,326
21,Puebla,21178,Tlacuilotepec,0.00273972602739726,0.0,,,,0.0,1,-0.1732157287348979,-0.16608729442343717,-0.26405224763674284,-0.2011184235983593,1482
21,Puebla,21179,Tlachichuca,0.00547945205479452,0.00547945205479452,TLACHICHUCA,19.0,0.645833992595171,13046.49248,0,-0.14859231258468308,-0.14463050421730167,-0.09786686875945497,-0.1303632285204799,702
21,Puebla,21180,Tlahuapan,0.0136986301369863,0.0520547945205479,TLAHUAPAN,35.0,0.843485188672412,22720.96053,0,-0.07472206413403858,0.03775221253484997,0.02536588063967445,-0.0038679903198380523,382
21,Puebla,21181,Tlaltenango,0.0,0.00547945205479452,,,,0.0,1,-0.19783914488511273,-0.14463050421730167,-0.26405224763674284,-0.2021739655797191,1660
21,Puebla,21182,Tlanepantla,0.00547945205479452,0.00821917808219178,,,,0.0,1,-0.14859231258468308,-0.13390210911423392,-0.26405224763674284,-0.18218222311188662,1121
21,Puebla,21183,Tlaola,0.0191780821917808,0.010958904109589,,,,0.0,1,-0.02547523183360911,-0.12317371401116634,-0.26405224763674284,-0.13756706449383943,732
21,Puebla,21184,Tlapacoya,0.00273972602739726,0.0,TLAPACOYA,38.0,0.41017356853127,1639.873927,0,-0.1732157287348979,-0.16608729442343717,-0.24316363943133798,-0.1941555541965577,1359
21,Puebla,21185,Tlapanal√°,0.00273972602739726,0.00547945205479452,,,,0.0,1,-0.1732157287348979,-0.14463050421730167,-0.26405224763674284,-0.19396616019631416,1331
21,Puebla,21186,Tlatlauquitepec,0.00547945205479452,0.010958904109589,,,,0.0,1,-0.14859231258468308,-0.12317371401116634,-0.26405224763674284,-0.17860609141086412,1076
21,Puebla,21187,Tlaxco,0.0,0.00273972602739726,,,,0.0,1,-0.19783914488511273,-0.15535889932036942,-0.26405224763674284,-0.20575009728074167,1719
21,Puebla,21188,Tochimilco,0.00547945205479452,0.00547945205479452,,,,0.0,1,-0.14859231258468308,-0.14463050421730167,-0.26405224763674284,-0.18575835481290923,1180
21,Puebla,21189,Tochtepec,0.00547945205479452,0.073972602739726,TOCHTEPEC,16.0,0.818150431565967,11728.18644,0,-0.14859231258468308,0.12357937335939208,-0.11465936598194348,-0.04655743506907817,445
21,Puebla,21190,Totoltepec de Guerrero,0.0,0.00273972602739726,,,,0.0,1,-0.19783914488511273,-0.15535889932036942,-0.26405224763674284,-0.20575009728074167,1719
21,Puebla,21191,Tulcingo,0.010958904109589,0.00273972602739726,,,,0.0,1,-0.09934548028425377,-0.15535889932036942,-0.26405224763674284,-0.17291887574712203,1015
21,Puebla,21192,Tuzamapan de Galeana,0.00273972602739726,0.0,,,,0.0,1,-0.1732157287348979,-0.16608729442343717,-0.26405224763674284,-0.2011184235983593,1482
21,Puebla,21193,Tzicatlacoyan,0.00547945205479452,0.0,,,,0.0,1,-0.14859231258468308,-0.16608729442343717,-0.26405224763674284,-0.19291061821495437,1277
21,Puebla,21194,Venustiano Carranza,0.0164383561643835,0.0356164383561643,VENUSTIANO CARRANZA,18.0,0.5,9285.5,0,-0.05009864798382428,-0.026618158083556703,-0.14577414814520376,-0.07416365140419491,514
21,Puebla,21195,Vicente Guerrero,0.00273972602739726,0.0,,,,0.0,1,-0.1732157287348979,-0.16608729442343717,-0.26405224763674284,-0.2011184235983593,1482
21,Puebla,21196,Xayacatl√°n de Bravo,0.0,0.0,,,,0.0,1,-0.19783914488511273,-0.16608729442343717,-0.26405224763674284,-0.20932622898176426,1826
21,Puebla,21197,Xicotepec,0.0136986301369863,0.0164383561643835,XICOTEPEC,39.0,0.68321839917029,35657.85147,0,-0.07472206413403858,-0.10171692380503089,0.19015516217674955,0.004572058079226689,366
21,Puebla,21198,Xicotl√°n,0.0136986301369863,0.0,,,,0.0,1,-0.07472206413403858,-0.16608729442343717,-0.26405224763674284,-0.16828720206473954,958
21,Puebla,21199,Xiutetelco,0.00273972602739726,0.00821917808219178,,,,0.0,1,-0.1732157287348979,-0.13390210911423392,-0.26405224763674284,-0.19039002849529155,1249
21,Puebla,21200,Xochiapulco,0.0,0.0,XOCHIAPULCO,18.0,0.285714285714285,659.4285714,0,-0.19783914488511273,-0.16608729442343717,-0.2556524890695561,-0.20652630945936867,1799
21,Puebla,21201,Xochiltepec,0.0,0.0,,,,0.0,1,-0.19783914488511273,-0.16608729442343717,-0.26405224763674284,-0.20932622898176426,1826
21,Puebla,21202,Xochitl√°n de Vicente Su√°rez,0.00547945205479452,0.0,XOCHITLAN DE VICENTE SUAREZ,18.0,0.351363889404342,2902.265726,0,-0.14859231258468308,-0.16608729442343717,-0.2270833742006638,-0.18058766040292804,1094
21,Puebla,21203,Xochitl√°n Todos Santos,0.00273972602739726,0.00547945205479452,XOCHITLAN TODOS SANTOS,16.0,0.571390850881246,2570.687438,0,-0.1732157287348979,-0.14463050421730167,-0.23130699702520727,-0.18305107665913564,1135
21,Puebla,21204,Yaon√°huac,0.0,0.0,,,,0.0,1,-0.19783914488511273,-0.16608729442343717,-0.26405224763674284,-0.20932622898176426,1826
21,Puebla,21205,Yehualtepec,0.00547945205479452,0.0164383561643835,,,,0.0,1,-0.14859231258468308,-0.10171692380503089,-0.26405224763674284,-0.17145382800881892,995
21,Puebla,21206,Zacapala,0.0,0.0,,,,0.0,1,-0.19783914488511273,-0.16608729442343717,-0.26405224763674284,-0.20932622898176426,1826
21,Puebla,21207,Zacapoaxtla,0.00821917808219178,0.00547945205479452,ZACAPOAXTLA,20.0,0.627898886827458,23369.76867,0,-0.12396889643446825,-0.14463050421730167,0.03363035683738492,-0.078323014604795,526
21,Puebla,21208,Zacatl√°n,0.0410958904109589,0.0602739726027397,ZACATLAN,37.0,0.762437093469655,43057.10998,0,0.17151209736810974,0.06993739784405331,0.2844064393518502,0.17528531152133775,243
21,Puebla,21209,Zapotitl√°n,0.0,0.00273972602739726,,,,0.0,1,-0.19783914488511273,-0.15535889932036942,-0.26405224763674284,-0.20575009728074167,1719
21,Puebla,21210,Zapotitl√°n de M√©ndez,0.0,0.0,,,,0.0,1,-0.19783914488511273,-0.16608729442343717,-0.26405224763674284,-0.20932622898176426,1826
21,Puebla,21211,Zaragoza,0.00273972602739726,0.0191780821917808,,,,0.0,1,-0.1732157287348979,-0.09098852870196299,-0.26405224763674284,-0.1760855016912012,1043
21,Puebla,21212,Zautla,0.0,0.010958904109589,,,,0.0,1,-0.19783914488511273,-0.12317371401116634,-0.26405224763674284,-0.19502170217767398,1363
21,Puebla,21213,Zihuateutla,0.0,0.0,,,,0.0,1,-0.19783914488511273,-0.16608729442343717,-0.26405224763674284,-0.20932622898176426,1826
21,Puebla,21214,Zinacatepec,0.0,0.00547945205479452,,,,0.0,1,-0.19783914488511273,-0.14463050421730167,-0.26405224763674284,-0.2021739655797191,1660
21,Puebla,21215,Zongozotla,0.0,0.0,,,,0.0,1,-0.19783914488511273,-0.16608729442343717,-0.26405224763674284,-0.20932622898176426,1826
21,Puebla,21216,Zoquiapan,0.00273972602739726,0.0,,,,0.0,1,-0.1732157287348979,-0.16608729442343717,-0.26405224763674284,-0.2011184235983593,1482
21,Puebla,21217,Zoquitl√°n,0.0,0.0,ZOQUITLAN,20.0,0.319182701844872,3783.91093,0,-0.19783914488511273,-0.16608729442343717,-0.21585303451459947,-0.19325982460771648,1326
22,Quer√©taro,22001,Amealco de Bonfil,0.0164383561643835,0.010958904109589,AMEALCO DE BONFIL,112.0,0.476409834324553,19879.15316,0,-0.05009864798382428,-0.12317371401116634,-0.01083287816110622,-0.06136841338536562,471
22,Quer√©taro,22002,Pinal de Amoles,0.00821917808219178,0.0,PINAL DE AMOLES,14.0,0.461527377521613,7677.046398,0,-0.12396889643446825,-0.16608729442343717,-0.1662625262793786,-0.15210623904576134,835
22,Quer√©taro,22003,Arroyo Seco,0.0,0.0,ARROYO SECO,16.0,0.34375,3006.09375,0,-0.19783914488511273,-0.16608729442343717,-0.2257608195344981,-0.1965624196143493,1388
22,Quer√©taro,22004,Cadereyta de Montes,0.0,0.00547945205479452,CADEREYTA DE MONTES,36.0,0.572004904481272,25457.07827,0,-0.19783914488511273,-0.14463050421730167,0.060218371757254044,-0.09408375911505346,561
22,Quer√©taro,22005,Col√≥n,0.010958904109589,0.0136986301369863,COLON,36.0,0.485742227712579,20799.48219,0,-0.09934548028425377,-0.11244531890809842,0.000890213602965865,-0.0703001951964621,501
22,Quer√©taro,22006,Corregidora,0.0438356164383561,0.0821917808219178,CORREGIDORA,212.0,0.356567084352078,55225.82316,0,0.19613551351832403,0.15576455866859543,0.43941072217862776,0.26377026478851573,203
22,Quer√©taro,22007,Ezequiel Montes,0.0,0.0136986301369863,EZEQUIEL MONTES,80.0,0.501746295479977,14809.54366,0,-0.19783914488511273,-0.11244531890809842,-0.07540923665814483,-0.12856456681711867,692
22,Quer√©taro,22008,Huimilpan,0.010958904109589,0.010958904109589,HUIMILPAN,57.0,0.3694562766224,8635.301553,0,-0.09934548028425377,-0.12317371401116634,-0.15405633398371654,-0.12552517609304556,677
22,Quer√©taro,22009,Jalpan de Serra,0.00821917808219178,0.00547945205479452,JALPAN DE SERRA,20.0,0.435905689225074,7811.865857,0,-0.12396889643446825,-0.14463050421730167,-0.164545204715112,-0.14438153512229399,771
22,Quer√©taro,22010,Landa de Matamoros,0.00821917808219178,0.0,LANDA DE MATAMOROS,31.0,0.393267534449053,4860.000191,0,-0.12396889643446825,-0.16608729442343717,-0.20214587898454353,-0.16406735661414965,926
22,Quer√©taro,22011,El Marqu√©s,0.0410958904109589,0.0958904109589041,EL MARQUES,260.0,0.455730114280591,73182.50894,0,0.17151209736810974,0.2094065341839342,0.6681418262898922,0.34968681928064543,175
22,Quer√©taro,22012,Pedro Escobedo,0.00821917808219178,0.0383561643835616,PEDRO ESCOBEDO,92.0,0.582421300382465,29772.21203,0,-0.12396889643446825,-0.015889762980488803,0.11518426699009868,-0.008224797474952797,389
22,Quer√©taro,22013,Pe√±amiller,0.0,0.0,,,,0.0,1,-0.19783914488511273,-0.16608729442343717,-0.26405224763674284,-0.20932622898176426,1826
22,Quer√©taro,22014,Quer√©taro,0.167123287671232,0.484931506849315,QUERETARO,1228.0,0.523630236010778,401057.8231,0,1.3041892402779842,1.7328386388195551,4.844596409138001,2.6272080960785136,40
22,Quer√©taro,22015,San Joaqu√≠n,0.0,0.0,SAN JOAQUIN,17.0,0.195151290830017,1003.272786,0,-0.19783914488511273,-0.16608729442343717,-0.2512726236639184,-0.2050663543241561,1715
22,Quer√©taro,22016,San Juan del R√≠o,0.0520547945205479,0.161643835616438,SAN JUAN DEL RIO,402.0,0.57044296025218,117554.033,0,0.2700057619689687,0.4668880166575589,1.233343434965774,0.6567457378641005,126
22,Quer√©taro,22017,Tequisquiapan,0.00821917808219178,0.0191780821917808,TEQUISQUIAPAN,39.0,0.640113535830138,31894.93715,0,-0.12396889643446825,-0.09098852870196299,0.14222340251716234,-0.024244674206422966,413
22,Quer√©taro,22018,Tolim√°n,0.0,0.0,TOLIMAN,18.0,0.525061881188118,9293.070235,0,-0.19783914488511273,-0.16608729442343717,-0.14567771898053797,-0.1698680527630293,977
22,Quer√©taro,22998,No Especificado,0.0,0.0,,,,0.0,1,-0.19783914488511273,-0.16608729442343717,-0.26405224763674284,-0.20932622898176426,1826
23,Quintana Roo,23001,Cozumel,0.0191780821917808,0.00821917808219178,COZUMEL,107.0,0.55314518985847,34500.21864,0,-0.02547523183360911,-0.13390210911423392,0.17540930992954562,0.005343989660567529,365
23,Quintana Roo,23002,Felipe Carrillo Puerto,0.0273972602739726,0.0,FELIPE CARRILLO PUERTO,110.0,0.639977903512002,33932.9084,0,0.04839501661703559,-0.16608729442343717,0.16818294872020967,0.01683022363793603,348
23,Quintana Roo,23003,Isla Mujeres,0.0164383561643835,0.0,ISLA MUJERES,26.0,0.166708423109685,2592.982813,0,-0.05009864798382428,-0.16608729442343717,-0.23102299997793455,-0.149069647461732,802
23,Quintana Roo,23004,Oth√≥n P. Blanco,0.0465753424657534,0.0328767123287671,OTHON P. BLANCO,345.0,0.726410998922375,120734.5929,0,0.22075892966853922,-0.03734655318662422,1.273857201622497,0.485756526034804,152
23,Quintana Roo,23005,Benito Ju√°rez,0.336986301369863,0.572602739726027,BENITO JUAREZ,1326.0,0.82788158607877,536396.07,0,2.8308410415913117,2.0761472821177223,6.568526260179806,3.825171527962947,24
23,Quintana Roo,23006,Jos√© Mar√≠a Morelos,0.00273972602739726,0.0,JOSE MARIA MORELOS,17.0,0.634158254640182,15612.34207,0,-0.1732157287348979,-0.16608729442343717,-0.06518324234339284,-0.13482875516724263,720
23,Quintana Roo,23007,L√°zaro C√°rdenas,0.00821917808219178,0.0,LAZARO CARDENAS,71.0,0.629976383265856,11916.63327,0,-0.12396889643446825,-0.16608729442343717,-0.11225894242827321,-0.1341050444287262,717
23,Quintana Roo,23008,Solidaridad,0.112328767123287,0.0630136986301369,SOLIDARIDAD,482.0,0.698073114550662,158749.5051,0,0.8117209172736894,0.08066579294712081,1.7580886988336029,0.8834918030181377,103
23,Quintana Roo,23009,Tulum,0.101369863013698,0.021917808219178,TULUM,101.0,0.76360378962711,23861.09122,0,0.7132272526728305,-0.08026013359889547,0.039888791757565455,0.22428530361050014,224
23,Quintana Roo,23010,Bacalar,0.00821917808219178,0.00547945205479452,BACALAR,19.0,0.312536023054755,8394.092507,0,-0.12396889643446825,-0.14463050421730167,-0.15712883923825827,-0.14190941329667606,760
23,Quintana Roo,23011,Puerto Morelos,0.00273972602739726,0.010958904109589,,,,0.0,1,-0.1732157287348979,-0.12317371401116634,-0.26405224763674284,-0.18681389679426905,1195
24,San Luis Potos√≠,24001,Ahualulco,0.010958904109589,0.00273972602739726,AHUALULCO,16.0,0.631584711422626,7729.333698,0,-0.09934548028425377,-0.15535889932036942,-0.16559649402785268,-0.14010029121082532,748
24,San Luis Potos√≠,24002,Alaquines,0.0,0.0,,,,0.0,1,-0.19783914488511273,-0.16608729442343717,-0.26405224763674284,-0.20932622898176426,1826
24,San Luis Potos√≠,24003,Aquism√≥n,0.0,0.0,AQUISMON,69.0,0.765977234869517,22626.20154,0,-0.19783914488511273,-0.16608729442343717,0.02415884674306813,-0.11325586418849393,631
24,San Luis Potos√≠,24004,Armadillo de los Infante,0.0,0.0,,,,0.0,1,-0.19783914488511273,-0.16608729442343717,-0.26405224763674284,-0.20932622898176426,1826
24,San Luis Potos√≠,24005,C√°rdenas,0.0,0.0,,,,0.0,1,-0.19783914488511273,-0.16608729442343717,-0.26405224763674284,-0.20932622898176426,1826
24,San Luis Potos√≠,24006,Catorce,0.0,0.0,,,,0.0,1,-0.19783914488511273,-0.16608729442343717,-0.26405224763674284,-0.20932622898176426,1826
24,San Luis Potos√≠,24007,Cedral,0.00273972602739726,0.010958904109589,,,,0.0,1,-0.1732157287348979,-0.12317371401116634,-0.26405224763674284,-0.18681389679426905,1195
24,San Luis Potos√≠,24008,Cerritos,0.00273972602739726,0.00273972602739726,CERRITOS,18.0,0.395348837209302,6055.55814,0,-0.1732157287348979,-0.15535889932036942,-0.1869169390201127,-0.17183052235846,1006
24,San Luis Potos√≠,24009,Cerro de San Pedro,0.00273972602739726,0.0,,,,0.0,1,-0.1732157287348979,-0.16608729442343717,-0.26405224763674284,-0.2011184235983593,1482
24,San Luis Potos√≠,24010,Ciudad del Ma√≠z,0.00547945205479452,0.00273972602739726,CIUDAD DEL MAIZ,20.0,0.645819093187514,12660.6375,0,-0.14859231258468308,-0.15535889932036942,-0.10278186458237736,-0.13557769216247662,724
24,San Luis Potos√≠,24011,Ciudad Fern√°ndez,0.00547945205479452,0.00273972602739726,CIUDAD FERNANDEZ,17.0,0.444444444444444,14428.44444,0,-0.14859231258468308,-0.15535889932036942,-0.08026365391723782,-0.12807162194076344,688
24,San Luis Potos√≠,24012,Tancanhuitz,0.0,0.0,TANCANHUITZ,19.0,0.733322092957904,9698.918001,0,-0.19783914488511273,-0.16608729442343717,-0.1405080563403606,-0.16814483188297016,956
24,San Luis Potos√≠,24013,Ciudad Valles,0.00821917808219178,0.0191780821917808,CIUDAD VALLES,126.0,0.647181171319102,82428.22989,0,-0.12396889643446825,-0.09098852870196299,0.7859132228108234,0.1903185992247974,235
24,San Luis Potos√≠,24014,Coxcatl√°n,0.0,0.0,,,,0.0,1,-0.19783914488511273,-0.16608729442343717,-0.26405224763674284,-0.20932622898176426,1826
24,San Luis Potos√≠,24015,Charcas,0.0,0.00547945205479452,,,,0.0,1,-0.19783914488511273,-0.14463050421730167,-0.26405224763674284,-0.2021739655797191,1660
24,San Luis Potos√≠,24016,Ebano,0.00547945205479452,0.0,EBANO,19.0,0.521721160911094,14528.36917,0,-0.14859231258468308,-0.16608729442343717,-0.07899081915803205,-0.13122347538871745,706
24,San Luis Potos√≠,24017,Guadalc√°zar,0.00273972602739726,0.0273972602739726,GUADALCAZAR,18.0,0.77777005421938,12767.87321,0,-0.1732157287348979,-0.058803343392759645,-0.10141590303195727,-0.11114499171987162,620
24,San Luis Potos√≠,24018,Huehuetl√°n,0.0,0.0,,,,0.0,1,-0.19783914488511273,-0.16608729442343717,-0.26405224763674284,-0.20932622898176426,1826
24,San Luis Potos√≠,24019,Lagunillas,0.0,0.0,,,,0.0,1,-0.19783914488511273,-0.16608729442343717,-0.26405224763674284,-0.20932622898176426,1826
24,San Luis Potos√≠,24020,Matehuala,0.0164383561643835,0.0684931506849315,MATEHUALA,52.0,0.721169163137032,50221.49935,0,-0.05009864798382428,0.10212258315325666,0.37566596858570783,0.1425633012517134,262
24,San Luis Potos√≠,24021,Mexquitic de Carmona,0.021917808219178,0.0465753424657534,MEXQUITIC DE CARMONA,94.0,0.652495077085634,25323.33394,0,-0.000851815683394814,0.016295422328714546,0.05851474511677487,0.0246527839206982,341
24,San Luis Potos√≠,24022,Moctezuma,0.0,0.00273972602739726,,,,0.0,1,-0.19783914488511273,-0.15535889932036942,-0.26405224763674284,-0.20575009728074167,1719
24,San Luis Potos√≠,24023,Ray√≥n,0.00821917808219178,0.00273972602739726,,,,0.0,1,-0.12396889643446825,-0.15535889932036942,-0.26405224763674284,-0.18112668113052685,1096
24,San Luis Potos√≠,24024,Rioverde,0.0136986301369863,0.00547945205479452,RIOVERDE,87.0,0.564815790734441,37942.63037,0,-0.07472206413403858,-0.14463050421730167,0.2192585282906227,-3.134668690585318e-05,377
24,San Luis Potos√≠,24025,Salinas,0.00821917808219178,0.021917808219178,SALINAS,35.0,0.701358688312039,13698.9379,0,-0.12396889643446825,-0.08026013359889547,-0.08955606112394164,-0.0979283637191018,579
24,San Luis Potos√≠,24026,San Antonio,0.0,0.0,,,,0.0,1,-0.19783914488511273,-0.16608729442343717,-0.26405224763674284,-0.20932622898176426,1826
24,San Luis Potos√≠,24027,San Ciro de Acosta,0.0,0.0,SAN CIRO DE ACOSTA,17.0,0.341523130449722,2405.688931,0,-0.19783914488511273,-0.16608729442343717,-0.23340873735441964,-0.1991117255543232,1464
24,San Luis Potos√≠,24028,San Luis Potos√≠,0.205479452054794,0.706849315068493,SAN LUIS POTOSI,609.0,0.72883574174128,481109.575,0,1.6489170663809953,2.601838642168043,5.864290456383729,3.371682054977589,31
24,San Luis Potos√≠,24029,San Mart√≠n Chalchicuautla,0.00273972602739726,0.0,,,,0.0,1,-0.1732157287348979,-0.16608729442343717,-0.26405224763674284,-0.2011184235983593,1482
24,San Luis Potos√≠,24030,San Nicol√°s Tolentino,0.0,0.0,,,,0.0,1,-0.19783914488511273,-0.16608729442343717,-0.26405224763674284,-0.20932622898176426,1826
24,San Luis Potos√≠,24031,Santa Catarina,0.0,0.0,,,,0.0,1,-0.19783914488511273,-0.16608729442343717,-0.26405224763674284,-0.20932622898176426,1826
24,San Luis Potos√≠,24032,Santa Mar√≠a del R√≠o,0.021917808219178,0.010958904109589,,,,0.0,1,-0.000851815683394814,-0.12317371401116634,-0.26405224763674284,-0.12935925911043467,694
24,San Luis Potos√≠,24033,Santo Domingo,0.00273972602739726,0.00273972602739726,,,,0.0,1,-0.1732157287348979,-0.15535889932036942,-0.26405224763674284,-0.1975422918973367,1396
24,San Luis Potos√≠,24034,San Vicente Tancuayalab,0.00273972602739726,0.00273972602739726,,,,0.0,1,-0.1732157287348979,-0.15535889932036942,-0.26405224763674284,-0.1975422918973367,1396
24,San Luis Potos√≠,24035,Soledad de Graciano S√°nchez,0.0821917808219178,0.24931506849315,SOLEDAD DE GRACIANO SANCHEZ,241.0,0.727727651580298,166961.0996,0,0.5408633396213323,0.8101966599557258,1.8626874594017115,1.0712491529929231,88
24,San Luis Potos√≠,24036,Tamasopo,0.00547945205479452,0.00273972602739726,TAMASOPO,42.0,0.680947125514196,13360.1826,0,-0.14859231258468308,-0.15535889932036942,-0.09387110426396493,-0.13260743872300582,709
24,San Luis Potos√≠,24037,Tamazunchale,0.0,0.0,TAMAZUNCHALE,58.0,0.747832229580573,46129.28325,0,-0.19783914488511273,-0.16608729442343717,0.32353958411350087,-0.013462285065016344,398
24,San Luis Potos√≠,24038,Tampac√°n,0.0,0.0,TAMPACAN,18.0,0.571479738027016,5583.357041,0,-0.19783914488511273,-0.16608729442343717,-0.19293180613201147,-0.1856194151468538,1177
24,San Luis Potos√≠,24039,Tampamol√≥n Corona,0.0,0.0,TAMPAMOLON CORONA,19.0,0.954543460137773,8477.300469,0,-0.19783914488511273,-0.16608729442343717,-0.15606894159053608,-0.17333179363302867,1024
24,San Luis Potos√≠,24040,Tamu√≠n,0.00821917808219178,0.0,TAMUIN,71.0,0.896786757546251,22564.94839,0,-0.12396889643446825,-0.16608729442343717,0.023378608073112844,-0.08889252759493087,547
24,San Luis Potos√≠,24041,Tanlaj√°s,0.0,0.0,,,,0.0,1,-0.19783914488511273,-0.16608729442343717,-0.26405224763674284,-0.20932622898176426,1826
24,San Luis Potos√≠,24042,Tanqui√°n de Escobedo,0.00547945205479452,0.00547945205479452,,,,0.0,1,-0.14859231258468308,-0.14463050421730167,-0.26405224763674284,-0.18575835481290923,1180
24,San Luis Potos√≠,24043,Tierra Nueva,0.00273972602739726,0.0,,,,0.0,1,-0.1732157287348979,-0.16608729442343717,-0.26405224763674284,-0.2011184235983593,1482
24,San Luis Potos√≠,24044,Vanegas,0.0,0.00821917808219178,,,,0.0,1,-0.19783914488511273,-0.13390210911423392,-0.26405224763674284,-0.19859783387869648,1439
24,San Luis Potos√≠,24045,Venado,0.00273972602739726,0.0,,,,0.0,1,-0.1732157287348979,-0.16608729442343717,-0.26405224763674284,-0.2011184235983593,1482
24,San Luis Potos√≠,24046,Villa de Arriaga,0.0,0.0520547945205479,VILLA DE ARRIAGA,17.0,0.525006892748828,6048.079404,0,-0.19783914488511273,0.03775221253484997,-0.18701220267642404,-0.11569971167556226,640
24,San Luis Potos√≠,24047,Villa de Guadalupe,0.0,0.00273972602739726,,,,0.0,1,-0.19783914488511273,-0.15535889932036942,-0.26405224763674284,-0.20575009728074167,1719
24,San Luis Potos√≠,24048,Villa de la Paz,0.0,0.0,,,,0.0,1,-0.19783914488511273,-0.16608729442343717,-0.26405224763674284,-0.20932622898176426,1826
24,San Luis Potos√≠,24049,Villa de Ramos,0.010958904109589,0.010958904109589,,,,0.0,1,-0.09934548028425377,-0.12317371401116634,-0.26405224763674284,-0.1621904806440543,913
24,San Luis Potos√≠,24050,Villa de Reyes,0.00821917808219178,0.0191780821917808,VILLA DE REYES,20.0,0.781802708502923,26198.99056,0,-0.12396889643446825,-0.09098852870196299,0.06966880260649373,-0.0484295408433125,448
24,San Luis Potos√≠,24051,Villa Hidalgo,0.00547945205479452,0.0191780821917808,,,,0.0,1,-0.14859231258468308,-0.09098852870196299,-0.26405224763674284,-0.16787769630779628,953
24,San Luis Potos√≠,24052,Villa Ju√°rez,0.0,0.0,VILLA JUAREZ,18.0,0.641503632240458,4527.732636,0,-0.19783914488511273,-0.16608729442343717,-0.20637828164763117,-0.19010157365206037,1244
24,San Luis Potos√≠,24053,Axtla de Terrazas,0.00273972602739726,0.0,,,,0.0,1,-0.1732157287348979,-0.16608729442343717,-0.26405224763674284,-0.2011184235983593,1482
24,San Luis Potos√≠,24054,Xilitla,0.0,0.00547945205479452,XILITLA,39.0,0.662989255564082,20675.98292,0,-0.19783914488511273,-0.14463050421730167,-0.0006829121246947327,-0.11438418707570304,635
24,San Luis Potos√≠,24055,Zaragoza,0.00547945205479452,0.00547945205479452,,,,0.0,1,-0.14859231258468308,-0.14463050421730167,-0.26405224763674284,-0.18575835481290923,1180
24,San Luis Potos√≠,24056,Villa de Arista,0.0164383561643835,0.00821917808219178,,,,0.0,1,-0.05009864798382428,-0.13390210911423392,-0.26405224763674284,-0.149351001578267,806
24,San Luis Potos√≠,24057,Matlapa,0.0,0.0,MATLAPA,19.0,0.891898257183231,15886.49176,0,-0.19783914488511273,-0.16608729442343717,-0.061691141292356866,-0.1418725268669689,758
24,San Luis Potos√≠,24058,El Naranjo,0.0,0.0,,,,0.0,1,-0.19783914488511273,-0.16608729442343717,-0.26405224763674284,-0.20932622898176426,1826
24,San Luis Potos√≠,24059,Villa de Pozos,0.0,0.0273972602739726,,,,0.0,1,-0.19783914488511273,-0.058803343392759645,-0.26405224763674284,-0.17356491197153842,1028
25,Sinaloa,25001,Ahome,0.0547945205479452,0.145205479452054,AHOME,637.0,0.338572149287024,110488.2809,0,0.29462917811918393,0.4025176460391507,1.1433403409087655,0.6134957216890333,132
25,Sinaloa,25002,Angostura,0.0246575342465753,0.0767123287671232,ANGOSTURA,88.0,0.228489934467964,7304.823205,0,0.023771600466820385,0.13430776846245956,-0.17100388127961685,-0.004308170783445632,383
25,Sinaloa,25003,Badiraguato,0.0301369863013698,0.00547945205479452,,,,0.0,1,0.07301843276724988,-0.14463050421730167,-0.26405224763674284,-0.11188810636226487,624
25,Sinaloa,25004,Concordia,0.0465753424657534,0.0931506849315068,CONCORDIA,52.0,0.263022083533365,4469.008221,0,0.22075892966853922,0.19867813908086626,-0.2071263094544216,0.07077025309832795,304
25,Sinaloa,25005,Cosal√°,0.0,0.0547945205479452,,,,0.0,1,-0.19783914488511273,0.048480607637917894,-0.26405224763674284,-0.13780359496131256,734
25,Sinaloa,25006,Culiac√°n,2.38082191780821,9.06301369863013,CULIACAN,1082.0,0.911129412746281,640341.7513,0,21.199909489651496,35.32344370652467,7.892579637436521,21.471977611204228,1
25,Sinaloa,25007,Choix,0.0191780821917808,0.117808219178082,CHOIX,69.0,0.589830508474576,11396.70508,0,-0.02547523183360911,0.2952336950084755,-0.11888175414388098,0.05029223634366181,320
25,Sinaloa,25008,Elota,0.126027397260273,0.572602739726027,ELOTA,111.0,0.748060269953806,27089.50656,0,0.934837998024761,2.0761472821177223,0.08101213791927257,1.0306658060205853,91
25,Sinaloa,25009,Escuinapa,0.0438356164383561,0.213698630136986,ESCUINAPA,57.0,0.445619436450036,17867.1113,0,0.19613551351832403,0.6707275236158465,-0.03646213746843717,0.2768002998885778,194
25,Sinaloa,25010,El Fuerte,0.0164383561643835,0.0575342465753424,EL FUERTE,38.0,0.597013651877133,40186.18294,0,-0.05009864798382428,0.059209002740985416,0.24783675607469013,0.08564903694395043,294
25,Sinaloa,25011,Guasave,0.0273972602739726,0.104109589041095,GUASAVE,327.0,0.370409760311349,75623.96789,0,0.04839501661703559,0.24159171949313402,0.699240972764784,0.32974256962498455,182
25,Sinaloa,25012,Mazatl√°n,0.306849315068493,1.4958904109589,MAZATLAN,667.0,0.626579570347563,226249.7373,0,2.559983463938947,5.69161643185154,2.61790229851629,3.623167398102259,27
25,Sinaloa,25013,Mocorito,0.0767123287671232,0.0630136986301369,MOCORITO,56.0,0.422463876061373,12087.11396,0,0.4916165073209018,0.08066579294712081,-0.11008737040595817,0.15406497662068816,255
25,Sinaloa,25014,Rosario,0.0246575342465753,0.221917808219178,ROSARIO,19.0,0.804878048780487,28653.65854,0,0.023771600466820385,0.7029127089250505,0.10093620485269864,0.27587350474818984,195
25,Sinaloa,25015,Salvador Alvarado,0.0273972602739726,0.0246575342465753,SALVADOR ALVARADO,132.0,0.449518710485846,25037.29314,0,0.04839501661703559,-0.06953173849582756,0.054871175874295804,0.011244817998501279,355
25,Sinaloa,25016,San Ignacio,0.0684931506849315,0.106849315068493,SAN IGNACIO,19.0,0.523797780517879,7047.699137,0,0.4177462588702581,0.2523201145962047,-0.1742791110568581,0.16526242080320155,248
25,Sinaloa,25017,Sinaloa,0.0191780821917808,0.010958904109589,SINALOA,86.0,0.483685417178416,25622.2676,0,-0.02547523183360911,-0.12317371401116634,0.06232254277752009,-0.02877546768908512,419
25,Sinaloa,25018,Navolato,0.394520547945205,0.56986301369863,NAVOLATO,55.0,0.71751367213552,73067.28729,0,3.3479327807458192,2.0654188870146553,0.6666741403513556,2.0266752693706103,48
25,Sinaloa,25019,Eldorado,0.010958904109589,0.00821917808219178,,,,0.0,1,-0.09934548028425377,-0.13390210911423392,-0.26405224763674284,-0.16576661234507684,940
25,Sinaloa,25020,Juan Jos√© R√≠os,0.00821917808219178,0.0164383561643835,,,,0.0,1,-0.12396889643446825,-0.10171692380503089,-0.26405224763674284,-0.163246022625414,924
26,Sonora,26001,Aconchi,0.0,0.0,,,,0.0,1,-0.19783914488511273,-0.16608729442343717,-0.26405224763674284,-0.20932622898176426,1826
26,Sonora,26002,Agua Prieta,0.00273972602739726,0.0164383561643835,AGUA PRIETA,85.0,0.257340596841059,15765.97167,0,-0.1732157287348979,-0.10171692380503089,-0.06322631841752506,-0.11271965698581797,628
26,Sonora,26003,Alamos,0.00547945205479452,0.00821917808219178,,,,0.0,1,-0.14859231258468308,-0.13390210911423392,-0.26405224763674284,-0.18218222311188662,1121
26,Sonora,26004,Altar,0.0136986301369863,0.0164383561643835,,,,0.0,1,-0.07472206413403858,-0.10171692380503089,-0.26405224763674284,-0.1468304118586041,786
26,Sonora,26005,Arivechi,0.0,0.0,,,,0.0,1,-0.19783914488511273,-0.16608729442343717,-0.26405224763674284,-0.20932622898176426,1826
26,Sonora,26006,Arizpe,0.00273972602739726,0.0,,,,0.0,1,-0.1732157287348979,-0.16608729442343717,-0.26405224763674284,-0.2011184235983593,1482
26,Sonora,26007,Atil,0.0,0.0,,,,0.0,1,-0.19783914488511273,-0.16608729442343717,-0.26405224763674284,-0.20932622898176426,1826
26,Sonora,26008,Bacad√©huachi,0.0,0.0,,,,0.0,1,-0.19783914488511273,-0.16608729442343717,-0.26405224763674284,-0.20932622898176426,1826
26,Sonora,26009,Bacanora,0.00273972602739726,0.0,,,,0.0,1,-0.1732157287348979,-0.16608729442343717,-0.26405224763674284,-0.2011184235983593,1482
26,Sonora,26010,Bacerac,0.0,0.0,,,,0.0,1,-0.19783914488511273,-0.16608729442343717,-0.26405224763674284,-0.20932622898176426,1826
26,Sonora,26011,Bacoachi,0.0,0.0,,,,0.0,1,-0.19783914488511273,-0.16608729442343717,-0.26405224763674284,-0.20932622898176426,1826
26,Sonora,26012,B√°cum,0.0246575342465753,0.0328767123287671,BACUM,17.0,0.771451306308297,12537.62663,0,0.023771600466820385,-0.03734655318662422,-0.10434876910237098,-0.03930790727405827,433
26,Sonora,26013,Ban√°michi,0.0,0.0,,,,0.0,1,-0.19783914488511273,-0.16608729442343717,-0.26405224763674284,-0.20932622898176426,1826
26,Sonora,26014,Bavi√°cora,0.0,0.00273972602739726,,,,0.0,1,-0.19783914488511273,-0.15535889932036942,-0.26405224763674284,-0.20575009728074167,1719
26,Sonora,26015,Bavispe,0.0,0.0,,,,0.0,1,-0.19783914488511273,-0.16608729442343717,-0.26405224763674284,-0.20932622898176426,1826
26,Sonora,26016,Benjam√≠n Hill,0.0,0.010958904109589,,,,0.0,1,-0.19783914488511273,-0.12317371401116634,-0.26405224763674284,-0.19502170217767398,1363
26,Sonora,26017,Caborca,0.0986301369863013,0.0657534246575342,,,,0.0,1,0.6886038365226207,0.09139418805018873,-0.26405224763674284,0.17198192564535553,245
26,Sonora,26018,Cajeme,1.00547945205479,0.30958904109589,CAJEME,254.0,0.838299478175873,264128.0464,0,8.83895458224369,1.0462213522232175,3.10039375425923,4.328523229575379,15
26,Sonora,26019,Cananea,0.00547945205479452,0.00273972602739726,CANANEA,34.0,0.272993902053045,7259.453843,0,-0.14859231258468308,-0.15535889932036942,-0.1715817932835481,-0.15851100172953353,875
26,Sonora,26020,Carb√≥,0.00273972602739726,0.0,,,,0.0,1,-0.1732157287348979,-0.16608729442343717,-0.26405224763674284,-0.2011184235983593,1482
26,Sonora,26021,La Colorada,0.00273972602739726,0.0,,,,0.0,1,-0.1732157287348979,-0.16608729442343717,-0.26405224763674284,-0.2011184235983593,1482
26,Sonora,26022,Cucurpe,0.00273972602739726,0.0,,,,0.0,1,-0.1732157287348979,-0.16608729442343717,-0.26405224763674284,-0.2011184235983593,1482
26,Sonora,26023,Cumpas,0.0,0.0,CUMPAS,17.0,0.100024591171769,422.2037993,0,-0.19783914488511273,-0.16608729442343717,-0.25867424290040003,-0.20753356073631665,1807
26,Sonora,26024,Divisaderos,0.0,0.0,,,,0.0,1,-0.19783914488511273,-0.16608729442343717,-0.26405224763674284,-0.20932622898176426,1826
26,Sonora,26025,Empalme,0.0191780821917808,0.0136986301369863,EMPALME,56.0,0.762821009162472,27357.81267,0,-0.02547523183360911,-0.11244531890809842,0.08442980382555307,-0.017830248972051488,403
26,Sonora,26026,Etchojoa,0.010958904109589,0.00821917808219178,ETCHOJOA,38.0,0.267840775173497,11319.48684,0,-0.09934548028425377,-0.13390210911423392,-0.1198653550994872,-0.11770431483265831,645
26,Sonora,26027,Fronteras,0.0,0.0,,,,0.0,1,-0.19783914488511273,-0.16608729442343717,-0.26405224763674284,-0.20932622898176426,1826
26,Sonora,26028,Granados,0.0,0.0,,,,0.0,1,-0.19783914488511273,-0.16608729442343717,-0.26405224763674284,-0.20932622898176426,1826
26,Sonora,26029,Guaymas,0.0410958904109589,0.115068493150684,GUAYMAS,113.0,0.628838902254913,69411.23803,0,0.17151209736810974,0.28450529990540485,0.6201036209264191,0.3587070060666446,174
26,Sonora,26030,Hermosillo,0.695890410958904,0.372602739726027,HERMOSILLO,610.0,0.599062527614064,399787.9722,0,6.056508557269454,1.2929744395937757,4.828421130360378,4.059301375741202,21
26,Sonora,26031,Huachinera,0.0,0.00273972602739726,,,,0.0,1,-0.19783914488511273,-0.15535889932036942,-0.26405224763674284,-0.20575009728074167,1719
26,Sonora,26032,Hu√°sabas,0.0,0.0,,,,0.0,1,-0.19783914488511273,-0.16608729442343717,-0.26405224763674284,-0.20932622898176426,1826
26,Sonora,26033,Huatabampo,0.00273972602739726,0.0136986301369863,HUATABAMPO,55.0,0.478048977612543,26373.006,0,-0.1732157287348979,-0.11244531890809842,0.07188540004609142,-0.0712585491989683,505
26,Sonora,26034,Hu√©pac,0.0,0.0,,,,0.0,1,-0.19783914488511273,-0.16608729442343717,-0.26405224763674284,-0.20932622898176426,1826
26,Sonora,26035,Imuris,0.00547945205479452,0.00821917808219178,,,,0.0,1,-0.14859231258468308,-0.13390210911423392,-0.26405224763674284,-0.18218222311188662,1121
26,Sonora,26036,Magdalena,0.0164383561643835,0.0246575342465753,MAGDALENA,18.0,0.555574112734864,12499.86196,0,-0.05009864798382428,-0.06953173849582756,-0.10482981303059512,-0.07482006650341565,517
26,Sonora,26037,Mazat√°n,0.0,0.0,,,,0.0,1,-0.19783914488511273,-0.16608729442343717,-0.26405224763674284,-0.20932622898176426,1826
26,Sonora,26038,Moctezuma,0.00273972602739726,0.00273972602739726,,,,0.0,1,-0.1732157287348979,-0.15535889932036942,-0.26405224763674284,-0.1975422918973367,1396
26,Sonora,26039,Naco,0.0,0.0,,,,0.0,1,-0.19783914488511273,-0.16608729442343717,-0.26405224763674284,-0.20932622898176426,1826
26,Sonora,26040,N√°cori Chico,0.0,0.0,,,,0.0,1,-0.19783914488511273,-0.16608729442343717,-0.26405224763674284,-0.20932622898176426,1826
26,Sonora,26041,Nacozari de Garc√≠a,0.0,0.0,,,,0.0,1,-0.19783914488511273,-0.16608729442343717,-0.26405224763674284,-0.20932622898176426,1826
26,Sonora,26042,Navojoa,0.0328767123287671,0.112328767123287,NAVOJOA,89.0,0.380425629328035,44224.85984,0,0.09764184891746505,0.27377690480233813,0.29928116167399876,0.22356663846460065,225
26,Sonora,26043,Nogales,0.172602739726027,0.134246575342465,NOGALES,160.0,0.497600962623148,89504.97795,0,1.3534360725784182,0.35960406562687985,0.8760563826963693,0.8630321736338892,106
26,Sonora,26044,Onavas,0.0,0.0,,,,0.0,1,-0.19783914488511273,-0.16608729442343717,-0.26405224763674284,-0.20932622898176426,1826
26,Sonora,26045,Opodepe,0.0,0.0,,,,0.0,1,-0.19783914488511273,-0.16608729442343717,-0.26405224763674284,-0.20932622898176426,1826
26,Sonora,26046,Oquitoa,0.0,0.00273972602739726,,,,0.0,1,-0.19783914488511273,-0.15535889932036942,-0.26405224763674284,-0.20575009728074167,1719
26,Sonora,26047,Pitiquito,0.00821917808219178,0.00273972602739726,,,,0.0,1,-0.12396889643446825,-0.15535889932036942,-0.26405224763674284,-0.18112668113052685,1096
26,Sonora,26048,Puerto Pe√±asco,0.00821917808219178,0.0164383561643835,PUERTO PENASCO,47.0,0.347918364835976,14640.40479,0,-0.12396889643446825,-0.10171692380503089,-0.07756371666393304,-0.10108317896781072,586
26,Sonora,26049,Quiriego,0.0,0.00821917808219178,,,,0.0,1,-0.19783914488511273,-0.13390210911423392,-0.26405224763674284,-0.19859783387869648,1439
26,Sonora,26050,Ray√≥n,0.00273972602739726,0.0,,,,0.0,1,-0.1732157287348979,-0.16608729442343717,-0.26405224763674284,-0.2011184235983593,1482
26,Sonora,26051,Rosario,0.0,0.0136986301369863,,,,0.0,1,-0.19783914488511273,-0.11244531890809842,-0.26405224763674284,-0.19144557047665134,1266
26,Sonora,26052,Sahuaripa,0.0,0.0,,,,0.0,1,-0.19783914488511273,-0.16608729442343717,-0.26405224763674284,-0.20932622898176426,1826
26,Sonora,26053,San Felipe de Jes√∫s,0.0,0.0,,,,0.0,1,-0.19783914488511273,-0.16608729442343717,-0.26405224763674284,-0.20932622898176426,1826
26,Sonora,26054,San Javier,0.0,0.0,,,,0.0,1,-0.19783914488511273,-0.16608729442343717,-0.26405224763674284,-0.20932622898176426,1826
26,Sonora,26055,San Luis R√≠o Colorado,0.504109589041095,0.0876712328767123,SAN LUIS RIO COLORADO,124.0,0.838701458497753,115438.03,0,4.332869426754409,0.17722134887473084,1.2063899253692638,1.905493566999468,49
26,Sonora,26056,San Miguel de Horcasitas,0.00821917808219178,0.0,,,,0.0,1,-0.12396889643446825,-0.16608729442343717,-0.26405224763674284,-0.1847028128315494,1153
26,Sonora,26057,San Pedro de la Cueva,0.0,0.0,,,,0.0,1,-0.19783914488511273,-0.16608729442343717,-0.26405224763674284,-0.20932622898176426,1826
26,Sonora,26058,Santa Ana,0.010958904109589,0.010958904109589,SANTA ANA,17.0,0.384606722594448,4296.057091,0,-0.09934548028425377,-0.12317371401116634,-0.2093293497819553,-0.14394951469245845,768
26,Sonora,26059,Santa Cruz,0.00273972602739726,0.0,,,,0.0,1,-0.1732157287348979,-0.16608729442343717,-0.26405224763674284,-0.2011184235983593,1482
26,Sonora,26060,S√°ric,0.00273972602739726,0.0,,,,0.0,1,-0.1732157287348979,-0.16608729442343717,-0.26405224763674284,-0.2011184235983593,1482
26,Sonora,26061,Soyopa,0.0,0.0,,,,0.0,1,-0.19783914488511273,-0.16608729442343717,-0.26405224763674284,-0.20932622898176426,1826
26,Sonora,26062,Suaqui Grande,0.0,0.0,SUAQUI GRANDE,17.0,0.0810831139526137,65.83948853,0,-0.19783914488511273,-0.16608729442343717,-0.2632135884827045,-0.20904667593041815,1824
26,Sonora,26063,Tepache,0.0,0.0,,,,0.0,1,-0.19783914488511273,-0.16608729442343717,-0.26405224763674284,-0.20932622898176426,1826
26,Sonora,26064,Trincheras,0.010958904109589,0.00821917808219178,,,,0.0,1,-0.09934548028425377,-0.13390210911423392,-0.26405224763674284,-0.16576661234507684,940
26,Sonora,26065,Tubutama,0.00547945205479452,0.0,,,,0.0,1,-0.14859231258468308,-0.16608729442343717,-0.26405224763674284,-0.19291061821495437,1277
26,Sonora,26066,Ures,0.00273972602739726,0.0191780821917808,,,,0.0,1,-0.1732157287348979,-0.09098852870196299,-0.26405224763674284,-0.1760855016912012,1043
26,Sonora,26067,Villa Hidalgo,0.0,0.0,,,,0.0,1,-0.19783914488511273,-0.16608729442343717,-0.26405224763674284,-0.20932622898176426,1826
26,Sonora,26068,Villa Pesqueira,0.0,0.0,,,,0.0,1,-0.19783914488511273,-0.16608729442343717,-0.26405224763674284,-0.20932622898176426,1826
26,Sonora,26069,Y√©cora,0.00273972602739726,0.00273972602739726,,,,0.0,1,-0.1732157287348979,-0.15535889932036942,-0.26405224763674284,-0.1975422918973367,1396
26,Sonora,26070,General Plutarco El√≠as Calles,0.010958904109589,0.0684931506849315,GENERAL PLUTARCO ELIAS CALLES,19.0,0.451612903225806,3907.806452,0,-0.09934548028425377,0.10212258315325666,-0.2142748613545465,-0.07049925282851453,502
26,Sonora,26071,Benito Ju√°rez,0.00273972602739726,0.0630136986301369,BENITO JUAREZ,19.0,0.399992298213185,5937.885667,0,-0.1732157287348979,0.08066579294712081,-0.18841584338378828,-0.09365525972385513,559
26,Sonora,26072,San Ignacio R√≠o Muerto,0.0,0.00273972602739726,,,,0.0,1,-0.19783914488511273,-0.15535889932036942,-0.26405224763674284,-0.20575009728074167,1719
26,Sonora,26998,No Especificado,0.0,0.0,,,,0.0,1,-0.19783914488511273,-0.16608729442343717,-0.26405224763674284,-0.20932622898176426,1826
26,Sonora,26999,Otros Municipios,0.0,0.0,,,,0.0,1,-0.19783914488511273,-0.16608729442343717,-0.26405224763674284,-0.20932622898176426,1826
27,Tabasco,27001,Balanc√°n,0.00547945205479452,0.00547945205479452,BALANCAN,38.0,0.607019958706125,23306.53131,0,-0.14859231258468308,-0.14463050421730167,0.03282484342855797,-0.08679932445780893,541
27,Tabasco,27002,C√°rdenas,0.123287671232876,0.136986301369863,CARDENAS,245.0,0.9086748809677,142573.8148,0,0.9102145818745484,0.3703324607299505,1.5520438001584935,0.9441969475876641,99
27,Tabasco,27003,Centla,0.0383561643835616,0.0301369863013698,CENTLA,98.0,0.761046993021173,52451.35876,0,0.14688868121789453,-0.048074948289692124,0.4040697737817797,0.16762783556999405,246
27,Tabasco,27004,Centro,0.575342465753424,0.808219178082191,CENTRO,1196.0,0.908415437975873,442742.6077,0,4.973078246659996,2.9987892609815474,5.375574504038887,4.44914733722681,14
27,Tabasco,27005,Comalcalco,0.161643835616438,0.210958904109589,COMALCALCO,274.0,0.897867281265151,127920.0494,0,1.2549424079775593,0.6599991285127798,1.3653850825981175,1.0934422063628189,87
27,Tabasco,27006,Cunduac√°n,0.120547945205479,0.194520547945205,CUNDUACAN,133.0,0.816738295109183,73253.25769,0,0.8855911657243359,0.5956287578943715,0.6690430192995741,0.7167543143060939,121
27,Tabasco,27007,Emiliano Zapata,0.0,0.0191780821917808,EMILIANO ZAPATA,15.0,0.5,11005.0,0,-0.19783914488511273,-0.09098852870196299,-0.12387126816289785,-0.13756631391665786,731
27,Tabasco,27008,Huimanguillo,0.0876712328767123,0.131506849315068,HUIMANGUILLO,268.0,0.796183458198701,96038.83346,0,0.5901101719217617,0.34887567052381313,0.9592842123312969,0.6327566849256239,130
27,Tabasco,27009,Jalapa,0.0301369863013698,0.0301369863013698,JALAPA,147.0,0.787385968032932,20811.39852,0,0.07301843276724988,-0.048074948289692124,0.0010420030451406552,0.008661829174232805,361
27,Tabasco,27010,Jalpa de M√©ndez,0.0794520547945205,0.0904109589041095,JALPA DE MENDEZ,19.0,0.692334989354151,41812.18701,0,0.516239923471117,0.18794974397779834,0.26854869093712164,0.32424611946201237,183
27,Tabasco,27011,Jonuta,0.0136986301369863,0.0,JONUTA,49.0,0.732836871549775,15011.43048,0,-0.07472206413403858,-0.16608729442343717,-0.07283761537959327,-0.10454899131235634,594
27,Tabasco,27012,Macuspana,0.0575342465753424,0.0301369863013698,MACUSPANA,121.0,0.851706315096172,89826.05823,0,0.31925259426939817,-0.048074948289692124,0.8801462825728015,0.3837746428508358,168
27,Tabasco,27013,Nacajuca,0.101369863013698,0.0821917808219178,NACAJUCA,270.0,0.873472721781389,89406.92086,0,0.7132272526728305,0.15576455866859543,0.8748073378149013,0.5812663830521091,138
27,Tabasco,27014,Para√≠so,0.0602739726027397,0.0410958904109589,PARAISO,111.0,0.854236325783862,56323.2179,0,0.3438760104196134,-0.005161367877420875,0.4533892655246201,0.2640346360222709,202
27,Tabasco,27015,Tacotalpa,0.010958904109589,0.0301369863013698,TACOTALPA,56.0,0.664471291769364,20894.29977,0,-0.09934548028425377,-0.048074948289692124,0.0020979938152093933,-0.0484408115862455,449
27,Tabasco,27016,Teapa,0.0273972602739726,0.0712328767123287,,,,0.0,1,0.04839501661703559,0.11285097825632416,-0.26405224763674284,-0.034268750921127696,428
27,Tabasco,27017,Tenosique,0.0301369863013698,0.0191780821917808,TENOSIQUE,73.0,0.677398836360915,28081.56876,0,0.07301843276724988,-0.09098852870196299,0.0936489621714286,0.02522628874557183,339
28,Tamaulipas,28001,Abasolo,0.00547945205479452,0.00273972602739726,,,,0.0,1,-0.14859231258468308,-0.15535889932036942,-0.26405224763674284,-0.18933448651393178,1229
28,Tamaulipas,28002,Aldama,0.0,0.00273972602739726,ALDAMA,19.0,0.34090909090909,6713.863636,0,-0.19783914488511273,-0.15535889932036942,-0.17853148611486097,-0.1772431767734477,1068
28,Tamaulipas,28003,Altamira,0.0273972602739726,0.0164383561643835,ALTAMIRA,249.0,0.422383525044627,77999.87604,0,0.04839501661703559,-0.10171692380503089,0.7295051373814938,0.22539441006449948,221
28,Tamaulipas,28004,Antiguo Morelos,0.0,0.0,,,,0.0,1,-0.19783914488511273,-0.16608729442343717,-0.26405224763674284,-0.20932622898176426,1826
28,Tamaulipas,28005,Burgos,0.00273972602739726,0.0,,,,0.0,1,-0.1732157287348979,-0.16608729442343717,-0.26405224763674284,-0.2011184235983593,1482
28,Tamaulipas,28006,Bustamante,0.0,0.0,,,,0.0,1,-0.19783914488511273,-0.16608729442343717,-0.26405224763674284,-0.20932622898176426,1826
28,Tamaulipas,28007,Camargo,0.0,0.00273972602739726,,,,0.0,1,-0.19783914488511273,-0.15535889932036942,-0.26405224763674284,-0.20575009728074167,1719
28,Tamaulipas,28008,Casas,0.0,0.0,CASAS,15.0,0.466681958940245,1239.973965,0,-0.19783914488511273,-0.16608729442343717,-0.248257539328177,-0.2040613262122423,1710
28,Tamaulipas,28009,Ciudad Madero,0.00273972602739726,0.0383561643835616,CIUDAD MADERO,234.0,0.40729321250018,63707.58242,0,-0.1732157287348979,-0.015889762980488803,0.5474508240167155,0.11944844410044293,268
28,Tamaulipas,28010,Cruillas,0.00273972602739726,0.00273972602739726,,,,0.0,1,-0.1732157287348979,-0.15535889932036942,-0.26405224763674284,-0.1975422918973367,1396
28,Tamaulipas,28011,G√≥mez Far√≠as,0.0,0.00547945205479452,GOMEZ FARIAS,17.0,0.205902472393237,1226.355126,0,-0.19783914488511273,-0.14463050421730167,-0.24843101522007313,-0.19696688810749585,1393
28,Tamaulipas,28012,Gonz√°lez,0.00821917808219178,0.00821917808219178,GONZALEZ,54.0,0.20803633518776,5794.436044,0,-0.12396889643446825,-0.13390210911423392,-0.19024309541988946,-0.14937136698953055,812
28,Tamaulipas,28013,G√º√©mez,0.00547945205479452,0.00273972602739726,GUEMEZ,17.0,0.0833333333333333,860.75,0,-0.14859231258468308,-0.15535889932036942,-0.25308806971015385,-0.1856797605384021,1178
28,Tamaulipas,28014,Guerrero,0.0,0.0,,,,0.0,1,-0.19783914488511273,-0.16608729442343717,-0.26405224763674284,-0.20932622898176426,1826
28,Tamaulipas,28015,Gustavo D√≠az Ordaz,0.00547945205479452,0.00547945205479452,GUSTAVO DIAZ ORDAZ,18.0,0.463451252697757,5071.547058,0,-0.14859231258468308,-0.14463050421730167,-0.19945120865099666,-0.16422467515099382,927
28,Tamaulipas,28016,Hidalgo,0.0,0.00273972602739726,HIDALGO,16.0,0.0588460361187633,715.6266452,0,-0.19783914488511273,-0.15535889932036942,-0.2549366416338607,-0.2027115619464476,1696
28,Tamaulipas,28017,Jaumave,0.00273972602739726,0.0,,,,0.0,1,-0.1732157287348979,-0.16608729442343717,-0.26405224763674284,-0.2011184235983593,1482
28,Tamaulipas,28018,Jim√©nez,0.0,0.0,,,,0.0,1,-0.19783914488511273,-0.16608729442343717,-0.26405224763674284,-0.20932622898176426,1826
28,Tamaulipas,28019,Llera,0.0,0.00821917808219178,LLERA,20.0,0.41033531409168,4302.365768,0,-0.19783914488511273,-0.13390210911423392,-0.20924899026164234,-0.18033008142032966,1093
28,Tamaulipas,28020,Mainero,0.0,0.0,,,,0.0,1,-0.19783914488511273,-0.16608729442343717,-0.26405224763674284,-0.20932622898176426,1826
28,Tamaulipas,28021,El Mante,0.00273972602739726,0.0164383561643835,EL MANTE,151.0,0.542302996798194,41769.80372,0,-0.1732157287348979,-0.10171692380503089,0.26800881532553383,-0.0023079457381316635,381
28,Tamaulipas,28022,Matamoros,0.0876712328767123,0.131506849315068,MATAMOROS,566.0,0.640861428034251,240895.3248,0,0.5901101719217617,0.34887567052381313,2.8044568465144635,1.247814229653346,77
28,Tamaulipas,28023,M√©ndez,0.0,0.00547945205479452,,,,0.0,1,-0.19783914488511273,-0.14463050421730167,-0.26405224763674284,-0.2021739655797191,1660
28,Tamaulipas,28024,Mier,0.00273972602739726,0.0136986301369863,,,,0.0,1,-0.1732157287348979,-0.11244531890809842,-0.26405224763674284,-0.1832377650932464,1138
28,Tamaulipas,28025,Miguel Alem√°n,0.00547945205479452,0.0273972602739726,MIGUEL ALEMAN,51.0,0.747197962154294,15117.30917,0,-0.14859231258468308,-0.058803343392759645,-0.07148893946231862,-0.09296153181325378,556
28,Tamaulipas,28026,Miquihuana,0.0,0.0,,,,0.0,1,-0.19783914488511273,-0.16608729442343717,-0.26405224763674284,-0.20932622898176426,1826
28,Tamaulipas,28027,Nuevo Laredo,0.021917808219178,0.0684931506849315,NUEVO LAREDO,463.0,0.604585005113681,174785.525,0,-0.000851815683394814,0.10212258315325666,1.962354484971183,0.6878750841470148,123
28,Tamaulipas,28028,Nuevo Morelos,0.0,0.0,,,,0.0,1,-0.19783914488511273,-0.16608729442343717,-0.26405224763674284,-0.20932622898176426,1826
28,Tamaulipas,28029,Ocampo,0.00273972602739726,0.0,,,,0.0,1,-0.1732157287348979,-0.16608729442343717,-0.26405224763674284,-0.2011184235983593,1482
28,Tamaulipas,28030,Padilla,0.010958904109589,0.0136986301369863,,,,0.0,1,-0.09934548028425377,-0.11244531890809842,-0.26405224763674284,-0.1586143489430317,878
28,Tamaulipas,28031,Palmillas,0.00273972602739726,0.0,,,,0.0,1,-0.1732157287348979,-0.16608729442343717,-0.26405224763674284,-0.2011184235983593,1482
28,Tamaulipas,28032,Reynosa,0.210958904109589,0.764383561643835,REYNOSA,828.0,0.871071547246366,422583.8108,0,1.6981638986814291,2.8271349393324643,5.118793050658032,3.214697296223975,32
28,Tamaulipas,28033,R√≠o Bravo,0.021917808219178,0.0684931506849315,RIO BRAVO,155.0,0.631183453267544,56799.56778,0,-0.000851815683394814,0.10212258315325666,0.45945697954103515,0.18690924900363234,237
28,Tamaulipas,28034,San Carlos,0.0,0.00273972602739726,,,,0.0,1,-0.19783914488511273,-0.15535889932036942,-0.26405224763674284,-0.20575009728074167,1719
28,Tamaulipas,28035,San Fernando,0.00821917808219178,0.084931506849315,,,,0.0,1,-0.12396889643446825,0.16649295377166293,-0.26405224763674284,-0.07384273009984939,511
28,Tamaulipas,28036,San Nicol√°s,0.00273972602739726,0.0,,,,0.0,1,-0.1732157287348979,-0.16608729442343717,-0.26405224763674284,-0.2011184235983593,1482
28,Tamaulipas,28037,Soto la Marina,0.00547945205479452,0.00547945205479452,SOTO LA MARINA,64.0,0.52488613739875,8608.657539,0,-0.14859231258468308,-0.14463050421730167,-0.15439572371380603,-0.14920618017193024,803
28,Tamaulipas,28038,Tampico,0.00821917808219178,0.0246575342465753,TAMPICO,353.0,0.285432406829786,64206.02189,0,-0.12396889643446825,-0.06953173849582756,0.5537999138043597,0.12009975962468795,267
28,Tamaulipas,28039,Tula,0.0136986301369863,0.00273972602739726,TULA,48.0,0.545134099616858,9987.401839,0,-0.07472206413403858,-0.15535889932036942,-0.1368333678375697,-0.1223047770973259,664
28,Tamaulipas,28040,Valle Hermoso,0.00273972602739726,0.0,VALLE HERMOSO,108.0,0.447981874240867,18600.20742,0,-0.1732157287348979,-0.16608729442343717,-0.02712400642345078,-0.12214234319392862,661
28,Tamaulipas,28041,Victoria,0.0821917808219178,0.112328767123287,VICTORIA,404.0,0.561941822942536,139831.9174,0,0.5408633396213323,0.27377690480233813,1.517117688104992,0.7772526441762208,112
28,Tamaulipas,28042,Villagr√°n,0.0,0.0,,,,0.0,1,-0.19783914488511273,-0.16608729442343717,-0.26405224763674284,-0.20932622898176426,1826
28,Tamaulipas,28043,Xicot√©ncatl,0.0,0.0,XICOTENCATL,17.0,0.212140373063547,3384.275371,0,-0.19783914488511273,-0.16608729442343717,-0.22094356646309543,-0.19495666859054847,1362
29,Tlaxcala,29001,Amaxac de Guerrero,0.0,0.00273972602739726,AMAXAC DE GUERRERO,10.0,0.720607488871432,5759.095051,0,-0.19783914488511273,-0.15535889932036942,-0.19069326670696973,-0.18129710363748397,1115
29,Tlaxcala,29002,Apetatitl√°n de Antonio Carvajal,0.0,0.0136986301369863,APETATITLAN DE ANTONIO CARVAJAL,50.0,0.613071717309351,6839.428078,0,-0.19783914488511273,-0.11244531890809842,-0.1769320543596,-0.16240550605093707,918
29,Tlaxcala,29003,Atlangatepec,0.00273972602739726,0.00547945205479452,,,,0.0,1,-0.1732157287348979,-0.14463050421730167,-0.26405224763674284,-0.19396616019631416,1331
29,Tlaxcala,29004,Atltzayanca,0.00273972602739726,0.0,,,,0.0,1,-0.1732157287348979,-0.16608729442343717,-0.26405224763674284,-0.2011184235983593,1482
29,Tlaxcala,29005,Apizaco,0.010958904109589,0.0493150684931506,APIZACO,135.0,0.872983327038256,50420.02504,0,-0.09934548028425377,0.027023817431782067,0.3781947760073272,0.10195770438495183,278
29,Tlaxcala,29006,Calpulalpan,0.021917808219178,0.0684931506849315,CALPULALPAN,113.0,0.831343228062344,28284.79065,0,-0.000851815683394814,0.10212258315325666,0.09623758948544278,0.06583611898510154,310
29,Tlaxcala,29007,El Carmen Tequexquitla,0.0164383561643835,0.00547945205479452,EL CARMEN TEQUEXQUITLA,17.0,0.725057121096725,8015.506474,0,-0.05009864798382428,-0.14463050421730167,-0.1619512436836065,-0.11889346529491081,650
29,Tlaxcala,29008,Cuapiaxtla,0.0,0.0164383561643835,,,,0.0,1,-0.19783914488511273,-0.10171692380503089,-0.26405224763674284,-0.1878694387756288,1211
29,Tlaxcala,29009,Cuaxomulco,0.0,0.0,CUAXOMULCO,5.0,0.555376776615714,2221.507106,0,-0.19783914488511273,-0.16608729442343717,-0.2357548335497654,-0.19989375761943842,1469
29,Tlaxcala,29010,Chiautempan,0.0191780821917808,0.0684931506849315,CHIAUTEMPAN,155.0,0.829856958702843,41306.95998,0,-0.02547523183360911,0.10212258315325666,0.2621131416484291,0.11292016432269221,270
29,Tlaxcala,29011,Mu√±oz de Domingo Arenas,0.0,0.010958904109589,MUNOZ DE DOMINGO ARENAS,20.0,0.828125,2647.515625,0,-0.19783914488511273,-0.12317371401116634,-0.2303283645395317,-0.18378040781193694,1147
29,Tlaxcala,29012,Espa√±ita,0.0,0.0,ESPANITA,37.0,0.510091203295086,3117.167343,0,-0.19783914488511273,-0.16608729442343717,-0.22434597127821282,-0.19609080352892092,1385
29,Tlaxcala,29013,Huamantla,0.010958904109589,0.0520547945205479,HUAMANTLA,175.0,0.613064946843351,39634.64881,0,-0.09934548028425377,0.03775221253484997,0.24081134993596637,0.05973936072885419,313
29,Tlaxcala,29014,Hueyotlipan,0.0,0.00821917808219178,HUEYOTLIPAN,33.0,0.860543018335684,8737.953808,0,-0.19783914488511273,-0.13390210911423392,-0.15274875618716052,-0.16149667006216906,906
29,Tlaxcala,29015,Ixtacuixtla de Mariano Matamoros,0.0136986301369863,0.0136986301369863,IXTACUIXTLA DE MARIANO MATAMOROS,131.0,0.734172212649583,19889.45941,0,-0.07472206413403858,-0.11244531890809842,-0.01070159781401835,-0.06595632695205178,488
29,Tlaxcala,29016,Ixtenco,0.0,0.00547945205479452,,,,0.0,1,-0.19783914488511273,-0.14463050421730167,-0.26405224763674284,-0.2021739655797191,1660
29,Tlaxcala,29017,Mazatecochco de Jos√© Mar√≠a Morelos,0.00273972602739726,0.00547945205479452,MAZATECOCHCO DE JOSE MARIA MORELOS,17.0,0.704924439812402,5342.622329,0,-0.1732157287348979,-0.14463050421730167,-0.19599826935068607,-0.17128150076762858,993
29,Tlaxcala,29018,Contla de Juan Cuamatzi,0.0,0.0246575342465753,CONTLA DE JUAN CUAMATZI,62.0,0.734313788452893,19533.48109,0,-0.19783914488511273,-0.06953173849582756,-0.015236026670815587,-0.09420230335058528,562
29,Tlaxcala,29019,Tepetitla de Lardiz√°bal,0.00547945205479452,0.0191780821917808,TEPETITLA DE LARDIZABAL,19.0,0.541753768291341,8160.437012,0,-0.14859231258468308,-0.09098852870196299,-0.160105127847849,-0.13322865637816503,713
29,Tlaxcala,29020,Sanct√≥rum de L√°zaro C√°rdenas,0.0,0.00547945205479452,SANCTORUM DE LAZARO CARDENAS,20.0,0.698102291136311,4395.252025,0,-0.19783914488511273,-0.14463050421730167,-0.20806581111707903,-0.18351182007316447,1146
29,Tlaxcala,29021,Nanacamilpa de Mariano Arista,0.00273972602739726,0.00821917808219178,,,,0.0,1,-0.1732157287348979,-0.13390210911423392,-0.26405224763674284,-0.19039002849529155,1249
29,Tlaxcala,29022,Acuamanala de Miguel Hidalgo,0.00273972602739726,0.00273972602739726,ACUAMANALA DE MIGUEL HIDALGO,15.0,0.496927488734125,2133.806637,0,-0.1732157287348979,-0.15535889932036942,-0.23687195646159961,-0.18848219483895565,1223
29,Tlaxcala,29023,Nat√≠vitas,0.021917808219178,0.0493150684931506,NATIVITAS,42.0,0.616207260129537,11034.42341,0,-0.000851815683394814,0.027023817431782067,-0.12349647466600913,-0.03244149097254063,422
29,Tlaxcala,29024,Panotla,0.0,0.0301369863013698,PANOTLA,69.0,0.746982229785886,15048.704,0,-0.19783914488511273,-0.048074948289692124,-0.07236282768835857,-0.1060923069543878,603
29,Tlaxcala,29025,San Pablo del Monte,0.0493150684931506,0.0438356164383561,SAN PABLO DEL MONTE,137.0,0.842923088960175,44966.5751,0,0.2453823458187535,0.005567027225646646,0.30872908276781963,0.18655948527073996,238
29,Tlaxcala,29026,Santa Cruz Tlaxcala,0.00273972602739726,0.021917808219178,SANTA CRUZ TLAXCALA,38.0,0.741407197735543,12176.13041,0,-0.1732157287348979,-0.08026013359889547,-0.10895348461311088,-0.12080978231563476,658
29,Tlaxcala,29027,Tenancingo,0.0136986301369863,0.0246575342465753,TENANCINGO,23.0,0.698874025599076,6073.215282,0,-0.07472206413403858,-0.06953173849582756,-0.18669202348533134,-0.11031527537173251,617
29,Tlaxcala,29028,Teolocholco,0.00273972602739726,0.010958904109589,TEOLOCHOLCO,31.0,0.690188528943175,11538.57183,0,-0.1732157287348979,-0.12317371401116634,-0.11707466464185724,-0.13782136912930718,735
29,Tlaxcala,29029,Tepeyanco,0.0,0.010958904109589,TEPEYANCO,8.0,0.89385581129922,8111.741488,0,-0.19783914488511273,-0.12317371401116634,-0.16072540828858614,-0.16057942239495507,895
29,Tlaxcala,29030,Terrenate,0.0,0.0,,,,0.0,1,-0.19783914488511273,-0.16608729442343717,-0.26405224763674284,-0.20932622898176426,1826
29,Tlaxcala,29031,Tetla de la Solidaridad,0.00547945205479452,0.0136986301369863,TETLA DE LA SOLIDARIDAD,59.0,0.632113966640418,15034.8307,0,-0.14859231258468308,-0.11244531890809842,-0.07253954488804366,-0.11119239212694171,621
29,Tlaxcala,29032,Tetlatlahuca,0.010958904109589,0.010958904109589,TETLATLAHUCA,22.0,0.854632587859425,8115.591054,0,-0.09934548028425377,-0.12317371401116634,-0.16067637276542127,-0.12773185568694712,685
29,Tlaxcala,29033,Tlaxcala,0.00821917808219178,0.10958904109589,TLAXCALA,203.0,0.762435049740198,55807.95834,0,-0.12396889643446825,0.2630485096992714,0.44682592251652714,0.19530184526044345,234
29,Tlaxcala,29034,Tlaxco,0.00821917808219178,0.0356164383561643,TLAXCO,69.0,0.593642211242658,17568.2476,0,-0.12396889643446825,-0.026618158083556703,-0.04026904398321932,-0.06361869950041475,478
29,Tlaxcala,29035,Tocatl√°n,0.0,0.00273972602739726,TOCATLAN,5.0,1.0,4201.0,0,-0.19783914488511273,-0.15535889932036942,-0.21054018086985302,-0.1879127416917784,1219
29,Tlaxcala,29036,Totolac,0.0,0.0164383561643835,TOTOLAC,23.0,0.699937486976453,11164.00292,0,-0.19783914488511273,-0.10171692380503089,-0.12184589923379277,-0.14046732264131212,750
29,Tlaxcala,29037,Ziltlalt√©pec de Trinidad S√°nchez Santos,0.0,0.00273972602739726,ZILTLALTEPEC DE TRINIDAD SANCHEZ SANTOS,20.0,0.6169788148603,3621.665643,0,-0.19783914488511273,-0.15535889932036942,-0.2179197045052106,-0.19037258290356426,1248
29,Tlaxcala,29038,Tzompantepec,0.00273972602739726,0.010958904109589,TZOMPANTEPEC,23.0,0.752340425531914,9237.988085,0,-0.1732157287348979,-0.12317371401116634,-0.14637935185091736,-0.14758959819899387,788
29,Tlaxcala,29039,Xaloztoc,0.0,0.00547945205479452,XALOZTOC,49.0,0.781876680329675,13106.59879,0,-0.19783914488511273,-0.14463050421730167,-0.09710123846337515,-0.14652362918859652,784
29,Tlaxcala,29040,Xaltocan,0.0,0.00273972602739726,XALTOCAN,13.0,0.702029191883232,5135.343539,0,-0.19783914488511273,-0.15535889932036942,-0.19863857319497077,-0.18394553913348433,1149
29,Tlaxcala,29041,Papalotla de Xicoht√©ncatl,0.00547945205479452,0.0246575342465753,PAPALOTLA DE XICOHTENCATL,64.0,0.765169668392981,17331.85816,0,-0.14859231258468308,-0.06953173849582756,-0.04328015740770579,-0.08713473616273881,543
29,Tlaxcala,29042,Xicohtzinco,0.0,0.00821917808219178,XICOHTZINCO,11.0,0.619662921348314,6187.33427,0,-0.19783914488511273,-0.13390210911423392,-0.1852383831841588,-0.17232654572783512,1011
29,Tlaxcala,29043,Yauhquemehcan,0.00821917808219178,0.0191780821917808,YAUHQUEMEHCAN,64.0,0.766551987767584,22643.17917,0,-0.12396889643446825,-0.09098852870196299,0.024375106697865467,-0.06352743947952193,475
29,Tlaxcala,29044,Zacatelco,0.0164383561643835,0.0493150684931506,ZACATELCO,65.0,0.888558692421991,28078.45468,0,-0.05009864798382428,0.027023817431782067,0.09360929522144587,0.023511488223134553,342
29,Tlaxcala,29045,Benito Ju√°rez,0.0,0.00273972602739726,,,,0.0,1,-0.19783914488511273,-0.15535889932036942,-0.26405224763674284,-0.20575009728074167,1719
29,Tlaxcala,29046,Emiliano Zapata,0.0,0.0,EMILIANO ZAPATA,38.0,0.540894148586456,1684.344379,0,-0.19783914488511273,-0.16608729442343717,-0.2425971776849496,-0.2021745389978332,1691
29,Tlaxcala,29047,L√°zaro C√°rdenas,0.0,0.0,LAZARO CARDENAS,19.0,0.116245581882445,269.3410132,0,-0.19783914488511273,-0.16608729442343717,-0.2606213992003182,-0.20818261283628936,1815
29,Tlaxcala,29048,La Magdalena Tlaltelulco,0.0,0.010958904109589,LA MAGDALENA TLALTELULCO,28.0,0.784190356346164,893.9770062,0,-0.19783914488511273,-0.12317371401116634,-0.2526648262504447,-0.19122589504890794,1262
29,Tlaxcala,29049,San Dami√°n Tex√≥loc,0.00273972602739726,0.00273972602739726,SAN DAMIAN TEXOLOC,15.0,0.868169719743228,3610.717864,0,-0.1732157287348979,-0.15535889932036942,-0.2180591566072808,-0.18221126155418274,1130
29,Tlaxcala,29050,San Francisco Tetlanohcan,0.00273972602739726,0.00547945205479452,SAN FRANCISCO TETLANOHCAN,28.0,0.745173391893128,5889.105316,0,-0.1732157287348979,-0.14463050421730167,-0.1890372043453746,-0.16896114576585808,969
29,Tlaxcala,29051,San Jer√≥nimo Zacualpan,0.0,0.0,SAN JERONIMO ZACUALPAN,14.0,0.492251815980629,1420.146489,0,-0.19783914488511273,-0.16608729442343717,-0.245962513350113,-0.2032963175528876,1703
29,Tlaxcala,29052,San Jos√© Teacalco,0.0,0.00273972602739726,SAN JOSE TEACALCO,38.0,0.23283000487092,989.9931807,0,-0.19783914488511273,-0.15535889932036942,-0.2514417784188462,-0.2015466075414428,1655
29,Tlaxcala,29053,San Juan Huactzinco,0.0,0.00273972602739726,SAN JUAN HUACTZINCO,26.0,0.480022006739563,2509.555051,0,-0.19783914488511273,-0.15535889932036942,-0.23208569742386553,-0.1950945805431159,1376
29,Tlaxcala,29054,San Lorenzo Axocomanitla,0.0,0.00273972602739726,SAN LORENZO AXOCOMANITLA,10.0,0.418784029038112,1678.486388,0,-0.19783914488511273,-0.15535889932036942,-0.24267179639609257,-0.19862328020052492,1459
29,Tlaxcala,29055,San Lucas Tecopilco,0.0,0.00547945205479452,,,,0.0,1,-0.19783914488511273,-0.14463050421730167,-0.26405224763674284,-0.2021739655797191,1660
29,Tlaxcala,29056,Santa Ana Nopalucan,0.00273972602739726,0.00821917808219178,SANTA ANA NOPALUCAN,20.0,0.847560975609756,4664.97561,0,-0.1732157287348979,-0.13390210911423392,-0.20463008950576625,-0.17058264245163268,987
29,Tlaxcala,29057,Santa Apolonia Teacalco,0.00547945205479452,0.00273972602739726,SANTA APOLONIA TEACALCO,15.0,0.42778659504334,1375.76169,0,-0.14859231258468308,-0.15535889932036942,-0.2465278840541175,-0.18349303198639,1144
29,Tlaxcala,29058,Santa Catarina Ayometla,0.0,0.0,,,,0.0,1,-0.19783914488511273,-0.16608729442343717,-0.26405224763674284,-0.20932622898176426,1826
29,Tlaxcala,29059,Santa Cruz Quilehtla,0.0,0.00273972602739726,SANTA CRUZ QUILEHTLA,19.0,0.585798816568047,2925.47929,0,-0.19783914488511273,-0.15535889932036942,-0.22678768132119098,-0.1933285751755577,1327
29,Tlaxcala,29060,Santa Isabel Xiloxoxtla,0.0,0.0,SANTA ISABEL XILOXOXTLA,18.0,0.807336799537839,2945.971982,0,-0.19783914488511273,-0.16608729442343717,-0.22652664673358391,-0.19681769534737792,1391
30,Veracruz de Ignacio de la Llave,30001,Acajete,0.00273972602739726,0.00273972602739726,,,,0.0,1,-0.1732157287348979,-0.15535889932036942,-0.26405224763674284,-0.1975422918973367,1396
30,Veracruz de Ignacio de la Llave,30002,Acatl√°n,0.0,0.0,,,,0.0,1,-0.19783914488511273,-0.16608729442343717,-0.26405224763674284,-0.20932622898176426,1826
30,Veracruz de Ignacio de la Llave,30003,Acayucan,0.0410958904109589,0.0821917808219178,ACAYUCAN,18.0,0.885714285714285,50267.82857,0,0.17151209736810974,0.15576455866859543,0.37625610719887087,0.23451092107852536,214
30,Veracruz de Ignacio de la Llave,30004,Actopan,0.0191780821917808,0.00547945205479452,,,,0.0,1,-0.02547523183360911,-0.14463050421730167,-0.26405224763674284,-0.14471932789588454,773
30,Veracruz de Ignacio de la Llave,30005,Acula,0.0,0.0,ACULA,18.0,0.642867312072892,2425.538368,0,-0.19783914488511273,-0.16608729442343717,-0.23315589650747148,-0.1990274452720071,1462
30,Veracruz de Ignacio de la Llave,30006,Acultzingo,0.00547945205479452,0.0575342465753424,,,,0.0,1,-0.14859231258468308,0.059209002740985416,-0.26405224763674284,-0.11781185249348018,646
30,Veracruz de Ignacio de la Llave,30007,Camar√≥n de Tejeda,0.0,0.00273972602739726,CAMARON DE TEJEDA,20.0,0.499983649978744,2322.924038,0,-0.19783914488511273,-0.15535889932036942,-0.23446299121782607,-0.19588701180776943,1382
30,Veracruz de Ignacio de la Llave,30008,Alpatl√°huac,0.00273972602739726,0.0,,,,0.0,1,-0.1732157287348979,-0.16608729442343717,-0.26405224763674284,-0.2011184235983593,1482
30,Veracruz de Ignacio de la Llave,30009,Alto Lucero de Guti√©rrez Barrios,0.00273972602739726,0.00273972602739726,,,,0.0,1,-0.1732157287348979,-0.15535889932036942,-0.26405224763674284,-0.1975422918973367,1396
30,Veracruz de Ignacio de la Llave,30010,Altotonga,0.0136986301369863,0.0301369863013698,ALTOTONGA,34.0,0.827534259889202,32976.41272,0,-0.07472206413403858,-0.048074948289692124,0.15599916850349896,0.011067385359922752,356
30,Veracruz de Ignacio de la Llave,30011,Alvarado,0.00547945205479452,0.0164383561643835,ALVARADO,20.0,0.869565217391304,37299.13043,0,-0.14859231258468308,-0.10171692380503089,0.2110616676017939,-0.013082522929306692,397
30,Veracruz de Ignacio de la Llave,30012,Amatitl√°n,0.0,0.00547945205479452,,,,0.0,1,-0.19783914488511273,-0.14463050421730167,-0.26405224763674284,-0.2021739655797191,1660
30,Veracruz de Ignacio de la Llave,30013,Naranjos Amatl√°n,0.0,0.00273972602739726,NARANJOS AMATLAN,19.0,0.52081606170926,10112.68547,0,-0.19783914488511273,-0.15535889932036942,-0.13523751303469647,-0.16281185241339288,923
30,Veracruz de Ignacio de la Llave,30014,Amatl√°n de los Reyes,0.0164383561643835,0.0191780821917808,AMATLAN DE LOS REYES,10.0,0.642251684416431,21514.78918,0,-0.05009864798382428,-0.09098852870196299,0.010001747858548599,-0.04369514294241289,441
30,Veracruz de Ignacio de la Llave,30015,Angel R. Cabada,0.0164383561643835,0.00547945205479452,,,,0.0,1,-0.05009864798382428,-0.14463050421730167,-0.26405224763674284,-0.1529271332792896,839
30,Veracruz de Ignacio de la Llave,30016,La Antigua,0.00821917808219178,0.010958904109589,,,,0.0,1,-0.12396889643446825,-0.12317371401116634,-0.26405224763674284,-0.17039828602745913,983
30,Veracruz de Ignacio de la Llave,30017,Apazapan,0.00547945205479452,0.0,,,,0.0,1,-0.14859231258468308,-0.16608729442343717,-0.26405224763674284,-0.19291061821495437,1277
30,Veracruz de Ignacio de la Llave,30018,Aquila,0.0,0.0164383561643835,,,,0.0,1,-0.19783914488511273,-0.10171692380503089,-0.26405224763674284,-0.1878694387756288,1211
30,Veracruz de Ignacio de la Llave,30019,Astacinga,0.00273972602739726,0.0,ASTACINGA,19.0,0.540525132233237,2150.208976,0,-0.1732157287348979,-0.16608729442343717,-0.2366630245264173,-0.1919886825615841,1275
30,Veracruz de Ignacio de la Llave,30020,Atlahuilco,0.0,0.0,,,,0.0,1,-0.19783914488511273,-0.16608729442343717,-0.26405224763674284,-0.20932622898176426,1826
30,Veracruz de Ignacio de la Llave,30021,Atoyac,0.0383561643835616,0.0164383561643835,ATOYAC,31.0,0.88388275043375,14782.05512,0,0.14688868121789453,-0.10171692380503089,-0.07575938390589639,-0.010195875497677582,392
30,Veracruz de Ignacio de la Llave,30022,Atzacan,0.00273972602739726,0.0,,,,0.0,1,-0.1732157287348979,-0.16608729442343717,-0.26405224763674284,-0.2011184235983593,1482
30,Veracruz de Ignacio de la Llave,30023,Atzalan,0.0136986301369863,0.00821917808219178,,,,0.0,1,-0.07472206413403858,-0.13390210911423392,-0.26405224763674284,-0.15755880696167177,870
30,Veracruz de Ignacio de la Llave,30024,Tlaltetela,0.00273972602739726,0.0,TLALTETELA,19.0,0.526315789473684,5730.526316,0,-0.1732157287348979,-0.16608729442343717,-0.19105717340888967,-0.1767867321890749,1064
30,Veracruz de Ignacio de la Llave,30025,Ayahualulco,0.00547945205479452,0.0,AYAHUALULCO,36.0,0.84233937967322,13087.42694,0,-0.14859231258468308,-0.16608729442343717,-0.09734544825086498,-0.1373416850863284,730
30,Veracruz de Ignacio de la Llave,30026,Banderilla,0.00547945205479452,0.0136986301369863,BANDERILLA,10.0,0.449076230399006,8260.308182,0,-0.14859231258468308,-0.11244531890809842,-0.15883297533246518,-0.13995686894174889,744
30,Veracruz de Ignacio de la Llave,30027,Benito Ju√°rez,0.00273972602739726,0.0,,,,0.0,1,-0.1732157287348979,-0.16608729442343717,-0.26405224763674284,-0.2011184235983593,1482
30,Veracruz de Ignacio de la Llave,30028,Boca del R√≠o,0.0191780821917808,0.0876712328767123,BOCA DEL RIO,79.0,0.546209468716699,61848.39056,0,-0.02547523183360911,0.17722134887473084,0.5237685581407863,0.22517155839396932,222
30,Veracruz de Ignacio de la Llave,30029,Calcahualco,0.00821917808219178,0.00273972602739726,,,,0.0,1,-0.12396889643446825,-0.15535889932036942,-0.26405224763674284,-0.18112668113052685,1096
30,Veracruz de Ignacio de la Llave,30030,Camerino Z. Mendoza,0.0136986301369863,0.00273972602739726,CAMERINO Z. MENDOZA,10.0,1.0,29878.0,0,-0.07472206413403858,-0.15535889932036942,0.11653178732187058,-0.037849725377512466,431
30,Veracruz de Ignacio de la Llave,30031,Carrillo Puerto,0.0191780821917808,0.00273972602739726,CARRILLO PUERTO,19.0,0.636356716985919,8113.548142,0,-0.02547523183360911,-0.15535889932036942,-0.16070239524657884,-0.11384550880018579,634
30,Veracruz de Ignacio de la Llave,30032,Catemaco,0.010958904109589,0.00821917808219178,CATEMACO,34.0,0.934173114990102,31364.86234,0,-0.09934548028425377,-0.13390210911423392,0.13547134381110032,-0.03259208186246246,424
30,Veracruz de Ignacio de la Llave,30033,Cazones de Herrera,0.0136986301369863,0.00547945205479452,,,,0.0,1,-0.07472206413403858,-0.14463050421730167,-0.26405224763674284,-0.16113493866269438,901
30,Veracruz de Ignacio de la Llave,30034,Cerro Azul,0.0164383561643835,0.0,,,,0.0,1,-0.05009864798382428,-0.16608729442343717,-0.26405224763674284,-0.16007939668133478,886
30,Veracruz de Ignacio de la Llave,30035,Citlalt√©petl,0.0,0.0,,,,0.0,1,-0.19783914488511273,-0.16608729442343717,-0.26405224763674284,-0.20932622898176426,1826
30,Veracruz de Ignacio de la Llave,30036,Coacoatzintla,0.00273972602739726,0.00273972602739726,COACOATZINTLA,18.0,0.199964304836694,1415.547314,0,-0.1732157287348979,-0.15535889932036942,-0.24602109734432212,-0.19153190846652982,1273
30,Veracruz de Ignacio de la Llave,30037,Coahuitl√°n,0.00273972602739726,0.0,,,,0.0,1,-0.1732157287348979,-0.16608729442343717,-0.26405224763674284,-0.2011184235983593,1482
30,Veracruz de Ignacio de la Llave,30038,Coatepec,0.0273972602739726,0.021917808219178,COATEPEC,18.0,0.575018327982405,39469.25803,0,0.04839501661703559,-0.08026013359889547,0.23870461285860667,0.06894649862558226,307
30,Veracruz de Ignacio de la Llave,30039,Coatzacoalcos,0.126027397260273,0.265753424657534,COATZACOALCOS,260.0,0.900596636276609,205417.0868,0,0.934837998024761,0.8745670305741339,2.3525373414852777,1.387314123361391,69
30,Veracruz de Ignacio de la Llave,30040,Coatzintla,0.00273972602739726,0.00273972602739726,COATZINTLA,29.0,0.673596520328799,26372.65096,0,-0.1732157287348979,-0.15535889932036942,0.07188087756949417,-0.08556458349525771,538
30,Veracruz de Ignacio de la Llave,30041,Coetzala,0.00273972602739726,0.00273972602739726,,,,0.0,1,-0.1732157287348979,-0.15535889932036942,-0.26405224763674284,-0.1975422918973367,1396
30,Veracruz de Ignacio de la Llave,30042,Colipa,0.0,0.0,,,,0.0,1,-0.19783914488511273,-0.16608729442343717,-0.26405224763674284,-0.20932622898176426,1826
30,Veracruz de Ignacio de la Llave,30043,Comapa,0.0,0.0,COMAPA,40.0,0.415890951789391,5606.625921,0,-0.19783914488511273,-0.16608729442343717,-0.19263540864090206,-0.18552061598315064,1176
30,Veracruz de Ignacio de la Llave,30044,C√≥rdoba,0.073972602739726,0.0493150684931506,CORDOBA,116.0,0.725730679930395,107154.8606,0,0.46699309117068755,0.027023817431782067,1.1008794483461124,0.5316321189828607,144
30,Veracruz de Ignacio de la Llave,30045,Cosamaloapan de Carpio,0.0136986301369863,0.0191780821917808,,,,0.0,1,-0.07472206413403858,-0.09098852870196299,-0.26405224763674284,-0.14325428015758146,763
30,Veracruz de Ignacio de la Llave,30046,Cosautl√°n de Carvajal,0.00273972602739726,0.0,COSAUTLAN DE CARVAJAL,59.0,0.622161480235492,6867.418419,0,-0.1732157287348979,-0.16608729442343717,-0.17657551520310868,-0.1719595127871479,1007
30,Veracruz de Ignacio de la Llave,30047,Coscomatepec,0.0136986301369863,0.0,,,,0.0,1,-0.07472206413403858,-0.16608729442343717,-0.26405224763674284,-0.16828720206473954,958
30,Veracruz de Ignacio de la Llave,30048,Cosoleacaque,0.0273972602739726,0.084931506849315,COSOLEACAQUE,84.0,0.690091020493098,64486.93559,0,0.04839501661703559,0.16649295377166293,0.5573781743780646,0.25742204825558773,205
30,Veracruz de Ignacio de la Llave,30049,Cotaxtla,0.00547945205479452,0.0164383561643835,,,,0.0,1,-0.14859231258468308,-0.10171692380503089,-0.26405224763674284,-0.17145382800881892,995
30,Veracruz de Ignacio de la Llave,30050,Coxquihui,0.0136986301369863,0.0,COXQUIHUI,19.0,0.509788679679852,5375.721627,0,-0.07472206413403858,-0.16608729442343717,-0.19557665262978316,-0.14546200372908633,778
30,Veracruz de Ignacio de la Llave,30051,Coyutla,0.0,0.0,,,,0.0,1,-0.19783914488511273,-0.16608729442343717,-0.26405224763674284,-0.20932622898176426,1826
30,Veracruz de Ignacio de la Llave,30052,Cuichapa,0.021917808219178,0.00821917808219178,CUICHAPA,18.0,0.567567567567567,4630.783784,0,-0.000851815683394814,-0.13390210911423392,-0.20506562277779528,-0.11327318252514133,632
30,Veracruz de Ignacio de la Llave,30053,Cuitl√°huac,0.021917808219178,0.0246575342465753,,,,0.0,1,-0.000851815683394814,-0.06953173849582756,-0.26405224763674284,-0.11147860060532173,622
30,Veracruz de Ignacio de la Llave,30054,Chacaltianguis,0.0,0.0,,,,0.0,1,-0.19783914488511273,-0.16608729442343717,-0.26405224763674284,-0.20932622898176426,1826
30,Veracruz de Ignacio de la Llave,30055,Chalma,0.0,0.00273972602739726,CHALMA,18.0,0.405416736542009,3762.267315,0,-0.19783914488511273,-0.15535889932036942,-0.21612872948507245,-0.18977559123018486,1240
30,Veracruz de Ignacio de la Llave,30056,Chiconamel,0.00273972602739726,0.0,,,,0.0,1,-0.1732157287348979,-0.16608729442343717,-0.26405224763674284,-0.2011184235983593,1482
30,Veracruz de Ignacio de la Llave,30057,Chiconquiaco,0.00273972602739726,0.00273972602739726,,,,0.0,1,-0.1732157287348979,-0.15535889932036942,-0.26405224763674284,-0.1975422918973367,1396
30,Veracruz de Ignacio de la Llave,30058,Chicontepec,0.00273972602739726,0.00547945205479452,CHICONTEPEC,33.0,0.323909733865217,12458.21618,0,-0.1732157287348979,-0.14463050421730167,-0.1053602942874195,-0.14106884241320636,753
30,Veracruz de Ignacio de la Llave,30059,Chinameca,0.00547945205479452,0.0,CHINAMECA,33.0,0.710029633810767,11284.50097,0,-0.14859231258468308,-0.16608729442343717,-0.12031100285272162,-0.14499686995361397,775
30,Veracruz de Ignacio de la Llave,30060,Chinampa de Gorostiza,0.0,0.0,CHINAMPA DE GOROSTIZA,18.0,0.179485601772089,1984.033842,0,-0.19783914488511273,-0.16608729442343717,-0.23877975265438794,-0.20090206398764596,1480
30,Veracruz de Ignacio de la Llave,30061,Las Choapas,0.0191780821917808,0.0410958904109589,LAS CHOAPAS,16.0,0.928578317901234,47986.14173,0,-0.02547523183360911,-0.005161367877420875,0.3471921275456422,0.10551850927820407,275
30,Veracruz de Ignacio de la Llave,30062,Chocam√°n,0.0,0.0,CHOCAMAN,18.0,0.69045020944067,9521.308388,0,-0.19783914488511273,-0.16608729442343717,-0.1427704361235783,-0.16889895847737604,968
30,Veracruz de Ignacio de la Llave,30063,Chontla,0.0,0.0,,,,0.0,1,-0.19783914488511273,-0.16608729442343717,-0.26405224763674284,-0.20932622898176426,1826
30,Veracruz de Ignacio de la Llave,30064,Chumatl√°n,0.00273972602739726,0.0,,,,0.0,1,-0.1732157287348979,-0.16608729442343717,-0.26405224763674284,-0.2011184235983593,1482
30,Veracruz de Ignacio de la Llave,30065,Emiliano Zapata,0.0383561643835616,0.0164383561643835,EMILIANO ZAPATA,3.0,0.666666666666666,41282.66667,0,0.14688868121789453,-0.10171692380503089,0.2618036950341208,0.10232515081566147,277
30,Veracruz de Ignacio de la Llave,30066,Espinal,0.0136986301369863,0.00273972602739726,ESPINAL,18.0,0.80433218464801,14490.04431,0,-0.07472206413403858,-0.15535889932036942,-0.0794789987503081,-0.1031866540682387,590
30,Veracruz de Ignacio de la Llave,30067,Filomeno Mata,0.0,0.0,,,,0.0,1,-0.19783914488511273,-0.16608729442343717,-0.26405224763674284,-0.20932622898176426,1826
30,Veracruz de Ignacio de la Llave,30068,Fort√≠n,0.0136986301369863,0.0273972602739726,FORTIN,11.0,0.926011365554492,44267.04732,0,-0.07472206413403858,-0.058803343392759645,0.29981854307044886,0.05543104518121688,316
30,Veracruz de Ignacio de la Llave,30069,Guti√©rrez Zamora,0.00821917808219178,0.00273972602739726,,,,0.0,1,-0.12396889643446825,-0.15535889932036942,-0.26405224763674284,-0.18112668113052685,1096
30,Veracruz de Ignacio de la Llave,30070,Hidalgotitl√°n,0.00273972602739726,0.0,,,,0.0,1,-0.1732157287348979,-0.16608729442343717,-0.26405224763674284,-0.2011184235983593,1482
30,Veracruz de Ignacio de la Llave,30071,Huatusco,0.00547945205479452,0.0136986301369863,HUATUSCO,17.0,0.916644201218525,37174.50558,0,-0.14859231258468308,-0.11244531890809842,0.2094742043087652,-0.017187809061338755,401
30,Veracruz de Ignacio de la Llave,30072,Huayacocotla,0.00273972602739726,0.0,,,,0.0,1,-0.1732157287348979,-0.16608729442343717,-0.26405224763674284,-0.2011184235983593,1482
30,Veracruz de Ignacio de la Llave,30073,Hueyapan de Ocampo,0.0328767123287671,0.00273972602739726,HUEYAPAN DE OCAMPO,36.0,0.825217076700434,23386.65195,0,0.09764184891746505,-0.15535889932036942,0.03384541496797382,-0.007957211811643515,387
30,Veracruz de Ignacio de la Llave,30074,Huiloapan de Cuauht√©moc,0.00273972602739726,0.00547945205479452,,,,0.0,1,-0.1732157287348979,-0.14463050421730167,-0.26405224763674284,-0.19396616019631416,1331
30,Veracruz de Ignacio de la Llave,30075,Ignacio de la Llave,0.0,0.0,,,,0.0,1,-0.19783914488511273,-0.16608729442343717,-0.26405224763674284,-0.20932622898176426,1826
30,Veracruz de Ignacio de la Llave,30076,Ilamatl√°n,0.0,0.0,,,,0.0,1,-0.19783914488511273,-0.16608729442343717,-0.26405224763674284,-0.20932622898176426,1826
30,Veracruz de Ignacio de la Llave,30077,Isla,0.00821917808219178,0.0136986301369863,,,,0.0,1,-0.12396889643446825,-0.11244531890809842,-0.26405224763674284,-0.16682215432643652,951
30,Veracruz de Ignacio de la Llave,30078,Ixcatepec,0.0,0.0,,,,0.0,1,-0.19783914488511273,-0.16608729442343717,-0.26405224763674284,-0.20932622898176426,1826
30,Veracruz de Ignacio de la Llave,30079,Ixhuac√°n de los Reyes,0.0,0.0,,,,0.0,1,-0.19783914488511273,-0.16608729442343717,-0.26405224763674284,-0.20932622898176426,1826
30,Veracruz de Ignacio de la Llave,30080,Ixhuatl√°n del Caf√©,0.0,0.00273972602739726,IXHUATLAN DEL CAFE,22.0,0.51063829787234,7740.765957,0,-0.19783914488511273,-0.15535889932036942,-0.16545087065082237,-0.17288297161876817,1014
30,Veracruz de Ignacio de la Llave,30081,Ixhuatlancillo,0.0,0.00273972602739726,IXHUATLANCILLO,8.0,0.738987043580683,13923.99388,0,-0.19783914488511273,-0.15535889932036942,-0.08668931258120234,-0.14662911892889482,785
30,Veracruz de Ignacio de la Llave,30082,Ixhuatl√°n del Sureste,0.00273972602739726,0.00273972602739726,IXHUATLAN DEL SURESTE,18.0,0.512188597224544,5654.049925,0,-0.1732157287348979,-0.15535889932036942,-0.19203132473983056,-0.17353531759836596,1027
30,Veracruz de Ignacio de la Llave,30083,Ixhuatl√°n de Madero,0.00273972602739726,0.0,IXHUATLAN DE MADERO,38.0,0.486546830114622,16897.77141,0,-0.1732157287348979,-0.16608729442343717,-0.048809526402855075,-0.12937084985373004,695
30,Veracruz de Ignacio de la Llave,30084,Ixmatlahuacan,0.00821917808219178,0.0,,,,0.0,1,-0.12396889643446825,-0.16608729442343717,-0.26405224763674284,-0.1847028128315494,1153
30,Veracruz de Ignacio de la Llave,30085,Ixtaczoquitl√°n,0.0136986301369863,0.0164383561643835,IXTACZOQUITLAN,18.0,0.665932001300719,34608.48611,0,-0.07472206413403858,-0.10171692380503089,0.17678841397223122,0.00011647534438724572,374
30,Veracruz de Ignacio de la Llave,30086,Jalacingo,0.00821917808219178,0.0136986301369863,JALACINGO,19.0,0.410732196589769,11699.70662,0,-0.12396889643446825,-0.11244531890809842,-0.11502214009033408,-0.11714545181096692,642
30,Veracruz de Ignacio de la Llave,30087,Xalapa,0.0575342465753424,0.0602739726027397,XALAPA,220.0,0.591920623671155,215881.1464,0,0.31925259426939817,0.06993739784405331,2.4858278570691663,0.9583392830608726,98
30,Veracruz de Ignacio de la Llave,30088,Jalcomulco,0.00273972602739726,0.0,,,,0.0,1,-0.1732157287348979,-0.16608729442343717,-0.26405224763674284,-0.2011184235983593,1482
30,Veracruz de Ignacio de la Llave,30089,J√°ltipan,0.00547945205479452,0.021917808219178,JALTIPAN,36.0,0.837019642687145,23538.66639,0,-0.14859231258468308,-0.08026013359889547,0.035781765090042696,-0.0643568936978453,479
30,Veracruz de Ignacio de la Llave,30090,Jamapa,0.0,0.00547945205479452,,,,0.0,1,-0.19783914488511273,-0.14463050421730167,-0.26405224763674284,-0.2021739655797191,1660
30,Veracruz de Ignacio de la Llave,30091,Jes√∫s Carranza,0.00821917808219178,0.0,JESUS CARRANZA,20.0,0.325581395348837,6154.790698,0,-0.12396889643446825,-0.16608729442343717,-0.18565292110315357,-0.15856970398701967,877
30,Veracruz de Ignacio de la Llave,30092,Xico,0.00273972602739726,0.0,XICO,20.0,0.55557338639792,15092.15104,0,-0.1732157287348979,-0.16608729442343717,-0.07180940209795063,-0.13703747508542855,728
30,Veracruz de Ignacio de la Llave,30093,Jilotepec,0.0,0.0,,,,0.0,1,-0.19783914488511273,-0.16608729442343717,-0.26405224763674284,-0.20932622898176426,1826
30,Veracruz de Ignacio de la Llave,30094,Juan Rodr√≠guez Clara,0.00821917808219178,0.00273972602739726,,,,0.0,1,-0.12396889643446825,-0.15535889932036942,-0.26405224763674284,-0.18112668113052685,1096
30,Veracruz de Ignacio de la Llave,30095,Juchique de Ferrer,0.00821917808219178,0.0,JUCHIQUE DE FERRER,35.0,0.613043314074242,6468.83305,0,-0.12396889643446825,-0.16608729442343717,-0.181652669899189,-0.15723628691903146,868
30,Veracruz de Ignacio de la Llave,30096,Landero y Coss,0.0,0.0,,,,0.0,1,-0.19783914488511273,-0.16608729442343717,-0.26405224763674284,-0.20932622898176426,1826
30,Veracruz de Ignacio de la Llave,30097,Lerdo de Tejada,0.00273972602739726,0.0,,,,0.0,1,-0.1732157287348979,-0.16608729442343717,-0.26405224763674284,-0.2011184235983593,1482
30,Veracruz de Ignacio de la Llave,30098,Magdalena,0.00547945205479452,0.0,,,,0.0,1,-0.14859231258468308,-0.16608729442343717,-0.26405224763674284,-0.19291061821495437,1277
30,Veracruz de Ignacio de la Llave,30099,Maltrata,0.0246575342465753,0.150684931506849,MALTRATA,17.0,0.604186046511627,7120.936744,0,0.023771600466820385,0.4239744362452881,-0.17334621514740053,0.09146660718823596,287
30,Veracruz de Ignacio de la Llave,30100,Manlio Fabio Altamirano,0.0,0.010958904109589,,,,0.0,1,-0.19783914488511273,-0.12317371401116634,-0.26405224763674284,-0.19502170217767398,1363
30,Veracruz de Ignacio de la Llave,30101,Mariano Escobedo,0.010958904109589,0.00547945205479452,MARIANO ESCOBEDO,35.0,0.600876973607429,15024.32785,0,-0.09934548028425377,-0.14463050421730167,-0.0726733295132383,-0.10554977133826458,601
30,Veracruz de Ignacio de la Llave,30102,Mart√≠nez de la Torre,0.117808219178082,0.0328767123287671,MARTINEZ DE LA TORRE,35.0,0.910509813432189,69353.53249,0,0.8609677495741234,-0.03734655318662422,0.6193685714835963,0.48099658929036515,153
30,Veracruz de Ignacio de la Llave,30103,Mecatl√°n,0.0,0.0,,,,0.0,1,-0.19783914488511273,-0.16608729442343717,-0.26405224763674284,-0.20932622898176426,1826
30,Veracruz de Ignacio de la Llave,30104,Mecayapan,0.00273972602739726,0.0,,,,0.0,1,-0.1732157287348979,-0.16608729442343717,-0.26405224763674284,-0.2011184235983593,1482
30,Veracruz de Ignacio de la Llave,30105,Medell√≠n de Bravo,0.0328767123287671,0.0794520547945205,MEDELLIN DE BRAVO,125.0,0.525679685193341,36610.96168,0,0.09764184891746505,0.1450361635655275,0.20229581849517955,0.14832461032605737,256
30,Veracruz de Ignacio de la Llave,30106,Miahuatl√°n,0.0,0.0,,,,0.0,1,-0.19783914488511273,-0.16608729442343717,-0.26405224763674284,-0.20932622898176426,1826
30,Veracruz de Ignacio de la Llave,30107,Las Minas,0.00821917808219178,0.0,,,,0.0,1,-0.12396889643446825,-0.16608729442343717,-0.26405224763674284,-0.1847028128315494,1153
30,Veracruz de Ignacio de la Llave,30108,Minatitl√°n,0.0493150684931506,0.0630136986301369,MINATITLAN,46.0,0.770856936242015,81059.46113,0,0.2453823458187535,0.08066579294712081,0.7684779347190469,0.36484202449497377,173
30,Veracruz de Ignacio de la Llave,30109,Misantla,0.0136986301369863,0.00547945205479452,,,,0.0,1,-0.07472206413403858,-0.14463050421730167,-0.26405224763674284,-0.16113493866269438,901
30,Veracruz de Ignacio de la Llave,30110,Mixtla de Altamirano,0.0,0.0,,,,0.0,1,-0.19783914488511273,-0.16608729442343717,-0.26405224763674284,-0.20932622898176426,1826
30,Veracruz de Ignacio de la Llave,30111,Moloac√°n,0.00547945205479452,0.00821917808219178,MOLOACAN,16.0,0.511620185922974,5792.052125,0,-0.14859231258468308,-0.13390210911423392,-0.19027346162619627,-0.15758929444170444,871
30,Veracruz de Ignacio de la Llave,30112,Naolinco,0.00273972602739726,0.0,,,,0.0,1,-0.1732157287348979,-0.16608729442343717,-0.26405224763674284,-0.2011184235983593,1482
30,Veracruz de Ignacio de la Llave,30113,Naranjal,0.00273972602739726,0.0,,,,0.0,1,-0.1732157287348979,-0.16608729442343717,-0.26405224763674284,-0.2011184235983593,1482
30,Veracruz de Ignacio de la Llave,30114,Nautla,0.0,0.0,NAUTLA,17.0,0.249967683557394,1874.007724,0,-0.19783914488511273,-0.16608729442343717,-0.24018125824175232,-0.20136923251676742,1652
30,Veracruz de Ignacio de la Llave,30115,Nogales,0.0191780821917808,0.00821917808219178,NOGALES,37.0,0.687732885219551,17992.46774,0,-0.02547523183360911,-0.13390210911423392,-0.03486535522922279,-0.06474756539235528,482
30,Veracruz de Ignacio de la Llave,30116,Oluta,0.0191780821917808,0.0301369863013698,OLUTA,33.0,0.779224123803057,9208.091471,0,-0.02547523183360911,-0.048074948289692124,-0.14676017298980618,-0.0734367843710358,509
30,Veracruz de Ignacio de la Llave,30117,Omealca,0.0410958904109589,0.0410958904109589,,,,0.0,1,0.17151209736810974,-0.005161367877420875,-0.26405224763674284,-0.03256717271535133,423
30,Veracruz de Ignacio de la Llave,30118,Orizaba,0.0191780821917808,0.0136986301369863,ORIZABA,61.0,0.317432658798159,29576.47055,0,-0.02547523183360911,-0.11244531890809842,0.11269092465569976,-0.008409875362002592,390
30,Veracruz de Ignacio de la Llave,30119,Otatitl√°n,0.0,0.0,,,,0.0,1,-0.19783914488511273,-0.16608729442343717,-0.26405224763674284,-0.20932622898176426,1826
30,Veracruz de Ignacio de la Llave,30120,Oteapan,0.00273972602739726,0.00821917808219178,,,,0.0,1,-0.1732157287348979,-0.13390210911423392,-0.26405224763674284,-0.19039002849529155,1249
30,Veracruz de Ignacio de la Llave,30121,Ozuluama de Mascare√±as,0.0,0.00273972602739726,,,,0.0,1,-0.19783914488511273,-0.15535889932036942,-0.26405224763674284,-0.20575009728074167,1719
30,Veracruz de Ignacio de la Llave,30122,Pajapan,0.0,0.0,,,,0.0,1,-0.19783914488511273,-0.16608729442343717,-0.26405224763674284,-0.20932622898176426,1826
30,Veracruz de Ignacio de la Llave,30123,P√°nuco,0.00273972602739726,0.0136986301369863,PANUCO,19.0,0.413824340291453,27751.06026,0,-0.1732157287348979,-0.11244531890809842,0.08943896623735942,-0.06540736046854563,485
30,Veracruz de Ignacio de la Llave,30124,Papantla,0.0684931506849315,0.0931506849315068,PAPANTLA,55.0,0.838023867694042,94756.19674,0,0.4177462588702581,0.19867813908086626,0.9429460686040166,0.5197901555183804,145
30,Veracruz de Ignacio de la Llave,30125,Paso del Macho,0.00547945205479452,0.0328767123287671,,,,0.0,1,-0.14859231258468308,-0.03734655318662422,-0.26405224763674284,-0.1499970378026834,817
30,Veracruz de Ignacio de la Llave,30126,Paso de Ovejas,0.0,0.00273972602739726,,,,0.0,1,-0.19783914488511273,-0.15535889932036942,-0.26405224763674284,-0.20575009728074167,1719
30,Veracruz de Ignacio de la Llave,30127,La Perla,0.010958904109589,0.00273972602739726,LA PERLA,19.0,0.527267973856209,8007.091451,0,-0.09934548028425377,-0.15535889932036942,-0.16205843370327347,-0.1389209377692989,740
30,Veracruz de Ignacio de la Llave,30128,Perote,0.0191780821917808,0.167123287671232,PEROTE,19.0,0.745098039215686,37228.07843,0,-0.02547523183360911,0.48834480686369236,0.210156611813191,0.22434206228109144,223
30,Veracruz de Ignacio de la Llave,30129,Plat√≥n S√°nchez,0.00273972602739726,0.00547945205479452,,,,0.0,1,-0.1732157287348979,-0.14463050421730167,-0.26405224763674284,-0.19396616019631416,1331
30,Veracruz de Ignacio de la Llave,30130,Playa Vicente,0.00273972602739726,0.00273972602739726,PLAYA VICENTE,18.0,0.696985116397404,18511.92469,0,-0.1732157287348979,-0.15535889932036942,-0.028248546138309922,-0.11894105806452575,652
30,Veracruz de Ignacio de la Llave,30131,Poza Rica de Hidalgo,0.0465753424657534,0.0520547945205479,POZA RICA DE HIDALGO,69.0,0.894964368726213,126085.2652,0,0.22075892966853922,0.03775221253484997,1.3420137199194138,0.5335082873742677,143
30,Veracruz de Ignacio de la Llave,30132,Las Vigas de Ram√≠rez,0.00273972602739726,0.010958904109589,,,,0.0,1,-0.1732157287348979,-0.12317371401116634,-0.26405224763674284,-0.18681389679426905,1195
30,Veracruz de Ignacio de la Llave,30133,Pueblo Viejo,0.00273972602739726,0.00547945205479452,PUEBLO VIEJO,9.0,0.287335596096733,11565.83241,0,-0.1732157287348979,-0.14463050421730167,-0.11672742113386768,-0.14485788469535577,774
30,Veracruz de Ignacio de la Llave,30134,Puente Nacional,0.0136986301369863,0.0136986301369863,,,,0.0,1,-0.07472206413403858,-0.11244531890809842,-0.26405224763674284,-0.1504065435596266,820
30,Veracruz de Ignacio de la Llave,30135,Rafael Delgado,0.0191780821917808,0.00547945205479452,RAFAEL DELGADO,14.0,0.766864822951667,12131.8015,0,-0.02547523183360911,-0.14463050421730167,-0.10951814340664183,-0.09320795981918421,557
30,Veracruz de Ignacio de la Llave,30136,Rafael Lucio,0.0,0.00273972602739726,,,,0.0,1,-0.19783914488511273,-0.15535889932036942,-0.26405224763674284,-0.20575009728074167,1719
30,Veracruz de Ignacio de la Llave,30137,Los Reyes,0.00273972602739726,0.0,,,,0.0,1,-0.1732157287348979,-0.16608729442343717,-0.26405224763674284,-0.2011184235983593,1482
30,Veracruz de Ignacio de la Llave,30138,R√≠o Blanco,0.0164383561643835,0.00547945205479452,RIO BLANCO,8.0,0.401879340868854,12432.13741,0,-0.05009864798382428,-0.14463050421730167,-0.10569248397593137,-0.10014054539235244,583
30,Veracruz de Ignacio de la Llave,30139,Saltabarranca,0.00273972602739726,0.0,,,,0.0,1,-0.1732157287348979,-0.16608729442343717,-0.26405224763674284,-0.2011184235983593,1482
30,Veracruz de Ignacio de la Llave,30140,San Andr√©s Tenejapan,0.0,0.00273972602739726,,,,0.0,1,-0.19783914488511273,-0.15535889932036942,-0.26405224763674284,-0.20575009728074167,1719
30,Veracruz de Ignacio de la Llave,30141,San Andr√©s Tuxtla,0.0191780821917808,0.0136986301369863,SAN ANDRES TUXTLA,56.0,0.676027290833839,75684.63535,0,-0.02547523183360911,-0.11244531890809842,0.7000137509533337,0.1873644000705421,236
30,Veracruz de Ignacio de la Llave,30142,San Juan Evangelista,0.0136986301369863,0.00821917808219178,SAN JUAN EVANGELISTA,35.0,0.467988422980663,10573.26244,0,-0.07472206413403858,-0.13390210911423392,-0.1293707133275001,-0.11266496219192419,626
30,Veracruz de Ignacio de la Llave,30143,Santiago Tuxtla,0.010958904109589,0.00821917808219178,SANTIAGO TUXTLA,75.0,0.69777122679711,28196.93527,0,-0.09934548028425377,-0.13390210911423392,0.09511849332729226,-0.04604303202373181,444
30,Veracruz de Ignacio de la Llave,30144,Sayula de Alem√°n,0.0164383561643835,0.0136986301369863,,,,0.0,1,-0.05009864798382428,-0.11244531890809842,-0.26405224763674284,-0.14219873817622183,762
30,Veracruz de Ignacio de la Llave,30145,Soconusco,0.00273972602739726,0.00547945205479452,,,,0.0,1,-0.1732157287348979,-0.14463050421730167,-0.26405224763674284,-0.19396616019631416,1331
30,Veracruz de Ignacio de la Llave,30146,Sochiapa,0.0,0.0,,,,0.0,1,-0.19783914488511273,-0.16608729442343717,-0.26405224763674284,-0.20932622898176426,1826
30,Veracruz de Ignacio de la Llave,30147,Soledad Atzompa,0.0,0.0,SOLEDAD ATZOMPA,20.0,0.365365885332121,5346.764366,0,-0.19783914488511273,-0.16608729442343717,-0.19594550835080632,-0.18662398255311874,1192
30,Veracruz de Ignacio de la Llave,30148,Soledad de Doblado,0.0,0.00821917808219178,,,,0.0,1,-0.19783914488511273,-0.13390210911423392,-0.26405224763674284,-0.19859783387869648,1439
30,Veracruz de Ignacio de la Llave,30149,Soteapan,0.00821917808219178,0.0,,,,0.0,1,-0.12396889643446825,-0.16608729442343717,-0.26405224763674284,-0.1847028128315494,1153
30,Veracruz de Ignacio de la Llave,30150,Tamal√≠n,0.0,0.0,,,,0.0,1,-0.19783914488511273,-0.16608729442343717,-0.26405224763674284,-0.20932622898176426,1826
30,Veracruz de Ignacio de la Llave,30151,Tamiahua,0.0136986301369863,0.00273972602739726,,,,0.0,1,-0.07472206413403858,-0.15535889932036942,-0.26405224763674284,-0.16471107036371693,932
30,Veracruz de Ignacio de la Llave,30152,Tampico Alto,0.0,0.00273972602739726,,,,0.0,1,-0.19783914488511273,-0.15535889932036942,-0.26405224763674284,-0.20575009728074167,1719
30,Veracruz de Ignacio de la Llave,30153,Tancoco,0.0,0.0,,,,0.0,1,-0.19783914488511273,-0.16608729442343717,-0.26405224763674284,-0.20932622898176426,1826
30,Veracruz de Ignacio de la Llave,30154,Tantima,0.0,0.00273972602739726,TANTIMA,19.0,0.307716013713933,2673.129011,0,-0.19783914488511273,-0.15535889932036942,-0.23000210288236478,-0.19440004902928232,1360
30,Veracruz de Ignacio de la Llave,30155,Tantoyuca,0.0246575342465753,0.0273972602739726,TANTOYUCA,38.0,0.534691504163811,34456.05522,0,0.023771600466820385,-0.058803343392759645,0.17484675913695003,0.04660500540367026,324
30,Veracruz de Ignacio de la Llave,30156,Tatatila,0.00273972602739726,0.0,TATATILA,19.0,0.35555439685064,1302.040201,0,-0.1732157287348979,-0.16608729442343717,-0.24746694362124974,-0.19558998892652826,1381
30,Veracruz de Ignacio de la Llave,30157,Castillo de Teayo,0.0,0.00273972602739726,CASTILLO DE TEAYO,22.0,0.736835009572087,10399.68933,0,-0.19783914488511273,-0.15535889932036942,-0.13158167639611634,-0.16159324020053284,907
30,Veracruz de Ignacio de la Llave,30158,Tecolutla,0.0164383561643835,0.00547945205479452,TECOLUTLA,16.0,0.441140598056945,7780.396728,0,-0.05009864798382428,-0.14463050421730167,-0.16494605644854307,-0.11989173621655635,654
30,Veracruz de Ignacio de la Llave,30159,Tehuipango,0.010958904109589,0.00273972602739726,,,,0.0,1,-0.09934548028425377,-0.15535889932036942,-0.26405224763674284,-0.17291887574712203,1015
30,Veracruz de Ignacio de la Llave,30160,√Ålamo Temapache,0.0630136986301369,0.0246575342465753,ALAMO TEMAPACHE,18.0,0.660008865479387,49365.36309,0,0.36849942656982765,-0.06953173849582756,0.3647605601813576,0.22124274941845257,226
30,Veracruz de Ignacio de la Llave,30161,Tempoal,0.010958904109589,0.00273972602739726,,,,0.0,1,-0.09934548028425377,-0.15535889932036942,-0.26405224763674284,-0.17291887574712203,1015
30,Veracruz de Ignacio de la Llave,30162,Tenampa,0.0,0.0,,,,0.0,1,-0.19783914488511273,-0.16608729442343717,-0.26405224763674284,-0.20932622898176426,1826
30,Veracruz de Ignacio de la Llave,30163,Tenochtitl√°n,0.00273972602739726,0.0,,,,0.0,1,-0.1732157287348979,-0.16608729442343717,-0.26405224763674284,-0.2011184235983593,1482
30,Veracruz de Ignacio de la Llave,30164,Teocelo,0.0,0.00547945205479452,TEOCELO,37.0,0.657138968286375,7926.410235,0,-0.19783914488511273,-0.14463050421730167,-0.1630861458235843,-0.16851859830866622,964
30,Veracruz de Ignacio de la Llave,30165,Tepatlaxco,0.0,0.0,,,,0.0,1,-0.19783914488511273,-0.16608729442343717,-0.26405224763674284,-0.20932622898176426,1826
30,Veracruz de Ignacio de la Llave,30166,Tepetl√°n,0.0,0.0,,,,0.0,1,-0.19783914488511273,-0.16608729442343717,-0.26405224763674284,-0.20932622898176426,1826
30,Veracruz de Ignacio de la Llave,30167,Tepetzintla,0.00273972602739726,0.0,TEPETZINTLA,19.0,0.557655038759689,5566.512597,0,-0.1732157287348979,-0.16608729442343717,-0.1931463695721398,-0.1774831309101583,1069
30,Veracruz de Ignacio de la Llave,30168,Tequila,0.00273972602739726,0.00547945205479452,,,,0.0,1,-0.1732157287348979,-0.14463050421730167,-0.26405224763674284,-0.19396616019631416,1331
30,Veracruz de Ignacio de la Llave,30169,Jos√© Azueta,0.0,0.00273972602739726,,,,0.0,1,-0.19783914488511273,-0.15535889932036942,-0.26405224763674284,-0.20575009728074167,1719
30,Veracruz de Ignacio de la Llave,30170,Texcatepec,0.0,0.0,TEXCATEPEC,14.0,0.357169134553481,2320.527867,0,-0.19783914488511273,-0.16608729442343717,-0.23449351348931785,-0.19947331759928924,1466
30,Veracruz de Ignacio de la Llave,30171,Texhuac√°n,0.0,0.0,,,,0.0,1,-0.19783914488511273,-0.16608729442343717,-0.26405224763674284,-0.20932622898176426,1826
30,Veracruz de Ignacio de la Llave,30172,Texistepec,0.0246575342465753,0.00547945205479452,,,,0.0,1,0.023771600466820385,-0.14463050421730167,-0.26405224763674284,-0.1283037171290747,689
30,Veracruz de Ignacio de la Llave,30173,Tezonapa,0.00273972602739726,0.0328767123287671,,,,0.0,1,-0.1732157287348979,-0.03734655318662422,-0.26405224763674284,-0.15820484318608832,874
30,Veracruz de Ignacio de la Llave,30174,Tierra Blanca,0.00547945205479452,0.0547945205479452,TIERRA BLANCA,19.0,0.682937081308288,47015.43749,0,-0.14859231258468308,0.048480607637917894,0.334827359609012,0.07823855155408227,301
30,Veracruz de Ignacio de la Llave,30175,Tihuatl√°n,0.00547945205479452,0.0547945205479452,TIHUATLAN,29.0,0.771729837560558,49532.70789,0,-0.14859231258468308,0.048480607637917894,0.36689218743931806,0.08892682749751762,290
30,Veracruz de Ignacio de la Llave,30176,Tlacojalpan,0.0,0.00547945205479452,,,,0.0,1,-0.19783914488511273,-0.14463050421730167,-0.26405224763674284,-0.2021739655797191,1660
30,Veracruz de Ignacio de la Llave,30177,Tlacolulan,0.0,0.0,TLACOLULAN,38.0,0.353461918117293,2514.174624,0,-0.19783914488511273,-0.16608729442343717,-0.23202685360124936,-0.19865109763659974,1460
30,Veracruz de Ignacio de la Llave,30178,Tlacotalpan,0.0,0.0,TLACOTALPAN,30.0,0.605034350505483,5960.193387,0,-0.19783914488511273,-0.16608729442343717,-0.18813168908670255,-0.18401937613175082,1150
30,Veracruz de Ignacio de la Llave,30179,Tlacotepec de Mej√≠a,0.0,0.0,,,,0.0,1,-0.19783914488511273,-0.16608729442343717,-0.26405224763674284,-0.20932622898176426,1826
30,Veracruz de Ignacio de la Llave,30180,Tlachichilco,0.0,0.0,,,,0.0,1,-0.19783914488511273,-0.16608729442343717,-0.26405224763674284,-0.20932622898176426,1826
30,Veracruz de Ignacio de la Llave,30181,Tlalixcoyan,0.00547945205479452,0.00547945205479452,,,,0.0,1,-0.14859231258468308,-0.14463050421730167,-0.26405224763674284,-0.18575835481290923,1180
30,Veracruz de Ignacio de la Llave,30182,Tlalnelhuayocan,0.0,0.0,TLALNELHUAYOCAN,5.0,0.533333333333333,7042.666667,0,-0.19783914488511273,-0.16608729442343717,-0.17434321433480196,-0.1794232178811173,1084
30,Veracruz de Ignacio de la Llave,30183,Tlapacoyan,0.0520547945205479,0.0246575342465753,,,,0.0,1,0.2700057619689687,-0.06953173849582756,-0.26405224763674284,-0.021192741387867236,408
30,Veracruz de Ignacio de la Llave,30184,Tlaquilpa,0.00547945205479452,0.0,,,,0.0,1,-0.14859231258468308,-0.16608729442343717,-0.26405224763674284,-0.19291061821495437,1277
30,Veracruz de Ignacio de la Llave,30185,Tlilapan,0.0,0.00273972602739726,,,,0.0,1,-0.19783914488511273,-0.15535889932036942,-0.26405224763674284,-0.20575009728074167,1719
30,Veracruz de Ignacio de la Llave,30186,Tomatl√°n,0.00273972602739726,0.0,,,,0.0,1,-0.1732157287348979,-0.16608729442343717,-0.26405224763674284,-0.2011184235983593,1482
30,Veracruz de Ignacio de la Llave,30187,Tonay√°n,0.0,0.0,,,,0.0,1,-0.19783914488511273,-0.16608729442343717,-0.26405224763674284,-0.20932622898176426,1826
30,Veracruz de Ignacio de la Llave,30188,Totutla,0.0,0.00273972602739726,,,,0.0,1,-0.19783914488511273,-0.15535889932036942,-0.26405224763674284,-0.20575009728074167,1719
30,Veracruz de Ignacio de la Llave,30189,Tuxpan,0.106849315068493,0.0465753424657534,TUXPAN,76.0,0.880793963817199,98744.93049,0,0.7624740849732645,0.016295422328714546,0.9937543015831518,0.590841269628377,136
30,Veracruz de Ignacio de la Llave,30190,Tuxtilla,0.00273972602739726,0.0,,,,0.0,1,-0.1732157287348979,-0.16608729442343717,-0.26405224763674284,-0.2011184235983593,1482
30,Veracruz de Ignacio de la Llave,30191,Ursulo Galv√°n,0.0,0.00821917808219178,URSULO GALVAN,19.0,0.783853896440801,17785.64491,0,-0.19783914488511273,-0.13390210911423392,-0.0374998510844661,-0.1230803683612709,665
30,Veracruz de Ignacio de la Llave,30192,Vega de Alatorre,0.00821917808219178,0.0,VEGA DE ALATORRE,15.0,0.421052631578947,6165.052632,0,-0.12396889643446825,-0.16608729442343717,-0.18552220525041246,-0.15852613203610597,876
30,Veracruz de Ignacio de la Llave,30193,Veracruz,0.0520547945205479,0.252054794520547,VERACRUZ,334.0,0.690662459684056,317094.1858,0,0.2700057619689687,0.8209250550587925,3.775073018233806,1.6220012784205224,57
30,Veracruz de Ignacio de la Llave,30194,Villa Aldama,0.010958904109589,0.00821917808219178,,,,0.0,1,-0.09934548028425377,-0.13390210911423392,-0.26405224763674284,-0.16576661234507684,940
30,Veracruz de Ignacio de la Llave,30195,Xoxocotla,0.00273972602739726,0.0,,,,0.0,1,-0.1732157287348979,-0.16608729442343717,-0.26405224763674284,-0.2011184235983593,1482
30,Veracruz de Ignacio de la Llave,30196,Yanga,0.0356164383561643,0.00547945205479452,,,,0.0,1,0.12226526506767935,-0.14463050421730167,-0.26405224763674284,-0.09547249559545505,571
30,Veracruz de Ignacio de la Llave,30197,Yecuatla,0.00273972602739726,0.0,,,,0.0,1,-0.1732157287348979,-0.16608729442343717,-0.26405224763674284,-0.2011184235983593,1482
30,Veracruz de Ignacio de la Llave,30198,Zacualpan,0.0,0.00273972602739726,,,,0.0,1,-0.19783914488511273,-0.15535889932036942,-0.26405224763674284,-0.20575009728074167,1719
30,Veracruz de Ignacio de la Llave,30199,Zaragoza,0.00273972602739726,0.00273972602739726,ZARAGOZA,21.0,0.183682162837588,1436.578196,0,-0.1732157287348979,-0.15535889932036942,-0.24575320732724273,-0.19144261179417002,1265
30,Veracruz de Ignacio de la Llave,30200,Zentla,0.00273972602739726,0.010958904109589,,,,0.0,1,-0.1732157287348979,-0.12317371401116634,-0.26405224763674284,-0.18681389679426905,1195
30,Veracruz de Ignacio de la Llave,30201,Zongolica,0.010958904109589,0.0136986301369863,ZONGOLICA,37.0,0.804688195000444,23543.56721,0,-0.09934548028425377,-0.11244531890809842,0.03584419141878648,-0.058648869257855236,465
30,Veracruz de Ignacio de la Llave,30202,Zontecomatl√°n de L√≥pez y Fuentes,0.0,0.0,ZONTECOMATLAN DE LOPEZ Y FUENTES,30.0,0.307518891914801,2721.234675,0,-0.19783914488511273,-0.16608729442343717,-0.229389336040224,-0.19777192511625796,1434
30,Veracruz de Ignacio de la Llave,30203,Zozocolco de Hidalgo,0.00273972602739726,0.00273972602739726,ZOZOCOLCO DE HIDALGO,16.0,0.812544080604534,7576.161008,0,-0.1732157287348979,-0.15535889932036942,-0.1675475978636404,-0.16537407530630258,939
30,Veracruz de Ignacio de la Llave,30204,Agua Dulce,0.021917808219178,0.0356164383561643,AGUA DULCE,18.0,0.641060031449449,20332.50102,0,-0.000851815683394814,-0.026618158083556703,-0.005058162390350082,-0.010842712052433867,395
30,Veracruz de Ignacio de la Llave,30205,El Higo,0.0136986301369863,0.0,,,,0.0,1,-0.07472206413403858,-0.16608729442343717,-0.26405224763674284,-0.16828720206473954,958
30,Veracruz de Ignacio de la Llave,30206,Nanchital de L√°zaro C√°rdenas del R√≠o,0.010958904109589,0.00821917808219178,,,,0.0,1,-0.09934548028425377,-0.13390210911423392,-0.26405224763674284,-0.16576661234507684,940
30,Veracruz de Ignacio de la Llave,30207,Tres Valles,0.010958904109589,0.0273972602739726,TRES VALLES,18.0,0.605263157894736,19054.28947,0,-0.09934548028425377,-0.058803343392759645,-0.021339938587876806,-0.059829587421630075,468
30,Veracruz de Ignacio de la Llave,30208,Carlos A. Carrillo,0.00547945205479452,0.00273972602739726,CARLOS A. CARRILLO,35.0,0.744316200891792,12973.43138,0,-0.14859231258468308,-0.15535889932036942,-0.09879751633414253,-0.13424957607973168,718
30,Veracruz de Ignacio de la Llave,30209,Tatahuicapan de Ju√°rez,0.0,0.0,,,,0.0,1,-0.19783914488511273,-0.16608729442343717,-0.26405224763674284,-0.20932622898176426,1826
30,Veracruz de Ignacio de la Llave,30210,Uxpanapa,0.0,0.0,,,,0.0,1,-0.19783914488511273,-0.16608729442343717,-0.26405224763674284,-0.20932622898176426,1826
30,Veracruz de Ignacio de la Llave,30211,San Rafael,0.0246575342465753,0.010958904109589,,,,0.0,1,0.023771600466820385,-0.12317371401116634,-0.26405224763674284,-0.12115145372702958,659
30,Veracruz de Ignacio de la Llave,30212,Santiago Sochiapan,0.00821917808219178,0.00273972602739726,,,,0.0,1,-0.12396889643446825,-0.15535889932036942,-0.26405224763674284,-0.18112668113052685,1096
30,Veracruz de Ignacio de la Llave,30998,No Especificado,0.0,0.0,,,,0.0,1,-0.19783914488511273,-0.16608729442343717,-0.26405224763674284,-0.20932622898176426,1826
30,Veracruz de Ignacio de la Llave,30999,Otros Municipios,0.0,0.0,,,,0.0,1,-0.19783914488511273,-0.16608729442343717,-0.26405224763674284,-0.20932622898176426,1826
31,Yucat√°n,31001,Abal√°,0.0,0.0,,,,0.0,1,-0.19783914488511273,-0.16608729442343717,-0.26405224763674284,-0.20932622898176426,1826
31,Yucat√°n,31002,Acanceh,0.0,0.0,ACANCEH,40.0,0.592494607025112,7050.093329,0,-0.19783914488511273,-0.16608729442343717,-0.17424861399374056,-0.1793916844340968,1083
31,Yucat√°n,31003,Akil,0.0,0.0,,,,0.0,1,-0.19783914488511273,-0.16608729442343717,-0.26405224763674284,-0.20932622898176426,1826
31,Yucat√°n,31004,Baca,0.0,0.0,,,,0.0,1,-0.19783914488511273,-0.16608729442343717,-0.26405224763674284,-0.20932622898176426,1826
31,Yucat√°n,31005,Bokob√°,0.00273972602739726,0.0,,,,0.0,1,-0.1732157287348979,-0.16608729442343717,-0.26405224763674284,-0.2011184235983593,1482
31,Yucat√°n,31006,Buctzotz,0.0,0.0,,,,0.0,1,-0.19783914488511273,-0.16608729442343717,-0.26405224763674284,-0.20932622898176426,1826
31,Yucat√°n,31007,Cacalch√©n,0.0,0.0,,,,0.0,1,-0.19783914488511273,-0.16608729442343717,-0.26405224763674284,-0.20932622898176426,1826
31,Yucat√°n,31008,Calotmul,0.0,0.0,CALOTMUL,18.0,0.699898785425101,1922.621964,0,-0.19783914488511273,-0.16608729442343717,-0.23956201319135914,-0.20116281749996967,1650
31,Yucat√°n,31009,Cansahcab,0.0,0.0,,,,0.0,1,-0.19783914488511273,-0.16608729442343717,-0.26405224763674284,-0.20932622898176426,1826
31,Yucat√°n,31010,Cantamayec,0.0,0.0,,,,0.0,1,-0.19783914488511273,-0.16608729442343717,-0.26405224763674284,-0.20932622898176426,1826
31,Yucat√°n,31011,Celest√∫n,0.0,0.0,,,,0.0,1,-0.19783914488511273,-0.16608729442343717,-0.26405224763674284,-0.20932622898176426,1826
31,Yucat√°n,31012,Cenotillo,0.0,0.0,,,,0.0,1,-0.19783914488511273,-0.16608729442343717,-0.26405224763674284,-0.20932622898176426,1826
31,Yucat√°n,31013,Conkal,0.0,0.0,CONKAL,19.0,0.404712903889689,4884.88475,0,-0.19783914488511273,-0.16608729442343717,-0.20182890107864668,-0.18858511346239884,1224
31,Yucat√°n,31014,Cuncunul,0.0,0.0,,,,0.0,1,-0.19783914488511273,-0.16608729442343717,-0.26405224763674284,-0.20932622898176426,1826
31,Yucat√°n,31015,Cuzam√°,0.0,0.0,CUZAMA,21.0,0.377358490566037,1462.264151,0,-0.19783914488511273,-0.16608729442343717,-0.24542602129083915,-0.20311748686646303,1700
31,Yucat√°n,31016,Chacsink√≠n,0.0,0.0,,,,0.0,1,-0.19783914488511273,-0.16608729442343717,-0.26405224763674284,-0.20932622898176426,1826
31,Yucat√°n,31017,Chankom,0.0,0.0,,,,0.0,1,-0.19783914488511273,-0.16608729442343717,-0.26405224763674284,-0.20932622898176426,1826
31,Yucat√°n,31018,Chapab,0.0,0.0,,,,0.0,1,-0.19783914488511273,-0.16608729442343717,-0.26405224763674284,-0.20932622898176426,1826
31,Yucat√°n,31019,Chemax,0.0,0.0,CHEMAX,60.0,0.64461874119694,14839.12342,0,-0.19783914488511273,-0.16608729442343717,-0.07503245158505066,-0.14631963029786685,783
31,Yucat√°n,31020,Chicxulub Pueblo,0.0,0.0,CHICXULUB PUEBLO,22.0,0.117641882974043,384.3360317,0,-0.19783914488511273,-0.16608729442343717,-0.2591566000791966,-0.20769434646258214,1809
31,Yucat√°n,31021,Chichimil√°,0.0,0.0,CHICHIMILA,16.0,0.563685470505186,3235.554601,0,-0.19783914488511273,-0.16608729442343717,-0.2228379620293566,-0.19558813377930218,1380
31,Yucat√°n,31022,Chikindzonot,0.0,0.0,,,,0.0,1,-0.19783914488511273,-0.16608729442343717,-0.26405224763674284,-0.20932622898176426,1826
31,Yucat√°n,31023,Chochol√°,0.0,0.0,,,,0.0,1,-0.19783914488511273,-0.16608729442343717,-0.26405224763674284,-0.20932622898176426,1826
31,Yucat√°n,31024,Chumayel,0.0,0.0,,,,0.0,1,-0.19783914488511273,-0.16608729442343717,-0.26405224763674284,-0.20932622898176426,1826
31,Yucat√°n,31025,Dz√°n,0.0,0.0,,,,0.0,1,-0.19783914488511273,-0.16608729442343717,-0.26405224763674284,-0.20932622898176426,1826
31,Yucat√°n,31026,Dzemul,0.0,0.0,,,,0.0,1,-0.19783914488511273,-0.16608729442343717,-0.26405224763674284,-0.20932622898176426,1826
31,Yucat√°n,31027,Dzidzant√∫n,0.0,0.0,DZIDZANTUN,38.0,0.333708802670004,2060.651856,0,-0.19783914488511273,-0.16608729442343717,-0.23780379733881676,-0.20057674554912222,1475
31,Yucat√°n,31028,Dzilam de Bravo,0.0,0.0,DZILAM DE BRAVO,32.0,0.149978094728131,308.0550066,0,-0.19783914488511273,-0.16608729442343717,-0.2601282628519169,-0.20801823405348893,1813
31,Yucat√°n,31029,Dzilam Gonz√°lez,0.0,0.0,,,,0.0,1,-0.19783914488511273,-0.16608729442343717,-0.26405224763674284,-0.20932622898176426,1826
31,Yucat√°n,31030,Dzit√°s,0.0,0.0,,,,0.0,1,-0.19783914488511273,-0.16608729442343717,-0.26405224763674284,-0.20932622898176426,1826
31,Yucat√°n,31031,Dzoncauich,0.0,0.0,,,,0.0,1,-0.19783914488511273,-0.16608729442343717,-0.26405224763674284,-0.20932622898176426,1826
31,Yucat√°n,31032,Espita,0.00273972602739726,0.0,ESPITA,38.0,0.423268870867124,4603.048971,0,-0.1732157287348979,-0.16608729442343717,-0.20541890703512047,-0.18157397673115183,1118
31,Yucat√°n,31033,Halach√≥,0.0,0.0,HALACHO,20.0,0.784339421738062,11434.88443,0,-0.19783914488511273,-0.16608729442343717,-0.11839542804859023,-0.16077395578571338,899
31,Yucat√°n,31034,Hocab√°,0.0,0.0,,,,0.0,1,-0.19783914488511273,-0.16608729442343717,-0.26405224763674284,-0.20932622898176426,1826
31,Yucat√°n,31035,Hoct√∫n,0.0,0.0,HOCTUN,19.0,0.297900139990667,1361.40364,0,-0.19783914488511273,-0.16608729442343717,-0.2467107759680052,-0.20354573842551837,1706
31,Yucat√°n,31036,Hom√∫n,0.0,0.0,,,,0.0,1,-0.19783914488511273,-0.16608729442343717,-0.26405224763674284,-0.20932622898176426,1826
31,Yucat√°n,31037,Huh√≠,0.0,0.0,HUHI,19.0,0.700032237266279,2591.519342,0,-0.19783914488511273,-0.16608729442343717,-0.23104164157704507,-0.19832269362853164,1438
31,Yucat√°n,31038,Hunucm√°,0.0,0.0,HUNUCMA,39.0,0.730375312760633,17479.34198,0,-0.19783914488511273,-0.16608729442343717,-0.04140151803068222,-0.13510931911307736,722
31,Yucat√°n,31039,Ixil,0.00273972602739726,0.0,,,,0.0,1,-0.1732157287348979,-0.16608729442343717,-0.26405224763674284,-0.2011184235983593,1482
31,Yucat√°n,31040,Izamal,0.00547945205479452,0.0,IZAMAL,75.0,0.370944502409698,7333.572813,0,-0.14859231258468308,-0.16608729442343717,-0.17063767062910082,-0.1617724258790737,910
31,Yucat√°n,31041,Kanas√≠n,0.00821917808219178,0.0,KANASIN,184.0,0.724755460763403,69546.0845,0,-0.12396889643446825,-0.16608729442343717,0.6218212865550599,0.11058836523238481,272
31,Yucat√°n,31042,Kantunil,0.0,0.0,,,,0.0,1,-0.19783914488511273,-0.16608729442343717,-0.26405224763674284,-0.20932622898176426,1826
31,Yucat√°n,31043,Kaua,0.0,0.0,,,,0.0,1,-0.19783914488511273,-0.16608729442343717,-0.26405224763674284,-0.20932622898176426,1826
31,Yucat√°n,31044,Kinchil,0.0,0.0,,,,0.0,1,-0.19783914488511273,-0.16608729442343717,-0.26405224763674284,-0.20932622898176426,1826
31,Yucat√°n,31045,Kopom√°,0.0,0.0,,,,0.0,1,-0.19783914488511273,-0.16608729442343717,-0.26405224763674284,-0.20932622898176426,1826
31,Yucat√°n,31046,Mama,0.0,0.0,,,,0.0,1,-0.19783914488511273,-0.16608729442343717,-0.26405224763674284,-0.20932622898176426,1826
31,Yucat√°n,31047,Man√≠,0.0,0.0,,,,0.0,1,-0.19783914488511273,-0.16608729442343717,-0.26405224763674284,-0.20932622898176426,1826
31,Yucat√°n,31048,Maxcan√∫,0.0,0.0,MAXCANU,19.0,0.765899069083782,12668.7365,0,-0.19783914488511273,-0.16608729442343717,-0.1026787000432807,-0.1555350464506102,860
31,Yucat√°n,31049,Mayap√°n,0.0,0.0,,,,0.0,1,-0.19783914488511273,-0.16608729442343717,-0.26405224763674284,-0.20932622898176426,1826
31,Yucat√°n,31050,M√©rida,0.0356164383561643,0.0,MERIDA,1483.0,0.337165168860167,252452.4202,0,0.12226526506767935,-0.16608729442343717,2.9516703815480545,0.9692827840640988,97
31,Yucat√°n,31051,Mococh√°,0.0,0.0,MOCOCHA,17.0,0.111111111111111,282.4444444,0,-0.19783914488511273,-0.16608729442343717,-0.2604544885397017,-0.2081269759494172,1814
31,Yucat√°n,31052,Motul,0.0,0.0,MOTUL,72.0,0.34910536779324,9268.39841,0,-0.19783914488511273,-0.16608729442343717,-0.14599198709447775,-0.1699728088010092,978
31,Yucat√°n,31053,Muna,0.0,0.0,MUNA,42.0,0.372472951420319,3582.444847,0,-0.19783914488511273,-0.16608729442343717,-0.2184192964724095,-0.19411524526031979,1358
31,Yucat√°n,31054,Muxupip,0.0,0.0,,,,0.0,1,-0.19783914488511273,-0.16608729442343717,-0.26405224763674284,-0.20932622898176426,1826
31,Yucat√°n,31055,Opich√©n,0.0,0.0,,,,0.0,1,-0.19783914488511273,-0.16608729442343717,-0.26405224763674284,-0.20932622898176426,1826
31,Yucat√°n,31056,Oxkutzcab,0.00273972602739726,0.0,OXKUTZCAB,72.0,0.684826087839347,15085.34906,0,-0.1732157287348979,-0.16608729442343717,-0.071896045280028,-0.13706635614612103,729
31,Yucat√°n,31057,Panab√°,0.0,0.0,,,,0.0,1,-0.19783914488511273,-0.16608729442343717,-0.26405224763674284,-0.20932622898176426,1826
31,Yucat√°n,31058,Peto,0.0,0.0,,,,0.0,1,-0.19783914488511273,-0.16608729442343717,-0.26405224763674284,-0.20932622898176426,1826
31,Yucat√°n,31059,Progreso,0.00547945205479452,0.0,PROGRESO,66.0,0.584308483809139,27560.66256,0,-0.14859231258468308,-0.16608729442343717,0.08701369262758504,-0.07588863812684507,519
31,Yucat√°n,31060,Quintana Roo,0.0,0.0,,,,0.0,1,-0.19783914488511273,-0.16608729442343717,-0.26405224763674284,-0.20932622898176426,1826
31,Yucat√°n,31061,R√≠o Lagartos,0.0,0.0,,,,0.0,1,-0.19783914488511273,-0.16608729442343717,-0.26405224763674284,-0.20932622898176426,1826
31,Yucat√°n,31062,Sacalum,0.0,0.0,,,,0.0,1,-0.19783914488511273,-0.16608729442343717,-0.26405224763674284,-0.20932622898176426,1826
31,Yucat√°n,31063,Samahil,0.0,0.0,,,,0.0,1,-0.19783914488511273,-0.16608729442343717,-0.26405224763674284,-0.20932622898176426,1826
31,Yucat√°n,31064,Sanahcat,0.0,0.0,,,,0.0,1,-0.19783914488511273,-0.16608729442343717,-0.26405224763674284,-0.20932622898176426,1826
31,Yucat√°n,31065,San Felipe,0.0,0.0,,,,0.0,1,-0.19783914488511273,-0.16608729442343717,-0.26405224763674284,-0.20932622898176426,1826
31,Yucat√°n,31066,Santa Elena,0.0,0.0,,,,0.0,1,-0.19783914488511273,-0.16608729442343717,-0.26405224763674284,-0.20932622898176426,1826
31,Yucat√°n,31067,Sey√©,0.0,0.0,,,,0.0,1,-0.19783914488511273,-0.16608729442343717,-0.26405224763674284,-0.20932622898176426,1826
31,Yucat√°n,31068,Sinanch√©,0.0,0.0,,,,0.0,1,-0.19783914488511273,-0.16608729442343717,-0.26405224763674284,-0.20932622898176426,1826
31,Yucat√°n,31069,Sotuta,0.0,0.0,,,,0.0,1,-0.19783914488511273,-0.16608729442343717,-0.26405224763674284,-0.20932622898176426,1826
31,Yucat√°n,31070,Sucil√°,0.0,0.0,SUCILA,33.0,0.283258266505547,796.8055037,0,-0.19783914488511273,-0.16608729442343717,-0.2539025905755146,-0.20594300996135484,1791
31,Yucat√°n,31071,Sudzal,0.0,0.0,,,,0.0,1,-0.19783914488511273,-0.16608729442343717,-0.26405224763674284,-0.20932622898176426,1826
31,Yucat√°n,31072,Suma,0.0,0.0,,,,0.0,1,-0.19783914488511273,-0.16608729442343717,-0.26405224763674284,-0.20932622898176426,1826
31,Yucat√°n,31073,Tahdzi√∫,0.00273972602739726,0.0,,,,0.0,1,-0.1732157287348979,-0.16608729442343717,-0.26405224763674284,-0.2011184235983593,1482
31,Yucat√°n,31074,Tahmek,0.0,0.0,,,,0.0,1,-0.19783914488511273,-0.16608729442343717,-0.26405224763674284,-0.20932622898176426,1826
31,Yucat√°n,31075,Teabo,0.00273972602739726,0.0,TEABO,20.0,0.526376980090103,2375.012934,0,-0.1732157287348979,-0.16608729442343717,-0.23379948622364244,-0.1910341697939925,1260
31,Yucat√°n,31076,Tecoh,0.0,0.0,TECOH,19.0,0.561437857310674,7036.500666,0,-0.19783914488511273,-0.16608729442343717,-0.17442175645743868,-0.17944939858866285,1085
31,Yucat√°n,31077,Tekal de Venegas,0.0,0.0,,,,0.0,1,-0.19783914488511273,-0.16608729442343717,-0.26405224763674284,-0.20932622898176426,1826
31,Yucat√°n,31078,Tekant√≥,0.0,0.0,TEKANTO,18.0,0.456443159226459,1227.832098,0,-0.19783914488511273,-0.16608729442343717,-0.24841220164609626,-0.2041128803182154,1712
31,Yucat√°n,31079,Tekax,0.0,0.0,TEKAX,76.0,0.768220487633748,23128.81422,0,-0.19783914488511273,-0.16608729442343717,0.030561094610253452,-0.11112178156609881,619
31,Yucat√°n,31080,Tekit,0.00547945205479452,0.0,,,,0.0,1,-0.14859231258468308,-0.16608729442343717,-0.26405224763674284,-0.19291061821495437,1277
31,Yucat√°n,31081,Tekom,0.0,0.0,,,,0.0,1,-0.19783914488511273,-0.16608729442343717,-0.26405224763674284,-0.20932622898176426,1826
31,Yucat√°n,31082,Telchac Pueblo,0.0,0.0,,,,0.0,1,-0.19783914488511273,-0.16608729442343717,-0.26405224763674284,-0.20932622898176426,1826
31,Yucat√°n,31083,Telchac Puerto,0.0,0.0,TELCHAC PUERTO,18.0,0.40004296916962,550.0590826,0,-0.19783914488511273,-0.16608729442343717,-0.25704563055656543,-0.20699068995503844,1802
31,Yucat√°n,31084,Temax,0.0,0.0,TEMAX,19.0,0.448961937716262,2202.158304,0,-0.19783914488511273,-0.16608729442343717,-0.23600129734040654,-0.1999759122163188,1470
31,Yucat√°n,31085,Temoz√≥n,0.0,0.0,,,,0.0,1,-0.19783914488511273,-0.16608729442343717,-0.26405224763674284,-0.20932622898176426,1826
31,Yucat√°n,31086,Tepak√°n,0.0,0.0,,,,0.0,1,-0.19783914488511273,-0.16608729442343717,-0.26405224763674284,-0.20932622898176426,1826
31,Yucat√°n,31087,Tetiz,0.0,0.0,,,,0.0,1,-0.19783914488511273,-0.16608729442343717,-0.26405224763674284,-0.20932622898176426,1826
31,Yucat√°n,31088,Teya,0.0,0.0,,,,0.0,1,-0.19783914488511273,-0.16608729442343717,-0.26405224763674284,-0.20932622898176426,1826
31,Yucat√°n,31089,Ticul,0.0,0.0,TICUL,60.0,0.46563184806428,13058.64518,0,-0.19783914488511273,-0.16608729442343717,-0.09771206845148117,-0.153879502586677,855
31,Yucat√°n,31090,Timucuy,0.0,0.0,,,,0.0,1,-0.19783914488511273,-0.16608729442343717,-0.26405224763674284,-0.20932622898176426,1826
31,Yucat√°n,31091,Tinum,0.0,0.0,,,,0.0,1,-0.19783914488511273,-0.16608729442343717,-0.26405224763674284,-0.20932622898176426,1826
31,Yucat√°n,31092,Tixcacalcupul,0.0,0.0,,,,0.0,1,-0.19783914488511273,-0.16608729442343717,-0.26405224763674284,-0.20932622898176426,1826
31,Yucat√°n,31093,Tixkokob,0.0,0.0,TIXKOKOB,38.0,0.70580704160951,9527.689255,0,-0.19783914488511273,-0.16608729442343717,-0.1426891570517062,-0.1688718654534187,967
31,Yucat√°n,31094,Tixmehuac,0.0,0.0,,,,0.0,1,-0.19783914488511273,-0.16608729442343717,-0.26405224763674284,-0.20932622898176426,1826
31,Yucat√°n,31095,Tixp√©hual,0.0,0.0,TIXPEHUAL,16.0,0.096156900111164,409.3399238,0,-0.19783914488511273,-0.16608729442343717,-0.2588381021159766,-0.20758818047484215,1808
31,Yucat√°n,31096,Tizim√≠n,0.0,0.0,TIZIMIN,137.0,0.494346359849236,26584.46419,0,-0.19783914488511273,-0.16608729442343717,0.07457894081773758,-0.0964491661636041,574
31,Yucat√°n,31097,Tunk√°s,0.0,0.0,TUNKAS,19.0,0.136401673640167,340.3221757,0,-0.19783914488511273,-0.16608729442343717,-0.25971724573521665,-0.2078812283479222,1810
31,Yucat√°n,31098,Tzucacab,0.00273972602739726,0.0,TZUCACAB,17.0,0.75,7414.5,0,-0.1732157287348979,-0.16608729442343717,-0.16960682534607283,-0.16963661616813597,975
31,Yucat√°n,31099,Uayma,0.0,0.0,,,,0.0,1,-0.19783914488511273,-0.16608729442343717,-0.26405224763674284,-0.20932622898176426,1826
31,Yucat√°n,31100,Uc√∫,0.0,0.0,,,,0.0,1,-0.19783914488511273,-0.16608729442343717,-0.26405224763674284,-0.20932622898176426,1826
31,Yucat√°n,31101,Um√°n,0.00821917808219178,0.0,UMAN,106.0,0.612239625383497,29487.90932,0,-0.12396889643446825,-0.16608729442343717,0.11156283742582167,-0.05949778447736124,466
31,Yucat√°n,31102,Valladolid,0.00273972602739726,0.0,VALLADOLID,95.0,0.340904834068347,19554.64219,0,-0.1732157287348979,-0.16608729442343717,-0.014966477945259599,-0.11808983370119823,647
31,Yucat√°n,31103,Xocchel,0.0,0.0,XOCCHEL,19.0,0.56816418039148,1335.185824,0,-0.19783914488511273,-0.16608729442343717,-0.24704473681548772,-0.20365705870801254,1708
31,Yucat√°n,31104,Yaxcab√°,0.0,0.0,,,,0.0,1,-0.19783914488511273,-0.16608729442343717,-0.26405224763674284,-0.20932622898176426,1826
31,Yucat√°n,31105,Yaxkukul,0.0,0.0,,,,0.0,1,-0.19783914488511273,-0.16608729442343717,-0.26405224763674284,-0.20932622898176426,1826
31,Yucat√°n,31106,Yoba√≠n,0.0,0.0,,,,0.0,1,-0.19783914488511273,-0.16608729442343717,-0.26405224763674284,-0.20932622898176426,1826
32,Zacatecas,32001,Apozol,0.0,0.0,,,,0.0,1,-0.19783914488511273,-0.16608729442343717,-0.26405224763674284,-0.20932622898176426,1826
32,Zacatecas,32002,Apulco,0.0,0.0,,,,0.0,1,-0.19783914488511273,-0.16608729442343717,-0.26405224763674284,-0.20932622898176426,1826
32,Zacatecas,32003,Atolinga,0.0,0.0,,,,0.0,1,-0.19783914488511273,-0.16608729442343717,-0.26405224763674284,-0.20932622898176426,1826
32,Zacatecas,32004,Benito Ju√°rez,0.0,0.0,,,,0.0,1,-0.19783914488511273,-0.16608729442343717,-0.26405224763674284,-0.20932622898176426,1826
32,Zacatecas,32005,Calera,0.00273972602739726,0.0246575342465753,CALERA,75.0,0.680185042405551,19663.46939,0,-0.1732157287348979,-0.06953173849582756,-0.013580244097972368,-0.08544257044289927,537
32,Zacatecas,32006,Ca√±itas de Felipe Pescador,0.00273972602739726,0.00273972602739726,,,,0.0,1,-0.1732157287348979,-0.15535889932036942,-0.26405224763674284,-0.1975422918973367,1396
32,Zacatecas,32007,Concepci√≥n del Oro,0.0,0.00273972602739726,CONCEPCION DEL ORO,17.0,0.232561433326251,1946.306636,0,-0.19783914488511273,-0.15535889932036942,-0.2392603193685989,-0.19748612119136036,1395
32,Zacatecas,32008,Cuauht√©moc,0.0191780821917808,0.0465753424657534,,,,0.0,1,-0.02547523183360911,0.016295422328714546,-0.26405224763674284,-0.0910773523805458,549
32,Zacatecas,32009,Chalchihuites,0.0,0.00547945205479452,CHALCHIHUITES,20.0,0.425472575147195,2903.424853,0,-0.19783914488511273,-0.14463050421730167,-0.22706860931577563,-0.18984608613939669,1241
32,Zacatecas,32010,Fresnillo,0.0575342465753424,0.0904109589041095,FRESNILLO,320.0,0.942140020941974,148511.4158,0,0.31925259426939817,0.18794974397779834,1.6276765783415814,0.7116263055295926,122
32,Zacatecas,32011,Trinidad Garc√≠a de la Cadena,0.00273972602739726,0.00547945205479452,TRINIDAD GARCIA DE LA CADENA,38.0,0.59053244380232,1381.845918,0,-0.1732157287348979,-0.14463050421730167,-0.24645038355067522,-0.18809887216762497,1221
32,Zacatecas,32012,Genaro Codina,0.0,0.00273972602739726,GENARO CODINA,17.0,0.707317073170731,3593.170732,0,-0.19783914488511273,-0.15535889932036942,-0.2182826708417849,-0.19049357168242234,1259
32,Zacatecas,32013,General Enrique Estrada,0.0,0.00547945205479452,,,,0.0,1,-0.19783914488511273,-0.14463050421730167,-0.26405224763674284,-0.2021739655797191,1660
32,Zacatecas,32014,General Francisco R. Murgu√≠a,0.0,0.00273972602739726,GENERAL FRANCISCO R. MURGUIA,18.0,0.595248455312853,8122.165173,0,-0.19783914488511273,-0.15535889932036942,-0.16059263206205027,-0.17126355875584412,992
32,Zacatecas,32015,El Plateado de Joaqu√≠n Amaro,0.0,0.0,,,,0.0,1,-0.19783914488511273,-0.16608729442343717,-0.26405224763674284,-0.20932622898176426,1826
32,Zacatecas,32016,General P√°nfilo Natera,0.0,0.0136986301369863,,,,0.0,1,-0.19783914488511273,-0.11244531890809842,-0.26405224763674284,-0.19144557047665134,1266
32,Zacatecas,32017,Guadalupe,0.0273972602739726,0.073972602739726,GUADALUPE,245.0,0.763448387582009,108850.9442,0,0.04839501661703559,0.12357937335939208,1.1224840517370733,0.4314861472378337,158
32,Zacatecas,32018,Huanusco,0.0,0.0,HUANUSCO,36.0,0.505931337889857,1619.992144,0,-0.19783914488511273,-0.16608729442343717,-0.24341689229954577,-0.20244777720269855,1694
32,Zacatecas,32019,Jalpa,0.0,0.00821917808219178,,,,0.0,1,-0.19783914488511273,-0.13390210911423392,-0.26405224763674284,-0.19859783387869648,1439
32,Zacatecas,32020,Jerez,0.0,0.0520547945205479,JEREZ,108.0,0.790286733863394,33307.42469,0,-0.19783914488511273,0.03775221253484997,0.16021557760592214,4.288175188646437e-05,375
32,Zacatecas,32021,Jim√©nez del Teul,0.0,0.0,JIMENEZ DEL TEUL,17.0,0.53494056215976,1475.901011,0,-0.19783914488511273,-0.16608729442343717,-0.24525231584860857,-0.20305958505238617,1698
32,Zacatecas,32022,Juan Aldama,0.0,0.0164383561643835,,,,0.0,1,-0.19783914488511273,-0.10171692380503089,-0.26405224763674284,-0.1878694387756288,1211
32,Zacatecas,32023,Juchipila,0.0,0.0,JUCHIPILA,18.0,0.702702702702702,6084.0,0,-0.19783914488511273,-0.16608729442343717,-0.18655464844375122,-0.1834936959174337,1145
32,Zacatecas,32024,Loreto,0.0136986301369863,0.0465753424657534,LORETO,18.0,0.714285714285714,23750.0,0,-0.07472206413403858,0.016295422328714546,0.03847371896969229,-0.006650974278543914,384
32,Zacatecas,32025,Luis Moya,0.021917808219178,0.0246575342465753,LUIS MOYA,16.0,0.636290136290136,5323.20328,0,-0.000851815683394814,-0.06953173849582756,-0.19624562794307776,-0.0888763940407667,546
32,Zacatecas,32026,Mazapil,0.0,0.0,MAZAPIL,28.0,0.573445249904616,6551.038535,0,-0.19783914488511273,-0.16608729442343717,-0.18060554173876897,-0.18151066034910626,1117
32,Zacatecas,32027,Melchor Ocampo,0.0,0.0,,,,0.0,1,-0.19783914488511273,-0.16608729442343717,-0.26405224763674284,-0.20932622898176426,1826
32,Zacatecas,32028,Mezquital del Oro,0.0,0.0,,,,0.0,1,-0.19783914488511273,-0.16608729442343717,-0.26405224763674284,-0.20932622898176426,1826
32,Zacatecas,32029,Miguel Auza,0.0,0.0,,,,0.0,1,-0.19783914488511273,-0.16608729442343717,-0.26405224763674284,-0.20932622898176426,1826
32,Zacatecas,32030,Momax,0.0,0.0,,,,0.0,1,-0.19783914488511273,-0.16608729442343717,-0.26405224763674284,-0.20932622898176426,1826
32,Zacatecas,32031,Monte Escobedo,0.00273972602739726,0.010958904109589,MONTE ESCOBEDO,17.0,0.457100117533924,2812.537023,0,-0.1732157287348979,-0.12317371401116634,-0.22822633262623926,-0.17487192512410119,1035
32,Zacatecas,32032,Morelos,0.0,0.0,,,,0.0,1,-0.19783914488511273,-0.16608729442343717,-0.26405224763674284,-0.20932622898176426,1826
32,Zacatecas,32033,Moyahua de Estrada,0.0,0.0,,,,0.0,1,-0.19783914488511273,-0.16608729442343717,-0.26405224763674284,-0.20932622898176426,1826
32,Zacatecas,32034,Nochistl√°n de Mej√≠a,0.0,0.0,NOCHISTLAN DE MEJIA,17.0,0.489339019189765,9430.052239,0,-0.19783914488511273,-0.16608729442343717,-0.14393285105768377,-0.1692864301220779,971
32,Zacatecas,32035,Noria de √Ångeles,0.00821917808219178,0.010958904109589,NORIA DE ANGELES,41.0,0.699546802439433,7089.207296,0,-0.12396889643446825,-0.12317371401116634,-0.17375038280744634,-0.14029766441769365,749
32,Zacatecas,32036,Ojocaliente,0.00821917808219178,0.0547945205479452,OJOCALIENTE,72.0,0.821994644986026,22497.99343,0,-0.12396889643446825,0.048480607637917894,0.0225257401155088,-0.01765418289368052,402
32,Zacatecas,32037,P√°nuco,0.0,0.00821917808219178,,,,0.0,1,-0.19783914488511273,-0.13390210911423392,-0.26405224763674284,-0.19859783387869648,1439
32,Zacatecas,32038,Pinos,0.0273972602739726,0.145205479452054,PINOS,112.0,0.788646024816176,35683.86668,0,0.04839501661703559,0.4025176460391507,0.19048654224208508,0.21379973496609048,230
32,Zacatecas,32039,R√≠o Grande,0.0,0.00273972602739726,RIO GRANDE,59.0,0.677816564651874,29625.32859,0,-0.19783914488511273,-0.15535889932036942,0.11331327521475225,-0.07996158966357664,528
32,Zacatecas,32040,Sain Alto,0.00547945205479452,0.00821917808219178,SAIN ALTO,38.0,0.535950382529896,7378.964867,0,-0.14859231258468308,-0.13390210911423392,-0.17005946957593865,-0.15085129709161857,821
32,Zacatecas,32041,El Salvador,0.0,0.0,,,,0.0,1,-0.19783914488511273,-0.16608729442343717,-0.26405224763674284,-0.20932622898176426,1826
32,Zacatecas,32042,Sombrerete,0.0136986301369863,0.021917808219178,SOMBRERETE,60.0,0.66524197257013,27881.62155,0,-0.07472206413403858,-0.08026013359889547,0.0911020475198282,-0.02129338340436861,409
32,Zacatecas,32043,Susticac√°n,0.0,0.0,,,,0.0,1,-0.19783914488511273,-0.16608729442343717,-0.26405224763674284,-0.20932622898176426,1826
32,Zacatecas,32044,Tabasco,0.0,0.0,,,,0.0,1,-0.19783914488511273,-0.16608729442343717,-0.26405224763674284,-0.20932622898176426,1826
32,Zacatecas,32045,Tepechitl√°n,0.00273972602739726,0.0,TEPECHITLAN,20.0,0.510660272962006,2913.827518,0,-0.1732157287348979,-0.16608729442343717,-0.22693610084064264,-0.1887463746663259,1226
32,Zacatecas,32046,Tepetongo,0.00273972602739726,0.0191780821917808,,,,0.0,1,-0.1732157287348979,-0.09098852870196299,-0.26405224763674284,-0.1760855016912012,1043
32,Zacatecas,32047,Te√∫l de Gonz√°lez Ortega,0.0,0.0136986301369863,,,,0.0,1,-0.19783914488511273,-0.11244531890809842,-0.26405224763674284,-0.19144557047665134,1266
32,Zacatecas,32048,Tlaltenango de S√°nchez Rom√°n,0.00273972602739726,0.00547945205479452,TLALTENANGO DE SANCHEZ ROMAN,39.0,0.406549381640829,7426.844104,0,-0.1732157287348979,-0.14463050421730167,-0.16944958694630483,-0.16243193996616814,919
32,Zacatecas,32049,Valpara√≠so,0.0,0.0164383561643835,VALPARAISO,52.0,0.662000343112026,14186.66735,0,-0.19783914488511273,-0.10171692380503089,-0.08334339487957639,-0.12763315452324,684
32,Zacatecas,32050,Vetagrande,0.00273972602739726,0.0,,,,0.0,1,-0.1732157287348979,-0.16608729442343717,-0.26405224763674284,-0.2011184235983593,1482
32,Zacatecas,32051,Villa de Cos,0.00273972602739726,0.010958904109589,VILLA DE COS,59.0,0.690477467811158,15384.52846,0,-0.1732157287348979,-0.12317371401116634,-0.06808511739902871,-0.12149152004836433,660
32,Zacatecas,32052,Villa Garc√≠a,0.010958904109589,0.00273972602739726,VILLA GARCIA,18.0,0.636340288924558,7943.435827,0,-0.09934548028425377,-0.15535889932036942,-0.16286927493192757,-0.13919121817885027,742
32,Zacatecas,32053,Villa Gonz√°lez Ortega,0.00547945205479452,0.00547945205479452,VILLA GONZALEZ ORTEGA,18.0,0.565185676392572,4641.86996,0,-0.14859231258468308,-0.14463050421730167,-0.20492440778367446,-0.1660490748618864,946
32,Zacatecas,32054,Villa Hidalgo,0.0,0.00273972602739726,VILLA HIDALGO,17.0,0.733333333333333,8768.466667,0,-0.19783914488511273,-0.15535889932036942,-0.1523600853592489,-0.16851937652157703,965
32,Zacatecas,32055,Villanueva,0.0493150684931506,0.117808219178082,VILLANUEVA,36.0,0.861449952418029,18820.09711,0,0.2453823458187535,0.2952336950084755,-0.02432306574917544,0.1720976583593512,244
32,Zacatecas,32056,Zacatecas,0.0164383561643835,0.0794520547945205,ZACATECAS,174.0,0.763212466184791,82131.58312,0,-0.05009864798382428,0.1450361635655275,0.7821345554072475,0.29235735699631693,191
32,Zacatecas,32057,Trancoso,0.00273972602739726,0.00547945205479452,,,,0.0,1,-0.1732157287348979,-0.14463050421730167,-0.26405224763674284,-0.19396616019631416,1331
32,Zacatecas,32058,Santa Mar√≠a de la Paz,0.0,0.0,,,,0.0,1,-0.19783914488511273,-0.16608729442343717,-0.26405224763674284,-0.20932622898176426,1826
