CVEGEO,NOMGEO,homicidio_doloso_2025,robo_veh_violencia_2025,n_inseguro_popw
01005,Jesús María,15,15.999999999999977,48465.88493
01008,San José de Gracia,0.9999999999999999,0.9999999999999999,NA
01001,Aguascalientes,40.99999999999976,46.99999999999992,264703.231
01004,Cosío,1.9999999999999998,6.999999999999991,NA
01011,San Francisco de los Romo,5,5,18028.05971
01006,Pabellón de Arteaga,7.99999999999997,2.9999999999999996,18977.92383
01003,Calvillo,0,1.9999999999999998,14514.80605
01010,El Llano,3.999999999999985,1.9999999999999998,5945.389875
01002,Asientos,2.9999999999999996,10,20111.86968
01009,Tepezalá,0.9999999999999999,0.9999999999999999,NA
01007,Rincón de Romos,5.999999999999978,1.9999999999999998,21933.69174
02003,Tecate,58.99999999999987,25.999999999999975,52720.2135
02004,Tijuana,1072.9999999999998,556.9999999999985,1012248.123
02001,Ensenada,93.99999999999984,52.99999999999971,219840.2153
02006,San Quintín,50,5.999999999999978,48279.41006
02007,San Felipe,25.999999999999975,0,NA
02002,Mexicali,173.9999999999999,198.99999999999972,518145.6518
02005,Playas de Rosarito,53.99999999999998,33.99999999999998,31899.62976
03002,Mulegé,15,0.9999999999999999,19597.19465
03009,Loreto,18.999999999999982,0,3545.73886
03008,Los Cabos,20.99999999999998,5.999999999999978,77779.14018
03003,La Paz,15,5.999999999999978,66914.68067
03001,Comondú,42.99999999999993,0.9999999999999999,17426.01162
04003,Carmen,25.999999999999975,2.9999999999999996,118215.2575
04007,Palizada,0.9999999999999999,0,3097.511628
04013,Dzitbalché,0.9999999999999999,0,NA
04005,Hecelchakán,0.9999999999999999,0,12196.71541
04004,Champotón,16.99999999999999,1.9999999999999998,37736.6081
04011,Candelaria,10.999999999999977,0.9999999999999999,18739.13108
04012,Seybaplaya,5.999999999999978,0,6344.021824
04002,Campeche,23.999999999999982,0.9999999999999999,135011.9563
04006,Hopelchén,0.9999999999999999,0,12115.87957
04001,Calkiní,0.9999999999999999,0,23887.4634
04010,Calakmul,5.999999999999978,0.9999999999999999,10582.82452
04009,Escárcega,5.999999999999978,0,26721.86405
04008,Tenabo,0,0.9999999999999999,4020.05822
05005,Candela,0,0,NA
05017,Matamoros,1.9999999999999998,0.9999999999999999,32504.76207
05018,Monclova,5,0,53254.96925
05014,Jiménez,0,0,NA
05035,Torreón,15.999999999999977,35,223177.5609
05013,Hidalgo,0.9999999999999999,0,NA
05015,Juárez,0,0,NA
05020,Múzquiz,5,0,29983.9802
05024,Parras,0,0,3689.258865
05026,Progreso,0,0,NA
05027,Ramos Arizpe,2.9999999999999996,0,26681.84158
05025,Piedras Negras,12.99999999999997,1.9999999999999998,28902.26213
05028,Sabinas,0.9999999999999999,0,18596.10083
05030,Saltillo,12.99999999999997,2.9999999999999996,221044.3905
05031,San Buenaventura,0,0,NA
05016,Lamadrid,0,0,NA
05004,Arteaga,0.9999999999999999,0,9596.70775
05002,Acuña,3.999999999999985,1.9999999999999998,10327.45313
05032,San Juan de Sabinas,0.9999999999999999,0,8470.409421
05033,San Pedro,2.9999999999999996,0,36991.94378
05009,Francisco I. Madero,0,0,19039.02703
05012,Guerrero,0,0,NA
05006,Castaños,0.9999999999999999,0.9999999999999999,6621.142587
05003,Allende,0,0,2003.557277
05023,Ocampo,0,0,NA
05008,Escobedo,0,0,NA
05022,Nava,2.9999999999999996,0,6089.791721
05019,Morelos,0,0,NA
05007,Cuatro Ciénegas,0,0,NA
05034,Sierra Mojada,0,0,NA
05037,Villa Unión,0,0,NA
05029,Sacramento,0,0,NA
05001,Abasolo,0,0,68.81621725
05038,Zaragoza,0,0,NA
05021,Nadadores,0.9999999999999999,0,NA
05010,Frontera,1.9999999999999998,0,16137.71131
05011,General Cepeda,0,0,NA
05036,Viesca,0.9999999999999999,0,5282.070384
06006,Ixtlahuacán,0,0,2307.841391
06002,Colima,137.99999999999966,0,93724.55725
06005,Cuauhtémoc,28.999999999999982,0,14935.58968
06008,Minatitlán,1.9999999999999998,0,3902.235607
06001,Armería,20,0,13055.05493
06004,Coquimatlán,11.999999999999991,0,11133.75382
06010,Villa de Álvarez,89.99999999999984,0,82369.17279
06003,Comala,10.999999999999977,0,10062.1324
06007,Manzanillo,240.99999999999974,0,101536.0115
06009,Tecomán,13.999999999999982,0,56593.38341
07019,Comitán de Domínguez,5,5.999999999999978,68944.78119
07090,Tapalapa,0,0,1981.185178
07020,La Concordia,0.9999999999999999,0.9999999999999999,NA
07021,Copainalá,0,0,8431.94964
07079,San Fernando,0.9999999999999999,0.9999999999999999,18642.40317
07109,Yajalón,0,0.9999999999999999,10258.14135
07108,Villaflores,7.99999999999997,2.9999999999999996,61824.311780000004
07107,Villa Corzo,7.99999999999997,0.9999999999999999,NA
07106,Venustiano Carranza,0.9999999999999999,0,26664.54207
07104,Tzimol,0,0.9999999999999999,NA
07103,Tuzantán,5.999999999999978,1.9999999999999998,NA
07102,Tuxtla Chico,7.99999999999997,0,17825.9932
07101,Tuxtla Gutiérrez,20.99999999999998,18.999999999999982,310161.2246
07120,Capitán Luis Ángel Vidal,0,0,NA
07074,Reforma,5,3.999999999999985,25499.51328
07075,Las Rosas,0.9999999999999999,0.9999999999999999,NA
07057,Motozintla,2.9999999999999996,0,NA
07007,Amatenango del Valle,0,0.9999999999999999,NA
07111,Zinacantán,0.9999999999999999,0,3847.026964
07054,Mazatán,1.9999999999999998,3.999999999999985,NA
07076,Sabanilla,0.9999999999999999,0,NA
07081,Simojovel,0,0,12353.31245
07063,Osumacinta,0,0,NA
07110,San Lucas,0,0,1783.477728
07051,Mapastepec,8.999999999999984,8.999999999999984,23821.09799
07070,El Porvenir,0,0,NA
07112,San Juan Cancuc,0,0,5649.336272
07050,La Libertad,0.9999999999999999,0,NA
07022,Chalchihuitán,1.9999999999999998,0,2298.907134
07053,Mazapa de Madero,0,1.9999999999999998,NA
07080,Siltepec,0,0,NA
07049,Larráinzar,0,0,NA
07065,Palenque,8.999999999999984,5.999999999999978,64677.02335
07086,Suchiapa,0.9999999999999999,1.9999999999999998,NA
07062,Ostuacán,0,1.9999999999999998,9729.153693
07077,Salto de Agua,0,0,15988.58299
07082,Sitalá,0.9999999999999999,0,NA
07024,Chanal,0.9999999999999999,0,NA
07121,Rincón Chamula San Pedro,0.9999999999999999,0,NA
07042,Ixhuatán,0,0,NA
07025,Chapultenango,0,0,NA
07018,Coapilla,0,0,NA
07052,Las Margaritas,0,0,24943.52838
07026,Chenalhó,1.9999999999999998,0,NA
07083,Socoltenango,0,0.9999999999999999,5083.019517
07084,Solosuchiapa,1.9999999999999998,0.9999999999999999,2854.567428
07089,Tapachula,45.99999999999965,11.999999999999991,196856.4989
07068,Pichucalco,2.9999999999999996,0,13949.71398
07027,Chiapa de Corzo,5,11.999999999999991,42220.33089
07048,Juárez,0,2.9999999999999996,7604.603571
07046,Jiquipilas,2.9999999999999996,0,NA
07105,Unión Juárez,0,0,NA
07100,Tumbalá,0.9999999999999999,0,12543.63112
07045,Ixtapangajoya,0,0.9999999999999999,NA
07114,Benemérito de las Américas,5,0.9999999999999999,12247.64706
07028,Chiapilla,0,0,NA
07029,Chicoasén,0,0.9999999999999999,NA
07091,Tapilula,0,0,NA
07073,Rayón,0.9999999999999999,0,NA
07030,Chicomuselo,0.9999999999999999,2.9999999999999996,NA
07044,Ixtapa,0,2.9999999999999996,6307.5
07008,Ángel Albino Corzo,0.9999999999999999,1.9999999999999998,NA
07009,Arriaga,2.9999999999999996,5,14999.82353
07031,Chilón,5.999999999999978,0,29689.64908
07043,Ixtacomitán,0.9999999999999999,0,1941.585959
07017,Cintalapa de Figueroa,5,0.9999999999999999,41022.82958
07119,Santiago el Pinar,0,0,NA
07116,Marqués de Comillas,0.9999999999999999,0,NA
07060,Ocotepec,0,0,NA
07058,Nicolás Ruíz,0,0,NA
07041,La Independencia,0,0,15243.01752
07040,Huixtla,10,3.999999999999985,28311.4263
07056,Mitontic,0,0,NA
07039,Huitiupán,0,0,NA
07099,La Trinitaria,0.9999999999999999,0.9999999999999999,22349.67147
07097,Tonalá,1.9999999999999998,1.9999999999999998,47445.83227
07096,Tila,0.9999999999999999,0,31690.16978
07118,San Andrés Duraznal,0.9999999999999999,0,NA
07122,El Parral,0,0,NA
07038,Huixtán,0,0,NA
07001,Acacoyagua,2.9999999999999996,0.9999999999999999,NA
07036,La Grandeza,0,0,NA
07002,Acala,0,0,NA
07003,Acapetahua,1.9999999999999998,1.9999999999999998,8938.036209
07011,Bella Vista,0,0.9999999999999999,NA
07012,Berriozábal,5.999999999999978,0,27740.94432
07072,Pueblo Nuevo Solistahuacán,6.999999999999991,0,8595.160824
07037,Huehuetán,6.999999999999991,0.9999999999999999,12959.97096
07023,Chamula,0.9999999999999999,0,16567.65938
07010,Bejucal de Ocampo,0,0,NA
07004,Altamirano,0,2.9999999999999996,NA
07005,Amatán,0.9999999999999999,0,9528.559074
07035,Frontera Hidalgo,0,0,NA
07032,Escuintla,5,1.9999999999999998,NA
07013,Bochil,0.9999999999999999,1.9999999999999998,NA
07014,El Bosque,0,0,3650.625
07069,Pijijiapan,5,0.9999999999999999,23050.7367
07094,Teopisca,0,0,14534.05022
07092,Tecpatán,0.9999999999999999,0.9999999999999999,NA
07015,Cacahoatán,2.9999999999999996,0,20188.79987
07016,Catazajá,0,1.9999999999999998,7071.371247
07047,Jitotol,0.9999999999999999,0,6447.669609
07006,Amatenango de la Frontera,3.999999999999985,0.9999999999999999,NA
07078,San Cristóbal de las Casas,7.99999999999997,16.99999999999999,101850.5448
07033,Francisco León,0.9999999999999999,0,NA
07117,Montecristo de Guerrero,0.9999999999999999,0,NA
07115,Maravilla Tenejapa,0.9999999999999999,0,6841.704833
07071,Villa Comaltitlán,6.999999999999991,0.9999999999999999,9578.951041
07066,Pantelhó,0.9999999999999999,0,NA
07113,Aldama,0,0,NA
07098,Totolapa,0,0,NA
07093,Tenejapa,0.9999999999999999,0,7123.954288
07064,Oxchuc,0.9999999999999999,0,10878.48729
07059,Ocosingo,5,0.9999999999999999,82592.22113
07061,Ocozocoautla de Espinosa,8.999999999999984,2.9999999999999996,44092.1034
07088,Sunuapa,0.9999999999999999,0,NA
07087,Suchiate,26.99999999999999,0.9999999999999999,21779.32885
07085,Soyaló,0.9999999999999999,0,NA
07124,Mezcalapa,0.9999999999999999,0.9999999999999999,10290.13333
07067,Pantepec,0,0,2797.317345
07125,Honduras de la Sierra,0,0,NA
07055,Metapa,0.9999999999999999,0,NA
07123,Emiliano Zapata,0,0,NA
07034,Frontera Comalapa,12.99999999999997,0,NA
08067,Valle de Zaragoza,3.999999999999985,6.999999999999991,NA
08043,Matachí,0,0.9999999999999999,NA
08058,San Francisco de Conchos,0.9999999999999999,0,NA
08056,Rosario,0,0,NA
08054,Riva Palacio,2.9999999999999996,0,NA
08018,Cusihuiriachi,3.999999999999985,0.9999999999999999,NA
08007,Balleza,13.999999999999982,1.9999999999999998,NA
08001,Ahumada,2.9999999999999996,0.9999999999999999,NA
08041,Maguarichi,0.9999999999999999,0,NA
08057,San Francisco de Borja,0,0,NA
08053,Praxedis G. Guerrero,0,0,NA
08051,Ocampo,0,0,NA
08050,Nuevo Casas Grandes,8.999999999999984,1.9999999999999998,18518.77519
08031,Guerrero,8.999999999999984,1.9999999999999998,10489.89327
08055,Rosales,5,0,4376.271393
08025,Gómez Farías,0.9999999999999999,0,NA
08023,Galeana,0,0,782.6960953
08022,Dr. Belisario Domínguez,2.9999999999999996,0.9999999999999999,NA
08014,Coronado,0,0,NA
08003,Allende,5,0,4092.357849
08021,Delicias,11.999999999999991,2.9999999999999996,43942.8962
08020,Chínipas,0,0,NA
08017,Cuauhtémoc,83.99999999999969,6.999999999999991,77036.90435
08016,La Cruz,0.9999999999999999,0,NA
08015,Coyame del Sotol,3.999999999999985,2.9999999999999996,NA
08052,Ojinaga,6.999999999999991,7.99999999999997,9378.609475
08013,Casas Grandes,8.999999999999984,0,4729.947644
08012,Carichí,5,0,3471.527778
08011,Camargo,5,1.9999999999999998,20622.61905
08010,Buenaventura,3.999999999999985,0,NA
08009,Bocoyna,20,3.999999999999985,9717.91216
08008,Batopilas de Manuel Gómez Morín,3.999999999999985,0,2310.658421
08006,Bachíniva,1.9999999999999998,0,1458.842686
08004,Aquiles Serdán,15,1.9999999999999998,12379.07071
08005,Ascensión,0.9999999999999999,0,7300.704083
08032,Hidalgo del Parral,6.999999999999991,10.999999999999977,33433.522
08042,Manuel Benavides,0,0,NA
08040,Madera,7.99999999999997,3.999999999999985,8212.957273
08039,López,0,0.9999999999999999,1284.154776
08038,Julimes,0.9999999999999999,0,97.48090435
08035,Janos,0.9999999999999999,0,2304.333333
08034,Ignacio Zaragoza,1.9999999999999998,0,NA
08033,Huejotitán,0,0,NA
08063,Temósachic,5.999999999999978,0,NA
08061,Satevó,1.9999999999999998,11.999999999999991,NA
08062,Saucillo,3.999999999999985,0,5335.819925
08030,Guazapares,2.9999999999999996,0,NA
08028,Guadalupe,0.9999999999999999,0,NA
08027,Guachochi,45.99999999999965,5,27651.71409
08026,Gran Morelos,1.9999999999999998,0,422.1255948
08019,Chihuahua,270.99999999999983,37.99999999999968,388282.0179
08064,El Tule,0,0,NA
08024,Santa Isabel,0.9999999999999999,0.9999999999999999,NA
08037,Juárez,772.9999999999991,256.99999999999966,780109.874
08059,San Francisco del Oro,2.9999999999999996,0,NA
08066,Uruachi,5.999999999999978,0,NA
08065,Urique,6.999999999999991,0,NA
08060,Santa Bárbara,1.9999999999999998,2.9999999999999996,NA
08044,Matamoros,0.9999999999999999,0.9999999999999999,174.1721002
08045,Meoqui,6.999999999999991,0,9633.296404
08046,Morelos,0,0.9999999999999999,NA
08047,Moris,11.999999999999991,0.9999999999999999,NA
08048,Namiquipa,2.9999999999999996,0,3103.533574
08029,Guadalupe y Calvo,51.99999999999981,7.99999999999997,24371.39137
08036,Jiménez,0.9999999999999999,1.9999999999999998,11320.45625
08049,Nonoava,1.9999999999999998,0,NA
08002,Aldama,25.999999999999975,15.999999999999977,13141.52921
09012,Tlalpan,46.99999999999992,89.99999999999984,326994.5352
09009,Milpa Alta,15,12.99999999999997,69327.52389
09015,Cuauhtémoc,71.99999999999973,33.99999999999998,313487.92
09007,Iztapalapa,173,208.99999999999986,1107891.112
09008,La Magdalena Contreras,20,7.99999999999997,116973.1925
09010,Álvaro Obregón,55.99999999999979,35,423329.9822
09003,Coyoacán,22.999999999999968,31.99999999999999,218380.5992
09016,Miguel Hidalgo,31.99999999999999,25.999999999999975,200896.8506
09004,Cuajimalpa de Morelos,10.999999999999977,5,111414.2537
09006,Iztacalco,26.99999999999999,33.99999999999998,245578.8152
09011,Tláhuac,33.99999999999998,58.99999999999987,198199.1379
09013,Xochimilco,39.99999999999985,44.99999999999974,265039.174
09005,Gustavo A. Madero,75.99999999999972,137.99999999999966,709329.1195
09002,Azcapotzalco,32.999999999999964,27.999999999999964,231717.0434
09017,Venustiano Carranza,65.99999999999993,38.99999999999994,219809.9635
09014,Benito Juárez,8.999999999999984,48.99999999999973,86886.46096
10006,General Simón Bolívar,0,0,NA
10008,Guadalupe Victoria,0.9999999999999999,1.9999999999999998,9866.261263
10009,Guanaceví,0,0,NA
10010,Hidalgo,0,0.9999999999999999,NA
10029,San Luis del Cordero,0,0,NA
10031,Santa Clara,0,0,434.0293682
10011,Indé,0,0,NA
10038,Vicente Guerrero,0.9999999999999999,6.999999999999991,6313.453977
10030,San Pedro del Gallo,0,0,NA
10023,Pueblo Nuevo,5,15,8596.941846
10025,San Bernardo,0,0,NA
10032,Santiago Papasquiaro,0.9999999999999999,5.999999999999978,8895.467674
10027,San Juan de Guadalupe,0,0,442.1159701
10007,Gómez Palacio,6.999999999999991,0,125046.6959
10015,Nazas,0,1.9999999999999998,3112.457939
10035,Tepehuanes,1.9999999999999998,0.9999999999999999,NA
10022,Poanas,0,0,7450.590909
10028,San Juan del Río,0,0,3398.909896
10017,Ocampo,0,0.9999999999999999,357.8938886
10001,Canatlán,0,1.9999999999999998,8458.557243
10005,Durango,20,12.99999999999997,242105.4483
10037,Topia,0,0,NA
10033,Súchil,0,0.9999999999999999,2307.671566
10036,Tlahualilo,0.9999999999999999,0,7509.867564
10012,Lerdo,1.9999999999999998,0,43532.34343
10014,Mezquital,2.9999999999999996,1.9999999999999998,10413.371
10026,San Dimas,1.9999999999999998,0.9999999999999999,2939.275734
10019,Otáez,0,0,NA
10034,Tamazula,3.999999999999985,0.9999999999999999,NA
10013,Mapimí,1.9999999999999998,0,6793.444367
10016,Nombre de Dios,0,2.9999999999999996,4317.070532
10018,El Oro,0,0,510.8898538
10020,Pánuco de Coronado,0.9999999999999999,0.9999999999999999,2429.196827
10002,Canelas,0,0,NA
10039,Nuevo Ideal,0.9999999999999999,1.9999999999999998,4405.906267
10021,Peñón Blanco,0,1.9999999999999998,3639.426063
10003,Coneto de Comonfort,0,0,NA
10024,Rodeo,0,1.9999999999999998,NA
10004,Cuencamé,1.9999999999999998,7.99999999999997,8070.59666
11019,Jerécuaro,8.999999999999984,0,30158.29256
11020,León,415.9999999999999,147.99999999999983,1013622.886
11021,Moroleón,0.9999999999999999,2.9999999999999996,24510.80108
11023,Pénjamo,69.99999999999991,47.99999999999982,90187.44311
11038,Tarandacuao,0,0,NA
11039,Tarimoro,30,46.99999999999992,21933.23402
11040,Tierra Blanca,0,0.9999999999999999,6922.638298
11041,Uriangato,5,11.999999999999991,NA
11002,Acámbaro,37.99999999999968,10.999999999999977,68652.41656
11012,Cuerámaro,1.9999999999999998,3.999999999999985,10718.11335
11013,Doctor Mora,0,2.9999999999999996,NA
11014,Dolores Hidalgo Cuna de la Independencia Nacional,30,50,64074.04207
11022,Ocampo,5,5.999999999999978,NA
11024,Pueblo Nuevo,6.999999999999991,12.99999999999997,NA
11030,San Felipe,23.999999999999982,10.999999999999977,20122.45088
11036,Santiago Maravatío,1.9999999999999998,0.9999999999999999,NA
11007,Celaya,238.99999999999991,290.9999999999997,337204.2232
11027,Salamanca,200.99999999999991,247.9999999999998,174258.745
11035,Santa Cruz de Juventino Rosas,32.999999999999964,23.999999999999982,43938.82784
11011,Cortazar,20,23.999999999999982,NA
11031,San Francisco del Rincón,44.99999999999974,21.99999999999999,75096.22969
11025,Purísima del Rincón,22.999999999999968,15,38556.58091
11026,Romita,2.9999999999999996,2.9999999999999996,23067.78837
11028,Salvatierra,69.99999999999991,31.99999999999999,67301
11029,San Diego de la Unión,3.999999999999985,12.99999999999997,NA
11032,San José Iturbide,15,68.99999999999964,NA
11033,San Luis de la Paz,20.99999999999998,37.99999999999968,36957.27273
11034,Santa Catarina,0.9999999999999999,0,NA
11037,Silao de la Victoria,36.99999999999977,93.99999999999984,117958.0481
11042,Valle de Santiago,121.99999999999972,94.99999999999973,87349.64013
11043,Victoria,5,0,NA
11045,Xichú,0,0,NA
11044,Villagrán,30.999999999999975,26.99999999999999,28289.64782
11046,Yuriria,25,22.999999999999968,38578.67614
11001,Abasolo,11.999999999999991,21.99999999999999,44966.53086
11003,San Miguel de Allende,71.99999999999973,38.99999999999994,67951.42922
11004,Apaseo el Alto,42.99999999999993,47.99999999999982,30117.64312
11005,Apaseo el Grande,64.99999999999966,224.9999999999998,61260.60869
11006,Atarjea,0,0,NA
11008,Manuel Doblado,1.9999999999999998,5,15292.7561
11009,Comonfort,15.999999999999977,31.99999999999999,NA
11010,Coroneo,0,0.9999999999999999,NA
11015,Guanajuato,25.999999999999975,20.99999999999998,100957.5658
11016,Huanímaro,2.9999999999999996,2.9999999999999996,6716.693267
11017,Irapuato,235.99999999999983,200.99999999999991,369417.1824
11018,Jaral del Progreso,25.999999999999975,21.99999999999999,NA
12033,Huamuxtitlán,0.9999999999999999,3.999999999999985,NA
12031,General Canuto A. Neri,0,0,NA
12083,Ñuu Savi,0.9999999999999999,0,NA
12082,Las Vigas,0,0,NA
12073,Zirándaro,0,1.9999999999999998,NA
12065,Tlalixtaquilla de Maldonado,1.9999999999999998,0,NA
12047,Pedro Ascencio Alquisiras,0,0,NA
12054,San Miguel Totolapan,0.9999999999999999,0.9999999999999999,NA
12053,San Marcos,6.999999999999991,8.999999999999984,26048.3187
12066,Tlapa de Comonfort,31.99999999999999,10.999999999999977,45584.17915
12048,Petatlán,7.99999999999997,16.99999999999999,19037.83603
12007,Arcelia,0,1.9999999999999998,7192.205632
12012,Ayutla de los Libres,20,1.9999999999999998,32752.90098
12006,Apaxtla,0,0,1925.728748
12010,Atlixtac,3.999999999999985,0,7638.593704
12011,Atoyac de Álvarez,10,2.9999999999999996,17301.62249
12032,General Heliodoro Castillo,0,2.9999999999999996,6879.821519
12028,Chilapa de Álvarez,13.999999999999982,5,47062.3179
12029,Chilpancingo de los Bravo,92.99999999999993,178.9999999999998,161003.9301
12004,Alcozauca de Guerrero,1.9999999999999998,0,NA
12068,La Unión de Isidoro Montes de Oca,6.999999999999991,55.99999999999979,NA
12039,Juan R. Escudero,5.999999999999978,18.999999999999982,NA
12038,Zihuatanejo de Azueta,82.99999999999979,143.99999999999983,56325.2717
12043,Metlatónoc,0,0,NA
12030,Florencio Villarreal,5,0.9999999999999999,NA
12064,Tlalchapa,0,0,NA
12067,Tlapehuala,0.9999999999999999,1.9999999999999998,NA
12001,Acapulco de Juárez,480.9999999999992,377.99999999999835,484831.4293
12019,Copalillo,0.9999999999999999,5,5602.06873
12045,Olinalá,6.999999999999991,2.9999999999999996,16856
12008,Atenango del Río,5,1.9999999999999998,NA
12009,Atlamajalcingo del Monte,0.9999999999999999,0,NA
12046,Ometepec,26.99999999999999,0,33890.61102
12036,Igualapa,7.99999999999997,0.9999999999999999,3882.808286
12044,Mochitlán,0,0,1839.455648
12042,Mártir de Cuilapan,2.9999999999999996,0,5219.050673
12040,Leonardo Bravo,5.999999999999978,0.9999999999999999,NA
12076,Acatepec,0.9999999999999999,0,NA
12075,Eduardo Neri,6.999999999999991,54.999999999999886,23887.71562
12074,Zitlala,0,0,NA
12072,Zapotitlán Tablas,3.999999999999985,0,4465.586219
12071,Xochistlahuaca,7.99999999999997,0,5893.387916
12070,Xochihuehuetlán,0.9999999999999999,5,NA
12069,Xalpatláhuac,1.9999999999999998,0.9999999999999999,NA
12052,San Luis Acatlán,15.999999999999977,1.9999999999999998,17712.94016
12041,Malinaltepec,3.999999999999985,0,5250.526159
12062,Tlacoachistlahuaca,6.999999999999991,0,NA
12023,Cuajinicuilapa,8.999999999999984,2.9999999999999996,NA
12013,Azoyú,2.9999999999999996,0.9999999999999999,NA
12024,Cualác,0,0.9999999999999999,2401.402919
12027,Cutzamala de Pinzón,0,1.9999999999999998,7445.02058
12037,Ixcateopan de Cuauhtémoc,0.9999999999999999,0.9999999999999999,NA
12055,Taxco de Alarcón,0,13.999999999999982,49113.78275
12025,Cuautepec,3.999999999999985,0.9999999999999999,7588.782105
12026,Cuetzala del Progreso,0,0,3353.4
12059,Tepecoacuilco de Trujano,2.9999999999999996,28.999999999999982,15346.87294
12077,Marquelia,6.999999999999991,2.9999999999999996,NA
12078,Cochoapa el Grande,6.999999999999991,1.9999999999999998,9400.328329
12061,Tixtla de Guerrero,10,3.999999999999985,19073.33333
12018,Copala,6.999999999999991,3.999999999999985,NA
12056,Tecoanapa,15,0,20296.93274
12003,Ajuchitlán del Progreso,0,0.9999999999999999,13164.76471
12002,Ahuacuotzingo,0,0,NA
12035,Iguala de la Independencia,46.99999999999992,68.99999999999964,81693.11495
12016,Coahuayutla de José María Izazaga,0,0.9999999999999999,NA
12017,Cocula,0,0,NA
12020,Copanatoyac,2.9999999999999996,0,7280.617647
12057,Técpan de Galeana,6.999999999999991,10,28994.42669
12021,Coyuca de Benítez,23.999999999999982,31.99999999999999,33466.78325
12022,Coyuca de Catalán,2.9999999999999996,5.999999999999978,11852.96185
12060,Tetipac,0,0.9999999999999999,NA
12063,Tlacoapa,0.9999999999999999,0,NA
12058,Teloloapan,6.999999999999991,6.999999999999991,24278.6053
12051,Quechultenango,2.9999999999999996,0.9999999999999999,2539.056073
12050,Pungarabato,0.9999999999999999,1.9999999999999998,13118.46874
12081,Iliatenco,0,0,NA
12080,Juchitán,7.99999999999997,1.9999999999999998,NA
12005,Alpoyeca,0,0,NA
12014,Benito Juárez,0.9999999999999999,0.9999999999999999,NA
12015,Buenavista de Cuéllar,1.9999999999999998,25,NA
12049,Pilcaya,1.9999999999999998,5.999999999999978,NA
12079,José Joaquín de Herrera,0.9999999999999999,0,6107.250153
12034,Huitzuco de los Figueroa,6.999999999999991,23.999999999999982,NA
12085,San Nicolás,1.9999999999999998,0,NA
12084,Santa Cruz del Rincón,0,0,NA
13004,Agua Blanca de Iturbide,0,1.9999999999999998,5328
13010,Atitalaquia,3.999999999999985,5,12926.70436
13081,Zacualtipán de Ángeles,0.9999999999999999,0.9999999999999999,18120.71624
13034,Lolotla,0,0,NA
13080,Yahualica,0.9999999999999999,0,3519.9388
13079,Xochicoatlán,0,0,NA
13041,Mixquiahuala de Juárez,5.999999999999978,1.9999999999999998,21617.41864
13032,Jaltocán,0,0,2488.159437
13019,Chilcuautla,0.9999999999999999,0.9999999999999999,NA
13082,Zapotlán de Juárez,0,5.999999999999978,9318.063291
13050,Progreso de Obregón,1.9999999999999998,0.9999999999999999,NA
13083,Zempoala,5,25,21040.61715
13018,Chapulhuacán,0,0,NA
13035,Metepec,0.9999999999999999,0.9999999999999999,NA
13036,San Agustín Metzquititlán,0.9999999999999999,0,NA
13037,Metztitlán,0.9999999999999999,0,7107.355509
13020,Eloxochitlán,0,0,NA
13022,Epazoyucan,3.999999999999985,3.999999999999985,5483.696662
13023,Francisco I. Madero,1.9999999999999998,0,15649.92619
13052,San Agustín Tlaxiaca,0.9999999999999999,0.9999999999999999,19395.02434
13024,Huasca de Ocampo,0,0.9999999999999999,NA
13009,El Arenal,0.9999999999999999,1.9999999999999998,NA
13038,Mineral del Chico,0,0.9999999999999999,NA
13071,Tlahuiltepa,0,0,NA
13064,Tepetitlán,0,0.9999999999999999,NA
13053,San Bartolo Tutotepec,0,0,NA
13008,Apan,3.999999999999985,3.999999999999985,NA
13007,Almoloya,0.9999999999999999,3.999999999999985,NA
13068,Tianguistengo,1.9999999999999998,0,NA
13069,Tizayuca,17.999999999999968,85.99999999999986,80530.4412
13076,Tula de Allende,43.99999999999984,15.999999999999977,72504.17456
13078,Xochiatipan,0.9999999999999999,0.9999999999999999,5426.362751
13074,Tlaxcoapan,2.9999999999999996,8.999999999999984,15977.41667
13051,Mineral de la Reforma,12.99999999999997,20.99999999999998,100831.7639
13030,Ixmiquilpan,0.9999999999999999,11.999999999999991,47836.92303
13031,Jacala de Ledezma,0.9999999999999999,0.9999999999999999,NA
13029,Huichapan,1.9999999999999998,5,17622.45896
13070,Tlahuelilpan,0.9999999999999999,6.999999999999991,NA
13025,Huautla,0,0,6202.867962
13054,San Salvador,0.9999999999999999,3.999999999999985,8819.779113
13055,Santiago de Anaya,0.9999999999999999,0,NA
13006,Alfajayucan,0,5.999999999999978,5109.407461
13048,Pachuca de Soto,18.999999999999982,83.99999999999969,142039.898
13026,Huazalingo,0,0,NA
13027,Huehuetla,0.9999999999999999,0.9999999999999999,9990.975534
13028,Huejutla de Reyes,6.999999999999991,5,54105.6338
13043,Nicolás Flores,0,0,NA
13065,Tetepango,0.9999999999999999,0,NA
13063,Tepeji del Río de Ocampo,10,40.99999999999976,47303.79314
13033,Juárez Hidalgo,0,0,NA
13013,Atotonilco de Tula,5,20,NA
13014,Calnali,0,0,7382.714405
13015,Cardonal,0,1.9999999999999998,NA
13016,Cuautepec de Hinojosa,5.999999999999978,10.999999999999977,33532.27346
13021,Emiliano Zapata,1.9999999999999998,5,NA
13005,Ajacuba,1.9999999999999998,0,NA
13017,Chapantongo,0,0,3096.695669
13066,Villa de Tezontepec,5.999999999999978,8.999999999999984,NA
13067,Tezontepec de Aldama,11.999999999999991,6.999999999999991,29094.47767
13044,Nopala de Villagrán,6.999999999999991,0,NA
13045,Omitlán de Juárez,0,0,NA
13046,San Felipe Orizatlán,0,0,NA
13039,Mineral del Monte,0,0,NA
13047,Pacula,0,0,NA
13049,Pisaflores,1.9999999999999998,0,7124.186205
13077,Tulancingo de Bravo,17.999999999999968,124.99999999999982,83747.69183
13062,Tepehuacán de Guerrero,0.9999999999999999,0,7599.351648
13003,Actopan,3.999999999999985,10.999999999999977,26471.30984
13002,Acaxochitlán,2.9999999999999996,30.999999999999975,21376.31583
13001,Acatlán,0,0.9999999999999999,NA
13061,Tepeapulco,2.9999999999999996,15.999999999999977,NA
13058,Tasquillo,0,0,6203.896223
13073,Tlanchinol,5.999999999999978,0,15196.38169
13072,Tlanalapa,1.9999999999999998,5,3153.344602
13059,Tecozautla,0,0,15492.10637
13060,Tenango de Doria,0,1.9999999999999998,NA
13012,Atotonilco el Grande,1.9999999999999998,0.9999999999999999,NA
13011,Atlapexco,0.9999999999999999,0,NA
13040,La Misión,0,0,NA
13042,Molango de Escamilla,0,0,4232.883851
13056,Santiago Tulantepec de Lugo Guerrero,1.9999999999999998,10.999999999999977,20320.53253
13057,Singuilucan,0.9999999999999999,10,9197.453839
13084,Zimapán,0.9999999999999999,0.9999999999999999,18513.87352
13075,Tolcayuca,5,17.999999999999968,7923.035167
14122,Zapotitlán de Vadillo,0,0,NA
14019,Bolaños,0,0,NA
14065,Pihuamo,0,0,1823.136855
14101,Tonalá,93.99999999999984,269.9999999999999,277980.303
14076,San Martín de Bolaños,0,0,NA
14023,Zapotlán el Grande,6.999999999999991,15,45037.47168
14074,San Julián,0,0,NA
14073,San Juan de los Lagos,3.999999999999985,6.999999999999991,36505.12753
14062,Mixtlán,0,0,NA
14113,San Gabriel,0,0.9999999999999999,NA
14087,Tecalitlán,0.9999999999999999,1.9999999999999998,NA
14014,Atoyac,0,2.9999999999999996,NA
14015,Autlán de Navarro,0,1.9999999999999998,21752.06518
14097,Tlajomulco de Zúñiga,143.99999999999983,238.99999999999991,318159.5169
14055,Magdalena,0,8.999999999999984,4933.604651
14063,Ocotlán,1.9999999999999998,20.99999999999998,46672.23963
14086,Tapalpa,0,0.9999999999999999,NA
14043,La Huerta,0.9999999999999999,0,NA
14116,Villa Hidalgo,3.999999999999985,0,NA
14012,Atenguillo,1.9999999999999998,0,NA
14117,Cañadas de Obregón,0,0,NA
14118,Yahualica de González Gallo,0,0,NA
14017,Ayutla,0,0,NA
14119,Zacoalco de Torres,1.9999999999999998,5,NA
14120,Zapopan,107.99999999999996,254.9999999999999,638220.8105
14121,Zapotiltic,0.9999999999999999,0.9999999999999999,NA
14123,Zapotlán del Rey,0.9999999999999999,37.99999999999968,NA
14069,Quitupan,0.9999999999999999,0,NA
14112,Valle de Juárez,0,0,NA
14111,Valle de Guadalupe,0.9999999999999999,5.999999999999978,NA
14079,Gómez Farías,0,5,4117.63267
14078,San Miguel el Alto,0.9999999999999999,3.999999999999985,10674.43623
14077,San Martín Hidalgo,0.9999999999999999,3.999999999999985,11977.93442
14075,San Marcos,0,1.9999999999999998,NA
14098,San Pedro Tlaquepaque,204.9999999999999,737.999999999997,391286.6248
14105,Tototlán,0,5,NA
14104,Totatiche,0,0.9999999999999999,NA
14103,Tonila,0,5.999999999999978,513.134824
14024,Cocula,0.9999999999999999,5,10218.33276
14102,Tonaya,0,0,NA
14100,Tomatlán,2.9999999999999996,0,8323.250092
14099,Tolimán,0.9999999999999999,0,NA
14093,Tepatitlán de Morelos,2.9999999999999996,21.99999999999999,46410.50355
14124,Zapotlanejo,5,52.99999999999971,20400.85987
14115,Villa Guerrero,0.9999999999999999,0,NA
14021,Casimiro Castillo,0.9999999999999999,0.9999999999999999,NA
14070,El Salto,46.99999999999992,235.99999999999983,112196.2699
14020,Cabo Corrientes,1.9999999999999998,0,NA
14018,La Barca,1.9999999999999998,11.999999999999991,NA
14051,Juanacatlán,1.9999999999999998,13.999999999999982,13320.72746
14044,Ixtlahuacán de los Membrillos,5,11.999999999999991,NA
14039,Guadalajara,148.99999999999972,501.99999999999824,854299.019
14022,Cihuatlán,1.9999999999999998,2.9999999999999996,12186.33875
14016,Ayotlán,0,5.999999999999978,NA
14080,San Sebastián del Oeste,0.9999999999999999,0,NA
14125,San Ignacio Cerro Gordo,0,1.9999999999999998,4982.2241540000005
14072,San Diego de Alejandría,0,0.9999999999999999,749.5527157
14066,Poncitlán,3.999999999999985,7.99999999999997,NA
14110,Unión de Tula,0,0,636.0813283
14092,Teocuitatlán de Corona,0.9999999999999999,0.9999999999999999,NA
14091,Teocaltiche,31.99999999999999,0.9999999999999999,NA
14002,Acatlán de Juárez,0.9999999999999999,35,NA
14003,Ahualulco de Mercado,2.9999999999999996,10,NA
14005,Amatitán,3.999999999999985,2.9999999999999996,NA
14109,Unión de San Antonio,2.9999999999999996,0.9999999999999999,NA
14108,Tuxpan,2.9999999999999996,13.999999999999982,1044.115733
14088,Tecolotlán,0.9999999999999999,1.9999999999999998,NA
14090,Tenamaxtlán,0,0,NA
14071,San Cristóbal de la Barranca,0.9999999999999999,2.9999999999999996,NA
14068,Villa Purificación,0,0,1468.28366
14067,Puerto Vallarta,15,25,74766.57145
14114,Villa Corona,1.9999999999999998,10.999999999999977,4689.216903
14107,Tuxcueca,0,3.999999999999985,NA
14106,Tuxcacuesco,0.9999999999999999,0,NA
14025,Colotlán,0,2.9999999999999996,10691.26439
14027,Cuautitlán de García Barragán,0.9999999999999999,0.9999999999999999,5541.019771
14028,Cuautla,0,0,NA
14011,Atengo,0.9999999999999999,0,NA
14064,Ojuelos de Jalisco,5,11.999999999999991,NA
14032,Chiquilistlán,0,0,311.9030974
14030,Chapala,1.9999999999999998,10,27371.71088
14029,Cuquío,0,0,2348.39709
14094,Tequila,0.9999999999999999,13.999999999999982,NA
14095,Teuchitlán,0.9999999999999999,3.999999999999985,NA
14096,Tizapán el Alto,0.9999999999999999,0,NA
14061,Mezquitic,3.999999999999985,3.999999999999985,NA
14060,Mexticacán,0,0.9999999999999999,NA
14059,Mazamitla,0,5,NA
14058,Mascota,0.9999999999999999,0.9999999999999999,NA
14057,La Manzanilla de la Paz,0,0,NA
14056,Santa María del Oro,0.9999999999999999,0,NA
14054,El Limón,0,0,NA
14085,Tamazula de Gordiano,0,0,4493.815185
14084,Talpa de Allende,0.9999999999999999,0,NA
14053,Lagos de Moreno,20,95.99999999999964,82235.14999
14052,Juchitlán,0,0.9999999999999999,NA
14050,Jocotepec,1.9999999999999998,23.999999999999982,NA
14031,Chimaltitán,0,0,NA
14049,Jilotlán de los Dolores,0.9999999999999999,0,NA
14048,Jesús María,1.9999999999999998,2.9999999999999996,NA
14047,Jamay,0.9999999999999999,1.9999999999999998,7523.571176
14046,Jalostotitlán,0,5.999999999999978,NA
14045,Ixtlahuacán del Río,1.9999999999999998,1.9999999999999998,NA
14042,Huejuquilla el Alto,1.9999999999999998,1.9999999999999998,NA
14041,Huejúcar,0.9999999999999999,6.999999999999991,NA
14040,Hostotipaquillo,0.9999999999999999,2.9999999999999996,NA
14038,Guachinango,0,1.9999999999999998,NA
14037,El Grullo,0.9999999999999999,0,NA
14036,Etzatlán,0.9999999999999999,1.9999999999999998,NA
14035,Encarnación de Díaz,6.999999999999991,16.99999999999999,28185.29107
14034,Ejutla,0,0,338.5314397
14033,Degollado,0,3.999999999999985,NA
14010,Atemajac de Brizuela,0.9999999999999999,0,NA
14013,Atotonilco el Alto,1.9999999999999998,3.999999999999985,6109.00171
14089,Techaluta de Montenegro,0.9999999999999999,2.9999999999999996,NA
14026,Concepción de Buenos Aires,0,0,NA
14083,Tala,2.9999999999999996,28.999999999999982,NA
14082,Sayula,0,2.9999999999999996,NA
14081,Santa María de los Ángeles,0,5.999999999999978,NA
14009,El Arenal,2.9999999999999996,25,NA
14008,Arandas,0.9999999999999999,7.99999999999997,NA
14007,San Juanito de Escobedo,0.9999999999999999,5.999999999999978,NA
14006,Ameca,5,3.999999999999985,19548.74734
14004,Amacueca,0,0,NA
14001,Acatic,0.9999999999999999,3.999999999999985,NA
15021,Coatepec Harinas,0,1.9999999999999998,NA
15011,Atenco,1.9999999999999998,44.99999999999974,24589.40556
15004,Almoloya de Alquisiras,0,0,NA
15002,Acolman,13.999999999999982,94.99999999999973,43772.58427
15034,Ecatzingo,0,1.9999999999999998,NA
15030,Chiconcuac,0.9999999999999999,16.99999999999999,7671.400906
15068,Ozumba,0.9999999999999999,5.999999999999978,NA
15082,Tejupilco,1.9999999999999998,6.999999999999991,26395.77297
15028,Chiautla,0,26.99999999999999,NA
15019,Capulhuac,0.9999999999999999,13.999999999999982,NA
15118,Zinacantepec,12.99999999999997,48.99999999999973,131475.2995
15094,Tepetlixpa,0,5.999999999999978,NA
15074,San Felipe del Progreso,0,3.999999999999985,62236.61611
15036,Hueypoxtla,10,16.99999999999999,15485.59233
15041,Ixtapan del Oro,0,0,NA
15085,Temascalcingo,1.9999999999999998,5.999999999999978,NA
15096,Tequixquiac,6.999999999999991,7.99999999999997,NA
15104,Tlalnepantla de Baz,71.99999999999973,897.9999999999964,468164.789
15076,San Mateo Atenco,0.9999999999999999,28.999999999999982,54383.61644
15010,Apaxco,2.9999999999999996,16.99999999999999,NA
15023,Coyotepec,30.999999999999975,96.9999999999999,17181.35007
15025,Chalco,64.99999999999966,473.9999999999995,246031.8449
15103,Tlalmanalco,5.999999999999978,8.999999999999984,NA
15100,Tezoyuca,3.999999999999985,25,NA
15040,Ixtapan de la Sal,0,3.999999999999985,NA
15107,Tonatico,0,1.9999999999999998,NA
15052,Malinalco,5.999999999999978,5.999999999999978,NA
15109,Tultitlán,54.999999999999886,408.9999999999966,313339.6167
15012,Atizapán,0.9999999999999999,3.999999999999985,NA
15014,Atlacomulco,1.9999999999999998,10,61168.32748
15003,Aculco,2.9999999999999996,20.99999999999998,NA
15015,Atlautla,1.9999999999999998,1.9999999999999998,9313.722045
15016,Axapusco,7.99999999999997,105.99999999999979,NA
15005,Almoloya de Juárez,12.99999999999997,22.999999999999968,105012.4034
15024,Cuautitlán,6.999999999999991,156.9999999999997,78005.10026
15008,Amatepec,0,0,7489.705242
15007,Amanalco,0,5.999999999999978,NA
15120,Zumpango,32.999999999999964,217.99999999999972,152573.6427
15042,Ixtlahuaca,1.9999999999999998,12.99999999999997,88828.13567
15084,Temascalapa,5,25.999999999999975,NA
15047,Jiquipilco,6.999999999999991,5,NA
15022,Cocotitlán,1.9999999999999998,10.999999999999977,NA
15020,Coacalco de Berriozábal,23.999999999999982,150,175611.0835
15062,Ocoyoacac,6.999999999999991,21.99999999999999,38161.49124
15050,Juchitepec,1.9999999999999998,10,NA
15061,Nopaltepec,2.9999999999999996,54.999999999999886,NA
15101,Tianguistenco,0.9999999999999999,38.99999999999994,NA
15057,Naucalpan de Juárez,74.99999999999982,708.9999999999973,590509.6356
15105,Tlatlaya,0,1.9999999999999998,NA
15106,Toluca,26.99999999999999,306.99999999999966,571969.3295
15116,Zacazonapan,0,0,NA
15097,Texcaltitlán,0,0,NA
15079,Soyaniquilpan de Juárez,0.9999999999999999,20.99999999999998,NA
15119,Zumpahuacán,0.9999999999999999,1.9999999999999998,NA
15081,Tecámac,40.99999999999976,503.99999999999665,270308.9461
15035,Huehuetoca,13.999999999999982,212.99999999999986,NA
15064,El Oro,0.9999999999999999,1.9999999999999998,NA
15083,Temamatla,5.999999999999978,2.9999999999999996,NA
15102,Timilpan,0,1.9999999999999998,7213.5
15087,Temoaya,7.99999999999997,11.999999999999991,43956.03463
15066,Otzoloapan,0,0.9999999999999999,NA
15108,Tultepec,35,230.99999999999994,61047.80759
15089,Tenango del Aire,0,1.9999999999999998,4791.636622
15051,Lerma,6.999999999999991,30,85878.79757
15046,Jilotzingo,1.9999999999999998,3.999999999999985,NA
15037,Huixquilucan,12.99999999999997,40.99999999999976,143361.316
15038,Isidro Fabela,3.999999999999985,7.99999999999997,NA
15039,Ixtapaluca,21.99999999999999,160.99999999999966,281242.5646
15017,Ayapango,0,1.9999999999999998,NA
15069,Papalotla,0,2.9999999999999996,NA
15065,Otumba,7.99999999999997,53.99999999999998,NA
15048,Jocotitlán,0.9999999999999999,6.999999999999991,NA
15121,Cuautitlán Izcalli,70.99999999999983,471.9999999999975,353849.7091
15080,Sultepec,0.9999999999999999,0,NA
15071,Polotitlán,3.999999999999985,35,NA
15075,San Martín de las Pirámides,5,37.99999999999968,16910.30442
15072,Rayón,0,1.9999999999999998,6763.913336
15056,Morelos,0,1.9999999999999998,NA
15067,Otzolotepec,2.9999999999999996,7.99999999999997,58871
15088,Tenancingo,5,20,NA
15070,La Paz,17.999999999999968,410.9999999999985,166058.6992
15078,Santo Tomás,0,0,NA
15111,Villa de Allende,0.9999999999999999,15,23036.52933
15112,Villa del Carbón,6.999999999999991,5.999999999999978,29089.33441
15091,Teoloyucan,20,284.99999999999994,44773
15113,Villa Guerrero,2.9999999999999996,6.999999999999991,NA
15006,Almoloya del Río,0.9999999999999999,0.9999999999999999,NA
15123,Luvianos,0,0,NA
15099,Texcoco,15.999999999999977,154.99999999999986,107040.9542
15060,Nicolás Romero,58.99999999999987,98.99999999999972,272441.529
15122,Valle de Chalco Solidaridad,30.999999999999975,323.9999999999999,219929.0256
15044,Jaltenco,7.99999999999997,35.99999999999997,10063.5
15110,Valle de Bravo,0,8.999999999999984,28793.01359
15045,Jilotepec,5.999999999999978,47.99999999999982,NA
15098,Texcalyacac,0,0,NA
15115,Xonacatlán,3.999999999999985,25.999999999999975,35204.72082
15117,Zacualpan,0,0,NA
15124,San José del Rincón,1.9999999999999998,2.9999999999999996,27384.67384
15029,Chicoloapan,20.99999999999998,86.99999999999976,112602.6594
15058,Nezahualcóyotl,50.9999999999999,198.99999999999972,539711.3438
15092,Teotihuacán,10,79.9999999999997,17144.77545
15077,San Simón de Guerrero,0,0,NA
15055,Mexicaltzingo,0,5,NA
15054,Metepec,10,27.999999999999964,94921.12642
15049,Joquicingo,1.9999999999999998,2.9999999999999996,NA
15026,Chapa de Mota,1.9999999999999998,2.9999999999999996,NA
15001,Acambay de Ruíz Castañeda,1.9999999999999998,23.999999999999982,NA
15059,Nextlalpan,8.999999999999984,102.9999999999997,NA
15086,Temascaltepec,0,5,3636.666667
15053,Melchor Ocampo,5.999999999999978,76.99999999999999,26560.99215
15090,Tenango del Valle,2.9999999999999996,17.999999999999968,NA
15032,Donato Guerra,0,0,9298.617724
15125,Tonanitla,2.9999999999999996,17.999999999999968,NA
15114,Villa Victoria,3.999999999999985,11.999999999999991,46673.82325
15093,Tepetlaoxtoc,0,41.99999999999966,7667.14312
15063,Ocuilan,5,26.99999999999999,NA
15073,San Antonio la Isla,0,0,13233.38459
15033,Ecatepec de Morelos,128.9999999999998,1573.9999999999973,1039433.511
15013,Atizapán de Zaragoza,28.999999999999982,127.99999999999989,279661.6887
15027,Chapultepec,0.9999999999999999,5,NA
15018,Calimaya,3.999999999999985,3.999999999999985,38638.5875
15009,Amecameca,1.9999999999999998,8.999999999999984,NA
15031,Chimalhuacán,53.99999999999998,744.9999999999968,385482.8539
15043,Xalatlaco,0.9999999999999999,2.9999999999999996,NA
15095,Tepotzotlán,15,138.99999999999994,58757.53056
16074,Cojumatlán de Régules,0,2.9999999999999996,NA
16090,Tingambato,5,10,6305.969385
16002,Aguililla,0,2.9999999999999996,NA
16003,Álvaro Obregón,15,30,NA
16004,Angamacutiro,0.9999999999999999,3.999999999999985,6615.312699
16005,Angangueo,0.9999999999999999,0,NA
16006,Apatzingán,121.99999999999972,321.9999999999997,67368.64737
16007,Aporo,0,0,NA
16008,Aquila,10,5,8147.043478
16009,Ario,10,1.9999999999999998,15730.38429
16096,Tumbiscatío,0.9999999999999999,0,NA
16097,Turicato,2.9999999999999996,0.9999999999999999,7786.558791
16106,Yurécuaro,0.9999999999999999,10,NA
16107,Zacapu,0.9999999999999999,16.99999999999999,35734.25082
16108,Zamora,170.99999999999983,254.9999999999999,122382.0414
16109,Zináparo,0,1.9999999999999998,1243.405717
16110,Zinapécuaro,5,39.99999999999985,25456.44183
16010,Arteaga,0.9999999999999999,23.999999999999982,4923.703704
16011,Briseñas,0,0,1391.021731
16098,Tuxpan,0.9999999999999999,0.9999999999999999,NA
16031,Epitacio Huerta,1.9999999999999998,1.9999999999999998,4150.657225
16032,Erongarícuaro,0.9999999999999999,5.999999999999978,NA
16077,San Lucas,2.9999999999999996,2.9999999999999996,6600.935484
16099,Tuzantla,1.9999999999999998,1.9999999999999998,NA
16001,Acuitzio,1.9999999999999998,10,2102.5
16043,Jacona,54.999999999999886,165.99999999999991,37526.0611
16044,Jiménez,0,5.999999999999978,6089.741908
16045,Jiquilpan,0,0.9999999999999999,12318.47791
16012,Buenavista,21.99999999999999,30.999999999999975,NA
16013,Carácuaro,1.9999999999999998,0,NA
16021,Charapan,1.9999999999999998,0,NA
16020,Cuitzeo,17.999999999999968,35,15489.7407
16019,Cotija,6.999999999999991,15.999999999999977,NA
16018,Copándaro,5,16.99999999999999,NA
16087,Taretan,3.999999999999985,15,6024.339841
16086,Tanhuato,0.9999999999999999,3.999999999999985,NA
16072,Queréndaro,8.999999999999984,10.999999999999977,8109.428571
16067,Penjamillo,0.9999999999999999,2.9999999999999996,9191.605306
16022,Charo,8.999999999999984,16.99999999999999,NA
16079,Salvador Escalante,2.9999999999999996,16.99999999999999,16176.04986
16078,Santa Ana Maya,0,0.9999999999999999,NA
16075,Los Reyes,6.999999999999991,5,28657.38314
16076,Sahuayo,0.9999999999999999,6.999999999999991,NA
16033,Gabriel Zamora,2.9999999999999996,10,6283.341852
16035,La Huacana,0.9999999999999999,6.999999999999991,NA
16036,Huandacareo,0,1.9999999999999998,2426.750903
16037,Huaniqueo,0,10,3633.06347
16038,Huetamo,1.9999999999999998,5.999999999999978,9458.298246
16039,Huiramba,1.9999999999999998,3.999999999999985,NA
16040,Indaparapeo,11.999999999999991,21.99999999999999,9261.09244
16041,Irimbo,1.9999999999999998,0,NA
16042,Ixtlán,0,3.999999999999985,NA
16049,Madero,5.999999999999978,7.99999999999997,6292.781231
16050,Maravatío,5,17.999999999999968,44557.57459
16051,Marcos Castellanos,0,0,NA
16052,Lázaro Cárdenas,16.99999999999999,87.99999999999967,73165.14333
16053,Morelia,158.99999999999986,340.9999999999997,468341.9731
16014,Coahuayana,8.999999999999984,0,NA
16015,Coalcomán de Vázquez Pallares,3.999999999999985,3.999999999999985,NA
16016,Coeneo,1.9999999999999998,8.999999999999984,5744.14232
16017,Contepec,2.9999999999999996,10,12792.44186
16083,Tancítaro,3.999999999999985,1.9999999999999998,NA
16082,Tacámbaro,10,10,31568.592
16081,Susupuato,1.9999999999999998,0.9999999999999999,2429.429304
16056,Nahuatzen,3.999999999999985,2.9999999999999996,13728
16080,Senguio,0.9999999999999999,0,NA
16057,Nocupétaro,0,0,NA
16034,Hidalgo,12.99999999999997,26.99999999999999,47778.24709
16058,Nuevo Parangaricutiro,0.9999999999999999,5,5983.34623
16059,Nuevo Urecho,2.9999999999999996,0.9999999999999999,NA
16060,Numarán,0.9999999999999999,3.999999999999985,NA
16062,Pajacuarán,0,0,NA
16063,Panindícuaro,0,15.999999999999977,NA
16064,Parácuaro,8.999999999999984,17.999999999999968,NA
16105,Vista Hermosa,0.9999999999999999,3.999999999999985,NA
16065,Paracho,2.9999999999999996,3.999999999999985,NA
16089,Tepalcatepec,2.9999999999999996,7.99999999999997,NA
16061,Ocampo,1.9999999999999998,0.9999999999999999,9531.865834
16055,Múgica,0.9999999999999999,20.99999999999998,NA
16054,Morelos,0,1.9999999999999998,NA
16030,Ecuandureo,0,38.99999999999994,NA
16029,Churumuco,0,0.9999999999999999,NA
16028,Churintzio,0,20,1827.269063
16027,Chucándiro,0,2.9999999999999996,NA
16026,Chinicuila,0.9999999999999999,0.9999999999999999,NA
16025,Chilchota,1.9999999999999998,21.99999999999999,16893.56847
16024,Cherán,1.9999999999999998,0,4798.470473
16023,Chavinda,0.9999999999999999,5,NA
16066,Pátzcuaro,16.99999999999999,50,55028.09907
16068,Peribán,3.999999999999985,2.9999999999999996,8518.067196
16069,La Piedad,5.999999999999978,46.99999999999992,46213.85671
16070,Purépero,0.9999999999999999,5,7613.334018
16071,Puruándiro,12.99999999999997,28.999999999999982,33954.55556
16073,Quiroga,1.9999999999999998,26.99999999999999,10556.11385
16091,Tingüindín,6.999999999999991,45.99999999999965,NA
16113,José Sixto Verduzco,0,10.999999999999977,NA
16112,Zitácuaro,11.999999999999991,26.99999999999999,77615.3428
16085,Tangancícuaro,5.999999999999978,17.999999999999968,11123.75523
16088,Tarímbaro,43.99999999999984,43.99999999999984,55949.95102
16092,Tiquicheo de Nicolás Romero,1.9999999999999998,7.99999999999997,NA
16093,Tlalpujahua,5,0.9999999999999999,13615.5
16111,Ziracuaretiro,3.999999999999985,20,NA
16101,Tzitzio,1.9999999999999998,5.999999999999978,NA
16100,Tzintzuntzan,0,10.999999999999977,8253.359083
16095,Tocumbo,1.9999999999999998,1.9999999999999998,5679.180659
16084,Tangamandapio,7.99999999999997,50,13069.56422
16102,Uruapan,138.99999999999994,469.99999999999915,217906.6213
16103,Venustiano Carranza,0,6.999999999999991,NA
16104,Villamar,0.9999999999999999,0.9999999999999999,NA
16094,Tlazazalca,0,1.9999999999999998,NA
16047,Jungapeo,0.9999999999999999,0.9999999999999999,10433.68542
16046,Juárez,0.9999999999999999,1.9999999999999998,NA
16048,Lagunillas,0,3.999999999999985,NA
17002,Atlatlahucan,5.999999999999978,11.999999999999991,12214.35292
17006,Cuautla,109.99999999999977,85.99999999999986,124676.2826
17028,Xochitepec,33.99999999999998,105.99999999999979,36721.2088
17022,Tetela del Volcán,0.9999999999999999,0.9999999999999999,5085.06878
17009,Huitzilac,32.999999999999964,221.9999999999997,NA
17016,Ocuituco,0,15,7488.361693
17008,Emiliano Zapata,79.9999999999997,154.99999999999986,65898.81621
17003,Axochiapan,7.99999999999997,5,25143.86781
17036,Hueyapan,0.9999999999999999,0.9999999999999999,NA
17035,Xoxocotla,12.99999999999997,8.999999999999984,14126.7057
17025,Tlaquiltenango,15.999999999999977,8.999999999999984,NA
17001,Amacuzac,11.999999999999991,20,NA
17020,Tepoztlán,35.99999999999997,22.999999999999968,22535.9252
17034,Coatetelco,7.99999999999997,0.9999999999999999,NA
17027,Totolapan,5.999999999999978,0,NA
17030,Yecapixtla,30,23.999999999999982,24707.67701
17026,Tlayacapan,13.999999999999982,5,11641.56091
17031,Zacatepec,12.99999999999997,8.999999999999984,22476.38337
17021,Tetecala,15,0.9999999999999999,3315.406209
17019,Tepalcingo,15,2.9999999999999996,18693.78699
17023,Tlalnepantla,3.999999999999985,0,NA
17017,Puente de Ixtla,32.999999999999964,48.99999999999973,24486.73354
17015,Miacatlán,12.99999999999997,5.999999999999978,NA
17013,Jonacatepec de Leandro Valle,7.99999999999997,3.999999999999985,7347.073518
17011,Jiutepec,73,306.99999999999966,131173.0281
17010,Jantetelco,13.999999999999982,20.99999999999998,NA
17018,Temixco,102.9999999999997,121.99999999999972,74868.33962
17029,Yautepec,61.99999999999995,127.99999999999989,64474.43787
17012,Jojutla,30.999999999999975,23.999999999999982,31485.66233
17024,Tlaltizapán de Zapata,20.99999999999998,10.999999999999977,23251.4924
17007,Cuernavaca,125.9999999999997,641.9999999999997,248066.65
17005,Coatlán del Río,12.99999999999997,1.9999999999999998,NA
17004,Ayala,27.999999999999964,38.99999999999994,55165.69763
17014,Mazatepec,13.999999999999982,3.999999999999985,NA
17032,Zacualpan de Amilpas,0.9999999999999999,0,NA
17033,Temoac,1.9999999999999998,10.999999999999977,NA
18001,Acaponeta,15,13.999999999999982,12512.97085
18009,Del Nayar,13.999999999999982,0.9999999999999999,7611.145707
18010,Rosamorada,10,2.9999999999999996,12221.07261
18011,Ruíz,3.999999999999985,0,5684.700754
18017,Tepic,26.99999999999999,2.9999999999999996,143905.4868
18018,Tuxpan,5,2.9999999999999996,9452.974319
18019,La Yesca,0.9999999999999999,0,NA
18004,Compostela,5,15,15719.46492
18013,San Pedro Lagunillas,0,0.9999999999999999,1018.878111
18008,Xalisco,3.999999999999985,15,15847.00535
18005,Huajicori,22.999999999999968,8.999999999999984,NA
18006,Ixtlán del Río,0,1.9999999999999998,10990.55276
18007,Jala,0.9999999999999999,3.999999999999985,NA
18014,Santa María del Oro,1.9999999999999998,2.9999999999999996,6790.372081
18015,Santiago Ixcuintla,2.9999999999999996,2.9999999999999996,33127.57128
18016,Tecuala,5.999999999999978,0.9999999999999999,15038.01881
18003,Amatlán de Cañas,1.9999999999999998,0,1094.464857
18012,San Blas,10,2.9999999999999996,12198.35193
18020,Bahía de Banderas,23.999999999999982,6.999999999999991,60074.16703
18002,Ahuacatlán,0.9999999999999999,0.9999999999999999,4537.677262
19029,Hualahuises,0,0,NA
19048,Santa Catarina,41.99999999999966,7.99999999999997,141580.4219
19044,Sabinas Hidalgo,0,2.9999999999999996,6597.130303
19042,Los Ramones,0.9999999999999999,0.9999999999999999,NA
19023,General Treviño,0,0.9999999999999999,43.52957172
19022,General Terán,0.9999999999999999,0,NA
19047,Hidalgo,0,0,3248.771861
19049,Santiago,1.9999999999999998,0.9999999999999999,11618.06428
19009,Cadereyta Jiménez,13.999999999999982,1.9999999999999998,54265.80401
19032,Lampazos de Naranjo,0,0,NA
19031,Juárez,64.99999999999966,30,231254.897
19027,Los Herreras,0,0,NA
19020,General Bravo,5,10,NA
19041,Pesquería,23.999999999999982,6.999999999999991,61212.62897
19040,Parás,0,0,NA
19039,Monterrey,152.9999999999997,63.99999999999976,562634.6636
19046,San Nicolás de los Garza,43.99999999999984,10,99814.35261
19019,San Pedro Garza García,0,0.9999999999999999,15112.5569
19037,Mina,2.9999999999999996,0,NA
19010,El Carmen,16.99999999999999,0.9999999999999999,57228.8202
19021,General Escobedo,50,15,201770.4991
19012,Ciénega de Flores,7.99999999999997,5.999999999999978,33865.40035
19002,Agualeguas,0,0,NA
19005,Anáhuac,0,0,NA
19024,General Zaragoza,0.9999999999999999,0,NA
19026,Guadalupe,55.99999999999979,38.99999999999994,269117.1781
19003,Los Aldamas,0.9999999999999999,0,NA
19004,Allende,13.999999999999982,0,NA
19025,General Zuazua,11.999999999999991,3.999999999999985,60201.73469
19015,Doctor Coss,1.9999999999999998,0,NA
19007,Aramberri,0.9999999999999999,0,NA
19018,García,82.99999999999979,20.99999999999998,193895.7111
19051,Villaldama,0,0,NA
19006,Apodaca,56.999999999999694,26.99999999999999,192036.4187
19011,Cerralvo,0,0,721.2490911
19001,Abasolo,0,0,NA
19017,Galeana,6.999999999999991,15.999999999999977,NA
19016,Doctor González,2.9999999999999996,0,NA
19050,Vallecillo,0.9999999999999999,0,NA
19034,Marín,0,0,NA
19035,Melchor Ocampo,0,0,NA
19028,Higueras,0,0,NA
19033,Linares,20.99999999999998,3.999999999999985,NA
19036,Mier y Noriega,0,0,1884.209431
19043,Rayones,0.9999999999999999,0,NA
19014,Doctor Arroyo,10,11.999999999999991,17435.22603
19038,Montemorelos,15,1.9999999999999998,31170.1957
19008,Bustamante,0,0.9999999999999999,NA
19013,China,2.9999999999999996,5,NA
19045,Salinas Victoria,7.99999999999997,6.999999999999991,13594.70784
19030,Iturbide,0.9999999999999999,0,NA
20125,San Carlos Yautepec,0.9999999999999999,0.9999999999999999,NA
20481,Santiago Nuyoó,0,0,NA
20517,Santo Domingo Tepuxtepec,0,0,1358.368421
20524,Santo Domingo Yodohino,0,0,NA
20378,Santa Cruz Mixtepec,0,0,NA
20054,Magdalena Zahuatlán,0,0,NA
20542,Taniche,0.9999999999999999,0,NA
20237,San Marcos Arteaga,1.9999999999999998,0,NA
20489,Santiago Tetepec,0,0,NA
20544,Teococuilco de Marcos Pérez,0,0,NA
20490,Santiago Texcalcingo,0.9999999999999999,0,NA
20333,San Pedro Totolápam,2.9999999999999996,2.9999999999999996,NA
20334,Villa de Tututepec,3.999999999999985,0,8941.060676
20562,Magdalena Yodocono de Porfirio Díaz,0,0,NA
20133,San Esteban Atatlahuca,0,0,NA
20134,San Felipe Jalapa de Díaz,1.9999999999999998,0.9999999999999999,9283.762099
20138,San Francisco Cajonos,0,0,NA
20149,San Francisco Sola,0,0,NA
20161,San Jerónimo Sosola,0,0,NA
20159,San Jerónimo Coatlán,0,0,NA
20437,Santa María Tlahuitoltepec,0,0,NA
20441,Santa María Xadani,1.9999999999999998,0,NA
20446,Santa María Yucuhiti,0,0,NA
20447,Santa María Zacatepec,1.9999999999999998,0,NA
20469,Santiago Juxtlahuaca,7.99999999999997,3.999999999999985,11718.2609
20511,Santo Domingo Nuxaá,0,0,NA
20513,Santo Domingo Petapa,3.999999999999985,0,NA
20278,San Miguel Soyaltepec,5,0,13180
20457,Santiago Camotlán,0,0,NA
20163,San Jerónimo Tecóatl,0,0,NA
20166,San José Chiltepec,0,0.9999999999999999,4539.004707
20506,Santo Domingo Albarradas,0,0,NA
20482,Santiago Pinotepa Nacional,37.99999999999968,2.9999999999999996,29562.17085
20508,Santo Domingo Chihuitán,0.9999999999999999,0,NA
20205,San Juan Lalana,0.9999999999999999,0,6042.011313
20271,San Miguel Mixtepec,0,0,110.5427645
20329,San Pedro Teozacoalco,0,0,NA
20330,San Pedro Teutila,0,0,683.2702703
20246,San Mateo Cajonos,0,0,NA
20277,Villa Sola de Vega,0,0,NA
20545,Teotitlán de Flores Magón,1.9999999999999998,1.9999999999999998,3298.153904
20546,Teotitlán del Valle,0.9999999999999999,0,NA
20547,Teotongo,0,0,NA
20170,San José Lachiguiri,0,0,103.321088
20230,San Lorenzo Victoria,0,0,NA
20168,San José Estancia Grande,0,1.9999999999999998,NA
20184,San Juan Bautista Tuxtepec,12.99999999999997,18.999999999999982,89685.69832
20185,San Juan Cacahuatepec,7.99999999999997,0,NA
20404,Santa María Chachoápam,0,0,NA
20407,Santa María Chimalapa,0.9999999999999999,0,NA
20186,San Juan Cieneguilla,0,0,NA
20214,San Juan Quiotepec,0,0,NA
20220,San Juan Tepeuxila,0,0,NA
20227,San Lorenzo Cacaotepec,0.9999999999999999,1.9999999999999998,3986.701521
20261,San Miguel Amatitlán,0,0,NA
20552,Tlacotepec Plumas,0,0,NA
20262,San Miguel Amatlán,0,0,NA
20266,San Miguel del Puerto,2.9999999999999996,0,NA
20550,San Jerónimo Tlacochahuaya,0,0.9999999999999999,NA
20253,San Mateo Piñas,0.9999999999999999,0,NA
20254,San Mateo Río Hondo,0,0,NA
20272,San Miguel Panixtlahuaca,10.999999999999977,0,NA
20273,San Miguel Peras,0,0,NA
20275,San Miguel Quetzaltepec,0,0,NA
20551,Tlacolula de Matamoros,7.99999999999997,5,11509.05306
20357,Santa Ana Tavela,0,0,NA
20502,Santiago Zacatepec,0,0,NA
20553,Tlalixtac de Cabrera,1.9999999999999998,2.9999999999999996,NA
20265,San Miguel Chimalapa,0,0,NA
20493,Santiago Tillo,0,0,NA
20318,San Pedro Mixtepec,20,2.9999999999999996,NA
20327,San Pedro Tapanatepec,5.999999999999978,2.9999999999999996,NA
20554,Totontepec Villa de Morelos,1.9999999999999998,0,NA
20555,Trinidad Zaachila,0,0,NA
20556,La Trinidad Vista Hermosa,0,0,NA
20018,Concepción Buenavista,0,0,NA
20036,Guevea de Humboldt,0,0,1643.906806
20338,Villa de Etla,1.9999999999999998,0,4454.428353
20344,San Sebastián Coatlán,1.9999999999999998,0,NA
20366,Santa Catarina Loxicha,0.9999999999999999,0,NA
20377,Santa Cruz Itundujia,0,0,1437.473684
20451,Santiago Apoala,0,0,NA
20005,Asunción Ixtaltepec,2.9999999999999996,1.9999999999999998,3037.361711
20558,Valerio Trujano,0,0,NA
20561,Yaxe,0.9999999999999999,0,NA
20056,Mártires de Tacubaya,0,0,NA
20563,Yogana,0.9999999999999999,0,NA
20497,Santiago Yaitepec,0,0,NA
20549,"Heroica Villa Tezoatlán de Segura y Luna, Cuna de la Independencia de Oaxaca",0.9999999999999999,0,4288.043986
20564,Yutanduchi de Guerrero,0,0,NA
20565,Villa de Zaachila,5.999999999999978,2.9999999999999996,13327.15733
20099,San Andrés Tepetlapa,0,0,NA
20491,Santiago Textitlán,0,0,NA
20031,Tamazulápam del Espíritu Santo,0.9999999999999999,0,NA
20279,San Miguel Suchixtepec,0,0,NA
20401,Santa María Colotepec,5.999999999999978,1.9999999999999998,5795
20367,Santa Catarina Mechoacán,2.9999999999999996,0,805.0721277
20500,Santiago Yosondúa,2.9999999999999996,0,NA
20503,Santiago Zoochila,0,0,NA
20379,Santa Cruz Nundaco,0,0,803.5555556
20494,Santiago Tlazoyaltepec,0,0,NA
20499,Santiago Yolomécatl,0,0,NA
20058,Mazatlán Villa de Flores,1.9999999999999998,0,NA
20059,Miahuatlán de Porfirio Díaz,17.999999999999968,7.99999999999997,16554.5
20177,San Juan Bautista Cuicatlán,0.9999999999999999,0,2607.132244
20359,Santa Ana Yareni,0,0,NA
20364,Santa Catarina Juquila,3.999999999999985,0,NA
20569,Santa Inés de Zaragoza,0,0,NA
20570,Zimatlán de Álvarez,5,5.999999999999978,9726.862353
20567,Zapotitlán Lagunas,0,0,1413.114844
20057,Matías Romero Avendaño,28.999999999999982,5,NA
20423,Santa María Nduayaco,0,0,NA
20112,San Baltazar Chichicápam,0,0,NA
20510,Santo Domingo Ixcatlán,0,0,NA
20371,Santa Catarina Ticuá,0,0,NA
20424,Santa María Ozolotepec,1.9999999999999998,0,NA
20406,Santa María Chilchotla,0.9999999999999999,1.9999999999999998,NA
20410,Santa María Ecatepec,0.9999999999999999,0,NA
20435,Santa María Tepantlali,0,0,NA
20417,Santa María Jacatepec,0,0.9999999999999999,1846.976544
20422,Santa María Nativitas,0,0,NA
20439,Santa María Tonameca,7.99999999999997,2.9999999999999996,5473.530607
20450,Santiago Amoltepec,17.999999999999968,0,NA
20075,Reforma de Pineda,0,2.9999999999999996,NA
20501,Santiago Yucuyachi,0,0,NA
20504,Nuevo Zoquiápam,0,0,NA
20505,Santo Domingo Ingenio,0.9999999999999999,0,1909.714286
20251,San Mateo Nejápam,2.9999999999999996,0,NA
20459,Villa de Santiago Chazumba,0,1.9999999999999998,NA
20477,Santiago Minas,0,0,NA
20484,Santiago Tamazola,0.9999999999999999,0,NA
20485,Santiago Tapextla,0,0,NA
20492,Santiago Tilantongo,0,0,NA
20495,Santiago Xanica,0,0,NA
20534,San Vicente Coatlán,0,0,NA
20537,Silacayoápam,0.9999999999999999,0,NA
20543,Tataltepec de Valdés,0,0,NA
20548,Tepelmeme Villa de Morelos,0,0,NA
20463,Santiago Huauclilla,0,0,NA
20467,Santiago Jamiltepec,30.999999999999975,0,NA
20559,San Juan Bautista Valle Nacional,0,0,NA
20169,San José Independencia,0,0,NA
20117,San Bartolomé Loxicha,0.9999999999999999,0,NA
20512,Santo Domingo Ozolotepec,0,0,NA
20514,Santo Domingo Roayaga,0,0,NA
20118,San Bartolomé Quialana,0,0,NA
20518,Santo Domingo Tlatayápam,0,0,NA
20440,Santa María Totolapilla,0,0,NA
20568,Zapotitlán Palmas,1.9999999999999998,1.9999999999999998,NA
20521,Santo Domingo Tonaltepec,0,0,NA
20001,Abejones,0,0,NA
20256,San Mateo Tlapiltepec,0,0,NA
20003,Asunción Cacalotepec,0,0,NA
20263,San Miguel Coatlán,0.9999999999999999,0,NA
20004,Asunción Cuyotepeji,0,0,NA
20007,Asunción Ocotlán,0,0.9999999999999999,NA
20267,San Miguel del Río,0,0,NA
20011,Calihualá,0,0,NA
20027,Chiquihuitlán de Benito Juárez,0,0,NA
20030,El Espinal,3.999999999999985,0.9999999999999999,1104.279253
20519,Santo Domingo Tomaltepec,1.9999999999999998,0,NA
20034,Guadalupe de Ramírez,0.9999999999999999,0,NA
20013,Ciénega de Zimatlán,0,0.9999999999999999,NA
20460,Santiago Choápam,0,0,NA
20044,Loma Bonita,1.9999999999999998,0.9999999999999999,19154.31818
20017,La Compañía,0,0,NA
20507,Santo Domingo Armenta,0,0,NA
20049,Magdalena Ocotlán,0,0,NA
20520,Santo Domingo Tonalá,0.9999999999999999,0.9999999999999999,3338.099481
20019,Concepción Pápalo,0,0,NA
20022,Cosoltepec,0.9999999999999999,0,NA
20024,Cuyamecalco Villa de Zaragoza,0.9999999999999999,0,NA
20025,Chahuites,10,2.9999999999999996,NA
20026,Chalcatongo de Hidalgo,0.9999999999999999,0,1053.705882
20029,Eloxochitlán de Flores Magón,0,0,NA
20032,Fresnillo de Trujano,0.9999999999999999,0,NA
20515,Santo Domingo Tehuantepec,20,54.999999999999886,28174.83687
20516,Santo Domingo Teojomulco,0,0,232.1017022
20033,Guadalupe Etla,0,0.9999999999999999,980.7354325
20050,Magdalena Peñasco,0,0,NA
20035,Guelatao de Juárez,0,0,NA
20051,Magdalena Teitipac,0,0,NA
20536,San Vicente Nuñú,0,0,NA
20047,Santa Magdalena Jicotlán,0,0,NA
20037,Mesones Hidalgo,2.9999999999999996,0,NA
20040,Huautepec,1.9999999999999998,0.9999999999999999,NA
20041,Huautla de Jiménez,3.999999999999985,0,7309.367677
20042,Ixtlán de Juárez,0,0,247.0791135
20045,Magdalena Apasco,0,2.9999999999999996,NA
20053,Magdalena Tlacotepec,0,0,NA
20046,Magdalena Jaltepec,0,0,NA
20523,Santo Domingo Yanhuitlán,0,0,NA
20048,Magdalena Mixtepec,0,0,NA
20522,Santo Domingo Xagacía,0,0,NA
20456,Santiago Cacaloxtepec,0,0.9999999999999999,NA
20060,Mixistlán de la Reforma,0,0,NA
20061,Monjas,0.9999999999999999,0.9999999999999999,NA
20062,Natividad,0,0,NA
20063,Nazareno Etla,0,0,NA
20065,Ixpantepec Nieves,0,0,NA
20069,La Pe,0,0,NA
20070,Pinotepa de Don Luis,0.9999999999999999,0,NA
20071,Pluma Hidalgo,2.9999999999999996,0,NA
20096,San Andrés Sinaxtla,0,0,NA
20072,San José del Progreso,0,0,NA
20097,San Andrés Solaga,0,0,NA
20098,San Andrés Teotilálpam,0,0,NA
20074,Santa Catarina Quioquitani,0,0,NA
20076,La Reforma,0.9999999999999999,0,1373.170732
20190,San Juan Cotzocón,0,0,8714.433809
20078,Rojas de Cuauhtémoc,0,0,NA
20077,Reyes Etla,0,0.9999999999999999,1383.974757
20081,San Agustín Atenango,0,0,NA
20094,San Andrés Nuxiño,0,0,NA
20080,San Agustín Amatengo,0.9999999999999999,0,472.9787234
20084,San Agustín Etla,1.9999999999999998,0,NA
20082,San Agustín Chayuco,1.9999999999999998,0,NA
20086,San Agustín Tlacotepec,0.9999999999999999,0,NA
20083,San Agustín de las Juntas,0,1.9999999999999998,4715.484201
20092,San Andrés Ixtlahuaca,0,0,NA
20087,San Agustín Yatareni,0,2.9999999999999996,NA
20089,San Andrés Dinicuiti,0,1.9999999999999998,NA
20090,San Andrés Huaxpaltepec,1.9999999999999998,0.9999999999999999,NA
20091,San Andrés Huayápam,0,0,NA
20095,San Andrés Paxtlán,0.9999999999999999,0,110.0232509
20100,San Andrés Yaá,0,0,NA
20101,San Andrés Zabache,0,0,NA
20102,San Andrés Zautla,0.9999999999999999,0,732.0602355
20233,San Lucas Quiaviní,0,0,NA
20103,San Antonino Castillo Velasco,0.9999999999999999,0.9999999999999999,NA
20104,San Antonino el Alto,0,0,NA
20105,San Antonino Monte Verde,0,0,NA
20107,San Antonio de la Cal,0.9999999999999999,5.999999999999978,12549.09097
20108,San Antonio Huitepec,0,0,NA
20109,San Antonio Nanahuatípam,0,0,NA
20110,San Antonio Sinicahua,0,0,NA
20111,San Antonio Tepetlapa,0,0,NA
20527,Santos Reyes Pápalo,0,0,0
20116,San Bartolomé Ayautla,0,0.9999999999999999,NA
20114,San Baltazar Yatzachi el Bajo,0,0,NA
20172,San Juan Achiutla,0,0,NA
20115,San Bartolo Coyotepec,0,0.9999999999999999,1316.42589
20413,Santa María Huatulco,2.9999999999999996,0.9999999999999999,NA
20119,San Bartolomé Yucuañe,0,0,NA
20120,San Bartolomé Zoogocho,0,0,NA
20121,San Bartolo Soyaltepec,0,0,NA
20014,Ciudad Ixtepec,6.999999999999991,5.999999999999978,13318.66667
20015,Coatecas Altas,0.9999999999999999,0,NA
20123,San Bernardo Mixtepec,0,0,NA
20122,San Bartolo Yautepec,0,0,NA
20528,Santos Reyes Tepejillo,0,0,NA
20124,Heroica Villa de San Blas Atempa,5.999999999999978,3.999999999999985,NA
20129,San Cristóbal Suchixtlahuaca,0,0,NA
20206,San Juan de los Cués,0,0,NA
20126,San Cristóbal Amatlán,1.9999999999999998,0,657.3252048
20020,Constancia del Rosario,0.9999999999999999,0,NA
20127,San Cristóbal Amoltepec,0,0,NA
20128,San Cristóbal Lachirioag,0,0,NA
20529,Santos Reyes Yucuná,0,0,NA
20131,San Dionisio Ocotepec,0,1.9999999999999998,NA
20130,San Dionisio del Mar,0,0,1230.510638
20152,San Francisco Tlapancingo,0,0,NA
20153,San Gabriel Mixtepec,6.999999999999991,0,NA
20132,San Dionisio Ocotlán,0,0,NA
20135,San Felipe Tejalápam,1.9999999999999998,0,NA
20136,San Felipe Usila,0.9999999999999999,0,NA
20137,San Francisco Cahuacuá,0,0,NA
20139,San Francisco Chapulapa,0,0,857.4254108
20142,San Francisco Huehuetlán,0,0,NA
20140,San Francisco Chindúa,0,0,NA
20141,San Francisco del Mar,0,0,NA
20160,San Jerónimo Silacayoapilla,0,0,NA
20143,San Francisco Ixhuatán,1.9999999999999998,1.9999999999999998,3526.248851
20144,San Francisco Jaltepetongo,0,0,NA
20145,San Francisco Lachigoló,0.9999999999999999,0,NA
20531,Santo Tomás Mazaltepec,0,0,NA
20146,San Francisco Logueche,0,0,NA
20147,San Francisco Nuxaño,0,0,NA
20148,San Francisco Ozolotepec,0,0,NA
20150,San Francisco Telixtlahuaca,0.9999999999999999,0.9999999999999999,1695.269816
20151,San Francisco Teopan,0,0,NA
20157,San Jacinto Amilpas,1.9999999999999998,5,7419.602477
20248,San Mateo del Mar,0,0,2059.816665
20158,San Jacinto Tlacotepec,0,0,NA
20162,San Jerónimo Taviche,0,0,NA
20164,San Jorge Nuchita,0,0,NA
20176,San Juan Bautista Coixtlahuaca,0,0,NA
20165,San José Ayuquila,0,0,NA
20167,San José del Peñasco,0,0,NA
20530,Santo Tomás Jalieza,0.9999999999999999,0,NA
20187,San Juan Coatzóspam,0,0,NA
20171,San José Tenango,0,0,NA
20188,San Juan Colorado,1.9999999999999998,0,NA
20173,San Juan Atepec,0,0,NA
20174,Ánimas Trujano,0.9999999999999999,0,NA
20191,San Juan Chicomezúchil,0,0,NA
20196,San Juan Evangelista Analco,0,0,NA
20178,San Juan Bautista Guelache,0,0,NA
20197,San Juan Guelavía,0,0,745.9878873
20180,San Juan Bautista Lo de Soto,0,0,NA
20204,San Juan Lajarcia,0,0,NA
20181,San Juan Bautista Suchitepec,0,0.9999999999999999,NA
20480,Santiago Nundiche,0,0,NA
20182,San Juan Bautista Tlacoatzintepec,0.9999999999999999,0,NA
20183,San Juan Bautista Tlachichilco,0,0,NA
20189,San Juan Comaltepec,0,0,NA
20192,San Juan Chilateca,0,0,NA
20193,San Juan del Estado,0.9999999999999999,0,NA
20464,Santiago Ihuitlán Plumas,0.9999999999999999,0,NA
20194,San Juan del Río,0,0,NA
20195,San Juan Diuxi,0,0,NA
20199,San Juan Ihualtepec,0,0,NA
20200,San Juan Juquila Mixes,1.9999999999999998,0,NA
20201,San Juan Juquila Vijanos,0,0,NA
20202,San Juan Lachao,0.9999999999999999,0,254.4720618
20203,San Juan Lachigalla,2.9999999999999996,0,207.4135041
20210,San Juan Ñumí,0.9999999999999999,0.9999999999999999,NA
20208,San Juan Mixtepec,0.9999999999999999,0,NA
20209,San Juan Mixtepec,0,0,NA
20566,San Mateo Yucutindoo,0,0,NA
20215,San Juan Sayultepec,0,0,NA
20218,San Juan Teita,0,0,NA
20284,San Miguel Tilquiápam,0.9999999999999999,1.9999999999999998,NA
20216,San Juan Tabaá,0,0,NA
20217,San Juan Tamazola,0,0,NA
20219,San Juan Teitipac,0,0,NA
20221,San Juan Teposcolula,0,0,NA
20222,San Juan Yaeé,0,0,NA
20223,San Juan Yatzona,0,0,NA
20541,Tanetze de Zaragoza,0,0,NA
20498,Santiago Yaveo,1.9999999999999998,0,NA
20224,San Juan Yucuita,0.9999999999999999,0,NA
20225,San Lorenzo,0.9999999999999999,0,NA
20016,Coicoyán de las Flores,0,0.9999999999999999,693.2681107
20226,San Lorenzo Albarradas,0,0,NA
20228,San Lorenzo Cuaunecuiltitla,0,0,NA
20229,San Lorenzo Texmelúcan,0,0,NA
20231,San Lucas Camotlán,0,0,NA
20232,San Lucas Ojitlán,0.9999999999999999,1.9999999999999998,NA
20234,San Lucas Zoquiápam,0,0,NA
20235,San Luis Amatlán,1.9999999999999998,0,NA
20236,San Marcial Ozolotepec,0,0,NA
20239,San Martín Huamelúlpam,0,0,NA
20240,San Martín Itunyoso,0,0,NA
20241,San Martín Lachilá,0,0,NA
20242,San Martín Peras,1.9999999999999998,0,NA
20243,San Martín Tilcajete,0,0,NA
20244,San Martín Toxpalan,0,0,NA
20249,San Mateo Yoloxochitlán,0,0,NA
20525,Santo Domingo Zanatepec,1.9999999999999998,1.9999999999999998,NA
20526,Santos Reyes Nopala,6.999999999999991,0,NA
20245,San Martín Zacatepec,0,0,NA
20269,San Miguel el Grande,0,0,NA
20247,Capulálpam de Méndez,0,0,70.52997859
20250,San Mateo Etlatongo,0,0,NA
20255,San Mateo Sindihui,0,0,NA
20252,San Mateo Peñasco,0,0,NA
20257,San Melchor Betaza,0,0,NA
20258,San Miguel Achiutla,0,0,NA
20259,San Miguel Ahuehuetitlán,0.9999999999999999,0,NA
20260,San Miguel Aloápam,0,0,NA
20268,San Miguel Ejutla,0.9999999999999999,0,NA
20276,San Miguel Santa Flor,0,0,NA
20281,San Miguel Tecomatlán,0,0,NA
20274,San Miguel Piedras,0,0,NA
20532,Santo Tomás Ocotepec,0,0,NA
20280,Villa Talea de Castro,0,0,NA
20533,Santo Tomás Tamazulapan,0.9999999999999999,0,NA
20368,Santa Catarina Minas,0.9999999999999999,0,NA
20282,San Miguel Tenango,0,0,NA
20052,Magdalena Tequisistlán,0,2.9999999999999996,NA
20283,San Miguel Tequixtepec,0,0.9999999999999999,NA
20535,San Vicente Lachixío,0,0,NA
20286,San Miguel Tlacotepec,0,0,NA
20285,San Miguel Tlacamama,2.9999999999999996,0,NA
20288,San Miguel Yotao,0,0,NA
20289,San Nicolás,0,0,NA
20290,San Nicolás Hidalgo,0,0,NA
20292,San Pablo Cuatro Venados,0,0,NA
20380,Santa Cruz Papalutla,0,0.9999999999999999,NA
20294,San Pablo Huitzo,0.9999999999999999,1.9999999999999998,NA
20043,Heroica Ciudad de Juchitán de Zaragoza,82.99999999999979,25,45916.74431
20295,San Pablo Huixtepec,1.9999999999999998,0,NA
20538,Sitio de Xitlapehua,0,0,NA
20296,San Pablo Macuiltianguis,0,0,NA
20297,San Pablo Tijaltepec,0,0,NA
20304,San Pedro Coxcaltepec Cántaros,0,0,NA
20299,San Pablo Yaganiza,0,0,NA
20300,San Pedro Amuzgos,1.9999999999999998,0,NA
20308,San Pedro Huilotepec,0,0,NA
20301,San Pedro Apóstol,0,0,NA
20311,San Pedro Jaltepetongo,0,0,NA
20302,San Pedro Atoyac,0.9999999999999999,0,NA
20303,San Pedro Cajonos,0,0,NA
20305,San Pedro Comitancillo,0,0,NA
20321,San Pedro Nopala,0,0,NA
20332,San Pedro Topiltepec,0,0,NA
20307,San Pedro Huamelula,0,0,NA
20312,San Pedro Jicayán,1.9999999999999998,0,NA
20313,San Pedro Jocotipac,0,0,86.79104853
20314,San Pedro Juchatengo,0,0,NA
20079,Salina Cruz,27.999999999999964,12.99999999999997,42415.57912
20331,San Pedro Tidaá,0,0,NA
20315,San Pedro Mártir,0,0,NA
20316,San Pedro Mártir Quiechapa,1.9999999999999998,0,NA
20207,San Juan Mazatlán,0.9999999999999999,0,6564.960291
20317,San Pedro Mártir Yucuxaco,0,0,NA
20356,Santa Ana del Valle,0,0,NA
20319,San Pedro Mixtepec,0,0,NA
20320,San Pedro Molinos,0,0,NA
20322,San Pedro Ocopetatillo,0,0,NA
20323,San Pedro Ocotepec,0,0,NA
20325,San Pedro Quiatoni,2.9999999999999996,0.9999999999999999,NA
20326,San Pedro Sochiápam,0,0,1434.430038
20328,San Pedro Taviche,0,0,NA
20335,San Pedro Yaneri,0,0,NA
20336,San Pedro Yólox,0,0,NA
20339,San Pedro y San Pablo Teposcolula,0,0,NA
20340,San Pedro y San Pablo Tequixtepec,0,0.9999999999999999,NA
20341,San Pedro Yucunama,0,0,NA
20342,San Raymundo Jalpan,0,0.9999999999999999,827.2861101
20343,San Sebastián Abasolo,0,0,NA
20345,San Sebastián Ixcapa,0.9999999999999999,0,NA
20346,San Sebastián Nicananduta,0,0,NA
20347,San Sebastián Río Hondo,0,0,NA
20539,Soledad Etla,0.9999999999999999,0.9999999999999999,1798.8
20211,San Juan Ozolotepec,0.9999999999999999,0,NA
20212,San Juan Petlapa,0,0,NA
20213,San Juan Quiahije,0,0,NA
20348,San Sebastián Tecomaxtlahuaca,5,0,NA
20349,San Sebastián Teitipac,0,0,NA
20540,Villa de Tamazulápam del Progreso,0,0.9999999999999999,NA
20350,San Sebastián Tutla,0,2.9999999999999996,8984.3993160000009
20352,San Simón Zahuatlán,0,0,NA
20353,Santa Ana,0,0,NA
20354,Santa Ana Ateixtlahuaca,0,0,NA
20355,Santa Ana Cuauhtémoc,0,0,NA
20358,Santa Ana Tlapacoyan,0,0,NA
20360,Santa Ana Zegache,0,0.9999999999999999,NA
20361,Santa Catalina Quierí,0,0,NA
20362,Santa Catarina Cuixtla,0,0,NA
20363,Santa Catarina Ixtepeji,0,0.9999999999999999,NA
20369,Santa Catarina Quiané,0.9999999999999999,0,NA
20370,Santa Catarina Tayata,0,0,NA
20381,Santa Cruz Tacache de Mina,0,0,NA
20372,Santa Catarina Yosonotú,0,0,NA
20373,Santa Catarina Zapoquila,0,0,NA
20374,Santa Cruz Acatepec,0,0,NA
20293,San Pablo Etla,0.9999999999999999,2.9999999999999996,7998.584815
20375,Santa Cruz Amilpas,0.9999999999999999,0,7713.649908
20376,Santa Cruz de Bravo,0,0,NA
20382,Santa Cruz Tacahua,0.9999999999999999,0,NA
20383,Santa Cruz Tayata,0,0,NA
20384,Santa Cruz Xitla,0,0,NA
20386,Santa Cruz Zenzontepec,0,0,NA
20387,Santa Gertrudis,0,0,NA
20179,San Juan Bautista Jayacatlán,0,0,NA
20388,Santa Inés del Monte,0.9999999999999999,0,NA
20390,Santa Lucía del Camino,0,2.9999999999999996,24979.89624
20408,Santa María del Rosario,0,0,NA
20391,Santa Lucía Miahuatlán,0.9999999999999999,0,NA
20418,Santa María Jalapa del Marqués,5.999999999999978,0,NA
20392,Santa Lucía Monteverde,0.9999999999999999,0,NA
20393,Santa Lucía Ocotlán,0,0.9999999999999999,NA
20394,Santa María Alotepec,0,0.9999999999999999,NA
20395,Santa María Apazco,0,0,NA
20396,Santa María la Asunción,0,0,NA
20397,Heroica Ciudad de Tlaxiaco,0.9999999999999999,0,15712.8
20398,Ayoquezco de Aldama,0,0,NA
20399,Santa María Atzompa,3.999999999999985,8.999999999999984,15878.78663
20400,Santa María Camotlán,0,0.9999999999999999,NA
20402,Santa María Cortijo,2.9999999999999996,0,NA
20154,San Ildefonso Amatlán,0,0,NA
20155,San Ildefonso Sola,0.9999999999999999,0,NA
20156,San Ildefonso Villa Alta,0,0,NA
20403,Santa María Coyotepec,0,0,532.8645292
20419,Santa María Jaltianguis,0,0,NA
20405,Villa de Chilapa de Díaz,0,0,NA
20409,Santa María del Tule,0,0,591.4652087
20264,San Miguel Chicahua,0,0,NA
20411,Santa María Guelacé,0,0,NA
20106,San Antonio Acutla,0,0,NA
20198,San Juan Guichicovi,8.999999999999984,0,10911.92041
20365,Santa Catarina Lachatao,0,0,NA
20002,Acatlán de Pérez Figueroa,0.9999999999999999,0.9999999999999999,15637.56754
20006,Asunción Nochixtlán,1.9999999999999998,0.9999999999999999,11827.8966
20008,Asunción Tlacolulita,0,0,NA
20009,Ayotzintepec,0.9999999999999999,0,NA
20010,El Barrio de la Soledad,3.999999999999985,0.9999999999999999,NA
20055,Mariscala de Juárez,0,0,NA
20412,Santa María Guienagati,0,0,675.3992674
20414,Santa María Huazolotitlán,1.9999999999999998,0,NA
20415,Santa María Ipalapa,0.9999999999999999,0,NA
20287,San Miguel Tulancingo,0,0,NA
20291,San Pablo Coatlán,0.9999999999999999,0,NA
20298,San Pablo Villa de Mitla,0,0.9999999999999999,5755.107031
20385,Santa Cruz Xoxocotlán,7.99999999999997,10,42683.78229
20416,Santa María Ixcatlán,0,0,NA
20420,Santa María Lachixío,0,0.9999999999999999,NA
20023,Cuilápam de Guerrero,1.9999999999999998,0.9999999999999999,5765.477154
20306,San Pedro el Alto,0.9999999999999999,0,NA
20310,San Pedro Ixtlahuaca,0.9999999999999999,5,7090.097099
20421,Santa María Mixtequilla,5.999999999999978,0,NA
20309,San Pedro Ixcatlán,0,0,3125.849458
20324,San Pedro Pochutla,7.99999999999997,1.9999999999999998,24096.55068
20337,San Pedro y San Pablo Ayutla,2.9999999999999996,0.9999999999999999,NA
20351,San Simón Almolongas,0,0,NA
20425,Santa María Pápalo,0,0,NA
20426,Santa María Peñoles,0,0,NA
20427,Santa María Petapa,7.99999999999997,0.9999999999999999,6024.685691
20428,Santa María Quiegolani,0,0,738.4615385
20432,Santa María Temaxcalapa,0,0,NA
20429,Santa María Sola,0,0,NA
20430,Santa María Tataltepec,0,0,NA
20431,Santa María Tecomavaca,0,0,NA
20021,Cosolapa,2.9999999999999996,1.9999999999999998,NA
20175,San Juan Bautista Atatlahuca,0,0,NA
20270,San Miguel Huautla,0,0,NA
20433,Santa María Temaxcaltepec,0.9999999999999999,0,NA
20436,Santa María Texcatitlán,0,0,NA
20452,Santiago Apóstol,1.9999999999999998,0,NA
20442,Santa María Yalina,0,0,NA
20438,Santa María Tlalixtac,0,0,NA
20434,Santa María Teopoxco,0,0,692.8636532
20444,Santa María Yolotepec,0,0,NA
20443,Santa María Yavesía,0,0,NA
20445,Santa María Yosoyúa,0,0,NA
20448,Santa María Zaniza,0,0,NA
20449,Santa María Zoquitlán,0,0,NA
20462,Santiago Huajolotitlán,0,0.9999999999999999,1875.913043
20453,Santiago Astata,0.9999999999999999,0,NA
20454,Santiago Atitlán,0,0,NA
20455,Santiago Ayuquililla,0,0,NA
20458,Santiago Comaltepec,0,0,62.70734633
20461,Santiago del Río,0,0,NA
20465,Santiago Ixcuintepec,0,0,NA
20466,Santiago Ixtayutla,6.999999999999991,0.9999999999999999,NA
20468,Santiago Jocotepec,1.9999999999999998,0,3846.415316
20470,Santiago Lachiguiri,0,0,NA
20471,Santiago Lalopa,0,0,NA
20472,Santiago Laollaga,0,0,NA
20473,Santiago Laxopa,0,0,NA
20474,Santiago Llano Grande,0,0,NA
20475,Santiago Matatlán,0.9999999999999999,0.9999999999999999,NA
20476,Santiago Miltepec,0,0,NA
20389,Santa Inés Yatzeche,0,0,NA
20478,Santiago Nacaltepec,0,0,137.1022561
20479,Santiago Nejapilla,0,0,NA
20012,Candelaria Loxicha,2.9999999999999996,0.9999999999999999,4663.90783
20028,Heroica Ciudad de Ejutla de Crespo,11.999999999999991,5,NA
20039,Heroica Ciudad de Huajuapan de León,16.99999999999999,18.999999999999982,38763.07477
20064,Nejapa de Madero,0,0,NA
20066,Santiago Niltepec,2.9999999999999996,0.9999999999999999,NA
20067,Oaxaca de Juárez,20.99999999999998,44.99999999999974,149142.4901
20068,Ocotlán de Morelos,7.99999999999997,2.9999999999999996,NA
20073,Putla Villa de Guerrero,13.999999999999982,0,16777.3812
20085,San Agustín Loxicha,2.9999999999999996,0,5992.384126
20088,San Andrés Cabecera Nueva,0,0,NA
20483,Santiago Suchilquitongo,0,2.9999999999999996,NA
20486,Villa Tejúpam de la Unión,0.9999999999999999,2.9999999999999996,NA
20093,San Andrés Lagunas,0,0,NA
20113,San Baltazar Loxicha,0,0,NA
20487,Santiago Tenango,1.9999999999999998,0,NA
20488,Santiago Tepetlapa,0,0,NA
20496,Santiago Xiacuí,0,0,NA
20509,Santo Domingo de Morelos,3.999999999999985,0,NA
20557,Unión Hidalgo,0.9999999999999999,0,5764.76325
20560,Villa Díaz Ordaz,0,0,1212.894737
20038,Villa Hidalgo Yalálag,0,0,NA
20238,Heroico San Martín de los Cansecos,0,0,NA
21180,Tlahuapan,5,18.999999999999982,22720.96053
21080,Atlequizayan,0,0,NA
21087,Jolalpan,0.9999999999999999,0,NA
21088,Jonotla,2.9999999999999996,0,NA
21081,Ixcamilpa de Guerrero,0.9999999999999999,0,NA
21083,Ixtacamaxtitlán,0,1.9999999999999998,10006.26606
21197,Xicotepec,5,5.999999999999978,35657.85147
21193,Tzicatlacoyan,1.9999999999999998,0,NA
21192,Tuzamapan de Galeana,0.9999999999999999,0,NA
21215,Zongozotla,0,0,NA
21191,Tulcingo,3.999999999999985,0.9999999999999999,NA
21216,Zoquiapan,0.9999999999999999,0,NA
21199,Xiutetelco,0.9999999999999999,2.9999999999999996,NA
21198,Xicotlán,5,0,NA
21178,Tlacuilotepec,0.9999999999999999,0,NA
21105,Ocotepec,0,1.9999999999999998,NA
21132,San Martín Texmelucan,56.999999999999694,196,97205.59514
21143,San Salvador el Verde,7.99999999999997,40.99999999999976,NA
21176,Tilapa,2.9999999999999996,3.999999999999985,NA
21174,Teziutlán,2.9999999999999996,5,58886.71123
21171,Tepeyahualco de Cuauhtémoc,0,3.999999999999985,NA
21103,Nicolás Bravo,3.999999999999985,7.99999999999997,NA
21102,Nealtican,0.9999999999999999,2.9999999999999996,NA
21142,San Salvador el Seco,1.9999999999999998,17.999999999999968,20097
21101,Nauzontla,0,0,NA
21100,Naupan,2.9999999999999996,0,NA
21099,Cañada Morelos,6.999999999999991,5.999999999999978,7009.135666
21098,Molcaxac,0.9999999999999999,0,NA
21001,Acajete,5.999999999999978,52.99999999999971,32153.35758
21182,Tlanepantla,1.9999999999999998,2.9999999999999996,NA
21201,Xochiltepec,0,0,NA
21110,Palmar de Bravo,1.9999999999999998,46.99999999999992,18358.33695
21109,Pahuatlán,1.9999999999999998,0,9667.290668
21067,Guadalupe Victoria,0,5,NA
21147,Santa Inés Ahuatempan,0,0,NA
21204,Yaonáhuac,0,0,NA
21108,Oriental,0.9999999999999999,35.99999999999997,NA
21066,Guadalupe,0,0.9999999999999999,2852.545777
21167,Tepetzintla,0,0,3034.575334
21166,Tepeojuma,2.9999999999999996,0.9999999999999999,NA
21065,General Felipe Ángeles,1.9999999999999998,7.99999999999997,NA
21181,Tlaltenango,0,1.9999999999999998,NA
21064,Francisco Z. Mena,0,0,NA
21148,Santa Isabel Cholula,0.9999999999999999,5.999999999999978,2267.066941
21063,Esperanza,0.9999999999999999,36.99999999999977,NA
21217,Zoquitlán,0,0,3783.91093
21207,Zacapoaxtla,2.9999999999999996,1.9999999999999998,23369.76867
21214,Zinacatepec,0,1.9999999999999998,NA
21059,Chinantla,1.9999999999999998,2.9999999999999996,NA
21058,Chilchotla,0.9999999999999999,0,4689.573019
21057,Honey,0.9999999999999999,0.9999999999999999,1849.275123
21056,Chila de la Sal,0,0,NA
21107,Olintla,0.9999999999999999,0,NA
21106,Ocoyucan,7.99999999999997,10.999999999999977,20103.29356
21055,Chila,0,0.9999999999999999,NA
21200,Xochiapulco,0,0,659.4285714
21051,Chietla,20,11.999999999999991,22868.20815
21050,Chichiquila,0,0,NA
21096,Mazapiltepec de Juárez,0.9999999999999999,20,NA
21095,La Magdalena Tlatlauquitepec,0,0,NA
21094,Libres,3.999999999999985,25.999999999999975,15077.93619
21093,Lafragua,0.9999999999999999,0,2888.387179
21092,Juan N. Méndez,0,0,NA
21091,Juan Galindo,2.9999999999999996,2.9999999999999996,3177.715028
21208,Zacatlán,15,21.99999999999999,43057.10998
21090,Juan C. Bonilla,7.99999999999997,31.99999999999999,NA
21037,Coyotepec,0.9999999999999999,0,NA
21035,Coxcatlán,0,0.9999999999999999,NA
21034,Coronango,15,81.99999999999987,23416.054
21033,Cohuecan,0.9999999999999999,0.9999999999999999,NA
21032,Cohetzala,0,0,NA
21031,Coatzingo,0,0.9999999999999999,NA
21030,Coatepec,0,0,NA
21029,Caxhuacan,0,0,NA
21028,Camocuautla,0,0,NA
21020,Atoyatempan,1.9999999999999998,0.9999999999999999,2218.297751
21077,Hueytlalpan,0,0,NA
21074,Huejotzingo,12.99999999999997,52.99999999999971,43997.99729
21022,Atzitzihuacán,0,0.9999999999999999,NA
21025,Ayotoxco de Guerrero,0,0,NA
21177,Tlacotepec de Benito Juárez,7.99999999999997,20,27917.90462
21075,Hueyapan,0,0,6378.4
21078,Huitzilan de Serdán,1.9999999999999998,0,NA
21079,Huitziltepec,0.9999999999999999,1.9999999999999998,NA
21187,Tlaxco,0,0.9999999999999999,NA
21188,Tochimilco,1.9999999999999998,1.9999999999999998,NA
21189,Tochtepec,1.9999999999999998,26.99999999999999,11728.18644
21190,Totoltepec de Guerrero,0,0.9999999999999999,NA
21194,Venustiano Carranza,5.999999999999978,12.99999999999997,9285.5
21184,Tlapacoya,0.9999999999999999,0,1639.873927
21185,Tlapanalá,0.9999999999999999,1.9999999999999998,NA
21082,Ixcaquixtla,0,0,NA
21085,Izúcar de Matamoros,22.999999999999968,12.99999999999997,37791.69426
21104,Nopalucan,2.9999999999999996,22.999999999999968,11378.95652
21122,San Felipe Teotlalcingo,0.9999999999999999,5,NA
21123,San Felipe Tepatlán,0,0,NA
21012,Aljojuca,0,0.9999999999999999,NA
21013,Altepexi,1.9999999999999998,0.9999999999999999,NA
21007,Ahuatlán,0,0,NA
21011,Albino Zertuche,0,0,NA
21018,Atexcal,0,0.9999999999999999,NA
21054,Chignautla,0,3.999999999999985,NA
21127,San Jerónimo Xayacatlán,0,0,NA
21129,San José Miahuatlán,0.9999999999999999,6.999999999999991,NA
21130,San Juan Atenco,0.9999999999999999,3.999999999999985,NA
21213,Zihuateutla,0,0,NA
21124,San Gabriel Chilac,0.9999999999999999,1.9999999999999998,NA
21169,Tepexi de Rodríguez,0,0,6180.768827
21159,Teopantlán,0.9999999999999999,0,NA
21156,Tehuacán,37.99999999999968,62.99999999999985,187505.2417
21155,Tecomatlán,0,0.9999999999999999,914.2398883
21154,Tecamachalco,20.99999999999998,100,40381.79746
21172,Tetela de Ocampo,3.999999999999985,0.9999999999999999,13994.08017
21179,Tlachichuca,1.9999999999999998,1.9999999999999998,13046.49248
21153,Tecali de Herrera,0.9999999999999999,12.99999999999997,11778.0603
21151,Santo Tomás Hueyotlipan,0,3.999999999999985,NA
21121,San Diego la Mesa Tochimiltzingo,0,0,NA
21202,Xochitlán de Vicente Suárez,1.9999999999999998,0,2902.265726
21203,Xochitlán Todos Santos,0.9999999999999999,1.9999999999999998,2570.687438
21073,Huehuetlán el Chico,3.999999999999985,0.9999999999999999,3151.502886
21097,Mixtla,0.9999999999999999,0,NA
21036,Coyomeapan,0,0.9999999999999999,NA
21044,Cuyoaco,0.9999999999999999,20.99999999999998,9693.127423
21060,Domingo Arenas,0,0,NA
21061,Eloxochitlán,5,0.9999999999999999,NA
21062,Epatlán,0.9999999999999999,0,NA
21068,Hermenegildo Galeana,0,0,NA
21072,Huehuetla,0.9999999999999999,0,7014.636364
21160,Teotlalco,1.9999999999999998,0,NA
21161,Tepanco de López,1.9999999999999998,8.999999999999984,NA
21024,Axutla,1.9999999999999998,0,NA
21186,Tlatlauquitepec,1.9999999999999998,3.999999999999985,NA
21170,Tepeyahualco,1.9999999999999998,38.99999999999994,NA
21196,Xayacatlán de Bravo,0,0,NA
21117,Rafael Lara Grajales,0.9999999999999999,20,8692.428017
21017,Atempan,0.9999999999999999,1.9999999999999998,NA
21019,Atlixco,16.99999999999999,61.99999999999995,56472.09419
21173,Teteles de Ávila Castillo,0,0,NA
21175,Tianguismanalco,2.9999999999999996,0,NA
21052,Chigmecatitlán,0,0,NA
21069,Huaquechula,5.999999999999978,2.9999999999999996,NA
21168,Tepexco,0.9999999999999999,1.9999999999999998,NA
21157,Tehuitzingo,1.9999999999999998,7.99999999999997,NA
21162,Tepango de Rodríguez,0,0,865.5787366
21209,Zapotitlán,0,0.9999999999999999,NA
21118,Los Reyes de Juárez,5,12.99999999999997,12733.84985
21119,San Andrés Cholula,8.999999999999984,88.99999999999994,47019.87612
21120,San Antonio Cañada,0,2.9999999999999996,NA
21125,San Gregorio Atzompa,0.9999999999999999,10.999999999999977,4636.970425
21126,San Jerónimo Tecuanipan,0.9999999999999999,1.9999999999999998,NA
21128,San José Chiapa,2.9999999999999996,31.99999999999999,NA
21158,Tenampulco,0,0.9999999999999999,NA
21053,Chignahuapan,11.999999999999991,58.99999999999987,36776.57143
21002,Acateno,0,0.9999999999999999,NA
21003,Acatlán,1.9999999999999998,3.999999999999985,8273.525125
21004,Acatzingo,10.999999999999977,97.99999999999982,38785
21005,Acteopan,0.9999999999999999,0,NA
21006,Ahuacatlán,1.9999999999999998,0.9999999999999999,2502.246948
21008,Ahuazotepec,0,10,4184
21133,San Martín Totoltepec,0,0,NA
21134,San Matías Tlalancaleca,5.999999999999978,11.999999999999991,NA
21135,San Miguel Ixitlán,0,0,NA
21137,San Nicolás Buenos Aires,0,3.999999999999985,NA
21138,San Nicolás de los Ranchos,0,1.9999999999999998,3414.191149
21139,San Pablo Anicano,0.9999999999999999,0,NA
21140,San Pedro Cholula,3.999999999999985,95.99999999999964,53413.87941
21141,San Pedro Yeloixtlahuaca,0,0,NA
21205,Yehualtepec,1.9999999999999998,5.999999999999978,NA
21023,Atzitzintla,1.9999999999999998,10.999999999999977,NA
21116,Quimixtlán,1.9999999999999998,0,NA
21115,Quecholac,5.999999999999978,51.99999999999981,10155.01109
21114,Puebla,180.99999999999997,843.9999999999972,972278.4562
21144,San Salvador Huixcolotla,3.999999999999985,22.999999999999968,NA
21145,San Sebastián Tlacotepec,1.9999999999999998,0,NA
21146,Santa Catarina Tlaltempan,0,0,NA
21149,Santiago Miahuatlán,3.999999999999985,6.999999999999991,12853.18076
21150,Huehuetlán el Grande,0,0,NA
21010,Ajalpan,0,0.9999999999999999,32988.66542
21014,Amixtlán,0,0,1323.75
21015,Amozoc,16.99999999999999,306.99999999999966,73048.31657
21016,Aquixtla,0,1.9999999999999998,NA
21021,Atzala,0.9999999999999999,0,NA
21026,Calpan,1.9999999999999998,3.999999999999985,5979.898663
21027,Caltepec,0,0.9999999999999999,NA
21165,Tepemaxalco,0,0,NA
21152,Soltepec,0.9999999999999999,6.999999999999991,NA
21206,Zacapala,0,0,NA
21211,Zaragoza,0.9999999999999999,6.999999999999991,NA
21212,Zautla,0,3.999999999999985,NA
21163,Tepatlaxco de Hidalgo,0,2.9999999999999996,NA
21049,Chiconcuautla,1.9999999999999998,1.9999999999999998,NA
21048,Chiautzingo,0,0,10467.94272
21047,Chiautla,6.999999999999991,0.9999999999999999,NA
21195,Vicente Guerrero,0.9999999999999999,0,NA
21164,Tepeaca,7.99999999999997,54.999999999999886,40876.88888
21046,Chapulco,2.9999999999999996,1.9999999999999998,NA
21210,Zapotitlán de Méndez,0,0,NA
21136,San Miguel Xoxtla,0,25,6098.719952
21045,Chalchicomula de Sesma,5,20,19419.56364
21043,Cuetzalan del Progreso,2.9999999999999996,0,23860.25416
21084,Ixtepec,0,0,NA
21086,Jalpan,0,5.999999999999978,5956.040595
21042,Cuayuca de Andrade,0,0.9999999999999999,1347.641049
21113,Piaxtla,0,0,NA
21131,San Juan Atzompa,0,0,NA
21089,Jopala,0,0,NA
21041,Cuautlancingo,10.999999999999977,174.9999999999998,86623.54163
21040,Cuautinchán,1.9999999999999998,5.999999999999978,NA
21039,Cuautempan,0,0,NA
21038,Cuapiaxtla de Madero,5,10.999999999999977,NA
21112,Petlalcingo,3.999999999999985,0,NA
21009,Ahuehuetitla,0,0,NA
21076,Hueytamalco,1.9999999999999998,0.9999999999999999,NA
21183,Tlaola,6.999999999999991,3.999999999999985,NA
21071,Huauchinango,13.999999999999982,55.99999999999979,43214.56532
21070,Huatlatlauca,0,0,NA
21111,Pantepec,3.999999999999985,0.9999999999999999,NA
22002,Pinal de Amoles,2.9999999999999996,0,7677.046398
22010,Landa de Matamoros,2.9999999999999996,0,4860.000191
22006,Corregidora,15.999999999999977,30,55225.82316
22003,Arroyo Seco,0,0,3006.09375
22011,El Marqués,15,35,73182.50894
22012,Pedro Escobedo,2.9999999999999996,13.999999999999982,29772.21203
22015,San Joaquín,0,0,1003.272786
22016,San Juan del Río,18.999999999999982,58.99999999999987,117554.033
22017,Tequisquiapan,2.9999999999999996,6.999999999999991,31894.93715
22018,Tolimán,0,0,9293.070235
22007,Ezequiel Montes,0,5,14809.54366
22001,Amealco de Bonfil,5.999999999999978,3.999999999999985,19879.15316
22014,Querétaro,60.99999999999968,176.99999999999997,401057.8231
22005,Colón,3.999999999999985,5,20799.48219
22004,Cadereyta de Montes,0,1.9999999999999998,25457.07827
22013,Peñamiller,0,0,NA
22008,Huimilpan,3.999999999999985,3.999999999999985,8635.301553
22009,Jalpan de Serra,2.9999999999999996,1.9999999999999998,7811.865857
23001,Cozumel,6.999999999999991,2.9999999999999996,34500.21864
23003,Isla Mujeres,5.999999999999978,0,2592.982813
23002,Felipe Carrillo Puerto,10,0,33932.9084
23005,Benito Juárez,123,208.99999999999986,536396.07
23004,Othón P. Blanco,16.99999999999999,11.999999999999991,120734.5929
23011,Puerto Morelos,0.9999999999999999,3.999999999999985,NA
23008,Solidaridad,40.99999999999976,22.999999999999968,158749.5051
23010,Bacalar,2.9999999999999996,1.9999999999999998,8394.092507
23007,Lázaro Cárdenas,2.9999999999999996,0,11916.63327
23006,José María Morelos,0.9999999999999999,0,15612.34207
23009,Tulum,36.99999999999977,7.99999999999997,23861.09122
24050,Villa de Reyes,2.9999999999999996,6.999999999999991,26198.99056
24052,Villa Juárez,0,0,4527.732636
24053,Axtla de Terrazas,0.9999999999999999,0,NA
24054,Xilitla,0,1.9999999999999998,20675.98292
24055,Zaragoza,1.9999999999999998,1.9999999999999998,NA
24048,Villa de la Paz,0,0,NA
24015,Charcas,0,1.9999999999999998,NA
24013,Ciudad Valles,2.9999999999999996,6.999999999999991,82428.22989
24009,Cerro de San Pedro,0.9999999999999999,0,NA
24043,Tierra Nueva,0.9999999999999999,0,NA
24042,Tanquián de Escobedo,1.9999999999999998,1.9999999999999998,NA
24012,Tancanhuitz,0,0,9698.918001
24011,Ciudad Fernández,1.9999999999999998,0.9999999999999999,14428.44444
24010,Ciudad del Maíz,1.9999999999999998,0.9999999999999999,12660.6375
24008,Cerritos,0.9999999999999999,0.9999999999999999,6055.55814
24007,Cedral,0.9999999999999999,3.999999999999985,NA
24035,Soledad de Graciano Sánchez,30,90.99999999999974,166961.0996
24041,Tanlajás,0,0,NA
24040,Tamuín,2.9999999999999996,0,22564.94839
24039,Tampamolón Corona,0,0,8477.300469
24038,Tampacán,0,0,5583.357041
24037,Tamazunchale,0,0,46129.28325
24036,Tamasopo,1.9999999999999998,0.9999999999999999,13360.1826
24006,Catorce,0,0,NA
24028,San Luis Potosí,74.99999999999982,257.99999999999994,481109.575
24031,Santa Catarina,0,0,NA
24030,San Nicolás Tolentino,0,0,NA
24029,San Martín Chalchicuautla,0.9999999999999999,0,NA
24026,San Antonio,0,0,NA
24005,Cárdenas,0,0,NA
24024,Rioverde,5,1.9999999999999998,37942.63037
24023,Rayón,2.9999999999999996,0.9999999999999999,NA
24022,Moctezuma,0,0.9999999999999999,NA
24021,Mexquitic de Carmona,7.99999999999997,16.99999999999999,25323.33394
24017,Guadalcázar,0.9999999999999999,10,12767.87321
24016,Ebano,1.9999999999999998,0,14528.36917
24014,Coxcatlán,0,0,NA
24033,Santo Domingo,0.9999999999999999,0.9999999999999999,NA
24001,Ahualulco del Sonido 13,3.999999999999985,0.9999999999999999,7729.333698
24057,Matlapa,0,0,15886.49176
24051,Villa Hidalgo,1.9999999999999998,6.999999999999991,NA
24058,El Naranjo,0,0,NA
24032,Santa María del Río,7.99999999999997,3.999999999999985,NA
24027,San Ciro de Acosta,0,0,2405.688931
24025,Salinas,2.9999999999999996,7.99999999999997,13698.9379
24056,Villa de Arista,5.999999999999978,2.9999999999999996,NA
24047,Villa de Guadalupe,0,0.9999999999999999,NA
24059,Villa de Pozos,0,10,NA
24034,San Vicente Tancuayalab,0.9999999999999999,0.9999999999999999,NA
24002,Alaquines,0,0,NA
24003,Aquismón,0,0,22626.20154
24004,Armadillo de los Infante,0,0,NA
24046,Villa de Arriaga,0,18.999999999999982,6048.079404
24018,Huehuetlán,0,0,NA
24019,Lagunillas,0,0,NA
24020,Matehuala,5.999999999999978,25,50221.49935
24044,Vanegas,0,2.9999999999999996,NA
24045,Venado,0.9999999999999999,0,NA
24049,Villa de Ramos,3.999999999999985,3.999999999999985,NA
25010,El Fuerte,5.999999999999978,20.99999999999998,40186.18294
25008,Elota,45.99999999999965,208.99999999999986,27089.50656
25016,San Ignacio,25,38.99999999999994,7047.699137
25018,Navolato,143.99999999999983,207.99999999999994,73067.28729
25003,Badiraguato,10.999999999999977,1.9999999999999998,NA
25014,Rosario,8.999999999999984,80.99999999999997,28653.65854
25001,Ahome,20,52.99999999999971,110488.2809
25002,Angostura,8.999999999999984,27.999999999999964,7304.823205
25020,Juan José Ríos,2.9999999999999996,5.999999999999978,NA
25019,Eldorado,3.999999999999985,2.9999999999999996,NA
25009,Escuinapa,15.999999999999977,77.99999999999989,17867.1113
25004,Concordia,16.99999999999999,33.99999999999998,4469.008221
25005,Cosalá,0,20,NA
25012,Mazatlán,111.99999999999994,545.9999999999985,226249.7373
25007,Choix,6.999999999999991,42.99999999999993,11396.70508
25013,Mocorito,27.999999999999964,22.999999999999968,12087.11396
25015,Salvador Alvarado,10,8.999999999999984,25037.29314
25006,Culiacán,868.9999999999966,3307.9999999999973,640341.7513
25017,Sinaloa,6.999999999999991,3.999999999999985,25622.2676
25011,Guasave,10,37.99999999999968,75623.96789
26066,Ures,0.9999999999999999,6.999999999999991,NA
26038,Moctezuma,0.9999999999999999,0.9999999999999999,NA
26033,Huatabampo,0.9999999999999999,5,26373.006
26056,San Miguel de Horcasitas,2.9999999999999996,0,NA
26031,Huachinera,0,0.9999999999999999,NA
26032,Huásabas,0,0,NA
26070,General Plutarco Elías Calles,3.999999999999985,25,3907.806452
26064,Trincheras,3.999999999999985,2.9999999999999996,NA
26062,Suaqui Grande,0,0,65.83948853
26052,Sahuaripa,0,0,NA
26051,Rosario,0,5,NA
26037,Mazatán,0,0,NA
26021,La Colorada,0.9999999999999999,0,NA
26041,Nacozari de García,0,0,NA
26043,Nogales,62.99999999999985,48.99999999999973,89504.97795
26034,Huépac,0,0,NA
26016,Benjamín Hill,0,3.999999999999985,NA
26014,Baviácora,0,0.9999999999999999,NA
26015,Bavispe,0,0,NA
26069,Yécora,0.9999999999999999,0.9999999999999999,NA
26009,Bacanora,0.9999999999999999,0,NA
26029,Guaymas,15,41.99999999999966,69411.23803
26002,Agua Prieta,0.9999999999999999,5.999999999999978,15765.97167
26057,San Pedro de la Cueva,0,0,NA
26055,San Luis Río Colorado,183.9999999999997,31.99999999999999,115438.03
26024,Divisaderos,0,0,NA
26023,Cumpas,0,0,422.2037993
26001,Aconchi,0,0,NA
26003,Álamos,1.9999999999999998,2.9999999999999996,NA
26030,Hermosillo,253.99999999999997,135.99999999999986,399787.9722
26022,Cucurpe,0.9999999999999999,0,NA
26025,Empalme,6.999999999999991,5,27357.81267
26027,Fronteras,0,0,NA
26005,Arivechi,0,0,NA
26006,Arizpe,0.9999999999999999,0,NA
26035,Imuris,1.9999999999999998,2.9999999999999996,NA
26068,Villa Pesqueira,0,0,NA
26046,Oquitoa,0,0.9999999999999999,NA
26026,Etchojoa,3.999999999999985,2.9999999999999996,11319.48684
26049,Quiriego,0,2.9999999999999996,NA
26071,Benito Juárez,0.9999999999999999,22.999999999999968,5937.885667
26004,Altar,5,5.999999999999978,NA
26063,Tepache,0,0,NA
26028,Granados,0,0,NA
26048,Puerto Peñasco,2.9999999999999996,5.999999999999978,14640.40479
26017,Caborca,35.99999999999997,23.999999999999982,NA
26012,Bácum,8.999999999999984,11.999999999999991,12537.62663
26044,Ónavas,0,0,NA
26036,Magdalena,5.999999999999978,8.999999999999984,12499.86196
26013,Banámichi,0,0,NA
26010,Bacerac,0,0,NA
26050,Rayón,0.9999999999999999,0,NA
26072,San Ignacio Río Muerto,0,0.9999999999999999,NA
26061,Soyopa,0,0,NA
26011,Bacoachi,0,0,NA
26018,Cajeme,366.99999999999835,112.99999999999986,264128.0464
26047,Pitiquito,2.9999999999999996,0.9999999999999999,NA
26019,Cananea,1.9999999999999998,0.9999999999999999,7259.453843
26020,Carbó,0.9999999999999999,0,NA
26053,San Felipe de Jesús,0,0,NA
26042,Navojoa,11.999999999999991,40.99999999999976,44224.85984
26008,Bacadéhuachi,0,0,NA
26060,Sáric,0.9999999999999999,0,NA
26039,Naco,0,0,NA
26059,Santa Cruz,0.9999999999999999,0,NA
26040,Nácori Chico,0,0,NA
26067,Villa Hidalgo,0,0,NA
26065,Tubutama,1.9999999999999998,0,NA
26007,Atil,0,0,NA
26045,Opodepe,0,0,NA
26054,San Javier,0,0,NA
26058,Santa Ana,3.999999999999985,3.999999999999985,4296.057091
27006,Cunduacán,43.99999999999984,70.99999999999983,73253.25769
27001,Balancán,1.9999999999999998,1.9999999999999998,23306.53131
27016,Teapa,10,25.999999999999975,NA
27015,Tacotalpa,3.999999999999985,10.999999999999977,20894.29977
27014,Paraíso,21.99999999999999,15,56323.2179
27012,Macuspana,20.99999999999998,10.999999999999977,89826.05823
27002,Cárdenas,44.99999999999974,50,142573.8148
27003,Centla,13.999999999999982,10.999999999999977,52451.35876
27004,Centro,209.99999999999974,294.9999999999997,442742.6077
27005,Comalcalco,58.99999999999987,76.99999999999999,127920.0494
27007,Emiliano Zapata,0,6.999999999999991,11005
27008,Huimanguillo,31.99999999999999,47.99999999999982,96038.83346
27009,Jalapa,10.999999999999977,10.999999999999977,20811.39852
27010,Jalpa de Méndez,28.999999999999982,32.999999999999964,41812.18701
27011,Jonuta,5,0,15011.43048
27013,Nacajuca,36.99999999999977,30,89406.92086
27017,Tenosique,10.999999999999977,6.999999999999991,28081.56876
28003,Altamira,10,5.999999999999978,77999.87604
28041,Victoria,30,40.99999999999976,139831.9174
28010,Cruillas,0.9999999999999999,0.9999999999999999,NA
28024,Mier,0.9999999999999999,5,NA
28015,Gustavo Díaz Ordaz,1.9999999999999998,1.9999999999999998,5071.547058
28025,Miguel Alemán,1.9999999999999998,10,15117.30917
28040,Valle Hermoso,0.9999999999999999,0,18600.20742
28023,Méndez,0,1.9999999999999998,NA
28031,Palmillas,0.9999999999999999,0,NA
28039,Tula,5,0.9999999999999999,9987.401839
28038,Tampico,2.9999999999999996,8.999999999999984,64206.021890000004
28037,Soto la Marina,1.9999999999999998,1.9999999999999998,8608.657539
28007,Camargo,0,0.9999999999999999,NA
28005,Burgos,0.9999999999999999,0,NA
28032,Reynosa,76.99999999999999,278.9999999999998,422583.8108
28033,Río Bravo,7.99999999999997,25,56799.56778
28029,Ocampo,0.9999999999999999,0,NA
28030,Padilla,3.999999999999985,5,NA
28034,San Carlos,0,0.9999999999999999,NA
28035,San Fernando,2.9999999999999996,30.999999999999975,NA
28022,Matamoros,31.99999999999999,47.99999999999982,240895.3248
28036,San Nicolás,0.9999999999999999,0,NA
28028,Nuevo Morelos,0,0,NA
28021,El Mante,0.9999999999999999,5.999999999999978,41769.80372
28011,Gómez Farías,0,1.9999999999999998,1226.355126
28012,González,2.9999999999999996,2.9999999999999996,5794.436044
28027,Nuevo Laredo,7.99999999999997,25,174785.525
28013,Güémez,1.9999999999999998,0.9999999999999999,860.75
28004,Antiguo Morelos,0,0,NA
28006,Bustamante,0,0,NA
28016,Hidalgo,0,0.9999999999999999,715.6266452
28019,Llera,0,2.9999999999999996,4302.365768
28017,Jaumave,0.9999999999999999,0,NA
28020,Mainero,0,0,NA
28008,Casas,0,0,1239.973965
28043,Xicoténcatl,0,0,3384.275371
28042,Villagrán,0,0,NA
28014,Guerrero,0,0,NA
28009,Ciudad Madero,0.9999999999999999,13.999999999999982,63707.58242
28026,Miquihuana,0,0,NA
28001,Abasolo,1.9999999999999998,0.9999999999999999,NA
28002,Aldama,0,0.9999999999999999,6713.863636
28018,Jiménez,0,0,NA
29019,Tepetitla de Lardizábal,1.9999999999999998,6.999999999999991,8160.437012
29045,Benito Juárez,0,0.9999999999999999,NA
29047,Lázaro Cárdenas,0,0,269.3410132
29033,Tlaxcala,2.9999999999999996,39.99999999999985,55807.95834
29059,Santa Cruz Quilehtla,0,0.9999999999999999,2925.47929
29004,Atltzayanca,0.9999999999999999,0,NA
29054,San Lorenzo Axocomanitla,0,0.9999999999999999,1678.486388
29042,Xicohtzinco,0,2.9999999999999996,6187.33427
29044,Zacatelco,5.999999999999978,17.999999999999968,28078.45468
29053,San Juan Huactzinco,0,0.9999999999999999,2509.555051
29008,Cuapiaxtla,0,5.999999999999978,NA
29029,Tepeyanco,0,3.999999999999985,8111.741488
29046,Emiliano Zapata,0,0,1684.344379
29025,San Pablo del Monte,17.999999999999968,15.999999999999977,44966.5751
29058,Santa Catarina Ayometla,0,0,NA
29014,Hueyotlipan,0,2.9999999999999996,8737.953808
29028,Teolocholco,0.9999999999999999,3.999999999999985,11538.57183
29040,Xaltocan,0,0.9999999999999999,5135.343539
29060,Santa Isabel Xiloxoxtla,0,0,2945.971982
29015,Ixtacuixtla de Mariano Matamoros,5,5,19889.45941
29057,Santa Apolonia Teacalco,1.9999999999999998,0.9999999999999999,1375.76169
29056,Santa Ana Nopalucan,0.9999999999999999,2.9999999999999996,4664.97561
29051,San Jerónimo Zacualpan,0,0,1420.146489
29041,Papalotla de Xicohténcatl,1.9999999999999998,8.999999999999984,17331.85816
29038,Tzompantepec,0.9999999999999999,3.999999999999985,9237.988085
29023,Natívitas,7.99999999999997,17.999999999999968,11034.42341
29020,Sanctórum de Lázaro Cárdenas,0,1.9999999999999998,4395.252025
29017,Mazatecochco de José María Morelos,0.9999999999999999,1.9999999999999998,5342.622329
29022,Acuamanala de Miguel Hidalgo,0.9999999999999999,0.9999999999999999,2133.806637
29001,Amaxac de Guerrero,0,0.9999999999999999,5759.095051
29006,Calpulalpan,7.99999999999997,25,28284.79065
29016,Ixtenco,0,1.9999999999999998,NA
29049,San Damián Texóloc,0.9999999999999999,0.9999999999999999,3610.717864
29043,Yauhquemehcan,2.9999999999999996,6.999999999999991,22643.17917
29013,Huamantla,3.999999999999985,18.999999999999982,39634.64881
29002,Apetatitlán de Antonio Carvajal,0,5,6839.428078
29005,Apizaco,3.999999999999985,17.999999999999968,50420.02504
29018,Contla de Juan Cuamatzi,0,8.999999999999984,19533.48109
29003,Atlangatepec,0.9999999999999999,1.9999999999999998,NA
29011,Muñoz de Domingo Arenas,0,3.999999999999985,2647.515625
29009,Cuaxomulco,0,0,2221.507106
29010,Chiautempan,6.999999999999991,25,41306.95998
29007,El Carmen Tequexquitla,5.999999999999978,1.9999999999999998,8015.506474
29021,Nanacamilpa de Mariano Arista,0.9999999999999999,2.9999999999999996,NA
29012,Españita,0,0,3117.167343
29031,Tetla de la Solidaridad,1.9999999999999998,5,15034.8307
29032,Tetlatlahuca,3.999999999999985,3.999999999999985,8115.591054
29034,Tlaxco,2.9999999999999996,12.99999999999997,17568.2476
29035,Tocatlán,0,0.9999999999999999,4201
29030,Terrenate,0,0,NA
29026,Santa Cruz Tlaxcala,0.9999999999999999,7.99999999999997,12176.13041
29050,San Francisco Tetlanohcan,0.9999999999999999,1.9999999999999998,5889.105316
29052,San José Teacalco,0,0.9999999999999999,989.9931807
29027,Tenancingo,5,8.999999999999984,6073.215282
29055,San Lucas Tecopilco,0,1.9999999999999998,NA
29024,Panotla,0,10.999999999999977,15048.704
29037,Ziltlaltépec de Trinidad Sánchez Santos,0,0.9999999999999999,3621.665643
29048,La Magdalena Tlaltelulco,0,3.999999999999985,893.9770062
29039,Xaloztoc,0,1.9999999999999998,13106.59879
29036,Totolac,0,5.999999999999978,11164.00292
30162,Tenampa,0,0,NA
30169,José Azueta,0,0.9999999999999999,NA
30185,Tlilapan,0,0.9999999999999999,NA
30187,Tonayán,0,0,NA
30188,Totutla,0,0.9999999999999999,NA
30189,Tuxpan,38.99999999999994,16.99999999999999,98744.93049
30190,Tuxtilla,0.9999999999999999,0,NA
30078,Ixcatepec,0,0,NA
30191,Ursulo Galván,0,2.9999999999999996,17785.64491
30079,Ixhuacán de los Reyes,0,0,NA
30192,Vega de Alatorre,2.9999999999999996,0,6165.052632
30194,Villa Aldama,3.999999999999985,2.9999999999999996,NA
30031,Carrillo Puerto,6.999999999999991,0.9999999999999999,8113.548142
30195,Xoxocotla,0.9999999999999999,0,NA
30199,Zaragoza,0.9999999999999999,0.9999999999999999,1436.578196
30206,Nanchital de Lázaro Cárdenas del Río,3.999999999999985,2.9999999999999996,NA
30210,Uxpanapa,0,0,NA
30211,San Rafael,8.999999999999984,3.999999999999985,NA
30212,Santiago Sochiapan,2.9999999999999996,0.9999999999999999,NA
30103,Mecatlán,0,0,NA
30141,San Andrés Tuxtla,6.999999999999991,5,75684.63535
30140,San Andrés Tenejapan,0,0.9999999999999999,NA
30138,Río Blanco,5.999999999999978,1.9999999999999998,12432.13741
30136,Rafael Lucio,0,0.9999999999999999,NA
30131,Poza Rica de Hidalgo,16.99999999999999,18.999999999999982,126085.2652
30116,Oluta,6.999999999999991,10.999999999999977,9208.091471
30109,Misantla,5,1.9999999999999998,NA
30107,Las Minas,2.9999999999999996,0,NA
30203,Zozocolco de Hidalgo,0.9999999999999999,0.9999999999999999,7576.161008
30205,El Higo,5,0,NA
30071,Huatusco,1.9999999999999998,5,37174.50558
30069,Gutiérrez Zamora,2.9999999999999996,0.9999999999999999,NA
30098,Magdalena,1.9999999999999998,0,NA
30075,Ignacio de la Llave,0,0,NA
30074,Huiloapan de Cuauhtémoc,0.9999999999999999,1.9999999999999998,NA
30073,Hueyapan de Ocampo,11.999999999999991,0.9999999999999999,23386.65195
30072,Huayacocotla,0.9999999999999999,0,NA
30149,Soteapan,2.9999999999999996,0,NA
30150,Tamalín,0,0,NA
30148,Soledad de Doblado,0,2.9999999999999996,NA
30147,Soledad Atzompa,0,0,5346.764366
30146,Sochiapa,0,0,NA
30145,Soconusco,0.9999999999999999,1.9999999999999998,NA
30004,Actopan,6.999999999999991,1.9999999999999998,NA
30070,Hidalgotitlán,0.9999999999999999,0,NA
30068,Fortín,5,10,44267.04732
30067,Filomeno Mata,0,0,NA
30066,Espinal,5,0.9999999999999999,14490.04431
30065,Emiliano Zapata,13.999999999999982,5.999999999999978,41282.66667
30064,Chumatlán,0.9999999999999999,0,NA
30173,Tezonapa,0.9999999999999999,11.999999999999991,NA
30209,Tatahuicapan de Juárez,0,0,NA
30032,Catemaco,3.999999999999985,2.9999999999999996,31364.86234
30040,Coatzintla,0.9999999999999999,0.9999999999999999,26372.65096
30039,Coatzacoalcos,45.99999999999965,96.9999999999999,205417.0868
30038,Coatepec,10,7.99999999999997,39469.25803
30037,Coahuitlán,0.9999999999999999,0,NA
30036,Coacoatzintla,0.9999999999999999,0.9999999999999999,1415.547314
30035,Citlaltépetl,0,0,NA
30034,Cerro Azul,5.999999999999978,0,NA
30033,Cazones de Herrera,5,1.9999999999999998,NA
30030,Camerino Z. Mendoza,5,0.9999999999999999,29878
30029,Calcahualco,2.9999999999999996,0.9999999999999999,NA
30028,Boca del Río,6.999999999999991,31.99999999999999,61848.39056
30027,Benito Juárez,0.9999999999999999,0,NA
30026,Banderilla,1.9999999999999998,5,8260.308182
30025,Ayahualulco,1.9999999999999998,0,13087.42694
30024,Tlaltetela,0.9999999999999999,0,5730.526316
30023,Atzalan,5,2.9999999999999996,NA
30022,Atzacan,0.9999999999999999,0,NA
30168,Tequila,0.9999999999999999,1.9999999999999998,NA
30166,Tepetlán,0,0,NA
30165,Tepatlaxco,0,0,NA
30164,Teocelo,0,1.9999999999999998,7926.410235
30126,Paso de Ovejas,0,0.9999999999999999,NA
30050,Coxquihui,5,0,5375.721627
30046,Cosautlán de Carvajal,0.9999999999999999,0,6867.418419
30021,Atoyac,13.999999999999982,5.999999999999978,14782.05512
30128,Perote,6.999999999999991,60.99999999999968,37228.07843
30020,Atlahuilco,0,0,NA
30101,Mariano Escobedo,3.999999999999985,1.9999999999999998,15024.32785
30018,Aquila,0,5.999999999999978,NA
30009,Alto Lucero de Gutiérrez Barrios,0.9999999999999999,0.9999999999999999,NA
30112,Naolinco,0.9999999999999999,0,NA
30008,Alpatláhuac,0.9999999999999999,0,NA
30007,Camarón de Tejeda,0,0.9999999999999999,2322.924038
30006,Acultzingo,1.9999999999999998,20.99999999999998,NA
30111,Moloacán,1.9999999999999998,2.9999999999999996,5792.052125
30110,Mixtla de Altamirano,0,0,NA
30005,Acula,0,0,2425.538368
30051,Coyutla,0,0,NA
30045,Cosamaloapan de Carpio,5,6.999999999999991,NA
30013,Naranjos Amatlán,0,0.9999999999999999,10112.68547
30014,Amatlán de los Reyes,5.999999999999978,6.999999999999991,21514.78918
30002,Acatlán,0,0,NA
30001,Acajete,0.9999999999999999,0.9999999999999999,NA
30003,Acayucan,15,30,50267.82857
30120,Oteapan,0.9999999999999999,2.9999999999999996,NA
30127,La Perla,3.999999999999985,0.9999999999999999,8007.091451
30048,Cosoleacaque,10,30.999999999999975,64486.93559
30059,Chinameca,1.9999999999999998,0,11284.50097
30100,Manlio Fabio Altamirano,0,3.999999999999985,NA
30087,Xalapa,20.99999999999998,21.99999999999999,215881.1464
30097,Lerdo de Tejada,0.9999999999999999,0,NA
30010,Altotonga,5,10.999999999999977,32976.41272
30108,Minatitlán,17.999999999999968,22.999999999999968,81059.46113
30011,Alvarado,1.9999999999999998,5.999999999999978,37299.13043
30012,Amatitlán,0,1.9999999999999998,NA
30015,Angel R. Cabada,5.999999999999978,1.9999999999999998,NA
30016,La Antigua,2.9999999999999996,3.999999999999985,NA
30017,Apazapan,1.9999999999999998,0,NA
30117,Omealca,15,15,NA
30113,Naranjal,0.9999999999999999,0,NA
30114,Nautla,0,0,1874.007724
30115,Nogales,6.999999999999991,2.9999999999999996,17992.46774
30163,Tenochtitlán,0.9999999999999999,0,NA
30019,Astacinga,0.9999999999999999,0,2150.208976
30042,Colipa,0,0,NA
30043,Comapa,0,0,5606.625921
30044,Córdoba,26.99999999999999,17.999999999999968,107154.8606
30047,Coscomatepec,5,0,NA
30049,Cotaxtla,1.9999999999999998,5.999999999999978,NA
30052,Cuichapa,7.99999999999997,2.9999999999999996,4630.783784
30099,Maltrata,8.999999999999984,54.999999999999886,7120.936744
30105,Medellín de Bravo,11.999999999999991,28.999999999999982,36610.96168
30184,Tlaquilpa,1.9999999999999998,0,NA
30175,Tihuatlán,1.9999999999999998,20,49532.70789
30178,Tlacotalpan,0,0,5960.193387
30180,Tlachichilco,0,0,NA
30137,Los Reyes,0.9999999999999999,0,NA
30196,Yanga,12.99999999999997,1.9999999999999998,NA
30197,Yecuatla,0.9999999999999999,0,NA
30198,Zacualpan,0,0.9999999999999999,NA
30139,Saltabarranca,0.9999999999999999,0,NA
30186,Tomatlán,0.9999999999999999,0,NA
30200,Zentla,0.9999999999999999,3.999999999999985,NA
30202,Zontecomatlán de López y Fuentes,0,0,2721.234675
30204,Agua Dulce,7.99999999999997,12.99999999999997,20332.50102
30207,Tres Valles,3.999999999999985,10,19054.28947
30208,Carlos A. Carrillo,1.9999999999999998,0.9999999999999999,12973.43138
30201,Zongolica,3.999999999999985,5,23543.56721
30181,Tlalixcoyan,1.9999999999999998,1.9999999999999998,NA
30182,Tlalnelhuayocan,0,0,7042.666667
30183,Tlapacoyan,18.999999999999982,8.999999999999984,NA
30076,Ilamatlán,0,0,NA
30077,Isla,2.9999999999999996,5,NA
30080,Ixhuatlán del Café,0,0.9999999999999999,7740.765957
30081,Ixhuatlancillo,0,0.9999999999999999,13923.99388
30082,Ixhuatlán del Sureste,0.9999999999999999,0.9999999999999999,5654.049925
30083,Ixhuatlán de Madero,0.9999999999999999,0,16897.77141
30084,Ixmatlahuacan,2.9999999999999996,0,NA
30085,Ixtaczoquitlán,5,5.999999999999978,34608.48611
30086,Jalacingo,2.9999999999999996,5,11699.70662
30088,Jalcomulco,0.9999999999999999,0,NA
30089,Jáltipan,1.9999999999999998,7.99999999999997,23538.66639
30090,Jamapa,0,1.9999999999999998,NA
30091,Jesús Carranza,2.9999999999999996,0,6154.790698
30092,Xico,0.9999999999999999,0,15092.15104
30041,Coetzala,0.9999999999999999,0.9999999999999999,NA
30053,Cuitláhuac,7.99999999999997,8.999999999999984,NA
30054,Chacaltianguis,0,0,NA
30055,Chalma,0,0.9999999999999999,3762.267315
30056,Chiconamel,0.9999999999999999,0,NA
30057,Chiconquiaco,0.9999999999999999,0.9999999999999999,NA
30058,Chicontepec,0.9999999999999999,1.9999999999999998,12458.21618
30060,Chinampa de Gorostiza,0,0,1984.033842
30061,Las Choapas,6.999999999999991,15,47986.14173
30062,Chocamán,0,0,9521.308388
30063,Chontla,0,0,NA
30093,Jilotepec,0,0,NA
30094,Juan Rodríguez Clara,2.9999999999999996,0.9999999999999999,NA
30095,Juchique de Ferrer,2.9999999999999996,0,6468.83305
30096,Landero y Coss,0,0,NA
30104,Mecayapan,0.9999999999999999,0,NA
30118,Orizaba,6.999999999999991,5,29576.47055
30119,Otatitlán,0,0,NA
30121,Ozuluama de Mascareñas,0,0.9999999999999999,NA
30123,Pánuco,0.9999999999999999,5,27751.06026
30124,Papantla,25,33.99999999999998,94756.19674
30125,Paso del Macho,1.9999999999999998,11.999999999999991,NA
30129,Platón Sánchez,0.9999999999999999,1.9999999999999998,NA
30130,Playa Vicente,0.9999999999999999,0.9999999999999999,18511.92469
30122,Pajapan,0,0,NA
30132,Las Vigas de Ramírez,0.9999999999999999,3.999999999999985,NA
30133,Pueblo Viejo,0.9999999999999999,1.9999999999999998,11565.83241
30134,Puente Nacional,5,5,NA
30135,Rafael Delgado,6.999999999999991,1.9999999999999998,12131.8015
30106,Miahuatlán,0,0,NA
30102,Martínez de la Torre,42.99999999999993,11.999999999999991,69353.53249
30170,Texcatepec,0,0,2320.527867
30171,Texhuacán,0,0,NA
30172,Texistepec,8.999999999999984,1.9999999999999998,NA
30174,Tierra Blanca,1.9999999999999998,20,47015.43749
30176,Tlacojalpan,0,1.9999999999999998,NA
30179,Tlacotepec de Mejía,0,0,NA
30177,Tlacolulan,0,0,2514.174624
30193,Veracruz,18.999999999999982,91.99999999999966,317094.1858
30143,Santiago Tuxtla,3.999999999999985,2.9999999999999996,28196.93527
30144,Sayula de Alemán,5.999999999999978,5,NA
30142,San Juan Evangelista,5,2.9999999999999996,10573.26244
30151,Tamiahua,5,0.9999999999999999,NA
30152,Tampico Alto,0,0.9999999999999999,NA
30153,Tancoco,0,0,NA
30154,Tantima,0,0.9999999999999999,2673.129011
30155,Tantoyuca,8.999999999999984,10,34456.05522
30156,Tatatila,0.9999999999999999,0,1302.040201
30157,Castillo de Teayo,0,0.9999999999999999,10399.68933
30158,Tecolutla,5.999999999999978,1.9999999999999998,7780.396728
30159,Tehuipango,3.999999999999985,0.9999999999999999,NA
30160,Álamo Temapache,22.999999999999968,8.999999999999984,49365.36309
30161,Tempoal,3.999999999999985,0.9999999999999999,NA
30167,Tepetzintla,0.9999999999999999,0,5566.512597
31009,Cansahcab,0,0,NA
31007,Cacalchén,0,0,NA
31019,Chemax,0,0,14839.12342
31101,Umán,2.9999999999999996,0,29487.90932
31106,Yobaín,0,0,NA
31105,Yaxkukul,0,0,NA
31103,Xocchel,0,0,1335.185824
31097,Tunkás,0,0,340.3221757
31095,Tixpéhual,0,0,409.3399238
31081,Tekom,0,0,NA
31090,Timucuy,0,0,NA
31088,Teya,0,0,NA
31087,Tetiz,0,0,NA
31066,Santa Elena,0,0,NA
31086,Tepakán,0,0,NA
31083,Telchac Puerto,0,0,550.0590826
31082,Telchac Pueblo,0,0,NA
31080,Tekit,1.9999999999999998,0,NA
31102,Valladolid,0.9999999999999999,0,19554.64219
31071,Sudzal,0,0,NA
31069,Sotuta,0,0,NA
31078,Tekantó,0,0,1227.832098
31037,Huhí,0,0,2591.519342
31027,Dzidzantún,0,0,2060.651856
31058,Peto,0,0,NA
31055,Opichén,0,0,NA
31036,Homún,0,0,NA
31032,Espita,0.9999999999999999,0,4603.048971
31077,Tekal de Venegas,0,0,NA
31074,Tahmek,0,0,NA
31026,Dzemul,0,0,NA
31025,Dzan,0,0,NA
31001,Abalá,0,0,NA
31050,Mérida,12.99999999999997,0,252452.4202
31023,Chocholá,0,0,NA
31035,Hoctún,0,0,1361.40364
31034,Hocabá,0,0,NA
31016,Chacsinkín,0,0,NA
31015,Cuzamá,0,0,1462.264151
31013,Conkal,0,0,4884.88475
31049,Mayapán,0,0,NA
31065,San Felipe,0,0,NA
31064,Sanahcat,0,0,NA
31073,Tahdziú,0.9999999999999999,0,NA
31072,Suma,0,0,NA
31093,Tixkokob,0,0,9527.689255
31061,Río Lagartos,0,0,NA
31014,Cuncunul,0,0,NA
31089,Ticul,0,0,13058.64518
31070,Sucilá,0,0,796.8055037
31068,Sinanché,0,0,NA
31012,Cenotillo,0,0,NA
31010,Cantamayec,0,0,NA
31002,Acanceh,0,0,7050.093329
31063,Samahil,0,0,NA
31060,Quintana Roo,0,0,NA
31054,Muxupip,0,0,NA
31053,Muna,0,0,3582.444847
31076,Tecoh,0,0,7036.500666
31098,Tzucacab,0.9999999999999999,0,7414.5
31042,Kantunil,0,0,NA
31052,Motul,0,0,9268.39841
31006,Buctzotz,0,0,NA
31056,Oxkutzcab,0.9999999999999999,0,15085.34906
31057,Panabá,0,0,NA
31028,Dzilam de Bravo,0,0,308.0550066
31062,Sacalum,0,0,NA
31051,Mocochá,0,0,282.4444444
31040,Izamal,1.9999999999999998,0,7333.572813
31085,Temozón,0,0,NA
31104,Yaxcabá,0,0,NA
31091,Tinum,0,0,NA
31048,Maxcanú,0,0,12668.7365
31096,Tizimín,0,0,26584.46419
31099,Uayma,0,0,NA
31005,Bokobá,0.9999999999999999,0,NA
31047,Maní,0,0,NA
31046,Mama,0,0,NA
31045,Kopomá,0,0,NA
31044,Kinchil,0,0,NA
31100,Ucú,0,0,NA
31043,Kaua,0,0,NA
31020,Chicxulub Pueblo,0,0,384.3360317
31067,Seyé,0,0,NA
31075,Teabo,0.9999999999999999,0,2375.012934
31004,Baca,0,0,NA
31003,Akil,0,0,NA
31022,Chikindzonot,0,0,NA
31033,Halachó,0,0,11434.88443
31079,Tekax,0,0,23128.81422
31059,Progreso,1.9999999999999998,0,27560.66256
31094,Tixméhuac,0,0,NA
31084,Temax,0,0,2202.158304
31029,Dzilam González,0,0,NA
31041,Kanasín,2.9999999999999996,0,69546.0845
31038,Hunucmá,0,0,17479.34198
31030,Dzitás,0,0,NA
31021,Chichimilá,0,0,3235.554601
31039,Ixil,0.9999999999999999,0,NA
31092,Tixcacalcupul,0,0,NA
31018,Chapab,0,0,NA
31017,Chankom,0,0,NA
31024,Chumayel,0,0,NA
31031,Dzoncauich,0,0,NA
31011,Celestún,0,0,NA
31008,Calotmul,0,0,1922.621964
32027,Melchor Ocampo,0,0,NA
32019,Jalpa,0,2.9999999999999996,NA
32003,Atolinga,0,0,NA
32058,Santa María de la Paz,0,0,NA
32036,Ojocaliente,2.9999999999999996,20,22497.99343
32035,Noria de Ángeles,2.9999999999999996,3.999999999999985,7089.207296
32037,Pánuco,0,2.9999999999999996,NA
32040,Sain Alto,1.9999999999999998,2.9999999999999996,7378.964867
32033,Moyahua de Estrada,0,0,NA
32020,Jerez,0,18.999999999999982,33307.42469
32010,Fresnillo,20.99999999999998,32.999999999999964,148511.4158
32034,Nochistlán de Mejía,0,0,9430.052239
32005,Calera,0.9999999999999999,8.999999999999984,19663.46939
32045,Tepechitlán,0.9999999999999999,0,2913.827518
32038,Pinos,10,52.99999999999971,35683.86668
32051,Villa de Cos,0.9999999999999999,3.999999999999985,15384.52846
32050,Vetagrande,0.9999999999999999,0,NA
32049,Valparaíso,0,5.999999999999978,14186.66735
32048,Tlaltenango de Sánchez Román,0.9999999999999999,1.9999999999999998,7426.844104
32046,Tepetongo,0.9999999999999999,6.999999999999991,NA
32025,Luis Moya,7.99999999999997,8.999999999999984,5323.20328
32044,Tabasco,0,0,NA
32043,Susticacán,0,0,NA
32054,Villa Hidalgo,0,0.9999999999999999,8768.466667
32042,Sombrerete,5,7.99999999999997,27881.62155
32041,El Salvador,0,0,NA
32016,General Pánfilo Natera,0,5,NA
32014,General Francisco R. Murguía,0,0.9999999999999999,8122.165173
32013,General Enrique Estrada,0,1.9999999999999998,NA
32009,Chalchihuites,0,1.9999999999999998,2903.424853
32017,Guadalupe,10,26.99999999999999,108850.9442
32057,Trancoso,0.9999999999999999,1.9999999999999998,NA
32030,Momax,0,0,NA
32032,Morelos,0,0,NA
32056,Zacatecas,5.999999999999978,28.999999999999982,82131.58312
32018,Huanusco,0,0,1619.992144
32022,Juan Aldama,0,5.999999999999978,NA
32002,Apulco,0,0,NA
32001,Apozol,0,0,NA
32015,El Plateado de Joaquín Amaro,0,0,NA
32028,Mezquital del Oro,0,0,NA
32026,Mazapil,0,0,6551.038535
32052,Villa García,3.999999999999985,0.9999999999999999,7943.435827
32024,Loreto,5,16.99999999999999,23750
32004,Benito Juárez,0,0,NA
32029,Miguel Auza,0,0,NA
32053,Villa González Ortega,1.9999999999999998,1.9999999999999998,4641.86996
32023,Juchipila,0,0,6084
32039,Río Grande,0,0.9999999999999999,29625.32859
32055,Villanueva,17.999999999999968,42.99999999999993,18820.09711
32031,Monte Escobedo,0.9999999999999999,3.999999999999985,2812.537023
32021,Jiménez del Teul,0,0,1475.901011
32008,Cuauhtémoc,6.999999999999991,16.99999999999999,NA
32007,Concepción del Oro,0,0.9999999999999999,1946.306636
32047,Teúl de González Ortega,0,5,NA
32012,Genaro Codina,0,0.9999999999999999,3593.170732
32006,Cañitas de Felipe Pescador,0.9999999999999999,0.9999999999999999,NA
32011,Trinidad García de la Cadena,0.9999999999999999,1.9999999999999998,1381.845918
