"CVEGEO","NOMGEO","IM_2020","no_IM_2020","IE","no_IE","TCVCU","no_TCVCU","ICE","no_ICE"
"01005","Jesús María",59.0117616967172,0,2.75781608379255,0,10,0,15.1729385754242,0
"01008","San José de Gracia",57.5275305589345,0,0.624207521402268,0,30,0,12.4137949055722,0
"01001","Aguascalientes",60.3187950417198,0,30.8020861784098,0,2,0,43.7107582186412,0
"01004","Cosío",57.1140301001378,0,0.318518010974823,0,25,0,12.0805169328652,0
"01011","San Francisco de los Romo",58.5520978333435,0,0.96689260958704,0,13,0,13.2204546736914,0
"01006","Pabellón de Arteaga",58.6247678266779,0,1.4093189850798,0,13,0,13.7053198388586,0
"01003","Calvillo",57.0582509369582,0,1.39730360566126,0,42,0,12.8998199114841,0
"01010","El Llano",56.5557942161932,0,0.294801192191385,0,34,0,11.8244596029952,0
"01002","Asientos",56.546071016613,0,0.93842299966362,0,31,0,12.4901240242734,0
"01009","Tepezalá",56.6043143837497,0,0.369957877064211,0,25,0,12.0150520914024,0
"01007","Rincón de Romos",57.6466713495514,0,1.50886090049538,0,17,0,13.5177770897262,0
"02003","Tecate",58.3900774399861,0,1.4615110412192,0,27,0,13.5387989316942,0
"02004","Tijuana",59.1402868170204,0,16.9772403259977,0,1,0,29.4691908137105,0
"02001","Ensenada",58.082237567032,0,6.85565096109204,0,10,0,19.0765040290535,0
"02006","San Quintín",53.3990400136774,0,1.49611505622349,0,151,0,11.0260617327473,0
"02007","San Felipe",0,1,0,1,0,1,0,1
"02002","Mexicali",59.3849890945595,0,12.693365907826,0,6,0,25.2357584903826,0
"02005","Playas de Rosarito",58.291417465293,0,1.58902095787423,0,5,0,13.9072281685734,0
"03002","Mulegé",57.4925673102967,0,3.31810146893711,0,373,0,10.9366994349948,0
"03009","Loreto",58.8193122984084,0,1.57969112559139,0,199,0,11.6448205160163,0
"03008","Los Cabos",58.7357270060101,0,13.7918019581802,0,2,0,26.3533516661991,0
"03003","La Paz",59.8532531027085,0,17.6272807715745,0,9,0,30.3266989870977,0
"03001","Comondú",58.2638228268869,0,5.01567622314485,0,100,0,16.1549327227523,0
"04003","Carmen",58.0950832846142,0,12.4635401244791,0,12,0,24.6794751136633,0
"04007","Palizada",52.7603020275498,0,0.525088803847485,0,97,0,10.587390546288,0
"04013","Dzitbalché",0,1,0,1,0,1,0,1
"04005","Hecelchakán",55.6860046589221,0,1.18574636529213,0,40,0,12.4566994534095,0
"04004","Champotón",54.8325989080778,0,2.84701434813821,0,37,0,13.9475061571279,0
"04011","Candelaria",50.5139363387235,0,1.31010396557978,0,102,0,10.7058693623174,0
"04012","Seybaplaya",55.8783319762054,0,0.672992577408705,0,25,0,12.1941464019389,0
"04002","Campeche",58.6407010357592,0,14.603469392039,0,6,0,26.9923795716143,0
"04006","Hopelchén",53.6026514197597,0,0.920492619935305,0,100,0,10.9163056787103,0
"04001","Calkiní",55.3812819245503,0,2.66139283334867,0,44,0,13.8217037918791,0
"04010","Calakmul",50.7093716101968,0,0.973909377660708,0,111,0,10.3974873992626,0
"04009","Escárcega",54.8902956416295,0,2.72100165476694,0,55,0,13.5844570084835,0
"04008","Tenabo",55.1820078528213,0,0.44783723898734,0,32,0,11.6811481186643,0
"05005","Candela",55.9194917338476,0,0.0781299432894041,0,73,0,10.988387497953,0
"05017","Matamoros",58.1804004142075,0,1.02644666254291,0,17,0,13.1399696112378,0
"05018","Monclova",60.4768300568519,0,3.53515263048241,0,0,0,16.4540042888675,0
"05014","Jiménez",55.4032123875801,0,0.0846764746986664,0,38,0,11.220230908956,0
"05035","Torreón",60.2884207175746,0,11.3123635893373,0,1,0,24.1261400080298,0
"05013","Hidalgo",56.0716090813527,0,0.0334225382710733,0,55,0,11.1841410806162,0
"05015","Juárez",56.6770026083266,0,0.0407276876324735,0,68,0,11.1633844372336,0
"05020","Múzquiz",58.9049613636146,0,0.881984615147891,0,41,0,12.8600845080716,0
"05024","Parras",57.9477297945311,0,0.993868975650687,0,46,0,12.7199067724431,0
"05026","Progreso",56.4638302346,0,0.0364462718794471,0,55,0,11.2520888773347,0
"05027","Ramos Arizpe",60.1650088427359,0,1.2316859805502,0,3,0,14.0241163896109,0
"05025","Piedras Negras",59.2727558881289,0,2.51395783196297,0,0,0,15.0747294107397,0
"05028","Sabinas",59.7511520314129,0,1.0814002386672,0,30,0,13.4218584397802,0
"05030","Saltillo",60.7375040578758,0,9.82822608238011,0,1,0,22.8169364838037,0
"05031","San Buenaventura",59.9613705887526,0,0.371488829287197,0,20,0,12.889212339583,0
"05016","Lamadrid",57.3261855621437,0,0.0453223973232219,0,49,0,11.5841061808453,0
"05004","Arteaga",58.0449869593202,0,0.224933243655647,0,28,0,12.2211406211248,0
"05002","Acuña",58.4817122918216,0,2.06242331421528,0,0,0,14.4027614129727,0
"05032","San Juan de Sabinas",59.7579886590898,0,0.633743614575695,0,34,0,12.912430595534,0
"05033","San Pedro",57.059406535828,0,1.16155882622159,0,26,0,12.9297445883927,0
"05009","Francisco I. Madero",57.8246734818765,0,0.673002536994696,0,18,0,12.6845698151516,0
"05012","Guerrero",55.6679087962824,0,0.0420294785725025,0,52,0,11.1554124637832,0
"05006","Castaños",59.3106239603317,0,0.400925837294167,0,10,0,12.8960428413691,0
"05003","Allende",59.7938289954527,0,0.34147383568209,0,25,0,12.7440838707847,0
"05023","Ocampo",55.1278959758259,0,0.13093596970413,0,139,0,10.0890150910912,0
"05008","Escobedo",56.4434939150664,0,0.0246722530176472,0,40,0,11.4961749169463,0
"05022","Nava",58.9554821241229,0,0.383291615085197,0,17,0,12.6449453760646,0
"05019","Morelos",59.4673507022789,0,0.0853243842620625,0,27,0,12.3784146085106,0
"05007","Cuatro Ciénegas",57.220514347307,0,0.316542962422082,0,61,0,11.721505220163,0
"05034","Sierra Mojada",57.9045374458784,0,0.12562880002345,0,152,0,10.594536056499,0
"05037","Villa Unión",58.337700821595,0,0.0911738715734577,0,41,0,11.9145887353796,0
"05029","Sacramento",57.4433073588306,0,0.0704381727128219,0,42,0,11.7451187463779,0
"05001","Abasolo",57.8201477198815,0,0.0285561600080079,0,36,0,11.8472394616674,0
"05038","Zaragoza",57.7682332789898,0,0.207754547063282,0,31,0,12.0002925952419,0
"05021","Nadadores",57.7527937612693,0,0.0786868518240433,0,27,0,12.0191496200924,0
"05010","Frontera",60.0842709636714,0,0.898045680052194,0,5,0,13.6394109538218,0
"05011","General Cepeda",57.1210015864091,0,0.199779189728256,0,54,0,11.6218448036176,0
"05036","Viesca",54.8588292288359,0,0.148644583276025,0,44,0,11.2189344174892,0
"06006","Ixtlahuacán",55.0289760226252,0,0.344111451407984,0,36,0,11.4979091980789,0
"06002","Colima",59.7711755354347,0,14.0534566942783,0,2,0,26.8232335279893,0
"06005","Cuauhtémoc",58.1700784403634,0,1.31909582658331,0,21,0,13.3809317525238,0
"06008","Minatitlán",57.3805329920052,0,0.317186483712112,0,61,0,11.7357152157719,0
"06001","Armería",56.4059237449604,0,1.75834156851546,0,26,0,13.3267257240068,0
"06004","Coquimatlán",57.1251916292823,0,0.794463442867548,0,17,0,12.6454897293096,0
"06010","Villa de Álvarez",60.5120922228991,0,5.57737493736876,0,0,0,18.4827214549729,0
"06003","Comala",57.1625072020632,0,1.29387486920808,0,20,0,13.1261665705591,0
"06007","Manzanillo",59.7547410038696,0,9.95850651518748,0,5,0,22.5720632440684,0
"06009","Tecomán",57.1954216340676,0,6.10906721480771,0,21,0,17.9244345428498,0
"07019","Comitán de Domínguez",54.9683255947039,0,2.41581923155707,0,7,0,13.9977314813596,0
"07090","Tapalapa",51.8493451247474,0,0.0349757638969574,0,136,0,9.18273482191146,0
"07020","La Concordia",50.345273777775,0,0.346835122724849,0,124,0,9.38146040352091,0
"07021","Copainalá",53.1786471264422,0,0.209599425607039,0,94,0,10.2131219449004,0
"07079","San Fernando",53.246705867343,0,0.144828414475163,0,29,0,11.0050385016675,0
"07109","Yajalón",49.1812077809565,0,0.316522558955278,0,93,0,9.48140400152305,0
"07108","Villaflores",53.7093421570287,0,1.19197820673268,0,54,0,11.8717602312924,0
"07107","Villa Corzo",51.1558305458545,0,0.49169045746294,0,77,0,10.3149684515123,0
"07106","Venustiano Carranza",50.853665914174,0,0.403750037483412,0,57,0,10.3637622415139,0
"07104","Tzimol",52.9232601681887,0,0.0791550814713368,0,41,0,10.7210173711423,0
"07103","Tuzantán",52.5582458193254,0,0.074916865181041,0,25,0,10.8369769906135,0
"07102","Tuxtla Chico",52.2950494073419,0,0.131867550337191,0,18,0,11.1497821008822,0
"07101","Tuxtla Gutiérrez",58.3458969364367,0,8.71108465086861,0,1,0,21.1533522448006,0
"07120","Capitán Luis Ángel Vidal",50.038163850557,0,0.0109663272188528,0,218,0,7.70627791207444,0
"07074","Reforma",56.2836431212427,0,0.385380863167142,0,17,0,12.0621473914256,0
"07075","Las Rosas",50.0594556971995,0,0.251923192855919,0,33,0,10.4323555276468,0
"07057","Motozintla",53.0043935129513,0,0.55968441569906,0,54,0,10.9836884584356,0
"07007","Amatenango del Valle",45.981946197677,0,0.0296397076282966,0,39,0,9.26094649083059,0
"07111","Zinacantán",46.9222208672218,0,0.0492768972194395,0,28,0,9.63747860912472,0
"07054","Mazatán",52.3810255780799,0,0.291186515377484,0,35,0,10.9148767139194,0
"07076","Sabanilla",48.9361378462015,0,0.0713476826428164,0,113,0,8.96957587211881,0
"07081","Simojovel",48.6987056909843,0,0.198012365946924,0,104,0,9.06530988081378,0
"07063","Osumacinta",54.564009802543,0,0.0259948988191861,0,65,0,10.6748369502497,0
"07110","San Lucas",50.3962000959717,0,0.0156110143892298,0,42,0,10.0324672002745,0
"07051","Mapastepec",53.0837629810148,0,0.445077956424493,0,56,0,10.9682169672996,0
"07070","El Porvenir",52.9851964072576,0,0.0631684754288433,0,86,0,10.1147830254453,0
"07112","San Juan Cancuc",44.1093576214964,0,0.0500021760036964,0,80,0,8.39334590944366,0
"07050","La Libertad",52.6928205936953,0,0.0307621013948253,0,66,0,10.410381170805,0
"07022","Chalchihuitán",37.8069459586062,0,0.0331944748605022,0,85,0,7.07094263754436,0
"07053","Mazapa de Madero",52.5462404399952,0,0.0220821548197153,0,69,0,10.1705074872512,0
"07080","Siltepec",50.8504760253906,0,0.151688334032721,0,118,0,9.31243486809617,0
"07049","Larráinzar",50.5089646729303,0,0.13010466389193,0,47,0,10.0606679721893,0
"07065","Palenque",52.6741669326229,0,1.35724682637837,0,66,0,11.624156486806,0
"07086","Suchiapa",54.1829143338017,0,0.181133027029493,0,31,0,11.2365678499337,0
"07062","Ostuacán",51.6489356841444,0,0.126640866902132,0,92,0,9.86383395611745,0
"07077","Salto de Agua",48.0926829231702,0,0.148918647598928,0,78,0,9.2824642442069,0
"07082","Sitalá",35.9017299159572,0,0.0377172730868508,0,106,0,6.44762083228493,0
"07024","Chanal",46.4378836071254,0,0.0303950841589305,0,60,0,9.14564859774693,0
"07121","Rincón Chamula San Pedro",49.8625241675954,0,0.00504557025313058,0,89,0,9.22326289788466,0
"07042","Ixhuatán",52.9477110108393,0,0.0340992802400417,0,86,0,10.063144869652,0
"07025","Chapultenango",51.5044924730301,0,0.0216780685094538,0,90,0,9.79363091839264,0
"07018","Coapilla",52.2651458294411,0,0.0552935583015073,0,117,0,9.54773802133654,0
"07052","Las Margaritas",49.1299085992887,0,0.529752570952678,0,70,0,10.0595245227799,0
"07026","Chenalhó",45.4293080626882,0,0.0723629968236206,0,65,0,8.76932760920548,0
"07083","Socoltenango",51.8389002231647,0,0.0745236743741468,0,54,0,10.2942681733608,0
"07084","Solosuchiapa",52.3585588020491,0,0.0243918435386429,0,72,0,10.0889490810174,0
"07089","Tapachula",55.5116640419866,0,3.64626004954745,0,11,0,15.2901748262452,0
"07068","Pichucalco",53.8688979626885,0,0.354321742895766,0,49,0,11.1359868920072,0
"07027","Chiapa de Corzo",55.0370926693881,0,0.742845079460801,0,25,0,12.07473566078,0
"07048","Juárez",53.716152579478,0,0.177767423892108,0,43,0,11.0271235978435,0
"07046","Jiquipilas",53.4321289661094,0,0.191475414708734,0,49,0,10.8520062133451,0
"07105","Unión Juárez",53.8027392757174,0,0.0707836259725385,0,46,0,10.8188778793088,0
"07100","Tumbalá",47.4784672250844,0,0.0535556981178828,0,107,0,8.8392035079286,0
"07045","Ixtapangajoya",51.0570492659982,0,0.0192897207316816,0,53,0,10.026369425072,0
"07114","Benemérito de las Américas",51.4193366673905,0,0.155255090935453,0,147,0,9.16603300429759,0
"07028","Chiapilla",51.6651883576316,0,0.0195071574577545,0,43,0,10.3347937522686,0
"07029","Chicoasén",53.411133839476,0,0.0602480602023547,0,54,0,10.6689137989547,0
"07091","Tapilula",54.6305559373357,0,0.172082303372843,0,85,0,10.6246970301666,0
"07073","Rayón",51.4744684222445,0,0.0663381431097628,0,92,0,9.80615122550312,0
"07030","Chicomuselo",50.6852195036764,0,0.244221158409997,0,106,0,9.55203139452536,0
"07044","Ixtapa",51.6527299008629,0,0.0973422774559434,0,50,0,10.225320970895,0
"07008","Ángel Albino Corzo",51.5472580763044,0,0.288943101763848,0,128,0,9.47906143804197,0
"07009","Arriaga",54.5793351882981,0,0.579922598857455,0,50,0,11.5395225929373,0
"07031","Chilón",45.2557776016108,0,0.269825387588541,0,102,0,8.50948303715396,0
"07043","Ixtacomitán",53.4659644235862,0,0.0574190264125901,0,58,0,10.6005906501514,0
"07017","Cintalapa de Figueroa",53.7799251744326,0,0.695284428343393,0,43,0,11.4950000585076,0
"07119","Santiago el Pinar",47.997792091263,0,0.00517636626428863,0,49,0,9.43262395391817,0
"07116","Marqués de Comillas",49.0872296767312,0,0.0498844576266112,0,155,0,8.56895800128765,0
"07060","Ocotepec",48.7983796549241,0,0.0388575877397824,0,138,0,8.52110980668437,0
"07058","Nicolás Ruíz",51.4857630626166,0,0.0157261619354745,0,66,0,9.86186406765099,0
"07041","La Independencia",52.2893584036738,0,0.168949271630567,0,47,0,10.4869855955385,0
"07040","Huixtla",54.488482551691,0,0.656637791960216,0,23,0,11.8695661296693,0
"07056","Mitontic",45.5708330998031,0,0.0150456448086416,0,51,0,9.07940034554784,0
"07039","Huitiupán",48.9210111099177,0,0.0519357447576512,0,105,0,8.94895058024665,0
"07099","La Trinitaria",51.782928377283,0,0.433237059683271,0,47,0,10.7995178973031,0
"07097","Tonalá",55.0724437277739,0,1.07682155607625,0,58,0,12.0238236411743,0
"07096","Tila",48.3404725600387,0,0.187941143988453,0,92,0,9.19261973957633,0
"07118","San Andrés Duraznal",49.319821722491,0,0.004830480016114,0,98,0,9.08145820313233,0
"07122","El Parral",53.5005063060139,0,0.193963324318065,0,55,0,10.733756126385,0
"07038","Huixtán",48.5315608456366,0,0.0411105369250587,0,48,0,9.71489458093753,0
"07001","Acacoyagua",53.2907904738896,0,0.125898683382813,0,44,0,10.7686642125579,0
"07036","La Grandeza",52.0599373900267,0,0.0487314733781081,0,113,0,9.67752722489969,0
"07002","Acala",53.3009496928406,0,0.177383006496403,0,45,0,10.8051583902765,0
"07003","Acapetahua",52.1499492969481,0,0.21685517638302,0,44,0,10.7456224679736,0
"07011","Bella Vista",51.5097790448289,0,0.057762153230734,0,100,0,9.69365062517585,0
"07012","Berriozábal",53.2988113851827,0,0.328488827647241,0,22,0,11.3526411235693,0
"07072","Pueblo Nuevo Solistahuacán",50.3948368506767,0,0.126633668223918,0,95,0,9.44933606752373,0
"07037","Huehuetán",52.5506286011626,0,0.235679078351471,0,25,0,11.0994882023175,0
"07023","Chamula",46.3278465780139,0,0.106325017665896,0,28,0,9.48686830456186,0
"07010","Bejucal de Ocampo",49.7756697893572,0,0.0165700970079649,0,100,0,9.46430509866092,0
"07004","Altamirano",49.7840661417914,0,0.190794272079162,0,86,0,9.6967894763169,0
"07005","Amatán",48.7593250790908,0,0.050986183145865,0,78,0,9.32008175035903,0
"07035","Frontera Hidalgo",52.3329033180957,0,0.0732258881500169,0,25,0,10.833668000517,0
"07032","Escuintla",52.5820017564812,0,0.324209089938073,0,49,0,10.8012535777931,0
"07013","Bochil",52.0224667435321,0,0.236669044435411,0,73,0,10.2663243570232,0
"07014","El Bosque",50.0944470305582,0,0.0444552566463336,0,71,0,9.59828889819781,0
"07069","Pijijiapan",52.2159881034543,0,0.424266194514254,0,70,0,10.6874468774625,0
"07094","Teopisca",50.0047965654837,0,0.29510473434723,0,29,0,10.3819417877786,0
"07092","Tecpatán",50.649014322504,0,0.137014587825709,0,114,0,9.32348833896671,0
"07015","Cacahoatán",54.5750731851716,0,0.318957591143999,0,29,0,11.4449391039305,0
"07016","Catazajá",52.1298806862818,0,0.0827722303237908,0,58,0,10.3153331454044,0
"07047","Jitotol",52.5191148773229,0,0.100541696965969,0,81,0,10.0976816119016,0
"07006","Amatenango de la Frontera",52.2296012272431,0,0.0770636554532196,0,74,0,10.104810806463,0
"07078","San Cristóbal de las Casas",55.8329040362097,0,3.11846796416161,0,3,0,14.9053775457224,0
"07033","Francisco León",49.9740571910312,0,0.00863573896971755,0,135,0,8.7662433123068,0
"07117","Montecristo de Guerrero",50.9137510583727,0,0.0372509779012464,0,165,0,8.59303784421824,0
"07115","Maravilla Tenejapa",48.6718646044325,0,0.0588508633543054,0,138,0,8.59246613409658,0
"07071","Villa Comaltitlán",52.1712242149923,0,0.210778337316302,0,38,0,10.7583127489258,0
"07066","Pantelhó",45.4935597483737,0,0.069502182713141,0,109,0,8.24876470357619,0
"07113","Aldama",49.4393330730197,0,0.0185012058325591,0,48,0,9.69989837766029,0
"07098","Totolapa",49.5923052604024,0,0.00597000519324144,0,61,0,9.62883601929542,0
"07093","Tenejapa",49.8303546585047,0,0.0599899304216462,0,50,0,9.79241449278502,0
"07064","Oxchuc",40.8340559064578,0,0.12916596422757,0,61,0,8.3340627522383,0
"07059","Ocosingo",47.0642589778532,0,1.01133642923668,0,103,0,9.61139402195697,0
"07061","Ocozocoautla de Espinosa",52.7896289931032,0,0.578473906453412,0,41,0,11.1362919781236,0
"07088","Sunuapa",51.7437643596455,0,0.0289451641262975,0,74,0,10.0569294859167,0
"07087","Suchiate",51.2573346789155,0,0.356923710339968,0,32,0,10.7887831642769,0
"07085","Soyaló",52.4575014394617,0,0.0606672319233032,0,62,0,10.2928449777228,0
"07124","Mezcalapa",51.2981525524098,0,0.168906622808653,0,112,0,9.52783526225347,0
"07067","Pantepec",49.7245203468974,0,0.0268638385988941,0,111,0,9.02889285414367,0
"07125","Honduras de la Sierra",50.0151909816176,0,0.00247212298424382,0,159,0,8.43044506219702,0
"07055","Metapa",53.7172061335794,0,0.0563797848012544,0,21,0,11.1774915041459,0
"07123","Emiliano Zapata",53.2020823971516,0,0.0493534159115074,0,42,0,10.7537726896357,0
"07034","Frontera Comalapa",53.310646120513,0,0.602573114215499,0,62,0,11.0504709174159,0
"08067","Valle de Zaragoza",56.0284819036415,0,0.098401767323182,0,70,0,11.0351904801525,0
"08043","Matachí",56.3693172154256,0,0.0511307776924808,0,76,0,10.9815528596796,0
"08058","San Francisco de Conchos",57.522137155796,0,0.0320155023646764,0,47,0,11.6400311087548,0
"08056","Rosario",55.0714721618796,0,0.022274610588431,0,124,0,10.0626416787411,0
"08054","Riva Palacio",57.3957015514393,0,0.0853228864043296,0,57,0,11.4097116544393,0
"08018","Cusihuiriachi",55.5399045676485,0,0.0382318920822733,0,34,0,11.2600438476161,0
"08007","Balleza",37.0071329897794,0,0.124165021801878,0,164,0,6.15379584253073,0
"08001","Ahumada",57.8792460709196,0,0.171920203401391,0,86,0,11.281557934278,0
"08041","Maguarichi",43.8861029969325,0,0.0550051618691009,0,185,0,7.07481164180646,0
"08057","San Francisco de Borja",53.8065434665338,0,0.0369554970008193,0,97,0,10.1826816641285,0
"08053","Praxedis G. Guerrero",56.1029084642484,0,0.110269298056611,0,80,0,10.8963390901534,0
"08051","Ocampo",53.6372905228771,0,0.17399556889971,0,159,0,9.58247546118502,0
"08050","Nuevo Casas Grandes",59.7135984544129,0,1.05957555152318,0,76,0,12.8097432295607,0
"08031","Guerrero",55.9626734119232,0,0.550009249465302,0,50,0,11.7205636291802,0
"08055","Rosales",57.7002206334115,0,0.120095407030355,0,14,0,12.1433422054332,0
"08025","Gómez Farías",57.0518593120914,0,0.115797626391611,0,106,0,10.8509577875574,0
"08023","Galeana",56.0690248832298,0,0.0281128630054762,0,94,0,10.6840715245788,0
"08022","Dr. Belisario Domínguez",55.1876973474337,0,0.0353669763423679,0,66,0,10.8255088753976,0
"08014","Coronado",56.5218322717029,0,0.0389281980014978,0,51,0,11.3492295659728,0
"08003","Allende",57.199977652043,0,0.12198298040095,0,32,0,11.862717869932,0
"08021","Delicias",59.8239321190413,0,2.25243784869042,0,2,0,14.9592623852001,0
"08020","Chínipas",46.9759049848856,0,0.0550782143368897,0,257,0,6.80330191941074,0
"08017","Cuauhtémoc",59.7550793825456,0,2.14356915181624,0,7,0,14.7454868907575,0
"08016","La Cruz",57.2047721222766,0,0.0355782294113264,0,27,0,11.8150764972237,0
"08015","Coyame del Sotol",55.9134308710109,0,0.0227726606787113,0,126,0,10.2335649933691,0
"08052","Ojinaga",58.592368680844,0,0.405573510344994,0,124,0,11.2332422077642,0
"08013","Casas Grandes",57.3475230143538,0,0.144632446117749,0,92,0,11.1198090673101,0
"08012","Carichí",36.2118547830645,0,0.0610200313373805,0,118,0,6.49986918711825,0
"08011","Camargo",59.1702578267324,0,0.749921522230125,0,21,0,13.0464644127351,0
"08010","Buenaventura",57.6734348889874,0,0.380756210306213,0,99,0,11.3037652944142,0
"08009","Bocoyna",51.0463984941947,0,0.67193483650265,0,99,0,10.3374916988129,0
"08008","Batopilas de Manuel Gómez Morín",21.4066346942113,0,0.0686276219168204,0,309,0,0.853704999378971,0
"08006","Bachíniva",56.4884627618087,0,0.077446726261785,0,62,0,11.2121980193198,0
"08004","Aquiles Serdán",59.7382969251766,0,0.0808626654377305,0,21,0,12.51857022299,0
"08005","Ascensión",57.103885926836,0,0.401695440636742,0,88,0,11.2909033979512,0
"08032","Hidalgo del Parral",59.787543846929,0,2.12690745719024,0,1,0,14.8325263789761,0
"08042","Manuel Benavides",54.9020494158249,0,0.0306103106862063,0,184,0,9.27516315671489,0
"08040","Madera",57.308730023454,0,0.465378035221897,0,119,0,11.1097857748237,0
"08039","López",56.6285335688641,0,0.0498874295506829,0,33,0,11.6223066591802,0
"08038","Julimes",57.1009447936851,0,0.060391620645421,0,32,0,11.7129767363339,0
"08035","Janos",55.7900940274089,0,0.0991913661687656,0,108,0,10.4339501466608,0
"08034","Ignacio Zaragoza",56.6376640852616,0,0.0518897800602215,0,123,0,10.4429272937849,0
"08033","Huejotitán",56.1289051917859,0,0.00798488204992946,0,80,0,10.8145292606024,0
"08063","Temósachic",53.9090226568948,0,0.0617818258860704,0,137,0,9.72838981976735,0
"08061","Satevó",56.3293489861721,0,0.0564636247353692,0,83,0,10.9047283714035,0
"08062","Saucillo",58.2701677860254,0,0.280196660351233,0,21,0,12.375644370255,0
"08030","Guazapares",45.9632185719232,0,0.0878843883638255,0,289,0,6.27932542063179,0
"08028","Guadalupe",56.2443673197374,0,0.0355686885131662,0,65,0,11.060365828904,0
"08027","Guachochi",40.5223159301178,0,0.578093373658907,0,173,0,7.1823476947989,0
"08026","Gran Morelos",56.1824495534136,0,0.0298893793558023,0,40,0,11.3582498820805,0
"08019","Chihuahua",61.1241347126691,0,11.144663092221,0,1,0,24.2227976710454,0
"08064","El Tule",55.0102836569811,0,0.0234199610955853,0,101,0,10.3456507916873,0
"08024","Santa Isabel",57.73560443975,0,0.06552112106914,0,44,0,11.7430039511522,0
"08037","Juárez",59.0676837282585,0,12.1758612378129,0,0,0,24.6843787720645,0
"08059","San Francisco del Oro",57.9758583067828,0,0.0714105470137812,0,33,0,12.0379086944952,0
"08066","Uruachi",41.6391520113259,0,0.0794863034177028,0,284,0,5.35392935997952,0
"08065","Urique",36.7851601354547,0,0.145168411745739,0,276,0,4.59508984595628,0
"08060","Santa Bárbara",59.0695487231787,0,0.133284841220086,0,31,0,12.3246431212899,0
"08044","Matamoros",56.5311710069503,0,0.0468412929814484,0,30,0,11.6341511954317,0
"08045","Meoqui",58.5300430129362,0,0.481684603364574,0,13,0,12.6893884292247,0
"08046","Morelos",39.5596311496211,0,0.0579401693546816,0,372,0,3.77423899310252,0
"08047","Moris",52.8473147515901,0,0.0444981786021026,0,284,0,7.64286389098663,0
"08048","Namiquipa",57.3583167051025,0,0.376594550504897,0,92,0,11.3554693627768,0
"08029","Guadalupe y Calvo",39.3476294612872,0,0.375225299056816,0,318,0,4.68718698257742,0
"08036","Jiménez",58.8406142114328,0,0.979475463911468,0,25,0,13.1445700890654,0
"08049","Nonoava",49.1095128896613,0,0.0490395503286338,0,164,0,8.43265829804663,0
"08002","Aldama",59.6189434907829,0,0.407285632573182,0,26,0,12.7602221723153,0
"09012","Tlalpan",59.5683005202987,0,2.64530956621716,0,1,0,15.3531486485813,0
"09009","Milpa Alta",57.2813027602769,0,0.644267296923764,0,14,0,12.6792845201629,0
"09015","Cuauhtémoc",61.3285335133283,0,5.9908264883974,0,0,0,19.159594171964,0
"09007","Iztapalapa",59.5445475030509,0,6.50316381653522,0,0,0,19.1225228216493,0
"09008","La Magdalena Contreras",59.6833405260121,0,0.678457274315218,0,0,0,13.3740422829203,0
"09010","Álvaro Obregón",60.4870520786772,0,2.34722331104689,0,0,0,15.2503504558979,0
"09003","Coyoacán",60.8769530595478,0,2.48878299852753,0,0,0,15.5020362635196,0
"09016","Miguel Hidalgo",61.2214578697982,0,3.11358659617954,0,0,0,16.241815805681,0
"09004","Cuajimalpa de Morelos",60.4421617230741,0,0.722541161775562,0,1,0,13.6077338963944,0
"09006","Iztacalco",60.4422454901315,0,1.4971459904181,0,0,0,14.3780069564845,0
"09011","Tláhuac",59.325104804355,0,1.63954437018407,0,1,0,14.2482615381173,0
"09013","Xochimilco",58.5571719595363,0,1.59861884692047,0,1,0,14.0864128486718,0
"09005","Gustavo A. Madero",60.0921224607171,0,4.92843729812064,0,0,0,17.7026150914056,0
"09002","Azcapotzalco",60.637957252589,0,1.86883794932288,0,0,0,14.8068493420665,0
"09017","Venustiano Carranza",60.3845963564287,0,2.40538961155486,0,0,0,15.2658062473174,0
"09014","Benito Juárez",62.3971454880912,0,2.6869962828692,0,0,0,16.1334839434855,0
"10006","General Simón Bolívar",54.341867581474,0,0.116790634437155,0,92,0,10.4181557197236,0
"10008","Guadalupe Victoria",57.895155666715,0,1.14755986367865,0,47,0,12.8083876280411,0
"10009","Guanaceví",52.9964160469859,0,0.206608705728548,0,215,0,8.73568465868058,0
"10010","Hidalgo",56.6751793788539,0,0.0570789435811911,0,118,0,10.5982815559745,0
"10029","San Luis del Cordero",55.8256287374821,0,0.0883543113680442,0,100,0,10.5848874230725,0
"10031","Santa Clara",55.7855929243672,0,0.123196250493655,0,72,0,10.9745400537674,0
"10011","Indé",55.6061648400237,0,0.093249035638808,0,161,0,9.79891261290204,0
"10038","Vicente Guerrero",58.469883553421,0,0.976364581534198,0,39,0,12.8659686740176,0
"10030","San Pedro del Gallo",55.7312859224862,0,0.0587179308141142,0,128,0,10.187578626328,0
"10023","Pueblo Nuevo",51.5504064424081,0,1.25525424331787,0,93,0,10.9738408081894,0
"10025","San Bernardo",55.0338068365764,0,0.0496641287267685,0,148,0,9.80594355323766,0
"10032","Santiago Papasquiaro",56.4002460342517,0,1.44280353541341,0,94,0,12.2245051726369,0
"10027","San Juan de Guadalupe",52.2075436392665,0,0.165326693303815,0,139,0,9.57623963487963,0
"10007","Gómez Palacio",59.2730388873649,0,6.63056399649123,0,4,0,19.1554338986246,0
"10015","Nazas",55.8717551228194,0,0.194188044916004,0,76,0,11.019619590485,0
"10035","Tepehuanes",54.1944274563485,0,0.434239736060967,0,156,0,9.90088826410284,0
"10022","Poanas",57.3596245514937,0,0.541104210569474,0,54,0,11.9849001005028,0
"10028","San Juan del Río",56.5545756981802,0,0.225844558192813,0,76,0,11.2129604835633,0
"10017","Ocampo",55.5609313837748,0,0.295774755478327,0,76,0,11.1356794851305,0
"10001","Canatlán",56.6960494329267,0,0.702614520230988,0,48,0,12.1044032337903,0
"10005","Durango",59.5910145755833,0,18.0156395845805,0,3,0,30.6721248381936,0
"10037","Topia",51.8223254394095,0,0.132434674378493,0,253,0,7.90918628885074,0
"10033","Súchil",53.5585706988264,0,0.228195255934693,0,75,0,10.6204981913424,0
"10036","Tlahualilo",57.0767291965583,0,0.414586970713832,0,46,0,11.9160936201294,0
"10012","Lerdo",58.8038790671402,0,2.42656141595367,0,11,0,14.7861264439958,0
"10014","Mezquital",28.2229952282718,0,0.32979757466629,0,278,0,3.10092370709709,0
"10026","San Dimas",54.9460377012624,0,0.343562623447004,0,217,0,9.26498609026743,0
"10019","Otáez",50.5858068355353,0,0.0767041042452539,0,315,0,6.73491028296631,0
"10034","Tamazula",47.0905774506537,0,0.324347283966445,0,208,0,7.56949301349742,0
"10013","Mapimí",56.7490494471011,0,0.740729171903524,0,41,0,12.2094207971273,0
"10016","Nombre de Dios",56.885686159889,0,0.293954801409236,0,44,0,11.7556323979638,0
"10018","El Oro",57.9369748090193,0,0.380952975122688,0,164,0,10.6110547021958,0
"10020","Pánuco de Coronado",57.3430224858356,0,0.338216289127584,0,52,0,11.8068960179596,0
"10002","Canelas",50.8021460659875,0,0.130838652226375,0,240,0,7.77179055710976,0
"10039","Nuevo Ideal",57.3614835396817,0,0.651203749055003,0,62,0,11.9639245004958,0
"10021","Peñón Blanco",56.7246617952508,0,0.221228913461695,0,76,0,11.2511586875732,0
"10003","Coneto de Comonfort",55.3986423304642,0,0.0816292669282972,0,113,0,10.338876699372,0
"10024","Rodeo",56.9146939292816,0,0.36398674482892,0,117,0,10.918680238776,0
"10004","Cuencamé",56.9816697852868,0,0.653533762696115,0,59,0,11.9899162696033,0
"11019","Jerécuaro",53.9809899283802,0,0.198543583832706,0,41,0,11.0959447636317,0
"11020","León",59.0793372109962,0,11.601073138311,0,2,0,24.1539395750082,0
"11021","Moroleón",58.3975353685313,0,0.675467755988282,0,21,0,12.7638749405357,0
"11023","Pénjamo",55.2419593139735,0,0.890800076366297,0,27,0,12.2032898483504,0
"11038","Tarandacuao",56.6384969619746,0,0.232587588574226,0,43,0,11.6499255715871,0
"11039","Tarimoro",56.1138010965813,0,0.196492397691648,0,21,0,11.7850612135112,0
"11040","Tierra Blanca",52.5499917148746,0,0.0612864199377707,0,55,0,10.4877695100856,0
"11041","Uriangato",57.7259982373562,0,0.570470987264621,0,20,0,12.4875073880683,0
"11002","Acámbaro",56.9612217570423,0,1.00432888060662,0,30,0,12.673360578668,0
"11012","Cuerámaro",56.2000969935609,0,0.251446877822901,0,29,0,11.7428929133051,0
"11013","Doctor Mora",55.5459682282103,0,0.140430515640894,0,41,0,11.3760337773703,0
"11014","Dolores Hidalgo Cuna de la Independencia Nacional",55.0125571352096,0,0.897963339904476,0,39,0,12.0259958605308,0
"11022","Ocampo",54.7694574195741,0,0.250817007419088,0,51,0,11.1702558881778,0
"11024","Pueblo Nuevo",55.7310473337048,0,0.116679711143711,0,18,0,11.6615917155319,0
"11030","San Felipe",53.9971522493502,0,0.546866121911794,0,43,0,11.4354482776707,0
"11036","Santiago Maravatío",55.6898140782752,0,0.0636863250987964,0,32,0,11.440856903827,0
"11007","Celaya",58.8389938098381,0,4.21684901333517,0,4,0,16.6718659990185,0
"11027","Salamanca",58.3158092065983,0,1.70593257831533,0,6,0,14.0306741433584,0
"11035","Santa Cruz de Juventino Rosas",56.1745084950172,0,0.485604723659161,0,14,0,12.1702271823551,0
"11011","Cortazar",57.5912510275716,0,0.569497808823106,0,10,0,12.6316708447294,0
"11031","San Francisco del Rincón",57.6617426611668,0,1.10403644371816,0,20,0,13.0347285146867,0
"11025","Purísima del Rincón",57.4725524094044,0,0.325787987415557,0,19,0,12.1950200205648,0
"11026","Romita",56.0025333976943,0,0.314893957407038,0,29,0,11.7744135338808,0
"11028","Salvatierra",56.6436237406066,0,0.691944959325869,0,21,0,12.3977023954772,0
"11029","San Diego de la Unión",53.4163093212806,0,0.154054464099956,0,52,0,10.7361937211971,0
"11032","San José Iturbide",57.2411850613912,0,0.642648808507331,0,26,0,12.4826613908181,0
"11033","San Luis de la Paz",55.0984879479621,0,0.881456449434511,0,37,0,12.1064465955683,0
"11034","Santa Catarina",53.463378937803,0,0.0419974521169346,0,79,0,10.4072281505778,0
"11037","Silao de la Victoria",56.9524941709445,0,1.15478899055179,0,20,0,13.0056423565215,0
"11042","Valle de Santiago",56.2909819677847,0,1.02064875923515,0,16,0,12.6937398360581,0
"11043","Victoria",53.004785386498,0,0.0889473469751784,0,72,0,10.4694518052602,0
"11045","Xichú",51.4984381356938,0,0.0588273421599394,0,155,0,9.12985253340527,0
"11044","Villagrán",57.7476757905276,0,0.412837870501277,0,9,0,12.5562769434948,0
"11046","Yuriria",55.54535694064,0,0.35715757257741,0,28,0,11.7094005821553,0
"11001","Abasolo",55.5402606919792,0,0.503007204788706,0,20,0,11.9565436578109,0
"11003","San Miguel de Allende",56.201217751103,0,1.28090901022831,0,29,0,12.8744080120586,0
"11004","Apaseo el Alto",56.7235853688555,0,0.396240653166285,0,14,0,12.2375022174968,0
"11005","Apaseo el Grande",57.409175625332,0,0.427047500152857,0,12,0,12.451754285044,0
"11006","Atarjea",49.6157618202359,0,0.0206346727491013,0,178,0,8.62996543253059,0
"11008","Manuel Doblado",55.7576546289023,0,0.258541188551681,0,43,0,11.4973794908339,0
"11009","Comonfort",54.1045646023985,0,0.490915232348535,0,24,0,11.676950341643,0
"11010","Coroneo",55.4795869955235,0,0.115481326799415,0,43,0,11.3003545267177,0
"11015","Guanajuato",58.5616972804428,0,1.99391240370498,0,26,0,14.1980888002122,0
"11016","Huanímaro",56.1618594066586,0,0.134426731254494,0,29,0,11.6076741927468,0
"11017","Irapuato",58.7609194025885,0,3.86005579148337,0,4,0,16.3105314831732,0
"11018","Jaral del Progreso",56.9345416463024,0,0.282738646621793,0,20,0,12.066110780989,0
"12033","Huamuxtitlán",53.6505222551009,0,0.185639502036111,0,116,0,10.0412307437382,0
"12031","General Canuto A. Neri",48.0118326224054,0,0.062559914377317,0,97,0,8.95869219828384,0
"12083","Ñuu Savi",0,1,0,1,0,1,0,1
"12082","Las Vigas",0,1,0,1,0,1,0,1
"12073","Zirándaro",49.271698445831,0,0.15761925364704,0,146,0,8.69765748812953,0
"12065","Tlalixtaquilla de Maldonado",48.2294089607467,0,0.0351791875608769,0,137,0,8.65938919151567,0
"12047","Pedro Ascencio Alquisiras",42.996757331168,0,0.0292481376890681,0,90,0,7.93294075467077,0
"12054","San Miguel Totolapan",43.5195868494238,0,0.135986867688636,0,189,0,6.91190736973036,0
"12053","San Marcos",49.7522681067576,0,0.54850232184298,0,60,0,10.3659493382177,0
"12066","Tlapa de Comonfort",51.9549092132451,0,1.17894538549483,0,104,0,10.8699324609207,0
"12048","Petatlán",54.4120445052535,0,0.667853829020294,0,96,0,10.9329168517046,0
"12007","Arcelia",53.7957024788327,0,0.720529593124605,0,95,0,10.9211515197644,0
"12012","Ayutla de los Libres",45.9408493832503,0,0.481066416630545,0,108,0,8.70842534985826,0
"12006","Apaxtla",52.2489378040438,0,0.161047082757886,0,87,0,10.1615022757714,0
"12010","Atlixtac",44.3202127135831,0,0.0637520020557073,0,128,0,7.7861386006879,0
"12011","Atoyac de Álvarez",53.5449486798105,0,0.734639264749283,0,89,0,10.8815391849955,0
"12032","General Heliodoro Castillo",45.6698752615873,0,0.258753333070421,0,196,0,7.31260884046821,0
"12028","Chilapa de Álvarez",47.4357642894414,0,1.00053965717049,0,55,0,10.3433925143479,0
"12029","Chilpancingo de los Bravo",56.4592257608969,0,4.06315236930865,0,10,0,15.987712504544,0
"12004","Alcozauca de Guerrero",44.2220999658423,0,0.0857838097332929,0,169,0,7.23574316534294,0
"12068","La Unión de Isidoro Montes de Oca",52.0026121875048,0,0.181948868891392,0,76,0,10.2540103460622,0
"12039","Juan R. Escudero",53.5118846330154,0,0.319243970597305,0,50,0,10.9789789243048,0
"12038","Zihuatanejo de Azueta",56.748029274377,0,2.4587864847208,0,76,0,13.5805909398939,0
"12043","Metlatónoc",42.351004192881,0,0.0653993263603046,0,192,0,6.52746041796565,0
"12030","Florencio Villarreal",51.5955507312618,0,0.3387475279306,0,70,0,10.42470100471,0
"12064","Tlalchapa",52.4707007156309,0,0.131495068794059,0,101,0,9.99346803025049,0
"12067","Tlapehuala",52.5353641127522,0,0.322799408155927,0,94,0,10.3085089879502,0
"12001","Acapulco de Juárez",56.4365962739593,0,11.0419253993816,0,7,0,22.9472097834794,0
"12019","Copalillo",40.4725102368328,0,0.0473125956718794,0,107,0,7.59853942272544,0
"12045","Olinalá",43.860879970178,0,0.220985154670202,0,134,0,8.08226332387917,0
"12008","Atenango del Río",49.298446956923,0,0.0489163323686447,0,78,0,9.57299220298695,0
"12009","Atlamajalcingo del Monte",42.5238805337985,0,0.0322722188156372,0,171,0,6.76645253857075,0
"12046","Ometepec",50.4400899870696,0,0.919938402426324,0,82,0,10.6277870395949,0
"12036","Igualapa",48.7133160121417,0,0.0494978936646314,0,99,0,9.11874741510657,0
"12044","Mochitlán",53.0826918075022,0,0.0732396189532942,0,39,0,10.7165591002171,0
"12042","Mártir de Cuilapan",48.5815374007268,0,0.111752982019172,0,65,0,9.54640658913527,0
"12040","Leonardo Bravo",51.1519552152027,0,0.239475863941094,0,83,0,9.8546497744983,0
"12076","Acatepec",42.3290468222848,0,0.11036009856674,0,167,0,6.7458167974675,0
"12075","Eduardo Neri",53.0690125736696,0,0.565307645363575,0,35,0,11.3701528320169,0
"12074","Zitlala",47.115809033987,0,0.0662545691044778,0,60,0,9.34485726239134,0
"12072","Zapotitlán Tablas",45.4486528432519,0,0.0524842100993794,0,137,0,7.77909589342096,0
"12071","Xochistlahuaca",44.9632422882057,0,0.205503337004493,0,122,0,8.12194208362363,0
"12070","Xochihuehuetlán",51.7109989395778,0,0.0767364235722931,0,120,0,9.48912221095141,0
"12069","Xalpatláhuac",42.7092379669983,0,0.0310639218395048,0,133,0,7.71345806672957,0
"12052","San Luis Acatlán",43.0320666710239,0,0.387981074946043,0,133,0,7.71811388208085,0
"12041","Malinaltepec",45.3324507124554,0,0.0497372382694493,0,163,0,7.46284872730075,0
"12062","Tlacoachistlahuaca",42.9498142939214,0,0.0915309068997907,0,137,0,7.3778523647357,0
"12023","Cuajinicuilapa",51.7467112006845,0,0.473141474512604,0,93,0,10.2528923381956,0
"12013","Azoyú",49.8393979076159,0,0.120060672184086,0,93,0,9.60749816672819,0
"12024","Cualác",50.1261389887712,0,0.0522773195156487,0,129,0,9.03325994302865,0
"12027","Cutzamala de Pinzón",50.5348241107247,0,0.199000413553579,0,97,0,9.66276908085732,0
"12037","Ixcateopan de Cuauhtémoc",52.1177767047208,0,0.183384590119503,0,65,0,10.3296259245752,0
"12055","Taxco de Alarcón",54.4861630706619,0,1.32807612184422,0,31,0,12.4569530644582,0
"12025","Cuautepec",47.3225577892906,0,0.0490820229087665,0,87,0,8.96278349214158,0
"12026","Cuetzala del Progreso",45.8130475564146,0,0.0236473310681128,0,63,0,9.27328178243147,0
"12059","Tepecoacuilco de Trujano",50.4575567817469,0,0.182600867674553,0,40,0,10.3764412764186,0
"12077","Marquelia",52.3105065634206,0,0.18679229623478,0,80,0,10.2870991799511,0
"12078","Cochoapa el Grande",32.2054405826744,0,0.03825960150882,0,206,0,4.26394133040114,0
"12061","Tixtla de Guerrero",52.095926363026,0,0.462268200675808,0,30,0,11.2970224473191,0
"12018","Copala",52.0269598671923,0,0.126760438435689,0,74,0,10.1661413894221,0
"12056","Tecoanapa",48.73583770698,0,0.196022709921555,0,96,0,9.20259599269652,0
"12003","Ajuchitlán del Progreso",48.200120627665,0,0.326958672553231,0,117,0,9.01420830443763,0
"12002","Ahuacuotzingo",45.2767029499794,0,0.0753940558030264,0,130,0,7.98391612275215,0
"12035","Iguala de la Independencia",55.7895844043228,0,2.79269322143927,0,3,0,14.6694008406365,0
"12016","Coahuayutla de José María Izazaga",43.0943701858677,0,0.123840191139629,0,173,0,7.02754354322931,0
"12017","Cocula",52.7122284399439,0,0.154892654186526,0,50,0,10.6391097662514,0
"12020","Copanatoyac",42.2605597061693,0,0.0469994912474308,0,133,0,7.20463070514841,0
"12057","Técpan de Galeana",53.3607669708077,0,0.913949926271751,0,96,0,10.9671291491131,0
"12021","Coyuca de Benítez",52.2596397043313,0,0.596292525129231,0,55,0,10.9438832264091,0
"12022","Coyuca de Catalán",49.1333331474592,0,0.343446223825415,0,119,0,9.25760034881097,0
"12060","Tetipac",51.6791406842709,0,0.0543735462230299,0,63,0,10.1068483753496,0
"12063","Tlacoapa",43.2358146617746,0,0.0397091405112996,0,190,0,6.66016920058663,0
"12058","Teloloapan",51.8347732008869,0,0.62809561526946,0,50,0,11.0207216468503,0
"12051","Quechultenango",49.32904025856,0,0.272258793757831,0,81,0,9.58222043213271,0
"12050","Pungarabato",55.5566947257302,0,1.15737909070187,0,84,0,11.8546884449773,0
"12081","Iliatenco",46.8394099050317,0,0.04513150440265,0,170,0,7.69791954494727,0
"12080","Juchitán",48.4807047866643,0,0.0879932776073065,0,80,0,9.40699996681048,0
"12005","Alpoyeca",52.8246988915791,0,0.0872972319003949,0,109,0,9.88229350501479,0
"12014","Benito Juárez",55.3964710554366,0,0.206408860538504,0,75,0,10.9855488801384,0
"12015","Buenavista de Cuéllar",55.9209097976551,0,0.136719425513908,0,33,0,11.5293751358604,0
"12049","Pilcaya",54.2025780406098,0,0.200405499296644,0,55,0,10.9314965217398,0
"12079","José Joaquín de Herrera",40.1205824124184,0,0.0503277455225735,0,100,0,7.19659596750578,0
"12034","Huitzuco de los Figueroa",51.2365191744536,0,0.536128933637914,0,42,0,10.9944081124495,0
"12085","San Nicolás",0,1,0,1,0,1,0,1
"12084","Santa Cruz del Rincón",0,1,0,1,0,1,0,1
"13004","Agua Blanca de Iturbide",53.4299811637465,0,0.13046230178841,0,62,0,10.6562729635883,0
"13010","Atitalaquia",59.1898792480148,0,0.429816633832918,0,31,0,12.6479192322247,0
"13081","Zacualtipán de Ángeles",56.5403864793947,0,0.530132332534309,0,55,0,11.7758165880324,0
"13034","Lolotla",52.3812068237934,0,0.0376630094631359,0,120,0,9.71157825692852,0
"13080","Yahualica",48.8626706488855,0,0.0702321535241754,0,127,0,9.0139818889841,0
"13079","Xochicoatlán",54.7350140076077,0,0.0363290698589022,0,126,0,10.0601852376693,0
"13041","Mixquiahuala de Juárez",57.9806274191608,0,0.78507224482852,0,33,0,12.6796580466389,0
"13032","Jaltocán",53.3225471763921,0,0.0779467276002286,0,80,0,10.3997567772464,0
"13019","Chilcuautla",54.8618890064786,0,0.0933755730588187,0,45,0,11.1559073370031,0
"13082","Zapotlán de Juárez",57.8572152914156,0,0.296953146902159,0,19,0,12.3284061914985,0
"13050","Progreso de Obregón",58.4050711710475,0,0.479151548478877,0,33,0,12.4756478332061,0
"13083","Zempoala",58.5100221301433,0,0.395718339412818,0,20,0,12.6297556458366,0
"13018","Chapulhuacán",53.1936148046156,0,0.147664003302221,0,136,0,9.70959909685168,0
"13035","Metepec",54.9242779150512,0,0.0740755000549625,0,34,0,11.239895943748,0
"13036","San Agustín Metzquititlán",55.2252338641373,0,0.0792575874537155,0,67,0,10.8914570616173,0
"13037","Metztitlán",52.9106964158457,0,0.182389314671339,0,83,0,10.3593906890479,0
"13020","Eloxochitlán",54.4948652303664,0,0.031643249358111,0,138,0,9.84678853568807,0
"13022","Epazoyucan",56.3274528646033,0,0.0520893129280737,0,18,0,11.7971028827434,0
"13023","Francisco I. Madero",57.8573744796732,0,0.520176059610776,0,32,0,12.4265161296261,0
"13052","San Agustín Tlaxiaca",56.7557695444204,0,0.362076366602034,0,23,0,12.1512841613651,0
"13024","Huasca de Ocampo",54.6416434661284,0,0.131157938741992,0,37,0,11.1973547860909,0
"13009","El Arenal",55.6060620630837,0,0.0739630654267275,0,20,0,11.6301032818865,0
"13038","Mineral del Chico",53.8717747931378,0,0.185377359308244,0,37,0,11.1795408359485,0
"13071","Tlahuiltepa",51.2630569211976,0,0.0492187475547083,0,209,0,8.3924480742077,0
"13064","Tepetitlán",55.7767683218919,0,0.045045775479976,0,51,0,11.2041224384017,0
"13053","San Bartolo Tutotepec",48.6917271382493,0,0.145286708647223,0,112,0,9.10144133068795,0
"13008","Apan",57.7474115064364,0,0.685845047439679,0,25,0,12.6279863129291,0
"13007","Almoloya",56.2583067597882,0,0.109289312014226,0,36,0,11.5615978376924,0
"13068","Tianguistengo",50.1799333412537,0,0.0985296339873063,0,130,0,9.1848346095333,0
"13069","Tizayuca",59.4173310959409,0,1.91843712015411,0,10,0,14.4193889944044,0
"13076","Tula de Allende",58.4276960546106,0,2.40641414245185,0,30,0,14.468664731912,0
"13078","Xochiatipan",48.693750132664,0,0.0437574563954578,0,124,0,8.84857242783849,0
"13074","Tlaxcoapan",58.3417799660763,0,0.57166517048417,0,34,0,12.5035525617275,0
"13051","Mineral de la Reforma",59.8923618649699,0,2.02357690789271,0,10,0,14.7148341568679,0
"13030","Ixmiquilpan",56.5373323275692,0,1.84101421704411,0,34,0,13.4039258019518,0
"13031","Jacala de Ledezma",53.9656350750003,0,0.223794560434724,0,192,0,9.36376082920426,0
"13029","Huichapan",56.0543571778057,0,0.676942564356924,0,41,0,12.0252045692885,0
"13070","Tlahuelilpan",57.5885857984551,0,0.397680065854041,0,37,0,12.1409442477582,0
"13025","Huautla",50.7155578441141,0,0.138004667558809,0,102,0,9.87700658183585,0
"13054","San Salvador",56.4194329487375,0,0.256045738005161,0,27,0,11.882316710335,0
"13055","Santiago de Anaya",55.4493166716119,0,0.0933786025313154,0,33,0,11.4105478893839,0
"13006","Alfajayucan",54.2353758181073,0,0.139693440247707,0,56,0,10.9135603588117,0
"13048","Pachuca de Soto",59.9239208918057,0,7.54458273525549,0,1,0,20.3355613436575,0
"13026","Huazalingo",52.3888573389123,0,0.0715669850605824,0,112,0,9.72401459730569,0
"13027","Huehuetla",48.8437651288761,0,0.163033087884025,0,111,0,9.27817679462297,0
"13028","Huejutla de Reyes",53.658295429392,0,1.33827806568951,0,73,0,11.8389607040899,0
"13043","Nicolás Flores",53.6354238240691,0,0.049473485189165,0,131,0,9.78433284901503,0
"13065","Tetepango",58.1302303404046,0,0.125158322418689,0,42,0,11.9257486141752,0
"13063","Tepeji del Río de Ocampo",57.3885068059967,0,0.865671998500894,0,20,0,12.7978972751542,0
"13033","Juárez Hidalgo",54.5171478419509,0,0.029360519934476,0,164,0,9.53963080294769,0
"13013","Atotonilco de Tula",59.0628086224216,0,0.650107409037416,0,24,0,12.9513012388126,0
"13014","Calnali",52.8849880758851,0,0.137885213504438,0,146,0,9.49282629000467,0
"13015","Cardonal",54.743631621877,0,0.0688402386700138,0,65,0,10.8687737090115,0
"13016","Cuautepec de Hinojosa",54.9794018094685,0,0.552073492797441,0,21,0,11.8805101956253,0
"13021","Emiliano Zapata",58.1525533355708,0,0.158212633413709,0,24,0,12.2001147366138,0
"13005","Ajacuba",57.0553962398985,0,0.263289172743483,0,45,0,11.8001782067519,0
"13017","Chapantongo",53.4654740381378,0,0.0943024333209564,0,61,0,10.6108661698375,0
"13066","Villa de Tezontepec",57.7164410401393,0,0.166284927497773,0,26,0,12.0524431969478,0
"13067","Tezontepec de Aldama",57.0545075052865,0,0.682753800658169,0,42,0,12.2453201613585,0
"13044","Nopala de Villagrán",54.1033824954232,0,0.154042115296756,0,37,0,11.1433942468721,0
"13045","Omitlán de Juárez",55.3892166322047,0,0.034115613216477,0,31,0,11.3748817247949,0
"13046","San Felipe Orizatlán",52.8044712447808,0,0.375182348529751,0,83,0,10.5201317234223,0
"13039","Mineral del Monte",57.2927515539903,0,0.40698519259409,0,17,0,12.3928525754793,0
"13047","Pacula",50.1399144054841,0,0.0354475646376071,0,146,0,8.96696886041311,0
"13049","Pisaflores",52.6225794054406,0,0.0944691084314693,0,143,0,9.47508313671154,0
"13077","Tulancingo de Bravo",58.0695656770432,0,4.30653958247431,0,5,0,16.5889339405566,0
"13062","Tepehuacán de Guerrero",48.8791422979532,0,0.0805308938399621,0,159,0,8.5747992665884,0
"13003","Actopan",57.3824185084775,0,1.41420455042302,0,19,0,13.3568414048936,0
"13002","Acaxochitlán",50.6464687985813,0,0.579272131615719,0,36,0,10.8198182346731,0
"13001","Acatlán",53.8667099373994,0,0.0918836378702818,0,26,0,11.1471753098571,0
"13061","Tepeapulco",59.1760171326859,0,0.962373523957245,0,19,0,13.3099140172717,0
"13058","Tasquillo",54.8078096481028,0,0.210843356813139,0,49,0,11.1887085597445,0
"13073","Tlanchinol",52.873803942599,0,0.22506491024209,0,116,0,9.92649686684035,0
"13072","Tlanalapa",58.7598955640261,0,0.122423126247764,0,20,0,12.3846348997337,0
"13059","Tecozautla",54.5508107864517,0,0.310828079859632,0,49,0,11.2140334933223,0
"13060","Tenango de Doria",53.263527658287,0,0.0961467939836999,0,100,0,10.1143635619826,0
"13012","Atotonilco el Grande",54.7205438694626,0,0.394653870817727,0,50,0,11.3453673317946,0
"13011","Atlapexco",52.7269551593486,0,0.138255467323404,0,105,0,10.0687983851424,0
"13040","La Misión",50.0579309274686,0,0.0511093209455298,0,227,0,8.04326007914763,0
"13042","Molango de Escamilla",54.6963513866792,0,0.219097218490312,0,121,0,10.330125118286,0
"13056","Santiago Tulantepec de Lugo Guerrero",57.5532000541543,0,0.495355600187292,0,10,0,12.5990787286297,0
"13057","Singuilucan",54.7241840438598,0,0.118058031957944,0,23,0,11.4341044594974,0
"13084","Zimapán",55.9023554986788,0,0.517842245582702,0,84,0,11.3902630171419,0
"13075","Tolcayuca",57.993431264,0,0.196479368908965,0,19,0,12.2620073070471,0
"14122","Zapotitlán de Vadillo",53.6408216428189,0,0.0401940517196207,0,72,0,10.4411071066387,0
"14019","Bolaños",41.1824696936993,0,0.0392285018316177,0,268,0,5.47859578105281,0
"14065","Pihuamo",56.3239905529311,0,0.0733279687812295,0,66,0,11.1237242575453,0
"14101","Tonalá",59.6390450844693,0,1.73805337462066,0,2,0,14.384708966357,0
"14076","San Martín de Bolaños",53.3819718255399,0,0.0297245415203571,0,206,0,8.74179201761619,0
"14023","Zapotlán el Grande",59.9441552048355,0,0.757758724292808,0,0,0,13.521858532112,0
"14074","San Julián",58.2926065820289,0,0.112709665006817,0,37,0,11.9548006409899,0
"14073","San Juan de los Lagos",58.2880559875209,0,0.414298111385551,0,18,0,12.5135252911773,0
"14062","Mixtlán",56.3081326261795,0,0.025139007172885,0,108,0,10.5849782986226,0
"14113","San Gabriel",56.2676647535904,0,0.071461839780471,0,55,0,11.2664291735195,0
"14087","Tecalitlán",56.9507872280508,0,0.131388727389278,0,37,0,11.70507100029,0
"14014","Atoyac",56.2831263917451,0,0.0437124875474186,0,35,0,11.4284934832723,0
"14015","Autlán de Navarro",58.6789279598896,0,0.471912257519592,0,46,0,12.358368162451,0
"14097","Tlajomulco de Zúñiga",59.9504294537918,0,1.37451701939231,0,8,0,14.0292410543745,0
"14055","Magdalena",58.2058392980785,0,0.113414592874347,0,37,0,11.9543990507121,0
"14063","Ocotlán",58.7587782029387,0,0.753845812056314,0,24,0,12.908253126253,0
"14086","Tapalpa",56.5667974647515,0,0.124272446591016,0,61,0,11.3062171122625,0
"14043","La Huerta",56.7307347344086,0,0.206554369763929,0,102,0,10.9626095102072,0
"14116","Villa Hidalgo",57.6087678929162,0,0.108836817797358,0,37,0,11.751340477381,0
"14012","Atenguillo",57.5300838859949,0,0.0361923836357785,0,101,0,10.993405907782,0
"14117","Cañadas de Obregón",55.8449830188748,0,0.0241062902137299,0,56,0,11.1158844217759,0
"14118","Yahualica de González Gallo",57.4565186639166,0,0.13944741696271,0,67,0,11.4654351798427,0
"14017","Ayutla",57.3527331443888,0,0.0945157935179265,0,96,0,11.0208327365707,0
"14119","Zacoalco de Torres",57.3808090186902,0,0.136522838850705,0,38,0,11.7671103288233,0
"14120","Zapopan",60.7295228613102,0,5.11344900589103,0,2,0,18.0599422654708,0
"14121","Zapotiltic",58.4852367080425,0,0.202939113792976,0,11,0,12.4461603473955,0
"14123","Zapotlán del Rey",55.6755413433868,0,0.0750234560251377,0,31,0,11.404162388408,0
"14069","Quitupan",54.2105750843677,0,0.0309223770984307,0,73,0,10.5608459844509,0
"14112","Valle de Juárez",56.2892011058668,0,0.0469212821261611,0,67,0,11.1379864607815,0
"14111","Valle de Guadalupe",57.2541336081359,0,0.0445049954969096,0,40,0,11.6875722328643,0
"14079","Gómez Farías",57.3301783256163,0,0.0758772990921544,0,20,0,11.9123874288552,0
"14078","San Miguel el Alto",57.623208743836,0,0.163626642714147,0,26,0,11.9836745481745,0
"14077","San Martín Hidalgo",57.5220420237496,0,0.188540062527452,0,42,0,11.8526960296751,0
"14075","San Marcos",56.8271336684126,0,0.025494728154398,0,54,0,11.4013133373436,0
"14098","San Pedro Tlaquepaque",60.0936135138161,0,2.57429761359594,0,0,0,15.3695744317997,0
"14105","Tototlán",57.8106105633017,0,0.119790804035634,0,32,0,11.9511301788047,0
"14104","Totatiche",55.6579100639381,0,0.0310328859779924,0,109,0,10.4401996574158,0
"14103","Tonila",56.6318364929324,0,0.0496481371895092,0,31,0,11.6224390842925,0
"14024","Cocula",57.8695963384277,0,0.164777378551586,0,40,0,11.9132827635693,0
"14102","Tonaya",56.7078140746701,0,0.0586534471845114,0,58,0,11.3283359108397,0
"14100","Tomatlán",55.2807861176981,0,0.240228333360495,0,100,0,10.6493877834797,0
"14099","Tolimán",54.0856193248939,0,0.03940674381381,0,68,0,10.608738989669,0
"14093","Tepatitlán de Morelos",59.1237133258666,0,0.875158405975091,0,27,0,13.0935823988909,0
"14124","Zapotlanejo",57.1799967156272,0,0.309561909064044,0,17,0,12.1570821116936,0
"14115","Villa Guerrero",53.1203941707621,0,0.0617905253392413,0,136,0,9.63344130942945,0
"14021","Casimiro Castillo",57.5324544784367,0,0.152873846584742,0,71,0,11.4421450633452,0
"14070","El Salto",58.6380879319378,0,0.617653443504321,0,10,0,12.9080451758789,0
"14020","Cabo Corrientes",54.9283691215401,0,0.0883054820038922,0,79,0,10.692016263725,0
"14018","La Barca",57.6883100108335,0,0.372457347123682,0,30,0,12.1834936435141,0
"14051","Juanacatlán",59.408009890115,0,0.0486169120830707,0,16,0,12.4609879332021,0
"14044","Ixtlahuacán de los Membrillos",58.1843604514573,0,0.114635315506835,0,21,0,12.1509793745484,0
"14039","Guadalajara",60.7642604388961,0,10.6179157047654,0,0,0,23.5710466130238,0
"14022","Cihuatlán",57.2619110540223,0,0.563524822893606,0,107,0,11.3346470584406,0
"14016","Ayotlán",56.5231794872051,0,0.154646704927134,0,43,0,11.4927569786683,0
"14080","San Sebastián del Oeste",55.3418818201936,0,0.0413489546573577,0,99,0,10.5390653013666,0
"14125","San Ignacio Cerro Gordo",57.5154870793624,0,0.07901352700843,0,39,0,11.7386088469624,0
"14072","San Diego de Alejandría",57.4509303493604,0,0.0433946635678125,0,35,0,11.6925290951751,0
"14066","Poncitlán",56.4942336993815,0,0.334894983186387,0,33,0,11.8222566216646,0
"14110","Unión de Tula",58.4865609129276,0,0.102864380599555,0,71,0,11.6099477441055,0
"14092","Teocuitatlán de Corona",56.0448422210952,0,0.068427532964586,0,50,0,11.2610071871341,0
"14091","Teocaltiche",57.1148795594554,0,0.222159771526309,0,40,0,11.7508925106921,0
"14002","Acatlán de Juárez",58.7390304017307,0,0.117051101600745,0,28,0,12.2271772231853,0
"14003","Ahualulco de Mercado",59.1647776340978,0,0.141870326906867,0,35,0,12.2752649161012,0
"14005","Amatitán",58.2852514149864,0,0.0739456360581144,0,26,0,12.0947341890784,0
"14109","Unión de San Antonio",55.7614463904937,0,0.0940606317655646,0,33,0,11.4268191691027,0
"14108","Tuxpan",57.9724592480987,0,0.217728208054091,0,17,0,12.2550340263708,0
"14088","Tecolotlán",57.8511448403694,0,0.113587218388748,0,70,0,11.4889933403133,0
"14090","Tenamaxtlán",56.9529360653482,0,0.0579504477057978,0,86,0,11.0377838435137,0
"14071","San Cristóbal de la Barranca",54.382333089295,0,0.0211949777250889,0,73,0,10.6089019991194,0
"14068","Villa Purificación",56.0086274912701,0,0.0672335783333245,0,107,0,10.5576353711847,0
"14067","Puerto Vallarta",59.7578031009193,0,2.38585583760036,0,3,0,15.0740188746796,0
"14114","Villa Corona",57.4551970641766,0,0.0733465008868967,0,37,0,11.7476200753774,0
"14107","Tuxcueca",56.2111456884431,0,0.0407487566346141,0,57,0,11.1963810787478,0
"14106","Tuxcacuesco",54.6741648285152,0,0.0687300347328364,0,65,0,10.7951686117858,0
"14025","Colotlán",58.3835945582496,0,0.230232178916004,0,68,0,11.7528846377077,0
"14027","Cuautitlán de García Barragán",49.6395203501102,0,0.0614308108437755,0,88,0,9.38099880346224,0
"14028","Cuautla",55.9206484653493,0,0.0166630271900256,0,114,0,10.4348617761173,0
"14011","Atengo",54.6486400613693,0,0.0300497940351033,0,104,0,10.2384820257379,0
"14064","Ojuelos de Jalisco",55.984986616106,0,0.142381039419367,0,47,0,11.3715658412798,0
"14032","Chiquilistlán",55.1020742789416,0,0.022842174669748,0,89,0,10.5355179864919,0
"14030","Chapala",59.0080061263008,0,0.335193156031008,0,32,0,12.4420162277335,0
"14029","Cuquío",55.895252008151,0,0.0837080219332371,0,82,0,10.8568853167173,0
"14094","Tequila",57.9676593594859,0,0.32885264799177,0,39,0,12.1246631940071,0
"14095","Teuchitlán",57.3013674111292,0,0.0377870860232201,0,30,0,11.815517281769,0
"14096","Tizapán el Alto",57.0152420497042,0,0.101747160540096,0,58,0,11.3825747688364,0
"14061","Mezquitic",31.3056684364792,0,0.0863681196709165,0,312,0,2.94769079068473,0
"14060","Mexticacán",56.0956584960145,0,0.0307659381428288,0,66,0,11.0536901845401,0
"14059","Mazamitla",57.8239662753763,0,0.187611970638035,0,69,0,11.5759601344481,0
"14058","Mascota",58.2255869608959,0,0.152334454835229,0,89,0,11.3925373464909,0
"14057","La Manzanilla de la Paz",57.3915315528247,0,0.0350736876133687,0,75,0,11.2629623304305,0
"14056","Santa María del Oro",50.6407720750318,0,0.014148384654331,0,155,0,8.79240294182059,0
"14054","El Limón",57.1860330566606,0,0.0473273134345793,0,49,0,11.5437106984012,0
"14085","Tamazula de Gordiano",57.512424140821,0,0.218337469365492,0,37,0,11.9379875913941,0
"14084","Talpa de Allende",57.0865752530436,0,0.146047274057178,0,108,0,10.8637049011976,0
"14053","Lagos de Moreno",57.7071595290716,0,0.702812491943187,0,8,0,12.814707230538,0
"14052","Juchitlán",56.2586268931912,0,0.0444057821691356,0,81,0,10.9075329400758,0
"14050","Jocotepec",57.5185138592717,0,0.233541175630491,0,42,0,11.845286630365,0
"14031","Chimaltitán",49.6121121567291,0,0.0176168393508513,0,172,0,8.35900821079319,0
"14049","Jilotlán de los Dolores",53.7635807841454,0,0.0315399997071405,0,82,0,10.3532934477874,0
"14048","Jesús María",56.1135908102014,0,0.103573417633013,0,59,0,11.1737941741706,0
"14047","Jamay",57.690577793034,0,0.123240720424494,0,35,0,11.84786257401,0
"14046","Jalostotitlán",58.2101957226458,0,0.185905178561991,0,31,0,12.086550094638,0
"14045","Ixtlahuacán del Río",56.4021063349792,0,0.106669803533917,0,72,0,11.1212651830128,0
"14042","Huejuquilla el Alto",54.5872290457939,0,0.102897355647642,0,110,0,10.2971058536728,0
"14041","Huejúcar",56.41309984568,0,0.0582203400117776,0,57,0,11.2324553469494,0
"14040","Hostotipaquillo",55.1287492832085,0,0.035336828544639,0,70,0,10.778602654618,0
"14038","Guachinango",55.7832171221202,0,0.031326858345604,0,90,0,10.7515987108183,0
"14037","El Grullo",58.650684268875,0,0.222104924248138,0,45,0,12.0760653668607,0
"14036","Etzatlán",58.7912743363854,0,0.157730790979104,0,46,0,12.0440369549882,0
"14035","Encarnación de Díaz",57.3853356938327,0,0.225666612323523,0,23,0,12.0566096940142,0
"14034","Ejutla",56.6053400806101,0,0.0212539318362641,0,71,0,11.1238247137097,0
"14033","Degollado",56.9801420466151,0,0.110573858085322,0,42,0,11.5895399846222,0
"14010","Atemajac de Brizuela",56.186967637558,0,0.0361102291268378,0,69,0,10.9891566162014,0
"14013","Atotonilco el Alto",58.192501513986,0,0.31805357284003,0,35,0,12.2031858198198,0
"14089","Techaluta de Montenegro",55.9364394093109,0,0.00883439963752009,0,34,0,11.377352351596,0
"14026","Concepción de Buenos Aires",58.0194070999676,0,0.0439159737821639,0,74,0,11.3972141108476,0
"14083","Tala",58.5579720860281,0,0.352005884125038,0,20,0,12.5056560183736,0
"14082","Sayula",58.7429088079545,0,0.220293370460609,0,14,0,12.462622028353,0
"14081","Santa María de los Ángeles",55.1148062210707,0,0.0299968649798319,0,69,0,10.7443132244457,0
"14009","El Arenal",58.793772716188,0,0.0914728922574253,0,23,0,12.2953524830826,0
"14008","Arandas",57.9494689342465,0,0.479086323670011,0,40,0,12.2426802671247,0
"14007","San Juanito de Escobedo",57.9549402790243,0,0.0385065221227668,0,46,0,11.7197754872424,0
"14006","Ameca",58.3850413147151,0,0.416697881636926,0,33,0,12.3837587087725,0
"14004","Amacueca",56.3817464491134,0,0.0228464725229588,0,31,0,11.5131681246407,0
"14001","Acatic",56.8976906563699,0,0.123202209593512,0,26,0,11.8269590656223,0
"15021","Coatepec Harinas",53.8645161498103,0,0.0766029430230881,0,54,0,10.6981543163,0
"15011","Atenco",56.987059155138,0,0.132769541677505,0,9,0,12.1080245153828,0
"15004","Almoloya de Alquisiras",54.0692949876164,0,0.0338148137488025,0,62,0,10.6678002530021,0
"15002","Acolman",58.3893321583535,0,0.434466396243064,0,3,0,12.8635765175784,0
"15034","Ecatzingo",56.2483861797893,0,0.0158004149293808,0,29,0,11.5100028610487,0
"15030","Chiconcuac",58.4280052369662,0,0.085323123975469,0,6,0,12.3850681305947,0
"15068","Ozumba",56.085230128654,0,0.0874047923411783,0,18,0,11.7336396701219,0
"15082","Tejupilco",54.033257350005,0,0.292862437413517,0,50,0,11.1603638969575,0
"15028","Chiautla",57.6703008675651,0,0.0603614155620014,0,9,0,12.1924635884888,0
"15019","Capulhuac",58.7882143366636,0,0.120822384736567,0,20,0,12.3383635207946,0
"15118","Zinacantepec",58.3289806504099,0,0.446951678499787,0,11,0,12.7010263919017,0
"15094","Tepetlixpa",56.3165283563294,0,0.100426824476849,0,20,0,11.7388270411475,0
"15074","San Felipe del Progreso",52.2588255953042,0,0.18339507329558,0,51,0,10.702564726347,0
"15036","Hueypoxtla",56.8907355104959,0,0.104087958377316,0,22,0,11.8511401499579,0
"15041","Ixtapan del Oro",52.0516377992046,0,0.0188679960693189,0,63,0,10.1203953452324,0
"15085","Temascalcingo",54.6960360215221,0,0.11739374240571,0,45,0,11.093485263449,0
"15096","Tequixquiac",58.5875685555793,0,0.151145587091031,0,16,0,12.3885454915249,0
"15104","Tlalnepantla de Baz",60.0298154572752,0,2.02393625294292,0,1,0,14.7858292525848,0
"15076","San Mateo Atenco",58.9621005848408,0,0.318503403801083,0,10,0,12.7134173325295,0
"15010","Apaxco",58.0617527169983,0,0.185428867484286,0,25,0,12.2060517052451,0
"15023","Coyotepec",58.455142130742,0,0.0748281895146435,0,8,0,12.3678331320343,0
"15025","Chalco",57.8421149495718,0,0.871372258226031,0,4,0,13.1206634328792,0
"15103","Tlalmanalco",59.0269357545096,0,0.097078902804304,0,12,0,12.4903561003798,0
"15100","Tezoyuca",55.8593612094664,0,0.108285054106961,0,5,0,12.0778997807031,0
"15040","Ixtapan de la Sal",56.3260722540851,0,0.238710931610511,0,46,0,11.6107516283489,0
"15107","Tonatico",57.0838983356463,0,0.0879479739637492,0,48,0,11.5756016780937,0
"15052","Malinalco",54.637655843971,0,0.285780540975985,0,48,0,11.196040636675,0
"15109","Tultitlán",59.9872455123799,0,1.14758303618041,0,1,0,13.8951454154167,0
"15012","Atizapán",57.1814782074509,0,0.0379369862735559,0,18,0,11.8361477104579,0
"15014","Atlacomulco",56.2588100892081,0,0.405059022310933,0,40,0,11.84729081499,0
"15003","Aculco",52.8398605360553,0,0.049073364309131,0,33,0,10.7968792378424,0
"15015","Atlautla",55.5118857552817,0,0.0538394399759198,0,19,0,11.527245722035,0
"15016","Axapusco",56.316356242488,0,0.0568080878319564,0,20,0,11.7116333372026,0
"15005","Almoloya de Juárez",55.0208093575604,0,0.254302099576124,0,19,0,11.6742657569422,0
"15024","Cuautitlán",60.4532758786705,0,0.314667767241261,0,3,0,13.1927574306621,0
"15008","Amatepec",52.7637158822957,0,0.0739933016810038,0,84,0,10.2139154913354,0
"15007","Amanalco",53.5385848546041,0,0.0348968640660561,0,43,0,10.7990470877524,0
"15120","Zumpango",58.5428109545988,0,0.454973398958354,0,12,0,12.7239073464213,0
"15042","Ixtlahuaca",55.2078652199439,0,0.343770663293528,0,31,0,11.6500264297576,0
"15084","Temascalapa",56.8659783014653,0,0.101943978047757,0,18,0,11.9410490778146,0
"15047","Jiquipilco",54.7573328375386,0,0.0626033929034381,0,32,0,11.2129251837372,0
"15022","Cocotitlán",57.7209686239134,0,0.0337631209729645,0,6,0,12.2524269720498,0
"15020","Coacalco de Berriozábal",60.9474221057646,0,0.636438502342801,0,0,0,13.6605392716707,0
"15062","Ocoyoacac",58.6971613524029,0,0.27665622307021,0,14,0,12.5887468021615,0
"15050","Juchitepec",57.0456403746941,0,0.0579001924413413,0,17,0,11.869208440029,0
"15061","Nopaltepec",56.8356593550787,0,0.0278824036792868,0,20,0,11.8140942114338,0
"15101","Tianguistenco",57.0256828517235,0,0.225685857977572,0,23,0,11.9865899993992,0
"15057","Naucalpan de Juárez",59.5112241221154,0,2.12969440148636,0,2,0,14.7626032310009,0
"15105","Tlatlaya",52.1900800672599,0,0.0619574429271275,0,100,0,9.87688878997348,0
"15106","Toluca",59.2839719834847,0,3.83436236864451,0,6,0,16.3891308333087,0
"15116","Zacazonapan",55.5199407529248,0,0.0258775239892414,0,64,0,10.9933884257265,0
"15097","Texcaltitlán",53.5437211461746,0,0.0423777563800811,0,54,0,10.6717370648194,0
"15079","Soyaniquilpan de Juárez",55.7048560989425,0,0.0387668715386659,0,32,0,11.4438179993321,0
"15119","Zumpahuacán",52.2106690237787,0,0.0223966485833509,0,50,0,10.3565874677871,0
"15081","Tecámac",60.1165617134056,0,0.885874634987038,0,2,0,13.6732508830804,0
"15035","Huehuetoca",59.1562287026604,0,0.211942706259538,0,13,0,12.6238400084447,0
"15064","El Oro",54.8532153000352,0,0.0824350365473234,0,49,0,11.0916654393009,0
"15083","Temamatla",56.9616908510154,0,0.0232937270228643,0,10,0,12.0313257482813,0
"15102","Timilpan",55.5768463252931,0,0.0218488767000238,0,47,0,11.2035849248616,0
"15087","Temoaya",55.6308545631773,0,0.132088303364667,0,25,0,11.5307551191764,0
"15066","Otzoloapan",54.0222446615773,0,0.0237170405285581,0,76,0,10.4872895955954,0
"15108","Tultepec",59.7177324368111,0,0.283048729443719,0,4,0,12.9289628644324,0
"15089","Tenango del Aire",57.6397975884192,0,0.0355998604755184,0,13,0,12.0748485448143,0
"15051","Lerma",59.3077941296522,0,0.411850348614952,0,16,0,12.8828910813323,0
"15046","Jilotzingo",56.5783783767566,0,0.0301241922942044,0,33,0,11.6150497922218,0
"15037","Huixquilucan",59.1984328386694,0,0.5015873320235,0,9,0,12.9974975533116,0
"15038","Isidro Fabela",56.2872796236821,0,0.0249181183586197,0,20,0,11.6891290728505,0
"15039","Ixtapaluca",58.9256262064893,0,1.05086025657136,0,2,0,13.5360823925523,0
"15017","Ayapango",56.7473588228833,0,0.0152057921020392,0,11,0,11.9040775359256,0
"15069","Papalotla",57.8103765235517,0,0.0150709123159683,0,12,0,12.1538631959385,0
"15065","Otumba",56.9895755168096,0,0.153068508386251,0,17,0,11.9974610283351,0
"15048","Jocotitlán",56.4647966957885,0,0.128876679348808,0,37,0,11.6237384524322,0
"15121","Cuautitlán Izcalli",60.6330017215897,0,1.28614347083091,0,1,0,14.2369151251363,0
"15080","Sultepec",51.6389489230125,0,0.0584836217137132,0,76,0,10.0130508350934,0
"15071","Polotitlán",56.0249551539035,0,0.0534824218534285,0,22,0,11.6327474033014,0
"15075","San Martín de las Pirámides",57.7114697877946,0,0.114623769083376,0,13,0,12.1873609874796,0
"15072","Rayón",58.2675633844705,0,0.0356559806923204,0,17,0,12.1859485654701,0
"15056","Morelos",51.6659987825431,0,0.0606015108966657,0,47,0,10.3665542274802,0
"15067","Otzolotepec",56.7050122684209,0,0.11969985281063,0,20,0,11.8593943944717,0
"15088","Tenancingo",56.3096708080365,0,0.30797261838935,0,38,0,11.7697594805846,0
"15070","La Paz",57.4383444491744,0,0.70253790027416,0,8,0,12.7771625755129,0
"15078","Santo Tomás",54.9656106906239,0,0.00777933860768884,0,69,0,10.7836332325724,0
"15111","Villa de Allende",52.5274688610171,0,0.0446886736398197,0,44,0,10.5839452355059,0
"15112","Villa del Carbón",53.6074728043998,0,0.137897899629136,0,45,0,10.8820398671146,0
"15091","Teoloyucan",58.8909145602834,0,0.17570336749566,0,8,0,12.5651687305548,0
"15113","Villa Guerrero",54.2232743522467,0,0.119598340510962,0,38,0,10.9993965814508,0
"15006","Almoloya del Río",57.9947011427992,0,0.0232453736161635,0,20,0,12.0165080710743,0
"15123","Luvianos",51.4452145772518,0,0.0828855453187741,0,75,0,10.0927119628764,0
"15099","Texcoco",57.6734713635661,0,0.851923668666561,0,12,0,13.0095138854263,0
"15060","Nicolás Romero",58.6036528944795,0,0.770184423407978,0,4,0,13.1774691017634,0
"15122","Valle de Chalco Solidaridad",57.842075197698,0,0.945533958481671,0,0,0,13.1359120037244,0
"15044","Jaltenco",59.7375364167683,0,0.0605424902710736,0,7,0,12.6533502164752,0
"15110","Valle de Bravo",56.8107855470385,0,0.570771363202727,0,51,0,11.9743070242605,0
"15045","Jilotepec",55.0822462011482,0,0.256907684957292,0,33,0,11.5557150267295,0
"15098","Texcalyacac",58.6034447832486,0,0.0250313284890561,0,26,0,12.0939602364164,0
"15115","Xonacatlán",58.1416849347648,0,0.139896163658267,0,20,0,12.2072707126613,0
"15117","Zacualpan",49.69306767009,0,0.0460746753245225,0,87,0,9.4974479051338,0
"15124","San José del Rincón",51.3136757810849,0,0.0760872935688545,0,62,0,10.2121904929516,0
"15029","Chicoloapan",58.9428380369801,0,0.400445419861268,0,0,0,12.9034790583131,0
"15058","Nezahualcóyotl",59.4154480130066,0,2.76370595386248,0,0,0,15.3650851053551,0
"15092","Teotihuacán",58.2626334105002,0,0.327744588449358,0,11,0,12.5812827162322,0
"15077","San Simón de Guerrero",53.8550805696197,0,0.0182949635493595,0,49,0,10.788200920666,0
"15055","Mexicaltzingo",58.8696477501044,0,0.0655613761110132,0,10,0,12.4566484733658,0
"15054","Metepec",60.4466812707242,0,0.973934441324862,0,7,0,13.8101852717792,0
"15049","Joquicingo",55.6149598163669,0,0.0332290569522215,0,32,0,11.34558253692,0
"15026","Chapa de Mota",54.4480212259194,0,0.0434982266520149,0,46,0,10.9428204400096,0
"15001","Acambay de Ruíz Castañeda",52.7750350397093,0,0.103765808230925,0,45,0,10.7326997971313,0
"15059","Nextlalpan",58.3600958496088,0,0.0954920135260876,0,9,0,12.3516183185741,0
"15086","Temascaltepec",52.9101554133334,0,0.0516142697735884,0,52,0,10.5157019096954,0
"15053","Melchor Ocampo",58.6452834522869,0,0.134209265531639,0,6,0,12.4804000218566,0
"15090","Tenango del Valle",56.7073643694487,0,0.297680999061856,0,22,0,11.9813276893685,0
"15032","Donato Guerra",51.3089834194411,0,0.0405816491729928,0,49,0,10.2600795680614,0
"15125","Tonanitla",58.0334425267733,0,0.0405592546243144,0,10,0,12.2779855389154,0
"15114","Villa Victoria",50.4215142696938,0,0.197427452313622,0,41,0,10.3781248152506,0
"15093","Tepetlaoxtoc",57.1654846883447,0,0.0552724740957411,0,18,0,11.9517056829856,0
"15063","Ocuilan",54.6187612306828,0,0.0735063480040853,0,41,0,11.0753471800723,0
"15073","San Antonio la Isla",59.7193742662461,0,0.0654966841564536,0,13,0,12.6209982542747,0
"15033","Ecatepec de Morelos",59.5106884993079,0,4.18120587983637,0,0,0,16.8172545107637,0
"15013","Atizapán de Zaragoza",60.0444486219667,0,1.09496393528852,0,0,0,13.8699400715758,0
"15027","Chapultepec",58.6309456024267,0,0.0270905483342969,0,15,0,12.2970310381049,0
"15018","Calimaya",58.3860933939114,0,0.107733384135995,0,15,0,12.3348008558562,0
"15009","Amecameca",57.8710471579132,0,0.181401979387959,0,10,0,12.2961666897884,0
"15031","Chimalhuacán",57.8019731893664,0,1.28928332006814,0,0,0,13.4740694690404,0
"15043","Xalatlaco",56.7539379499164,0,0.0631653659102318,0,23,0,11.7450753367026,0
"15095","Tepotzotlán",58.1570885980362,0,0.347456734543117,0,10,0,12.5950489345906,0
"16074","Cojumatlán de Régules",56.2208238524918,0,0.0667204791086409,0,49,0,11.2830939408094,0
"16090","Tingambato",56.2074394192865,0,0.174837350914587,0,41,0,11.4971811271691,0
"16002","Aguililla",54.4348356055634,0,0.14249851414702,0,78,0,10.6433128724468,0
"16003","Álvaro Obregón",56.1158987511239,0,0.110797780525732,0,31,0,11.5294560700929,0
"16004","Angamacutiro",55.3719219297881,0,0.0900100131211858,0,49,0,11.0951280967779,0
"16005","Angangueo",54.7175607291958,0,0.0656877431736596,0,71,0,10.6881661766185,0
"16006","Apatzingán",56.2239695713675,0,1.29885349058877,0,4,0,13.092181964967,0
"16007","Aporo",54.1394548649169,0,0.0246448693853164,0,62,0,10.6250894334347,0
"16008","Aquila",45.8029235033452,0,0.0829938252929994,0,142,0,7.93763907324632,0
"16009","Ario",56.1161324946162,0,0.292968701949698,0,57,0,11.4209994811933,0
"16096","Tumbiscatío",51.9390523450763,0,0.0329704023990274,0,104,0,9.7171080213063,0
"16097","Turicato",51.7136160943774,0,0.179027660411496,0,97,0,9.86233686773376,0
"16106","Yurécuaro",56.3826286444353,0,0.307933940198581,0,26,0,11.7928729344048,0
"16107","Zacapu",57.6541687032487,0,0.843126360839608,0,35,0,12.5957291342579,0
"16108","Zamora",57.8827980507358,0,2.00438412124387,0,4,0,14.1941012895074,0
"16109","Zináparo",56.0782728068268,0,0.0343641382113369,0,39,0,11.3810423511354,0
"16110","Zinapécuaro",55.8575084383995,0,0.383565471547441,0,37,0,11.6825439327375,0
"16010","Arteaga",54.3086513354042,0,0.190437629136282,0,98,0,10.4734794925838,0
"16011","Briseñas",56.1030893074492,0,0.0786356277910891,0,29,0,11.5320238285526,0
"16098","Tuxpan",54.9490922131266,0,0.181134443045782,0,57,0,11.0389290278469,0
"16031","Epitacio Huerta",54.1069094021507,0,0.0797711507030669,0,56,0,10.7684782704874,0
"16032","Erongarícuaro",54.9513810967818,0,0.0641439886589071,0,41,0,11.1422711059153,0
"16077","San Lucas",51.9636423498246,0,0.159505179134805,0,97,0,9.97629542671871,0
"16099","Tuzantla",51.9060997469425,0,0.105005020450492,0,115,0,9.59156727297446,0
"16001","Acuitzio",55.5208332560494,0,0.105594337797978,0,37,0,11.3078705798267,0
"16043","Jacona",57.2443166684179,0,0.423840091009711,0,4,0,12.4203008156768,0
"16044","Jiménez",55.2772616698879,0,0.0759592116065095,0,46,0,11.1247628872511,0
"16045","Jiquilpan",57.5414570062574,0,0.426595707228608,0,35,0,12.1613115624932,0
"16012","Buenavista",54.5733475130326,0,0.334745490071053,0,29,0,11.4204563005584,0
"16013","Carácuaro",52.0859439168709,0,0.0847244120434625,0,131,0,9.42294943316513,0
"16021","Charapan",49.7210255264174,0,0.064295580944689,0,41,0,10.1427540848839,0
"16020","Cuitzeo",55.4465030805843,0,0.193976922758114,0,26,0,11.5192872875956,0
"16019","Cotija",56.5040598607912,0,0.149953334231496,0,54,0,11.4234950242748,0
"16018","Copándaro",54.9168003125041,0,0.0435880349120516,0,30,0,11.2331396884929,0
"16087","Taretan",56.6534560818137,0,0.107873761635837,0,35,0,11.6388100262781,0
"16086","Tanhuato",56.8193987991662,0,0.104638135462222,0,31,0,11.693088583609,0
"16072","Queréndaro",55.8600085888221,0,0.118829045025997,0,44,0,11.3029056362154,0
"16067","Penjamillo",54.8867932882303,0,0.0959396117907708,0,52,0,10.9634519195135,0
"16022","Charo",55.4545219728321,0,0.0776779190226364,0,24,0,11.4275444145414,0
"16079","Salvador Escalante",54.7056721893059,0,0.358559035313306,0,39,0,11.3380438496678,0
"16078","Santa Ana Maya",55.9891267666508,0,0.112021503344651,0,33,0,11.4957612496021,0
"16075","Los Reyes",55.8296249599325,0,0.602379316832281,0,38,0,11.9695459603043,0
"16076","Sahuayo",57.8040980680807,0,1.08274144099266,0,29,0,12.9167271226123,0
"16033","Gabriel Zamora",55.554996717429,0,0.156622298208748,0,30,0,11.5151445671525,0
"16035","La Huacana",53.0841076746778,0,0.249967709244193,0,67,0,10.5979174060749,0
"16036","Huandacareo",56.5076200133437,0,0.187439177689812,0,34,0,11.6602918409252,0
"16037","Huaniqueo",54.3165695782266,0,0.0489543540534708,0,52,0,10.7937119607333,0
"16038","Huetamo",54.1138169169195,0,0.406613035391514,0,124,0,10.3173000213515,0
"16039","Huiramba",55.5738548543853,0,0.0396408606402851,0,28,0,11.3993080861502,0
"16040","Indaparapeo",54.7452629609255,0,0.0984368432191098,0,35,0,11.1451347409776,0
"16041","Irimbo",54.1609900707135,0,0.0876906324013503,0,53,0,10.824445156776,0
"16042","Ixtlán",55.2016207148845,0,0.0751862821506245,0,29,0,11.2639449298404,0
"16049","Madero",52.08992382041,0,0.13785759743439,0,78,0,10.1127089397828,0
"16050","Maravatío",55.1878311554661,0,0.706004543926228,0,37,0,11.8659877295057,0
"16051","Marcos Castellanos",58.7936730414104,0,0.176274244325602,0,60,0,11.9000362691595,0
"16052","Lázaro Cárdenas",58.5704777395138,0,2.42627625341488,0,62,0,14.0979515414734,0
"16053","Morelia",59.3944378250976,0,8.90636309489369,0,3,0,21.5415127062823,0
"16014","Coahuayana",55.4922993564759,0,0.160234816013767,0,52,0,11.2072019865373,0
"16015","Coalcomán de Vázquez Pallares",55.0523571202414,0,0.204422867263693,0,123,0,10.256189566273,0
"16016","Coeneo",54.3965679715301,0,0.0903135508807201,0,48,0,10.9386590909543,0
"16017","Contepec",53.7837857127363,0,0.111297559580612,0,49,0,10.7979912529518,0
"16083","Tancítaro",55.9180696016468,0,0.165844010811738,0,54,0,11.2936811509953,0
"16082","Tacámbaro",56.2759492599652,0,0.53215615201585,0,49,0,11.8130896899883,0
"16081","Susupuato",50.2818045098911,0,0.0255447847195837,0,83,0,9.54685322919479,0
"16056","Nahuatzen",52.1288602183374,0,0.141959794843741,0,40,0,10.650718400178,0
"16080","Senguio",53.9194023375889,0,0.0747236371627755,0,51,0,10.77188362209,0
"16057","Nocupétaro",50.6171391980445,0,0.0605836973854936,0,105,0,9.47345052276588,0
"16034","Hidalgo",55.7161615923254,0,1.30533636459031,0,51,0,12.4071077235236,0
"16058","Nuevo Parangaricutiro",57.3236910088425,0,0.212292448802147,0,17,0,12.0671728944396,0
"16059","Nuevo Urecho",54.3380688688435,0,0.0404891875689565,0,48,0,10.8689461722265,0
"16060","Numarán",55.4871855410346,0,0.0746193954328112,0,36,0,11.2858781025127,0
"16062","Pajacuarán",55.3950634417834,0,0.168928549600536,0,34,0,11.3821943008352,0
"16063","Panindícuaro",55.1031659080392,0,0.0915564433876828,0,49,0,11.024267626194,0
"16064","Parácuaro",54.0615146534101,0,0.154172529439467,0,23,0,11.2098948177232,0
"16105","Vista Hermosa",56.6624752994663,0,0.17670688263624,0,28,0,11.7516402417363,0
"16065","Paracho",54.1371733923324,0,0.322394912228539,0,33,0,11.406410703104,0
"16089","Tepalcatepec",56.4405324427355,0,0.344731037191203,0,56,0,11.5552826579914,0
"16061","Ocampo",53.6838880176803,0,0.081008749566574,0,65,0,10.5624312522257,0
"16055","Múgica",55.521034975099,0,0.444632932871178,0,17,0,11.9331021997217,0
"16054","Morelos",54.6421978559205,0,0.0559804927689655,0,52,0,10.9082440780516,0
"16030","Ecuandureo",55.0513164689742,0,0.0727538488073915,0,28,0,11.3031339090365,0
"16029","Churumuco",50.2026295240015,0,0.113773120526333,0,104,0,9.3248669882988,0
"16028","Churintzio",56.1250554840738,0,0.0467168548409897,0,38,0,11.3977547359772,0
"16027","Chucándiro",53.0979527872902,0,0.0261602901920164,0,48,0,10.6667035024115,0
"16026","Chinicuila",52.6845548614317,0,0.0337222966375605,0,127,0,9.52257806686201,0
"16025","Chilchota",54.1673981306571,0,0.165474189068032,0,31,0,11.1603913799973,0
"16024","Cherán",54.522100470383,0,0.214605235093938,0,43,0,11.190515355839,0
"16023","Chavinda",56.1907594320442,0,0.0786108836791806,0,28,0,11.537817117208,0
"16066","Pátzcuaro",56.7188892104449,0,1.08945595730752,0,25,0,12.7686832914087,0
"16068","Peribán",57.3084270374388,0,0.246661345797881,0,37,0,11.8884628360781,0
"16069","La Piedad",58.2799022326766,0,1.16440517227881,0,25,0,13.1813953443481,0
"16070","Purépero",57.7734164944307,0,0.21227842647411,0,32,0,11.9689537524338,0
"16071","Puruándiro",56.1135345519464,0,0.506999580006176,0,36,0,11.8753499937581,0
"16073","Quiroga",55.3159955022962,0,0.238006032983427,0,37,0,11.4093802776229,0
"16091","Tingüindín",56.896149072051,0,0.0889938830884323,0,39,0,11.6114330499163,0
"16113","José Sixto Verduzco",55.6952749999113,0,0.162254129527123,0,36,0,11.4510496215782,0
"16112","Zitácuaro",56.199890625095,0,1.38226710525415,0,39,0,12.779819790836,0
"16085","Tangancícuaro",55.2643211761604,0,0.287784088763301,0,21,0,11.6670132972464,0
"16088","Tarímbaro",57.8355474082491,0,0.20089175893174,0,16,0,12.2623734190927,0
"16092","Tiquicheo de Nicolás Romero",50.4110654756438,0,0.0733411844948088,0,140,0,9.01945183099351,0
"16093","Tlalpujahua",53.2808423535473,0,0.164149393274772,0,56,0,10.7398756336181,0
"16111","Ziracuaretiro",55.744150794406,0,0.112679151996892,0,29,0,11.4702514369618,0
"16101","Tzitzio",48.781870097246,0,0.0440919140028857,0,99,0,9.03536988030769,0
"16100","Tzintzuntzan",54.35921924879,0,0.0694365209395915,0,34,0,11.138605600219,0
"16095","Tocumbo",56.1137722418496,0,0.080154500760632,0,39,0,11.4467921812674,0
"16084","Tangamandapio",54.2513248442696,0,0.15211273744447,0,23,0,11.2291734439728,0
"16102","Uruapan",58.3570321766065,0,3.91291949858072,0,4,0,16.239092867561,0
"16103","Venustiano Carranza",56.2651132511765,0,0.185458735074169,0,34,0,11.5963508176458,0
"16104","Villamar",54.6564283252631,0,0.0878553803252684,0,34,0,11.1845581473067,0
"16094","Tlazazalca",54.6605429720598,0,0.0605730767169795,0,34,0,11.0835319226784,0
"16047","Jungapeo",54.8261275467996,0,0.0720629824969162,0,67,0,10.7471140535476,0
"16046","Juárez",54.2766564374441,0,0.0630205276462533,0,71,0,10.6138301921696,0
"16048","Lagunillas",54.8630144847708,0,0.0463118095240716,0,28,0,11.2094543349872,0
"17002","Atlatlahucan",54.9390370623568,0,0.416371521147432,0,16,0,11.9362572212277,0
"17006","Cuautla",57.9580385580829,0,5.34245144351324,0,2,0,17.6031699347424,0
"17028","Xochitepec",57.0851818212047,0,1.29536354187128,0,9,0,13.2712478403499,0
"17022","Tetela del Volcán",56.417741353284,0,0.312039737882116,0,26,0,11.8235946230215,0
"17009","Huitzilac",55.9324009093389,0,0.351594265690066,0,28,0,11.9931607076812,0
"17016","Ocuituco",55.272686546171,0,0.250129689937291,0,25,0,11.5730455646605,0
"17008","Emiliano Zapata",58.7152993650159,0,1.41658667698447,0,6,0,13.8076295302687,0
"17003","Axochiapan",54.3530576543147,0,0.744003390619334,0,33,0,11.7839078713856,0
"17036","Hueyapan",55.4327259116483,0,0.0582577643926465,0,37,0,11.1516761347603,0
"17035","Xoxocotla",54.0726502137528,0,0.26461347726095,0,13,0,11.5125064471394,0
"17025","Tlaquiltenango",56.3191714903408,0,0.445571839985381,0,27,0,12.0178004943263,0
"17001","Amacuzac",55.5938630597967,0,0.192096008389789,0,21,0,11.6769585824604,0
"17020","Tepoztlán",55.8013241636197,0,0.984740462803592,0,16,0,12.7534052819024,0
"17034","Coatetelco",53.3693711847824,0,0.134940303427199,0,20,0,11.0188365011002,0
"17027","Totolapan",52.9232765906559,0,0.118051767915874,0,24,0,11.2082812832879,0
"17030","Yecapixtla",55.8864974298262,0,0.753563899799916,0,14,0,12.4110498881837,0
"17026","Tlayacapan",55.389973766087,0,0.307753052292464,0,20,0,11.8331170408566,0
"17031","Zacatepec",58.8472052044298,0,0.769055194711659,0,17,0,13.0582774564246,0
"17021","Tetecala",55.9889657770181,0,0.196767183774924,0,29,0,11.7050308831892,0
"17019","Tepalcingo",55.0676136184833,0,0.372330678848201,0,28,0,11.6482961380907,0
"17023","Tlalnepantla",52.7432378319901,0,0.0540728708012528,0,28,0,11.0399436153738,0
"17017","Puente de Ixtla",56.7295573982754,0,0.808077777497188,0,20,0,12.5730832553611,0
"17015","Miacatlán",56.5617138008141,0,0.237186006893814,0,25,0,11.8864179373532,0
"17013","Jonacatepec de Leandro Valle",56.1381289761248,0,0.409420566913938,0,27,0,11.9155106751967,0
"17011","Jiutepec",59.2033181473043,0,4.13708584463717,0,2,0,16.7072946421452,0
"17010","Jantetelco",55.7685412410388,0,0.533071468335463,0,24,0,12.0561528678867,0
"17018","Temixco",57.6801965323474,0,2.25178424743755,0,3,0,14.4216052351459,0
"17029","Yautepec",57.0586872662098,0,2.31311038585314,0,10,0,14.3114145771124,0
"17012","Jojutla",57.6666492097488,0,2.27293551961201,0,21,0,14.2368083041852,0
"17024","Tlaltizapán de Zapata",56.4150412871134,0,0.662884827628454,0,17,0,12.3856971881033,0
"17007","Cuernavaca",59.8665562109064,0,11.0299946979379,0,2,0,23.8038951048056,0
"17005","Coatlán del Río",55.1114422959897,0,0.106566261257102,0,35,0,11.2782772204072,0
"17004","Ayala",55.5629529988975,0,0.959233763289723,0,13,0,12.5684841058393,0
"17014","Mazatepec",55.9424011163551,0,0.145032727726414,0,24,0,11.6853638868931,0
"17032","Zacualpan de Amilpas",57.0924123849299,0,0.180161879972641,0,29,0,11.8998513885217,0
"17033","Temoac",55.5609322725122,0,0.224422230572505,0,26,0,11.6510664045414,0
"18001","Acaponeta",56.165745740119,0,1.18925981377535,0,62,0,12.309154321167,0
"18009","Del Nayar",28.6701418337889,0,0.422036537916619,0,224,0,3.72799076190861,0
"18010","Rosamorada",54.7731710810543,0,0.558867628718043,0,61,0,11.3828879423554,0
"18011","Ruíz",54.510692957507,0,0.779516818668102,0,58,0,11.5727775246051,0
"18017","Tepic",59.7486066662693,0,15.2264608630922,0,3,0,27.9275284852735,0
"18018","Tuxpan",57.5716189405415,0,1.27449235164944,0,51,0,12.8419399331914,0
"18019","La Yesca",44.530128008145,0,0.275805345344168,0,302,0,5.89565405244065,0
"18004","Compostela",57.8620063955865,0,4.07678029691853,0,47,0,15.7748947088007,0
"18013","San Pedro Lagunillas",56.9067881999424,0,0.231036749595898,0,50,0,11.6837169697617,0
"18008","Xalisco",59.4733172465226,0,1.51891495956507,0,9,0,14.0863168411896,0
"18005","Huajicori",42.2200364320564,0,0.177184732527392,0,133,0,7.49351751799668,0
"18006","Ixtlán del Río",58.6716456142859,0,1.2982527528419,0,28,0,13.3972906045942,0
"18007","Jala",55.3940101245822,0,0.441248269271165,0,46,0,11.5624393878669,0
"18014","Santa María del Oro",55.6729153793905,0,0.437921405519758,0,37,0,11.742762233805,0
"18015","Santiago Ixcuintla",56.2647291568377,0,3.38409045155473,0,51,0,14.6738874017615,0
"18016","Tecuala",56.6217048398928,0,1.45468961799962,0,63,0,12.6556969307508,0
"18003","Amatlán de Cañas",56.8523963832021,0,0.255161054808921,0,78,0,11.3528133803517,0
"18012","San Blas",56.5786284653895,0,1.62437829895398,0,43,0,13.066056996032,0
"18020","Bahía de Banderas",59.2065953930185,0,5.82836888493419,0,17,0,18.25486734656,0
"18002","Ahuacatlán",57.7746965284034,0,0.402453557432906,0,38,0,12.176615186184,0
"19029","Hualahuises",58.582075385999,0,0.07590700417014,0,45,0,11.9120283414597,0
"19048","Santa Catarina",60.716763289923,0,1.53961513108746,0,0,0,14.5081463517802,0
"19044","Sabinas Hidalgo",59.4284903205512,0,0.48520771908949,0,27,0,12.767773169148,0
"19042","Los Ramones",56.7572397960533,0,0.0533279080611563,0,44,0,11.5119637914015,0
"19023","General Treviño",57.3486740036643,0,0.0184454891135851,0,66,0,11.3521046313139,0
"19022","General Terán",57.4049844553771,0,0.1358418304341,0,40,0,11.7775973755561,0
"19047","Hidalgo",59.7832048523983,0,0.155107906659811,0,23,0,12.6026217637853,0
"19049","Santiago",60.0346286701757,0,0.816074497109036,0,20,0,13.3810055640536,0
"19009","Cadereyta Jiménez",59.767262390742,0,0.801860564909028,0,8,0,13.4167702263338,0
"19032","Lampazos de Naranjo",58.3003119506381,0,0.0605655073124691,0,86,0,11.3201321572504,0
"19031","Juárez",60.5213603751719,0,1.24948096925249,0,3,0,14.1267341613906,0
"19027","Los Herreras",56.3835891175231,0,0.0242226536764461,0,60,0,11.1703542540171,0
"19020","General Bravo",56.4888154858245,0,0.0841873669563245,0,60,0,11.3141241181612,0
"19041","Pesquería",59.9509701172737,0,0.199852394543364,0,8,0,12.8539446090607,0
"19040","Parás",57.3372711605445,0,0.0245144560928193,0,75,0,11.2941936316238,0
"19039","Monterrey",60.8656861715213,0,14.2687533459275,0,0,0,27.284065312505,0
"19046","San Nicolás de los Garza",61.4183833011539,0,3.23019841026246,0,0,0,16.3772798320715,0
"19019","San Pedro Garza García",61.8455481380873,0,1.83962493787018,0,0,0,15.134498257167,0
"19037","Mina",57.6908332769658,0,0.0684890774327909,0,39,0,11.8271111336295,0
"19010","El Carmen",60.1044131726998,0,0.105509854210921,0,11,0,12.763770540238,0
"19021","General Escobedo",60.5509876000487,0,2.12149105594608,0,1,0,15.0315458197821,0
"19012","Ciénega de Flores",59.9217571493614,0,0.229058031588955,0,10,0,12.8585069237192,0
"19002","Agualeguas",56.8913155547347,0,0.0361836074761546,0,69,0,11.2281714405216,0
"19005","Anáhuac",57.1751867771236,0,0.281093055607765,0,50,0,11.6912131518832,0
"19024","General Zaragoza",51.2709062520955,0,0.138464097644618,0,166,0,8.94461851310372,0
"19026","Guadalupe",60.8387938850653,0,5.49522919241163,0,0,0,18.5018366837999,0
"19003","Los Aldamas",56.5281380197767,0,0.0210171880550142,0,77,0,10.9772317279738,0
"19004","Allende",60.0097557224487,0,0.508642421186284,0,20,0,13.0291352078704,0
"19025","General Zuazua",60.2088128359033,0,0.271384580055603,0,12,0,12.952076428945,0
"19015","Doctor Coss",56.2347007194277,0,0.0224261858213911,0,70,0,11.0403123501656,0
"19007","Aramberri",53.296098088029,0,0.18279704525725,0,126,0,9.85928928236553,0
"19018","García",60.543075032281,0,0.728629376940223,0,3,0,13.6141673325344,0
"19051","Villaldama",56.8595408974011,0,0.112926023208448,0,54,0,11.4905753652413,0
"19006","Apodaca",61.3158744625493,0,3.08786978228185,0,2,0,16.1998050147279,0
"19011","Cerralvo",58.6900188399041,0,0.104629333431264,0,52,0,11.9058299518495,0
"19001","Abasolo",57.8922147023813,0,0.017388217000141,0,18,0,12.1395225116372,0
"19017","Galeana",54.5057656132915,0,0.31257661297331,0,86,0,10.8100841346615,0
"19016","Doctor González",56.4874196311441,0,0.0122741617019172,0,24,0,11.6859022704888,0
"19050","Vallecillo",56.1667834594014,0,0.0415029181301243,0,52,0,11.2425965057911,0
"19034","Marín",57.4302787463471,0,0.0464613898272725,0,16,0,12.0206392176899,0
"19035","Melchor Ocampo",57.6715004535845,0,0.015693745215466,0,57,0,11.5248266194485,0
"19028","Higueras",56.3506364625816,0,0.0356255326026787,0,26,0,11.6598909544976,0
"19033","Linares",58.558022896057,0,0.917638395195737,0,43,0,12.7844664969013,0
"19036","Mier y Noriega",51.5321109691824,0,0.0612632680133107,0,95,0,9.84714649191237,0
"19043","Rayones",53.3936582609935,0,0.037058249217771,0,127,0,9.67513368282763,0
"19014","Doctor Arroyo",52.5439331621611,0,0.373658621617195,0,78,0,10.6749130954985,0
"19038","Montemorelos",59.3540013320125,0,0.756968806840575,0,29,0,13.0221281381563,0
"19008","Bustamante",56.6006742074039,0,0.138699484005498,0,65,0,11.3204117762546,0
"19013","China",57.6166377237497,0,0.126659352850129,0,64,0,11.5849584918387,0
"19045","Salinas Victoria",59.9372261452636,0,0.210833442546424,0,13,0,12.8159164954859,0
"19030","Iturbide",54.635254326208,0,0.0721581564326378,0,121,0,10.0875464505996,0
"20125","San Carlos Yautepec",48.877043561317,0,0.0367595858808572,0,187,0,7.95939388661291,0
"20481","Santiago Nuyoó",52.3134293543232,0,0.0155996510351224,0,169,0,8.89786824549747,0
"20517","Santo Domingo Tepuxtepec",46.6709890286738,0,0.0264751073007376,0,82,0,8.81533742332018,0
"20524","Santo Domingo Yodohino",55.0360332770858,0,0.0016961062097895,0,86,0,10.3429763066762,0
"20378","Santa Cruz Mixtepec",51.9025439579238,0,0.0168465357064787,0,54,0,10.2396129813743,0
"20054","Magdalena Zahuatlán",53.8866753846931,0,0.00214892910907221,0,66,0,10.4475210613461,0
"20542","Taniche",53.0141542466249,0,0.00554833111519833,0,49,0,10.4339119466273,0
"20237","San Marcos Arteaga",54.6729777518524,0,0.0139385674251553,0,89,0,10.3772043603487,0
"20489","Santiago Tetepec",50.6875080323753,0,0.0096628098591439,0,161,0,8.61873925282003,0
"20544","Teococuilco de Marcos Pérez",52.6182245066547,0,0.0124898880811893,0,81,0,9.91479479806955,0
"20490","Santiago Texcalcingo",50.2237078805819,0,0.00241975563023127,0,98,0,9.28591586681624,0
"20333","San Pedro Totolápam",54.9787896226522,0,0.0359865052539042,0,82,0,10.595445914498,0
"20334","Villa de Tututepec",52.894359256912,0,0.635280085137708,0,146,0,9.97181717653882,0
"20562","Magdalena Yodocono de Porfirio Díaz",53.998055275422,0,0.00856833149021558,0,77,0,10.374057767475,0
"20133","San Esteban Atatlahuca",49.6828463440692,0,0.0259022700251991,0,145,0,8.69355463556492,0
"20134","San Felipe Jalapa de Díaz",47.5773503641158,0,0.0594237344276363,0,55,0,9.41326338325563,0
"20138","San Francisco Cajonos",53.5417399646662,0,0.0168351685006902,0,114,0,9.79149214561967,0
"20149","San Francisco Sola",49.4663248596582,0,0.00555401481389851,0,112,0,8.8695719999851,0
"20161","San Jerónimo Sosola",52.2098020371041,0,0.0107394711283114,0,65,0,10.2737096003173,0
"20159","San Jerónimo Coatlán",49.3702005081557,0,0.0119012056747418,0,147,0,8.45215079788215,0
"20437","Santa María Tlahuitoltepec",50.3660609714925,0,0.0402079544126159,0,126,0,9.10110119443081,0
"20441","Santa María Xadani",53.262042239936,0,0.0548544739058855,0,84,0,10.2574762006801,0
"20446","Santa María Yucuhiti",52.5173177386999,0,0.0213495810401854,0,160,0,9.08747726998628,0
"20447","Santa María Zacatepec",51.8377854330154,0,0.0864689996874601,0,174,0,8.77827872996422,0
"20469","Santiago Juxtlahuaca",49.1408928451377,0,0.284586020644932,0,136,0,8.88827789188152,0
"20511","Santo Domingo Nuxaá",48.2469529241055,0,0.0087874298874321,0,92,0,9.19346751948389,0
"20513","Santo Domingo Petapa",53.1250978241592,0,0.0380304116093251,0,97,0,9.995212414019,0
"20278","San Miguel Soyaltepec",49.7756830096573,0,0.226954429389502,0,41,0,10.309212076564,0
"20457","Santiago Camotlán",51.7341915541368,0,0.00951506366583564,0,155,0,8.81588641139698,0
"20163","San Jerónimo Tecóatl",50.3106392009844,0,0.0139828219355342,0,87,0,9.55584364225534,0
"20166","San José Chiltepec",53.4490745653694,0,0.0485055200307509,0,24,0,11.049487465717,0
"20506","Santo Domingo Albarradas",53.177916491188,0,0.0116000094391541,0,85,0,10.1220750387989,0
"20482","Santiago Pinotepa Nacional",52.519989421088,0,0.793792705855171,0,97,0,10.7862374881753,0
"20508","Santo Domingo Chihuitán",55.1514138561123,0,0.0140765706812785,0,78,0,10.7279233494763,0
"20205","San Juan Lalana",48.6989356950029,0,0.015050613224701,0,87,0,9.22184343671161,0
"20271","San Miguel Mixtepec",48.523345268306,0,0.00835607541249612,0,68,0,9.25665936043701,0
"20329","San Pedro Teozacoalco",50.8827202143745,0,0.00395326892560859,0,157,0,8.67025386785331,0
"20330","San Pedro Teutila",51.7173019635777,0,0.00653862775408941,0,143,0,9.02929996143247,0
"20246","San Mateo Cajonos",52.9864585900361,0,0.00689503078780395,0,122,0,9.57215645273035,0
"20277","Villa Sola de Vega",49.4468624814672,0,0.111585333234185,0,133,0,8.75709353767675,0
"20545","Teotitlán de Flores Magón",55.692267844041,0,0.157612669714034,0,54,0,11.287130415113,0
"20546","Teotitlán del Valle",52.064601362043,0,0.0560507647387701,0,24,0,10.6991609701947,0
"20547","Teotongo",54.3033371157521,0,0.012724311925155,0,68,0,10.5631499545717,0
"20170","San José Lachiguiri",44.8309808837109,0,0.0060936995781512,0,105,0,8.46617945367149,0
"20230","San Lorenzo Victoria",53.3438821462574,0,0.00390644434128081,0,129,0,9.60586278948235,0
"20168","San José Estancia Grande",50.7133724460325,0,0.00246234536377196,0,97,0,9.52055489304944,0
"20184","San Juan Bautista Tuxtepec",56.135935257653,0,2.1393201134169,0,7,0,13.9421766585406,0
"20185","San Juan Cacahuatepec",53.0479493437922,0,0.0772036646963733,0,125,0,9.76988178663922,0
"20404","Santa María Chachoápam",55.6239920102871,0,0.0180949057514653,0,69,0,10.8413850072263,0
"20407","Santa María Chimalapa",48.8081408183251,0,0.018750211667258,0,165,0,8.34300641644387,0
"20186","San Juan Cieneguilla",53.0379743767515,0,0.00756546069937505,0,136,0,9.49400911978579,0
"20214","San Juan Quiotepec",51.7290127691255,0,0.00314142731081426,0,164,0,8.84648513511662,0
"20220","San Juan Tepeuxila",52.9061923977213,0,0.00342371546912328,0,174,0,8.83734941838137,0
"20227","San Lorenzo Cacaotepec",57.7714847193374,0,0.248979989212068,0,16,0,12.3643228741492,0
"20261","San Miguel Amatitlán",49.7764240023264,0,0.00662998092620047,0,100,0,9.25444511409858,0
"20552","Tlacotepec Plumas",54.4568370435835,0,0.00607207300193311,0,68,0,10.5185728225553,0
"20262","San Miguel Amatlán",54.8612656957314,0,0.0310534873069264,0,66,0,10.651043847143,0
"20266","San Miguel del Puerto",50.828917715961,0,0.0314098497181792,0,184,0,8.39691059097686,0
"20550","San Jerónimo Tlacochahuaya",53.687085210756,0,0.0331831333750423,0,21,0,11.1295855619728,0
"20253","San Mateo Piñas",44.950677296844,0,0.0110666609640752,0,186,0,7.17594307080354,0
"20254","San Mateo Río Hondo",51.4580981482366,0,0.0172691823394706,0,122,0,9.26348060665935,0
"20272","San Miguel Panixtlahuaca",51.7386771961527,0,0.0181285038132915,0,175,0,8.68288835526392,0
"20273","San Miguel Peras",47.269059327979,0,0.0165417740155264,0,78,0,8.90066582534848,0
"20275","San Miguel Quetzaltepec",49.0606703594234,0,0.0183971279620723,0,178,0,8.1458330459945,0
"20551","Tlacolula de Matamoros",55.9767002010425,0,0.355700301842264,0,26,0,11.8977495110045,0
"20357","Santa Ana Tavela",52.8052412759881,0,0.0164420899771694,0,139,0,9.28008762570221,0
"20502","Santiago Zacatepec",45.7940075417243,0,0.0193085949080035,0,180,0,7.33071357590124,0
"20553","Tlalixtac de Cabrera",57.0684831864466,0,0.15313223441353,0,10,0,12.0993517952061,0
"20265","San Miguel Chimalapa",49.4017980791693,0,0.0100361430716414,0,112,0,9.16529357715516,0
"20493","Santiago Tillo",54.949829315233,0,0.00636445828862037,0,61,0,10.7883022731998,0
"20318","San Pedro Mixtepec",55.0903064133824,0,1.25640256817981,0,111,0,11.470119781426,0
"20327","San Pedro Tapanatepec",52.9007482096349,0,0.1449041839263,0,74,0,10.417203936552,0
"20554","Totontepec Villa de Morelos",50.7311560242598,0,0.0140455432507986,0,170,0,8.51471708487808,0
"20555","Trinidad Zaachila",53.2272341100064,0,0.010595271664412,0,19,0,11.0760398530502,0
"20556","La Trinidad Vista Hermosa",54.1172918618237,0,0.00259610480094669,0,67,0,10.5725223159219,0
"20018","Concepción Buenavista",52.2675794930567,0,0.00249382950171605,0,81,0,9.89773475350779,0
"20036","Guevea de Humboldt",51.4617247633691,0,0.0145967106230049,0,148,0,8.94502860722701,0
"20338","Villa de Etla",56.9821096412451,0,0.220508410877007,0,24,0,12.0820299736735,0
"20344","San Sebastián Coatlán",50.82088666831,0,0.013159952760495,0,125,0,9.21664946679698,0
"20366","Santa Catarina Loxicha",50.2459886096789,0,0.0241701337002767,0,127,0,8.90022682155014,0
"20377","Santa Cruz Itundujia",49.3177498894513,0,0.0529132303238922,0,226,0,7.68113484155027,0
"20451","Santiago Apoala",44.4291367505471,0,0.0113373233230637,0,113,0,8.44894294724922,0
"20005","Asunción Ixtaltepec",56.0071673204713,0,0.0956177321007575,0,82,0,10.9659592693933,0
"20558","Valerio Trujano",53.905758832112,0,0.00480787330557907,0,99,0,10.1282037212817,0
"20561","Yaxe",49.8365052381525,0,0.00653417276191067,0,57,0,9.70536159799355,0
"20056","Mártires de Tacubaya",51.1777475639707,0,0.00473124364395908,0,112,0,9.30013881791041,0
"20563","Yogana",47.0043418380691,0,0.00359911987171774,0,56,0,9.15590739869547,0
"20497","Santiago Yaitepec",46.8524520228997,0,0.00602120134317615,0,159,0,7.86884500219444,0
"20549","Heroica Villa Tezoatlán de Segura y Luna, Cuna de la Independencia de Oaxaca",51.6898038116708,0,0.0557758846588596,0,112,0,9.50860672024106,0
"20564","Yutanduchi de Guerrero",50.6256169489425,0,0.00717864254803941,0,146,0,8.83369580030414,0
"20565","Villa de Zaachila",51.8806135514583,0,0.387157409634204,0,16,0,11.3719066899327,0
"20099","San Andrés Tepetlapa",48.3984626321626,0,0.000894564165349793,0,143,0,8.39979871988347,0
"20491","Santiago Textitlán",52.0912398392836,0,0.00792410497880731,0,209,0,8.2750497941657,0
"20031","Tamazulápam del Espíritu Santo",50.8077075578229,0,0.0532798806853747,0,102,0,9.50606705056514,0
"20279","San Miguel Suchixtepec",53.0972058717847,0,0.0107548017644572,0,120,0,9.73133842714247,0
"20401","Santa María Colotepec",53.756400468584,0,0.334639332201753,0,111,0,10.3141931654227,0
"20367","Santa Catarina Mechoacán",48.4107011491627,0,0.0206182771052925,0,120,0,8.84484321885779,0
"20500","Santiago Yosondúa",51.0794466846879,0,0.0377509638562967,0,184,0,8.44567001164442,0
"20503","Santiago Zoochila",55.0567640353756,0,0.00834191043251762,0,129,0,9.97542082530216,0
"20379","Santa Cruz Nundaco",51.6825946306106,0,0.0094277854531807,0,122,0,9.30205322187661,0
"20494","Santiago Tlazoyaltepec",48.5927597890768,0,0.0126878722793977,0,67,0,9.46501212074184,0
"20499","Santiago Yolomécatl",55.648676519915,0,0.0353977119685453,0,87,0,10.7048503589439,0
"20058","Mazatlán Villa de Flores",45.9454381527939,0,0.019886293963382,0,114,0,8.20998678580484,0
"20059","Miahuatlán de Porfirio Díaz",53.8487919240351,0,0.526145252769168,0,50,0,11.2874496914077,0
"20177","San Juan Bautista Cuicatlán",54.6717567502474,0,0.153160143923015,0,104,0,10.3115731486298,0
"20359","Santa Ana Yareni",50.9479658597759,0,0.00343018067481641,0,95,0,9.39976315104831,0
"20364","Santa Catarina Juquila",52.2277125755336,0,0.238166185630324,0,162,0,9.14740173481255,0
"20569","Santa Inés de Zaragoza",49.8131705337607,0,0.011791243117126,0,78,0,9.74412687273609,0
"20570","Zimatlán de Álvarez",54.1300585255153,0,0.230763474234635,0,38,0,11.2163322439098,0
"20567","Zapotitlán Lagunas",48.1187576430958,0,0.0236297876275265,0,146,0,8.37258578904037,0
"20057","Matías Romero Avendaño",54.5662482990294,0,0.524796367114683,0,77,0,11.1812220686533,0
"20423","Santa María Nduayaco",51.8901631445987,0,0.00233381385492649,0,103,0,9.47794656747419,0
"20112","San Baltazar Chichicápam",52.4204519350181,0,0.0349963356748389,0,54,0,10.4664646414867,0
"20510","Santo Domingo Ixcatlán",50.7343198802279,0,0.00380210375558295,0,182,0,8.33429710733012,0
"20371","Santa Catarina Ticuá",50.954892999416,0,0.0073664671531172,0,148,0,8.96578998988687,0
"20424","Santa María Ozolotepec",50.1231360769611,0,0.00801853845854828,0,157,0,8.50407803877403,0
"20406","Santa María Chilchotla",40.8112840713157,0,0.058344811805221,0,106,0,7.70524473454531,0
"20410","Santa María Ecatepec",52.8262604843605,0,0.0125253331755201,0,182,0,8.87010502188806,0
"20435","Santa María Tepantlali",48.4845928358274,0,0.0286265547996473,0,102,0,8.94188780618221,0
"20417","Santa María Jacatepec",51.4458804966845,0,0.0221334936417294,0,38,0,10.471103738675,0
"20422","Santa María Nativitas",54.4357959993165,0,0.00693076919344192,0,73,0,10.5564681379627,0
"20439","Santa María Tonameca",48.7982205220227,0,0.357075288447607,0,133,0,8.99394146622874,0
"20450","Santiago Amoltepec",44.1186431724611,0,0.0267695686565483,0,300,0,5.41571843535239,0
"20075","Reforma de Pineda",54.7239925437443,0,0.041364038905104,0,96,0,10.4163829184051,0
"20501","Santiago Yucuyachi",52.5539267132105,0,0.00289956521507318,0,138,0,9.31874708790648,0
"20504","Nuevo Zoquiápam",53.671572928247,0,0.00749730349352231,0,69,0,10.309187537528,0
"20505","Santo Domingo Ingenio",56.2139112768298,0,0.0603426097813707,0,88,0,10.88120789865,0
"20251","San Mateo Nejápam",49.6894717289195,0,0.00281734997584145,0,138,0,8.67310053787912,0
"20459","Villa de Santiago Chazumba",54.1773430228497,0,0.0565627397271707,0,67,0,10.7202376843029,0
"20477","Santiago Minas",50.7690022916533,0,0.00268927769013156,0,209,0,8.07166152714388,0
"20484","Santiago Tamazola",51.6063108661805,0,0.0410127875306055,0,136,0,9.23584460313452,0
"20485","Santiago Tapextla",48.1332158058393,0,0.00690362786543523,0,110,0,8.75528366794808,0
"20492","Santiago Tilantongo",49.3792887808089,0,0.0115035806086093,0,108,0,9.14746159139905,0
"20495","Santiago Xanica",47.5692714238263,0,0.00455019038351429,0,201,0,7.43858847458624,0
"20534","San Vicente Coatlán",48.8382679263955,0,0.00524480245612406,0,64,0,9.35525834850724,0
"20537","Silacayoápam",52.3851429865836,0,0.0384643107312581,0,137,0,9.36926955396649,0
"20543","Tataltepec de Valdés",49.3746947228528,0,0.0137863723096587,0,192,0,7.96729754449339,0
"20548","Tepelmeme Villa de Morelos",49.6856358646832,0,0.0216996233739296,0,66,0,9.7389956753046,0
"20463","Santiago Huauclilla",53.0819304203056,0,0.0121966360053262,0,100,0,9.86651414055375,0
"20467","Santiago Jamiltepec",52.8457154791546,0,0.223083159292406,0,131,0,9.75836640082191,0
"20559","San Juan Bautista Valle Nacional",53.6106634174365,0,0.145136764512514,0,54,0,10.8259266483546,0
"20169","San José Independencia",42.1285692489624,0,0.0098813593938292,0,92,0,7.92764882912366,0
"20117","San Bartolomé Loxicha",49.514607877209,0,0.00657668552848893,0,137,0,8.73663241918984,0
"20512","Santo Domingo Ozolotepec",50.9489728844747,0,0.00121644654507839,0,164,0,8.62936125556055,0
"20514","Santo Domingo Roayaga",47.4991211588905,0,0.00151763142561869,0,236,0,6.81629128737427,0
"20118","San Bartolomé Quialana",51.1229095126086,0,0.00936106127875799,0,32,0,10.2912334422554,0
"20518","Santo Domingo Tlatayápam",55.0780817116493,0,0.00142792552969935,0,73,0,10.6106464614336,0
"20440","Santa María Totolapilla",52.541761775247,0,0.00703313922485054,0,162,0,9.08714715542855,0
"20568","Zapotitlán Palmas",52.7085923713286,0,0.00895833123650098,0,62,0,10.3405171279445,0
"20521","Santo Domingo Tonaltepec",53.1254366960545,0,0.00194645517858595,0,78,0,10.1319794519975,0
"20001","Abejones",52.0519309696566,0,0.00764651549707742,0,127,0,9.40910046529088,0
"20256","San Mateo Tlapiltepec",54.1803790601044,0,0.000957710732744692,0,71,0,10.4615512364507,0
"20003","Asunción Cacalotepec",49.9452112764873,0,0.0151156115181082,0,142,0,8.80214497436378,0
"20263","San Miguel Coatlán",49.6306110506632,0,0.0113418544102491,0,93,0,9.18613973301771,0
"20004","Asunción Cuyotepeji",54.5721862280029,0,0.00511631922655667,0,54,0,10.8140963140593,0
"20007","Asunción Ocotlán",46.2793385733478,0,0.00214204074463159,0,40,0,9.15360607081829,0
"20267","San Miguel del Río",54.9865774015841,0,0.00285567845719727,0,64,0,10.6536040615827,0
"20011","Calihualá",49.4330332422244,0,0.0109571112108713,0,153,0,8.48742993760331,0
"20027","Chiquihuitlán de Benito Juárez",49.0854309662761,0,0.00623483468384238,0,202,0,7.88927383238453,0
"20030","El Espinal",58.9714012676972,0,0.123679193381171,0,76,0,11.7715501697076,0
"20519","Santo Domingo Tomaltepec",54.5397240877879,0,0.0185222011822798,0,14,0,11.3224511383558,0
"20034","Guadalupe de Ramírez",53.5983944392237,0,0.00700882593212208,0,129,0,9.71214375102201,0
"20013","Ciénega de Zimatlán",55.1931427584009,0,0.0596264775420572,0,24,0,11.3742444478328,0
"20460","Santiago Choápam",49.4988304758647,0,0.0169958577228706,0,156,0,8.41941764528997,0
"20044","Loma Bonita",55.2200491214133,0,0.612574858032847,0,15,0,12.0524563959282,0
"20017","La Compañía",49.5829310975747,0,0.00271545184644614,0,59,0,9.70056950732081,0
"20507","Santo Domingo Armenta",50.7852211460312,0,0.0178737407047729,0,105,0,9.38754574068412,0
"20049","Magdalena Ocotlán",51.6503021314666,0,0.00179108268284923,0,41,0,10.4211872162127,0
"20520","Santo Domingo Tonalá",52.7208836589929,0,0.0650017680521164,0,107,0,9.85052297238311,0
"20019","Concepción Pápalo",51.3476181462567,0,0.00323997309718189,0,151,0,8.82107210039497,0
"20022","Cosoltepec",53.5573084083406,0,0.011122486827012,0,75,0,10.3628695114243,0
"20024","Cuyamecalco Villa de Zaragoza",49.1341171361685,0,0.0077074595441606,0,176,0,8.14385298582404,0
"20025","Chahuites",53.6924403727217,0,0.133101564991617,0,68,0,10.733546860699,0
"20026","Chalcatongo de Hidalgo",52.2214633481974,0,0.111291313951149,0,150,0,9.28067995157974,0
"20029","Eloxochitlán de Flores Magón",47.9189906835789,0,0.0118123220962268,0,98,0,8.89346483971377,0
"20032","Fresnillo de Trujano",49.7147578829851,0,0.00518155713622482,0,117,0,9.18867340818692,0
"20515","Santo Domingo Tehuantepec",55.2154760768848,0,0.678073708684574,0,87,0,11.2683329732341,0
"20516","Santo Domingo Teojomulco",51.8718498461093,0,0.0404494110457222,0,184,0,8.55200108294198,0
"20033","Guadalupe Etla",57.039077308998,0,0.0780531414207955,0,23,0,11.8942767215803,0
"20050","Magdalena Peñasco",49.561155262575,0,0.0172409910700823,0,125,0,8.98892603673855,0
"20035","Guelatao de Juárez",58.3074890662247,0,0.060950411931418,0,70,0,11.6181919736583,0
"20051","Magdalena Teitipac",44.7347354370376,0,0.0129357773542848,0,34,0,9.19587990522218,0
"20536","San Vicente Nuñú",54.751967187128,0,0.00311858557004704,0,92,0,10.252391500943,0
"20047","Santa Magdalena Jicotlán",55.36313447737,0,0.000413625951069323,0,69,0,10.7325955942358,0
"20037","Mesones Hidalgo",49.398571498117,0,0.0162608712824611,0,179,0,8.17565213422646,0
"20040","Huautepec",43.5287807792635,0,0.00831153561943244,0,80,0,8.38838420603482,0
"20041","Huautla de Jiménez",47.7315580287063,0,0.291600872930814,0,86,0,9.42600683950046,0
"20042","Ixtlán de Juárez",54.4054205882527,0,0.105981176863726,0,127,0,9.92514401633001,0
"20045","Magdalena Apasco",57.450212015802,0,0.0373720809043238,0,28,0,11.8992871374528,0
"20053","Magdalena Tlacotepec",55.2606686539478,0,0.00256053278212554,0,82,0,10.7625860132287,0
"20046","Magdalena Jaltepec",52.2477761719831,0,0.0301994141047784,0,83,0,10.0779596952553,0
"20523","Santo Domingo Yanhuitlán",54.5164901319105,0,0.0170258591805034,0,64,0,10.7227163964123,0
"20048","Magdalena Mixtepec",49.1580545375327,0,0.00159101702053082,0,57,0,9.39555575969228,0
"20522","Santo Domingo Xagacía",50.1929983998036,0,0.0069237130859092,0,113,0,8.98755170573212,0
"20456","Santiago Cacaloxtepec",52.1929545013752,0,0.0130784780818677,0,61,0,10.2767399511575,0
"20060","Mixistlán de la Reforma",50.7016429442465,0,0.00381055558519816,0,156,0,8.7278192435342,0
"20061","Monjas",48.1697305044766,0,0.0108486865120791,0,55,0,9.56550024687068,0
"20062","Natividad",55.6141811255855,0,0.0162846971489356,0,95,0,10.5264868298044,0
"20063","Nazareno Etla",56.8758399017886,0,0.0633465398364612,0,28,0,11.8496251495067,0
"20065","Ixpantepec Nieves",49.8898988786068,0,0.0182344387499808,0,117,0,9.06889043148139,0
"20069","La Pe",51.0443385174192,0,0.00163019641746939,0,51,0,10.0049418914157,0
"20070","Pinotepa de Don Luis",51.2388780696729,0,0.0117570350276866,0,120,0,9.34354986567215,0
"20071","Pluma Hidalgo",48.9623664960151,0,0.0304244242133844,0,146,0,8.46597530102762,0
"20096","San Andrés Sinaxtla",55.7596518882316,0,0.0137972630954102,0,59,0,11.0624704099699,0
"20072","San José del Progreso",50.7456443679553,0,0.0187842449821279,0,44,0,10.3031392971719,0
"20097","San Andrés Solaga",52.6781018236657,0,0.00960074831387729,0,155,0,8.96266219402259,0
"20098","San Andrés Teotilálpam",50.314929345097,0,0.00606370782541327,0,162,0,8.54731275871784,0
"20074","Santa Catarina Quioquitani",53.9709881759041,0,0.00138585690019634,0,123,0,9.72094270484486,0
"20076","La Reforma",53.0221582544358,0,0.014550722868322,0,208,0,8.51767123044765,0
"20190","San Juan Cotzocón",50.9969745902309,0,0.141181663140328,0,109,0,9.62553786505564,0
"20078","Rojas de Cuauhtémoc",56.3340682489814,0,0.00961433759227788,0,18,0,11.7248645333168,0
"20077","Reyes Etla",54.7552363824369,0,0.0181427898057335,0,27,0,11.330998569232,0
"20081","San Agustín Atenango",51.1694163495146,0,0.00394328169820297,0,107,0,9.48762959012252,0
"20094","San Andrés Nuxiño",52.946088571782,0,0.00698296227175579,0,68,0,10.4140429251976,0
"20080","San Agustín Amatengo",50.7699913151665,0,0.00294159891621778,0,54,0,9.97807617959271,0
"20084","San Agustín Etla",57.7558189861148,0,0.0288406148012099,0,27,0,11.977391196715,0
"20082","San Agustín Chayuco",51.9709118474639,0,0.0174772834933772,0,138,0,9.2044639084462,0
"20086","San Agustín Tlacotepec",52.1562937600981,0,0.0153769611170196,0,128,0,9.43495400701674,0
"20083","San Agustín de las Juntas",57.4191093230082,0,0.142613527391912,0,10,0,12.1914458474907,0
"20092","San Andrés Ixtlahuaca",53.8980277956531,0,0.00634075038782475,0,22,0,11.1479372066993,0
"20087","San Agustín Yatareni",51.6854796929552,0,0.0925292677329064,0,9,0,11.0559787745707,0
"20089","San Andrés Dinicuiti",53.7912024038994,0,0.00173705538113593,0,70,0,10.3992953287451,0
"20090","San Andrés Huaxpaltepec",50.214059158291,0,0.0659154550957287,0,109,0,9.59867534857598,0
"20091","San Andrés Huayápam",59.6069046409014,0,0.0654735268871829,0,12,0,12.6462951440574,0
"20095","San Andrés Paxtlán",48.7904353620807,0,0.0076078505212203,0,89,0,9.16488709602847,0
"20100","San Andrés Yaá",50.0842628400557,0,0.0102315978489456,0,181,0,8.32883370704964,0
"20101","San Andrés Zabache",49.5264191262107,0,0.00205444764661605,0,61,0,9.61324466764838,0
"20102","San Andrés Zautla",53.6555622753586,0,0.0291542582574138,0,31,0,11.1279927976533,0
"20233","San Lucas Quiaviní",50.6224125901472,0,0.0106372647744722,0,34,0,10.1826881213834,0
"20103","San Antonino Castillo Velasco",49.8695121912607,0,0.0986516295778879,0,33,0,10.4378398273763,0
"20104","San Antonino el Alto",51.9315629637717,0,0.0107112128779027,0,101,0,9.58215839525328,0
"20105","San Antonino Monte Verde",53.1879020415157,0,0.00694743290344519,0,123,0,9.62915079313573,0
"20107","San Antonio de la Cal",57.097601682762,0,0.294164710603658,0,10,0,12.2710460861823,0
"20108","San Antonio Huitepec",51.715462134898,0,0.0370156576088081,0,134,0,9.29054070893631,0
"20109","San Antonio Nanahuatípam",54.5196452641362,0,0.00507747223783613,0,51,0,10.8625522125563,0
"20110","San Antonio Sinicahua",45.8780899973498,0,0.00280095671147863,0,135,0,8.29877812188029,0
"20111","San Antonio Tepetlapa",48.2163800352858,0,0.00810980109702275,0,130,0,8.67956561592853,0
"20527","Santos Reyes Pápalo",50.8722696747953,0,0.00188338282323392,0,134,0,8.8745756957451,0
"20116","San Bartolomé Ayautla",47.7122020004302,0,0.0104077489079342,0,64,0,9.23119096971751,0
"20114","San Baltazar Yatzachi el Bajo",53.2828345727823,0,0.00473863552864685,0,139,0,9.4362811243211,0
"20172","San Juan Achiutla",54.9727124026363,0,0.00851351863655571,0,109,0,10.2374496459342,0
"20115","San Bartolo Coyotepec",56.430270864509,0,0.198738413015205,0,19,0,12.0160986378202,0
"20413","Santa María Huatulco",55.610652529718,0,0.98588788693828,0,149,0,10.9170442246017,0
"20119","San Bartolomé Yucuañe",52.1509442527787,0,0.00180339452823854,0,127,0,9.33996296132764,0
"20120","San Bartolomé Zoogocho",53.4949759474877,0,0.0112210493467277,0,138,0,9.49812676509967,0
"20121","San Bartolo Soyaltepec",53.697321132963,0,0.00661081866276331,0,74,0,10.3543039595487,0
"20014","Ciudad Ixtepec",57.5381281435036,0,0.683281159275645,0,73,0,11.9677231878796,0
"20015","Coatecas Altas",46.8164476004183,0,0.00840063081582737,0,56,0,9.16243826501688,0
"20123","San Bernardo Mixtepec",51.9427063945541,0,0.0134295554962504,0,62,0,10.1666088264611,0
"20122","San Bartolo Yautepec",53.4842135833253,0,0.00859321068652691,0,150,0,9.2559591586479,0
"20528","Santos Reyes Tepejillo",50.9613356433133,0,0.012894307216287,0,133,0,9.15646701042613,0
"20124","Heroica Villa de San Blas Atempa",47.5153390418427,0,0.105472124600752,0,83,0,9.06224518780767,0
"20129","San Cristóbal Suchixtlahuaca",55.9626870393986,0,0.00610567316952328,0,67,0,10.9313756024771,0
"20206","San Juan de los Cués",52.4906952044865,0,0.00249402186212556,0,80,0,10.0080448253053,0
"20126","San Cristóbal Amatlán",48.2919554450303,0,0.00997571620378071,0,82,0,9.10738598792688,0
"20020","Constancia del Rosario",49.4834304538451,0,0.0168708707968478,0,165,0,8.42282581138364,0
"20127","San Cristóbal Amoltepec",49.8872444442766,0,0.00346381064533353,0,114,0,9.10988311806552,0
"20128","San Cristóbal Lachirioag",54.5860113680138,0,0.0199593294829888,0,189,0,9.15533859140818,0
"20529","Santos Reyes Yucuná",47.591830827377,0,0.00310949135771109,0,119,0,8.50941229287413,0
"20131","San Dionisio Ocotepec",50.5400808484444,0,0.0675047813329199,0,55,0,9.89171305757291,0
"20130","San Dionisio del Mar",48.6974246547803,0,0.0419319340521935,0,98,0,9.27117026044654,0
"20152","San Francisco Tlapancingo",46.0605155508224,0,0.0112743540042071,0,161,0,7.95867847242947,0
"20153","San Gabriel Mixtepec",53.4679774006205,0,0.0414062985040143,0,134,0,9.59348896357574,0
"20132","San Dionisio Ocotlán",53.3074795817417,0,0.013487105415399,0,36,0,11.0013950630878,0
"20135","San Felipe Tejalápam",53.3269090157916,0,0.0299354259827586,0,25,0,10.9728145997606,0
"20136","San Felipe Usila",52.3091673192806,0,0.0544847022577613,0,119,0,9.5941408830861,0
"20137","San Francisco Cahuacuá",49.3932188858618,0,0.0127035186595103,0,264,0,6.98969480976192,0
"20139","San Francisco Chapulapa",49.4760041170334,0,0.00517877262700753,0,190,0,7.9614471434211,0
"20142","San Francisco Huehuetlán",49.1642373230957,0,0.00531445323916393,0,94,0,9.25496050032315,0
"20140","San Francisco Chindúa",54.284787448249,0,0.00418617559670259,0,65,0,10.550489608528,0
"20141","San Francisco del Mar",49.9974742666701,0,0.0671944280750594,0,108,0,9.29767357947377,0
"20160","San Jerónimo Silacayoapilla",53.4188966771846,0,0.0036689966570124,0,69,0,10.3323913437887,0
"20143","San Francisco Ixhuatán",54.6074943315048,0,0.0695917493265279,0,109,0,10.2545005455293,0
"20144","San Francisco Jaltepetongo",51.8874337335198,0,0.00898056754941577,0,77,0,9.96682235613506,0
"20145","San Francisco Lachigoló",56.8535980147554,0,0.0561616930143977,0,17,0,12.0233195582389,0
"20531","Santo Tomás Mazaltepec",54.5464834139844,0,0.0180170384537349,0,35,0,11.0253587930399,0
"20146","San Francisco Logueche",50.1101566351824,0,0.00498901462343863,0,91,0,9.46079708250682,0
"20147","San Francisco Nuxaño",54.1663772463591,0,0.000732644620208207,0,75,0,10.4140518249413,0
"20148","San Francisco Ozolotepec",49.8568091417192,0,0.00196183753803171,0,216,0,7.81249714164747,0
"20150","San Francisco Telixtlahuaca",56.6986109343695,0,0.131379718203978,0,33,0,11.7254654324759,0
"20151","San Francisco Teopan",51.8376351069472,0,0.00285892783471374,0,78,0,9.74951738876992,0
"20157","San Jacinto Amilpas",59.6943416023054,0,0.307420016976501,0,8,0,12.9303338211437,0
"20248","San Mateo del Mar",38.5469763638553,0,0.0306269105634897,0,109,0,7.10652345297869,0
"20158","San Jacinto Tlacotepec",51.6142592890443,0,0.00988295889734502,0,222,0,8.06048351070778,0
"20162","San Jerónimo Taviche",48.7225000159212,0,0.00219116435347897,0,51,0,9.7569845724599,0
"20164","San Jorge Nuchita",50.8624705483086,0,0.0092105414478953,0,127,0,9.1062137637727,0
"20176","San Juan Bautista Coixtlahuaca",51.0510220524862,0,0.0604712322972839,0,83,0,9.9252144166446,0
"20165","San José Ayuquila",51.3122143802363,0,0.00819411448410198,0,83,0,9.71297318059396,0
"20167","San José del Peñasco",49.8142867665551,0,0.00437198840092156,0,68,0,9.61611981135583,0
"20530","Santo Tomás Jalieza",49.786181722265,0,0.00972902607831103,0,34,0,10.3281673391849,0
"20187","San Juan Coatzóspam",49.9259166065363,0,0.00827811472454509,0,75,0,9.63048347238148,0
"20171","San José Tenango",37.9560375879217,0,0.050334637510213,0,104,0,7.13225288243726,0
"20188","San Juan Colorado",49.4912542042221,0,0.0185249219355644,0,134,0,8.75068695741323,0
"20173","San Juan Atepec",53.5576564047212,0,0.00924040147789292,0,125,0,9.63865375435916,0
"20174","Ánimas Trujano",56.9821162572956,0,0.0498953997980536,0,13,0,12.0271238972721,0
"20191","San Juan Chicomezúchil",54.135791987488,0,0.001652488840537,0,72,0,10.3513397158322,0
"20196","San Juan Evangelista Analco",55.3169588176331,0,0.00586147878030552,0,108,0,10.2346331206041,0
"20178","San Juan Bautista Guelache",55.9700562511271,0,0.00559845374559042,0,25,0,11.6408742901633,0
"20197","San Juan Guelavía",52.8631145952429,0,0.0484312660154738,0,25,0,10.8193329938571,0
"20180","San Juan Bautista Lo de Soto",53.0735355247974,0,0.0161554599520136,0,102,0,9.96325858646317,0
"20204","San Juan Lajarcia",53.7930692446964,0,0.00809562175993045,0,127,0,9.66357228164057,0
"20181","San Juan Bautista Suchitepec",52.7766854844928,0,0.00272419384954749,0,61,0,10.2497925462748,0
"20480","Santiago Nundiche",48.0230459550292,0,0.00311775315174554,0,108,0,8.8199147167287,0
"20182","San Juan Bautista Tlacoatzintepec",49.2832779081029,0,0.00372130341392112,0,140,0,8.74751116078656,0
"20183","San Juan Bautista Tlachichilco",51.4231342883384,0,0.00486690229323795,0,143,0,9.09096026479549,0
"20189","San Juan Comaltepec",48.2565535365573,0,0.00247460493780827,0,193,0,7.70773510268817,0
"20192","San Juan Chilateca",56.5687442185092,0,0.0173578009729955,0,29,0,11.6222749809792,0
"20193","San Juan del Estado",54.9030641250815,0,0.0161302703978795,0,32,0,11.1336314500829,0
"20464","Santiago Ihuitlán Plumas",53.0205289183895,0,0.00655389527337322,0,70,0,10.2995105907396,0
"20194","San Juan del Río",54.298486097845,0,0.00912181958280675,0,80,0,10.4419380323133,0
"20195","San Juan Diuxi",47.3753170226969,0,0.00182547734226465,0,95,0,9.00549739125087,0
"20199","San Juan Ihualtepec",48.9076056980293,0,0.00179281982857781,0,148,0,8.52136307821056,0
"20200","San Juan Juquila Mixes",49.1404262712266,0,0.00684443567877251,0,128,0,8.74582514710943,0
"20201","San Juan Juquila Vijanos",51.5074033294485,0,0.00682446434042836,0,155,0,8.76232180209051,0
"20202","San Juan Lachao",51.4831929117262,0,0.0284647744466513,0,146,0,9.01151202992335,0
"20203","San Juan Lachigalla",48.0855781463302,0,0.00387933955953308,0,74,0,9.25331077485503,0
"20210","San Juan Ñumí",51.6398072439143,0,0.0169930826884931,0,118,0,9.39842369574534,0
"20208","San Juan Mixtepec",49.3422758102582,0,0.063500992497487,0,140,0,8.79895687314941,0
"20209","San Juan Mixtepec",49.2679108534208,0,0.00700622678063247,0,111,0,8.99163878684299,0
"20566","San Mateo Yucutindoo",49.6370734554883,0,0.0139908763304685,0,232,0,7.56213015877898,0
"20215","San Juan Sayultepec",55.4548652282207,0,0.00341132120970159,0,62,0,10.9043802261738,0
"20218","San Juan Teita",51.7912704973914,0,0.0054679273178578,0,149,0,9.06073946285064,0
"20284","San Miguel Tilquiápam",46.3475384588448,0,0.00562059673913713,0,40,0,9.16269827481531,0
"20216","San Juan Tabaá",53.176117230939,0,0.0084493479726946,0,164,0,9.0625154744254,0
"20217","San Juan Tamazola",43.8823527879406,0,0.011123681463433,0,114,0,8.13609930427487,0
"20219","San Juan Teitipac",51.2801858919568,0,0.0172389230174618,0,30,0,10.3570436124748,0
"20221","San Juan Teposcolula",53.2931925348868,0,0.00683710082303298,0,73,0,10.2645769349605,0
"20222","San Juan Yaeé",53.1902719802369,0,0.00369376746632511,0,173,0,8.90960338653341,0
"20223","San Juan Yatzona",54.8478552839259,0,0.00653726051647277,0,229,0,8.60965181690697,0
"20541","Tanetze de Zaragoza",53.794266002626,0,0.00970713480390579,0,160,0,9.18949348594118,0
"20498","Santiago Yaveo",47.5112566808134,0,0.0105616441721522,0,97,0,9.07763385302713,0
"20224","San Juan Yucuita",54.3424849984449,0,0.00484332715164808,0,63,0,10.7462449463926,0
"20225","San Lorenzo",46.2536051198448,0,0.101123732812221,0,129,0,8.40515846616954,0
"20016","Coicoyán de las Flores",42.7035649065283,0,0.0198347451895712,0,178,0,6.69475176296465,0
"20226","San Lorenzo Albarradas",53.6587989749911,0,0.0233489307150477,0,59,0,10.5024829832462,0
"20228","San Lorenzo Cuaunecuiltitla",49.4558796892282,0,0.00153367163400014,0,96,0,9.19969376745943,0
"20229","San Lorenzo Texmelúcan",47.1001042680882,0,0.012232718594474,0,170,0,7.66708135817814,0
"20231","San Lucas Camotlán",47.1670388270881,0,0.0036736136170808,0,180,0,7.65575329904093,0
"20232","San Lucas Ojitlán",48.1592038155556,0,0.0687874653571116,0,48,0,9.61101376384341,0
"20234","San Lucas Zoquiápam",46.4117693086444,0,0.0111260140417458,0,97,0,8.60299998960007,0
"20235","San Luis Amatlán",50.5611646956697,0,0.0211050301959177,0,76,0,9.76478983668584,0
"20236","San Marcial Ozolotepec",46.3304756754335,0,0.0033087871089349,0,151,0,7.82117136451015,0
"20239","San Martín Huamelúlpam",52.7846713896631,0,0.0132666790565252,0,93,0,10.1185486837804,0
"20240","San Martín Itunyoso",45.6994653019075,0,0.00772319438157244,0,146,0,8.00986828432133,0
"20241","San Martín Lachilá",53.2235242465546,0,0.00882863739909753,0,59,0,10.4578922933832,0
"20242","San Martín Peras",44.9684577332552,0,0.0282606009124486,0,166,0,7.33551122782724,0
"20243","San Martín Tilcajete",55.1909726983336,0,0.0181800605324939,0,30,0,11.3051995140353,0
"20244","San Martín Toxpalan",52.4573367132723,0,0.02040074049173,0,70,0,10.1235328936017,0
"20249","San Mateo Yoloxochitlán",50.5870982469375,0,0.0255948557545209,0,95,0,9.43300190962137,0
"20525","Santo Domingo Zanatepec",53.8857244800083,0,0.158317219458207,0,89,0,10.4693153016599,0
"20526","Santos Reyes Nopala",51.7194107270272,0,0.126370830621397,0,152,0,9.13307903589462,0
"20245","San Martín Zacatepec",48.7736475645481,0,0.0112258207567578,0,128,0,9.07134525443316,0
"20269","San Miguel el Grande",53.1428375914754,0,0.0443759209264822,0,142,0,9.5305004247515,0
"20247","Capulálpam de Méndez",57.6974997126782,0,0.0417123268711822,0,91,0,11.170477149048,0
"20250","San Mateo Etlatongo",54.0389472848692,0,0.00237887531226837,0,62,0,10.5134988684068,0
"20255","San Mateo Sindihui",51.0976839718127,0,0.00326970897987579,0,159,0,8.75728668658262,0
"20252","San Mateo Peñasco",50.046044323747,0,0.0103826777537936,0,147,0,8.74707194759855,0
"20257","San Melchor Betaza",50.5228974367453,0,0.00208878742387299,0,172,0,8.41392700468604,0
"20258","San Miguel Achiutla",52.5189117034454,0,0.00860227746933946,0,119,0,9.45622840109903,0
"20259","San Miguel Ahuehuetitlán",48.8923983586943,0,0.00528389797746415,0,146,0,8.45457649057669,0
"20260","San Miguel Aloápam",51.6430011775482,0,0.0300500291885189,0,91,0,9.69069546144949,0
"20268","San Miguel Ejutla",52.899233702561,0,0.0089530897705422,0,45,0,10.5582267687936,0
"20276","San Miguel Santa Flor",47.2418640853462,0,0.00100964691884667,0,171,0,7.82997660317873,0
"20281","San Miguel Tecomatlán",55.5490683855603,0,0.00187568338893494,0,66,0,10.8429398127094,0
"20274","San Miguel Piedras",48.9661426242979,0,0.00677797914709733,0,151,0,8.4497651469316,0
"20532","Santo Tomás Ocotepec",50.223222776954,0,0.0126019004879204,0,140,0,8.79839990708281,0
"20280","Villa Talea de Castro",54.34150637698,0,0.0237234228868124,0,157,0,9.41978256716369,0
"20533","Santo Tomás Tamazulapan",53.213162172348,0,0.0320643766749197,0,59,0,10.482617774365,0
"20368","Santa Catarina Minas",52.2256656395788,0,0.00502086408050367,0,36,0,10.5995616100962,0
"20282","San Miguel Tenango",51.9027207537724,0,0.00252868942090109,0,148,0,9.07630910729214,0
"20052","Magdalena Tequisistlán",53.2211787067924,0,0.0458300724684589,0,119,0,9.82235907668825,0
"20283","San Miguel Tequixtepec",53.6719929226672,0,0.0157968017193228,0,78,0,10.2216981377619,0
"20535","San Vicente Lachixío",51.1740238493043,0,0.0098291435985783,0,106,0,9.4691075698374,0
"20286","San Miguel Tlacotepec",51.9604872808828,0,0.0208747398243636,0,116,0,9.54216654400608,0
"20285","San Miguel Tlacamama",50.709168331092,0,0.0157971277812892,0,104,0,9.47702319995229,0
"20288","San Miguel Yotao",52.5196819263618,0,0.00301076966975263,0,187,0,8.53138829251208,0
"20289","San Nicolás",51.0491183760023,0,0.00190258533422577,0,55,0,9.97241680310209,0
"20290","San Nicolás Hidalgo",53.2467117267401,0,0.00822128055716288,0,123,0,9.68782563034385,0
"20292","San Pablo Cuatro Venados",48.6992771711282,0,0.00643764588967919,0,44,0,9.7472344724204,0
"20380","Santa Cruz Papalutla",54.0630639684229,0,0.0129671424500884,0,26,0,11.0173000985425,0
"20294","San Pablo Huitzo",57.2850570323075,0,0.0735877513511677,0,32,0,11.8701262810307,0
"20043","Heroica Ciudad de Juchitán de Zaragoza",56.3006741044853,0,1.17729191464072,0,74,0,12.1652967074187,0
"20295","San Pablo Huixtepec",57.0414850344605,0,0.129694871901373,0,31,0,11.778630507674,0
"20538","Sitio de Xitlapehua",53.3916838727478,0,0.00290092409503206,0,54,0,10.4666167654387,0
"20296","San Pablo Macuiltianguis",54.5513714183356,0,0.00939163121586593,0,143,0,9.69866078119452,0
"20297","San Pablo Tijaltepec",47.5669384478965,0,0.004865601205116,0,164,0,7.96457315047291,0
"20304","San Pedro Coxcaltepec Cántaros",51.5914795658191,0,0.0140126231465618,0,88,0,9.72505005784585,0
"20299","San Pablo Yaganiza",53.6068943318134,0,0.0138424107775822,0,115,0,9.75657820030904,0
"20300","San Pedro Amuzgos",50.8011468272046,0,0.03029974371852,0,146,0,8.91565238837817,0
"20308","San Pedro Huilotepec",51.9926821720513,0,0.0108363174811101,0,97,0,9.69322711570956,0
"20301","San Pedro Apóstol",52.7893927924627,0,0.0310715924013503,0,41,0,10.5581904611672,0
"20311","San Pedro Jaltepetongo",47.8230109057491,0,0.00701616518527086,0,130,0,8.44051314232437,0
"20302","San Pedro Atoyac",48.3996098124331,0,0.0079363755157079,0,128,0,8.57538526301945,0
"20303","San Pedro Cajonos",52.9416250443961,0,0.0114011073281965,0,113,0,9.61574845218613,0
"20305","San Pedro Comitancillo",56.4557380770907,0,0.033477245484069,0,88,0,10.9741213923978,0
"20321","San Pedro Nopala",52.5285452980084,0,0.00286239616193522,0,90,0,9.91731563117175,0
"20332","San Pedro Topiltepec",54.2764232252853,0,0.000936240432936692,0,67,0,10.4372750738796,0
"20307","San Pedro Huamelula",52.2420864602107,0,0.0184039763733886,0,150,0,9.21232738136318,0
"20312","San Pedro Jicayán",46.9607271736682,0,0.0252365643351738,0,114,0,8.80514969045941,0
"20313","San Pedro Jocotipac",50.634721241479,0,0.00140304626594326,0,119,0,9.18026356124516,0
"20314","San Pedro Juchatengo",54.0939934127565,0,0.034187509570753,0,156,0,9.41281286898947,0
"20079","Salina Cruz",57.4234987738464,0,1.32025119071629,0,86,0,12.4822189875219,0
"20331","San Pedro Tidaá",51.4319658423504,0,0.00631489074611789,0,82,0,9.78429757815413,0
"20315","San Pedro Mártir",47.1380611251779,0,0.00183531846436982,0,40,0,9.42037179759362,0
"20316","San Pedro Mártir Quiechapa",53.5344254027423,0,0.00558000916505982,0,129,0,9.56365846473907,0
"20207","San Juan Mazatlán",49.5292201899631,0,0.0255120923564755,0,133,0,8.81114713326931,0
"20317","San Pedro Mártir Yucuxaco",51.8538626620502,0,0.00607911366308671,0,98,0,9.7787263374459,0
"20356","Santa Ana del Valle",53.019420174159,0,0.03945536710057,0,28,0,10.7664852039867,0
"20319","San Pedro Mixtepec",51.0560128139934,0,0.00278576213592925,0,118,0,9.23471423384578,0
"20320","San Pedro Molinos",53.1293059271352,0,0.00558556805649085,0,146,0,9.40639547829912,0
"20322","San Pedro Ocopetatillo",47.4097094203431,0,0.00318930464744848,0,92,0,8.8327238590372,0
"20323","San Pedro Ocotepec",51.6506203606087,0,0.00535014683035377,0,143,0,9.07600978736342,0
"20325","San Pedro Quiatoni",48.661800040139,0,0.0628292742532434,0,115,0,8.80747762266273,0
"20326","San Pedro Sochiápam",49.0109646846964,0,0.00947511449946085,0,217,0,7.70390696325942,0
"20328","San Pedro Taviche",49.7217061954916,0,0.000873594869859174,0,77,0,9.47366807259905,0
"20335","San Pedro Yaneri",51.8210830994088,0,0.00183503747211066,0,161,0,8.79117414088575,0
"20336","San Pedro Yólox",52.8351803080602,0,0.0121273440058406,0,161,0,9.12771108955831,0
"20339","San Pedro y San Pablo Teposcolula",55.6341582780187,0,0.0691476315496619,0,85,0,10.7703577177817,0
"20340","San Pedro y San Pablo Tequixtepec",52.7085208072624,0,0.0203592947805939,0,67,0,10.2349604190371,0
"20341","San Pedro Yucunama",53.3629336470293,0,0.0195999557787397,0,79,0,10.196873630443,0
"20342","San Raymundo Jalpan",56.631783852539,0,0.0212233478219869,0,12,0,11.9530224365339,0
"20343","San Sebastián Abasolo",54.1368791854952,0,0.0222436770874071,0,24,0,11.0179166691806,0
"20345","San Sebastián Ixcapa",51.878152700038,0,0.0154382984142889,0,124,0,9.51403963086723,0
"20346","San Sebastián Nicananduta",52.5098698457851,0,0.010820287154521,0,109,0,9.71944112402437,0
"20347","San Sebastián Río Hondo",52.9561460213299,0,0.0104736178867261,0,118,0,9.60754443177571,0
"20539","Soledad Etla",55.0669643867351,0,0.0543413165702202,0,26,0,11.4464922048698,0
"20211","San Juan Ozolotepec",49.0059938617294,0,0.00296654496937495,0,213,0,7.53376903006557,0
"20212","San Juan Petlapa",47.7686084921693,0,0.00717532343631449,0,239,0,7.01222973232922,0
"20213","San Juan Quiahije",50.6135779119906,0,0.0148639228009034,0,190,0,8.33225375477576,0
"20348","San Sebastián Tecomaxtlahuaca",50.7964080029673,0,0.0586555166544702,0,130,0,9.10162330105485,0
"20349","San Sebastián Teitipac",52.0470251628168,0,0.0121645730855216,0,29,0,10.7218166950042,0
"20540","Villa de Tamazulápam del Progreso",56.5393484361019,0,0.125981176684378,0,64,0,11.2671735789785,0
"20350","San Sebastián Tutla",60.7781072895856,0,0.210110442399169,0,8,0,13.1156827788653,0
"20352","San Simón Zahuatlán",46.0418417009038,0,0.00413374859741852,0,113,0,8.24619034066649,0
"20353","Santa Ana",52.5033612783691,0,0.00522076744278047,0,61,0,10.2672843765111,0
"20354","Santa Ana Ateixtlahuaca",48.4828729146059,0,0.00125360012245551,0,106,0,8.89900238580216,0
"20355","Santa Ana Cuauhtémoc",50.806467074437,0,0.00292809621420795,0,190,0,8.27835220168529,0
"20358","Santa Ana Tlapacoyan",52.2896594214521,0,0.00192727401632572,0,46,0,10.413701837433,0
"20360","Santa Ana Zegache",52.0155293004577,0,0.0219744518532486,0,31,0,10.627096332119,0
"20361","Santa Catalina Quierí",50.2577499095684,0,0.00112804492425869,0,129,0,8.8759597608238,0
"20362","Santa Catarina Cuixtla",53.3564225932454,0,0.00553738326889217,0,58,0,10.5029079685388,0
"20363","Santa Catarina Ixtepeji",54.5242268769378,0,0.0362042596634406,0,42,0,10.8769664471619,0
"20369","Santa Catarina Quiané",54.1772143001168,0,0.0181792719967158,0,26,0,11.1209779281462,0
"20370","Santa Catarina Tayata",54.5908214866612,0,0.00851532848512609,0,105,0,10.1914094196943,0
"20381","Santa Cruz Tacache de Mina",54.5356858134997,0,0.0193202777134605,0,119,0,9.97563475407308,0
"20372","Santa Catarina Yosonotú",48.2717177281597,0,0.00991193747924872,0,151,0,8.64251240350566,0
"20373","Santa Catarina Zapoquila",50.8057522501962,0,0.00130888447622167,0,86,0,9.5615555955469,0
"20374","Santa Cruz Acatepec",47.6036316714101,0,0.00181866159403802,0,88,0,8.8268626626265,0
"20293","San Pablo Etla",58.8988536274167,0,0.112290246734576,0,17,0,12.5247558630064,0
"20375","Santa Cruz Amilpas",58.5347969918961,0,0.11177665300281,0,6,0,12.4846656321994,0
"20376","Santa Cruz de Bravo",52.244526200821,0,0.00306639033829752,0,139,0,9.27502529369342,0
"20382","Santa Cruz Tacahua",52.4884961070652,0,0.00570505694531407,0,187,0,8.65180311686597,0
"20383","Santa Cruz Tayata",53.1442585592703,0,0.000888865316164136,0,101,0,9.80605871792916,0
"20384","Santa Cruz Xitla",50.8953733456253,0,0.0131830305861326,0,57,0,9.8876728178317,0
"20386","Santa Cruz Zenzontepec",47.3549432350158,0,0.0376907836581707,0,244,0,6.87163095956096,0
"20387","Santa Gertrudis",53.9889097519205,0,0.0236332656198498,0,39,0,10.9437729650435,0
"20179","San Juan Bautista Jayacatlán",52.9014141484512,0,0.00604339227788968,0,84,0,9.96099926683759,0
"20388","Santa Inés del Monte",49.2878599922242,0,0.00309326996186846,0,33,0,9.96682530476233,0
"20390","Santa Lucía del Camino",59.2376750764187,0,1.08862504351235,0,3,0,13.6599655728855,0
"20408","Santa María del Rosario",53.3651955720257,0,0.00186463993715466,0,96,0,10.007879581353,0
"20391","Santa Lucía Miahuatlán",46.2649006059431,0,0.00685416951878703,0,90,0,8.52926662981587,0
"20418","Santa María Jalapa del Marqués",54.7900826274877,0,0.15948141654935,0,102,0,10.4573847034785,0
"20392","Santa Lucía Monteverde",47.4820780115397,0,0.0189003280274723,0,180,0,7.89530858224814,0
"20393","Santa Lucía Ocotlán",51.8444318706952,0,0.0114131929559307,0,37,0,10.3686890257974,0
"20394","Santa María Alotepec",51.357334555443,0,0.00475928897130268,0,180,0,8.72726775563998,0
"20395","Santa María Apazco",45.9089767935002,0,0.00498669043193482,0,110,0,8.454198799411,0
"20396","Santa María la Asunción",44.8422391340918,0,0.00734138384414494,0,78,0,8.62487302830751,0
"20397","Heroica Ciudad de Tlaxiaco",54.5630199976586,0,0.555581727956596,0,106,0,10.8383185026711,0
"20398","Ayoquezco de Aldama",52.6369304103301,0,0.0498334555087226,0,51,0,10.4549827617422,0
"20399","Santa María Atzompa",55.8540974297137,0,0.222954164381774,0,10,0,12.0566793461552,0
"20400","Santa María Camotlán",53.1680311710493,0,0.00657073671146906,0,53,0,10.5073981610819,0
"20402","Santa María Cortijo",51.4295469223902,0,0.00877877615542529,0,99,0,9.57981738032896,0
"20154","San Ildefonso Amatlán",51.7905043555149,0,0.00316991267150574,0,82,0,9.83046194905264,0
"20155","San Ildefonso Sola",47.4517287226026,0,0.00442444109959501,0,102,0,8.72036183983215,0
"20156","San Ildefonso Villa Alta",54.2831951643502,0,0.0418548522797261,0,208,0,8.8503966490591,0
"20403","Santa María Coyotepec",56.1721848198107,0,0.0476052621480808,0,16,0,11.7633669904065,0
"20419","Santa María Jaltianguis",55.413818795446,0,0.0100952891048834,0,94,0,10.4227495158797,0
"20405","Villa de Chilapa de Díaz",53.394499444537,0,0.00717303610086257,0,90,0,10.0487827016901,0
"20409","Santa María del Tule",59.1520989315474,0,0.165382363057888,0,11,0,12.5884740268885,0
"20264","San Miguel Chicahua",49.5193260765046,0,0.00821294843348867,0,94,0,9.37996348133788,0
"20411","Santa María Guelacé",55.279739345339,0,0.00953694364905613,0,21,0,11.352858938547,0
"20106","San Antonio Acutla",53.5690449158839,0,0.00258882410717521,0,70,0,10.3726029519102,0
"20198","San Juan Guichicovi",49.5751735858624,0,0.0607653312778636,0,88,0,9.50967036695774,0
"20365","Santa Catarina Lachatao",53.4915531468688,0,0.0310513563388462,0,69,0,10.3548949639827,0
"20002","Acatlán de Pérez Figueroa",52.9517543076979,0,0.344363359577038,0,46,0,10.9485610977209,0
"20006","Asunción Nochixtlán",54.4235055062135,0,0.397007191762237,0,60,0,11.1872237757319,0
"20008","Asunción Tlacolulita",52.9604097461335,0,0.00225556350560764,0,158,0,9.11510353578702,0
"20009","Ayotzintepec",52.363232373329,0,0.0705097103338263,0,72,0,10.171425732469,0
"20010","El Barrio de la Soledad",56.3840902019967,0,0.119329034757984,0,79,0,11.1191316980064,0
"20055","Mariscala de Juárez",53.631643676255,0,0.0501130009152811,0,117,0,9.87855030559104,0
"20412","Santa María Guienagati",50.3096351600402,0,0.0308036921539206,0,134,0,8.84526075422394,0
"20414","Santa María Huazolotitlán",52.80277783685,0,0.0269919896932857,0,119,0,9.7189697618031,0
"20415","Santa María Ipalapa",52.7107982916197,0,0.00937993161795354,0,159,0,9.09198798956944,0
"20287","San Miguel Tulancingo",53.550859906398,0,0.00393318458162643,0,75,0,10.3138186943323,0
"20291","San Pablo Coatlán",52.589636983477,0,0.00924848262969828,0,105,0,9.64429513413736,0
"20298","San Pablo Villa de Mitla",53.4313866494277,0,0.175381561687246,0,42,0,10.9163255884131,0
"20385","Santa Cruz Xoxocotlán",56.6961261437307,0,1.19522380854858,0,7,0,13.2761119527996,0
"20416","Santa María Ixcatlán",50.8390377886686,0,0.000846672304785529,0,111,0,9.29576493660968,0
"20420","Santa María Lachixío",50.0945324757257,0,0.00746749774084031,0,108,0,9.1872359137741,0
"20023","Cuilápam de Guerrero",52.2434812009097,0,0.126091586105521,0,12,0,11.3051158528514,0
"20306","San Pedro el Alto",48.1619717003709,0,0.00634571282072669,0,143,0,8.24384242990531,0
"20310","San Pedro Ixtlahuaca",48.7265683301703,0,0.0447599257076004,0,16,0,10.445168972545,0
"20421","Santa María Mixtequilla",54.7177461520833,0,0.0378971151475391,0,82,0,10.5784940512922,0
"20309","San Pedro Ixcatlán",46.9858139705765,0,0.0309448172273534,0,65,0,9.15206165947849,0
"20324","San Pedro Pochutla",52.178716970936,0,0.643842731186238,0,132,0,10.0399459221179,0
"20337","San Pedro y San Pablo Ayutla",47.2293319903789,0,0.0838893898104129,0,83,0,9.09593730480276,0
"20351","San Simón Almolongas",51.7344870163757,0,0.00950312583436684,0,58,0,10.1518750403574,0
"20425","Santa María Pápalo",51.4299964218825,0,0.00280731125864564,0,171,0,8.62667903478162,0
"20426","Santa María Peñoles",48.6004743002607,0,0.0318567514373192,0,74,0,9.21743063556544,0
"20427","Santa María Petapa",53.0481071216159,0,0.0219104234377931,0,76,0,10.3417709940516,0
"20428","Santa María Quiegolani",50.2302012319628,0,0.010592873482901,0,212,0,7.90995615664197,0
"20432","Santa María Temaxcalapa",54.9434987781757,0,0.00753195320945442,0,215,0,8.84591387972272,0
"20429","Santa María Sola",50.7899803118819,0,0.00603545351321258,0,112,0,9.3260150938976,0
"20430","Santa María Tataltepec",53.0337428951625,0,0.000802543931765719,0,142,0,9.33664391760299,0
"20431","Santa María Tecomavaca",53.9154945203507,0,0.0118018257278581,0,78,0,10.3642067393173,0
"20021","Cosolapa",54.5627964611284,0,0.138817386199396,0,47,0,11.0497112201238,0
"20175","San Juan Bautista Atatlahuca",52.1829034826534,0,0.0124449216220552,0,120,0,9.47823457609539,0
"20270","San Miguel Huautla",46.8971516543939,0,0.00798825210517787,0,120,0,8.51297890943379,0
"20433","Santa María Temaxcaltepec",47.6199911986166,0,0.00192948379310726,0,159,0,7.98166233136491,0
"20436","Santa María Texcatitlán",45.092783383954,0,0.00119534439763781,0,138,0,8.256533985885,0
"20452","Santiago Apóstol",48.4040264456717,0,0.00588268535599878,0,34,0,9.60873587784208,0
"20442","Santa María Yalina",53.756333386356,0,0.0103880790182203,0,136,0,9.50178351721927,0
"20438","Santa María Tlalixtac",50.2964176637473,0,0.00664989311541548,0,195,0,8.1173926532688,0
"20434","Santa María Teopoxco",49.7014575104752,0,0.00390190712683021,0,91,0,9.31992360801372,0
"20444","Santa María Yolotepec",53.7290543995454,0,0.00262487106579682,0,200,0,8.79448799023541,0
"20443","Santa María Yavesía",55.8759046278587,0,0.0109872850586492,0,92,0,10.5736661861163,0
"20445","Santa María Yosoyúa",53.5535314203014,0,0.00792467360644556,0,149,0,9.46058532752197,0
"20448","Santa María Zaniza",48.3442703894791,0,0.00263609554315171,0,228,0,7.0858304967725,0
"20449","Santa María Zoquitlán",52.1495671686957,0,0.0309562901219541,0,113,0,9.54364585329378,0
"20462","Santiago Huajolotitlán",54.7586371979169,0,0.0334922400917368,0,54,0,10.8889546562138,0
"20453","Santiago Astata",52.2569610942902,0,0.0225649645483069,0,145,0,9.25407044378441,0
"20454","Santiago Atitlán",50.1776973947895,0,0.00674277506035216,0,174,0,8.35327367047451,0
"20455","Santiago Ayuquililla",49.9234229838912,0,0.0114930591046076,0,86,0,9.35507638337181,0
"20458","Santiago Comaltepec",54.5213860391446,0,0.0126376282500972,0,137,0,9.76114711021515,0
"20461","Santiago del Río",49.6208829508289,0,0.00112638049849518,0,132,0,8.72115761233982,0
"20465","Santiago Ixcuintepec",50.2138824372691,0,0.00423100119890808,0,187,0,8.11208922927988,0
"20466","Santiago Ixtayutla",43.7481213509579,0,0.016862409406398,0,207,0,6.61814991051916,0
"20468","Santiago Jocotepec",49.8649844722351,0,0.0144788399606182,0,81,0,9.47070358669285,0
"20470","Santiago Lachiguiri",50.6875641619017,0,0.0202239314379961,0,154,0,8.67230233176917,0
"20471","Santiago Lalopa",54.1298786487458,0,0.00775260065988413,0,178,0,9.08724150285944,0
"20472","Santiago Laollaga",55.1268808613649,0,0.0458012881110214,0,86,0,10.6829485144202,0
"20473","Santiago Laxopa",54.6516242189044,0,0.00785242433834558,0,140,0,9.63900249059091,0
"20474","Santiago Llano Grande",52.3542038367847,0,0.0123026076505842,0,103,0,9.78931710392458,0
"20475","Santiago Matatlán",51.3465944047261,0,0.117045443902386,0,53,0,10.2409942579909,0
"20476","Santiago Miltepec",53.6561067159525,0,0.00330983783227716,0,55,0,10.5567201034951,0
"20389","Santa Inés Yatzeche",50.6267966410976,0,0.00124477235654315,0,35,0,10.1983845205693,0
"20478","Santiago Nacaltepec",52.98765344698,0,0.012198499609818,0,92,0,9.97766820138873,0
"20479","Santiago Nejapilla",53.2512253219745,0,0.00703998745554988,0,74,0,10.1885983254974,0
"20012","Candelaria Loxicha",46.4378539508505,0,0.0433266101012699,0,146,0,8.0341508915807,0
"20028","Heroica Ciudad de Ejutla de Crespo",51.7203855917761,0,0.235898569578756,0,47,0,10.5022770545977,0
"20039","Heroica Ciudad de Huajuapan de León",56.8521328652982,0,1.34253169636508,0,50,0,12.7915855658947,0
"20064","Nejapa de Madero",52.9341703715452,0,0.0355552670136114,0,141,0,9.38035229850438,0
"20066","Santiago Niltepec",53.7049721755946,0,0.0550117656044301,0,90,0,10.3060127215504,0
"20067","Oaxaca de Juárez",58.6802535451019,0,6.18341801349734,0,1,0,18.6894433558679,0
"20068","Ocotlán de Morelos",53.7176072907667,0,0.360003498182228,0,33,0,11.410198294112,0
"20073","Putla Villa de Guerrero",53.7122986438932,0,0.348492502469055,0,158,0,9.68464430542655,0
"20085","San Agustín Loxicha",45.6364988947621,0,0.0494359127061352,0,146,0,7.64937097768857,0
"20088","San Andrés Cabecera Nueva",50.4378716663702,0,0.0113358354266297,0,199,0,8.10267763038388,0
"20483","Santiago Suchilquitongo",55.8357156701387,0,0.104559460361165,0,31,0,11.5620872757252,0
"20486","Villa Tejúpam de la Unión",53.6505596835076,0,0.0281585495214223,0,66,0,10.4482105139172,0
"20093","San Andrés Lagunas",54.3316861075621,0,0.00322981069098779,0,83,0,10.2790268796126,0
"20113","San Baltazar Loxicha",53.1585043861825,0,0.0240373094163538,0,116,0,9.65844495029834,0
"20487","Santiago Tenango",53.0426663947868,0,0.00849065885580465,0,52,0,10.5051646186999,0
"20488","Santiago Tepetlapa",54.4258691471755,0,0.000416602585860833,0,72,0,10.4735362439058,0
"20496","Santiago Xiacuí",55.9422894145845,0,0.0114311924217579,0,101,0,10.520556413097,0
"20509","Santo Domingo de Morelos",47.1044270182945,0,0.0205746227331645,0,138,0,8.32023955313749,0
"20557","Unión Hidalgo",57.402700187761,0,0.133316799857452,0,79,0,11.3139364934305,0
"20560","Villa Díaz Ordaz",52.0265824626296,0,0.050119779909893,0,40,0,10.3381196482432,0
"20038","Villa Hidalgo Yalálag",51.4303754229554,0,0.00952230696547085,0,143,0,9.00349403160555,0
"20238","Heroico San Martín de los Cansecos",52.9297214400769,0,0.00445510111664659,0,43,0,10.5454491028012,0
"21180","Tlahuapan",55.709229183396,0,0.174097861521445,0,29,0,11.4921757854219,0
"21080","Atlequizayan",51.2717541751356,0,0.0130808142838132,0,112,0,9.42193368041622,0
"21087","Jolalpan",51.4367626935752,0,0.0261597914381615,0,71,0,9.867585986056,0
"21088","Jonotla",51.3817035256925,0,0.0141879092102635,0,85,0,9.75800976380245,0
"21081","Ixcamilpa de Guerrero",49.6206122305348,0,0.0158118411828497,0,123,0,9.02426202583349,0
"21083","Ixtacamaxtitlán",52.4373172397588,0,0.0583705533661662,0,72,0,10.174360536672,0
"21197","Xicotepec",54.8332525957009,0,0.649042297632197,0,34,0,11.8105168747404,0
"21193","Tzicatlacoyan",52.2510995530557,0,0.0136104722208274,0,43,0,10.4398259430891,0
"21192","Tuzamapan de Galeana",53.1299697299529,0,0.0164924238041742,0,86,0,10.1143709239709,0
"21215","Zongozotla",52.1303951170637,0,0.0148095428202312,0,118,0,9.53405418738543,0
"21191","Tulcingo",52.3667925793858,0,0.113551396509328,0,113,0,9.82521363558012,0
"21216","Zoquiapan",50.7778393792522,0,0.00433136023824113,0,88,0,9.62614868892459,0
"21199","Xiutetelco",53.302421367153,0,0.190858251710418,0,41,0,10.8189397578388,0
"21198","Xicotlán",47.3105916797851,0,0.0148525956527914,0,116,0,9.03143317690194,0
"21178","Tlacuilotepec",49.8870819386488,0,0.0257047736780964,0,82,0,9.65842012881132,0
"21105","Ocotepec",53.3651662275059,0,0.0138394070762395,0,53,0,10.6022826548278,0
"21132","San Martín Texmelucan",58.2203845769481,0,1.22533754253806,0,13,0,13.3536480920077,0
"21143","San Salvador el Verde",56.8429076565582,0,0.199002127482963,0,22,0,11.8975422164979,0
"21176","Tilapa",54.4456067602377,0,0.0243332933608414,0,29,0,11.1114145001742,0
"21174","Teziutlán",57.5211818118232,0,0.695839732001553,0,41,0,12.3313120587661,0
"21171","Tepeyahualco de Cuauhtémoc",55.453129065379,0,0.0329777368928949,0,40,0,11.1816422549695,0
"21103","Nicolás Bravo",52.5364473513634,0,0.0175759229688849,0,31,0,10.6157841293059,0
"21102","Nealtican",56.653147311774,0,0.0864774339198022,0,12,0,11.7620864183468,0
"21142","San Salvador el Seco",55.4520982429278,0,0.223425668664708,0,34,0,11.4043079071246,0
"21101","Nauzontla",52.6611323685747,0,0.00527413339464143,0,87,0,9.97798109353961,0
"21100","Naupan",50.5501192064928,0,0.0278151987981943,0,51,0,9.930119542281,0
"21099","Cañada Morelos",52.2034394892961,0,0.0541942042019064,0,37,0,10.5140333305587,0
"21098","Molcaxac",53.595688323434,0,0.0305371871559152,0,51,0,10.6434679497388,0
"21001","Acajete",54.1870446725267,0,0.280060392360484,0,20,0,11.45349123195,0
"21182","Tlanepantla",55.2547648731919,0,0.0305552800611799,0,33,0,11.1746158635405,0
"21201","Xochiltepec",53.5894645863985,0,0.0089350826984985,0,43,0,10.6384549531414,0
"21110","Palmar de Bravo",53.2714259535265,0,0.178357305389099,0,30,0,10.9394686088762,0
"21109","Pahuatlán",51.6954702176506,0,0.0969817395279719,0,73,0,10.0498279593972,0
"21067","Guadalupe Victoria",54.9962831331053,0,0.193506426828445,0,41,0,11.2057029645027,0
"21147","Santa Inés Ahuatempan",50.7784774716862,0,0.0324731728459679,0,83,0,9.78211406422197,0
"21204","Yaonáhuac",55.0249356160415,0,0.0171458945559221,0,63,0,10.824338290433,0
"21108","Oriental",55.4971385225531,0,0.0956031241493979,0,39,0,11.2733662191083,0
"21066","Guadalupe",51.6632134766281,0,0.0320552932217952,0,101,0,9.69875847384655,0
"21167","Tepetzintla",48.9275005702066,0,0.014795273250842,0,88,0,9.24561772799525,0
"21166","Tepeojuma",54.5751838479252,0,0.045449777437504,0,28,0,11.1292386469901,0
"21065","General Felipe Ángeles",54.5077733450038,0,0.108039650612959,0,28,0,11.1604702637174,0
"21181","Tlaltenango",56.9620965294138,0,0.0397301370518524,0,14,0,11.831714205421,0
"21064","Francisco Z. Mena",51.4757816429205,0,0.0930347086622671,0,56,0,10.3644832156533,0
"21148","Santa Isabel Cholula",51.6304527205526,0,0.0175312819129186,0,17,0,10.7285569504411,0
"21063","Esperanza",55.3544960728121,0,0.107767913069697,0,29,0,11.3545897781836,0
"21217","Zoquitlán",48.1038208578218,0,0.0525857181944037,0,89,0,9.01919465360494,0
"21207","Zacapoaxtla",53.7486832996587,0,0.339073668960212,0,65,0,10.8326084644521,0
"21214","Zinacatepec",54.4523364875769,0,0.129859826800987,0,15,0,11.301499460656,0
"21059","Chinantla",51.2861778728113,0,0.0197377953433825,0,79,0,9.95347987192437,0
"21058","Chilchotla",51.6092335036026,0,0.105193713519417,0,65,0,10.0761977554426,0
"21057","Honey",52.2545499615667,0,0.0387061847365851,0,47,0,10.4725783179917,0
"21056","Chila de la Sal",53.1187097394576,0,0.00980368363463646,0,102,0,9.90643330568672,0
"21107","Olintla",43.6856887151205,0,0.0215624925154471,0,107,0,8.21640013586068,0
"21106","Ocoyucan",55.9892191485837,0,0.0937059679041536,0,15,0,11.814992446443,0
"21055","Chila",51.4706511425846,0,0.0123581905721708,0,73,0,9.97527588600411,0
"21200","Xochiapulco",51.7114974267485,0,0.0160457760623691,0,85,0,9.78697002200113,0
"21051","Chietla",55.0571097383883,0,0.173783608542577,0,33,0,11.3561528931774,0
"21050","Chichiquila",49.2873160008827,0,0.03853612259127,0,61,0,9.62135104063759,0
"21096","Mazapiltepec de Juárez",54.842253347287,0,0.0122561887851817,0,34,0,11.0743321237314,0
"21095","La Magdalena Tlatlauquitepec",55.7065238229095,0,0.00501423510391082,0,77,0,10.8016824115548,0
"21094","Libres",55.7246541307075,0,0.311722058340041,0,43,0,11.5014254688998,0
"21093","Lafragua",53.2466217649757,0,0.018305896671246,0,52,0,10.4903389341757,0
"21092","Juan N. Méndez",52.0315343291835,0,0.0117589557260752,0,65,0,10.1163605341497,0
"21091","Juan Galindo",57.6354660020421,0,0.0669731198439107,0,30,0,11.8764343209196,0
"21208","Zacatlán",55.4248903782217,0,0.792239293266356,0,34,0,12.0752690177184,0
"21090","Juan C. Bonilla",57.2795080229273,0,0.0888246115210421,0,8,0,12.1295138674549,0
"21037","Coyotepec",54.1620183462901,0,0.0137725643535828,0,67,0,10.6318505391011,0
"21035","Coxcatlán",53.8094186931408,0,0.0593504707878946,0,39,0,10.8957781608659,0
"21034","Coronango",57.2454447252674,0,0.267808390474858,0,10,0,12.3200947966295,0
"21033","Cohuecan",52.7507256236087,0,0.00901940377300823,0,39,0,10.6045077110748,0
"21032","Cohetzala",53.0128090307625,0,0.00324071417389504,0,84,0,10.1942053360999,0
"21031","Coatzingo",51.7659977442594,0,0.0147637338712713,0,74,0,9.94335068397491,0
"21030","Coatepec",52.1095095359018,0,0.00170509956988789,0,114,0,9.58330062196858,0
"21029","Caxhuacan",51.9724859516312,0,0.0170143291151782,0,94,0,9.81763628585805,0
"21028","Camocuautla",50.5804835068056,0,0.00330929261837526,0,115,0,9.19437888853538,0
"21020","Atoyatempan",55.4476964443985,0,0.0307056488163589,0,40,0,11.0817394728414,0
"21077","Hueytlalpan",46.7654890974039,0,0.0105857231371637,0,104,0,8.69626473347478,0
"21074","Huejotzingo",57.2878297242416,0,0.434675781634948,0,11,0,12.3763361935502,0
"21022","Atzitzihuacán",52.8577526622273,0,0.0314998606984983,0,39,0,10.5544887377527,0
"21025","Ayotoxco de Guerrero",52.4809312517531,0,0.0480234068569201,0,69,0,10.2294322104928,0
"21177","Tlacotepec de Benito Juárez",52.9058813524694,0,0.228279594255946,0,33,0,10.8950410982574,0
"21075","Hueyapan",53.7123449273868,0,0.0454946467088938,0,61,0,10.4823370295885,0
"21078","Huitzilan de Serdán",49.5318709003349,0,0.0137953289694258,0,111,0,8.94480154160263,0
"21079","Huitziltepec",54.3188768482396,0,0.0265355131600954,0,43,0,10.9917722138349,0
"21187","Tlaxco",50.0121913399928,0,0.0189916295202152,0,101,0,9.34639858806172,0
"21188","Tochimilco",52.5501768688809,0,0.0459416975395964,0,43,0,10.4268065418247,0
"21189","Tochtepec",55.0300583594463,0,0.147010114967178,0,32,0,11.305463530554,0
"21190","Totoltepec de Guerrero",53.8373754511084,0,0.0022898009985084,0,78,0,10.377644168323,0
"21194","Venustiano Carranza",53.2053337617747,0,0.266683598676942,0,28,0,11.2981746946806,0
"21184","Tlapacoya",50.8921321644112,0,0.0137809963266936,0,90,0,9.57340198352789,0
"21185","Tlapanalá",53.3066844914418,0,0.0446834196682468,0,35,0,10.70738442285,0
"21082","Ixcaquixtla",55.9752886606756,0,0.080330057750328,0,67,0,11.0386479964802,0
"21085","Izúcar de Matamoros",55.9803646506846,0,0.748770149925948,0,29,0,12.2022227769286,0
"21104","Nopalucan",55.8216736957719,0,0.101641351204949,0,32,0,11.4148991139739,0
"21122","San Felipe Teotlalcingo",56.2779449201811,0,0.0459041057754516,0,23,0,11.5414610495047,0
"21123","San Felipe Tepatlán",49.0901009671175,0,0.00463920515728204,0,104,0,8.98955927776693,0
"21012","Aljojuca",54.4014537381603,0,0.0294334781943409,0,38,0,10.972405564218,0
"21013","Altepexi",54.6388177261954,0,0.134794926328115,0,12,0,11.3691344351869,0
"21007","Ahuatlán",51.5294292706956,0,0.0113509376435839,0,69,0,9.98433761485557,0
"21011","Albino Zertuche",53.1550237085235,0,0.0154283878224197,0,122,0,9.62792857640553,0
"21018","Atexcal",53.0098451639598,0,0.00817585651539937,0,63,0,10.3492415652942,0
"21054","Chignautla",53.6994319593911,0,0.119995602287361,0,45,0,10.7915415011108,0
"21127","San Jerónimo Xayacatlán",52.5505419635111,0,0.0179861254544565,0,79,0,10.1753655015012,0
"21129","San José Miahuatlán",53.7825429932631,0,0.0342384730308004,0,22,0,10.973739442674,0
"21130","San Juan Atenco",54.1646867164637,0,0.0203855058435673,0,37,0,10.9302677349504,0
"21213","Zihuateutla",51.1222954884227,0,0.0296294897188333,0,55,0,10.104258632659,0
"21124","San Gabriel Chilac",54.3359528948424,0,0.103421375799219,0,18,0,11.2055806682357,0
"21169","Tepexi de Rodríguez",52.619841699619,0,0.0880742881615199,0,71,0,10.372413691115,0
"21159","Teopantlán",48.7359645518723,0,0.0135197414314711,0,56,0,9.56192306486018,0
"21156","Tehuacán",57.1736295659565,0,2.90980681196392,0,2,0,14.9385782815735,0
"21155","Tecomatlán",53.2446284599386,0,0.0320688444211622,0,99,0,10.1174789313576,0
"21154","Tecamachalco",55.8088335051119,0,0.634548624533876,0,25,0,12.1188171743196,0
"21172","Tetela de Ocampo",52.9691690328959,0,0.141863960495502,0,91,0,10.1678227339516,0
"21179","Tlachichuca",53.9960641372479,0,0.120848653429388,0,44,0,10.8892525217124,0
"21153","Tecali de Herrera",55.5035318931278,0,0.101967960894998,0,30,0,11.4065837079537,0
"21151","Santo Tomás Hueyotlipan",56.0821457962269,0,0.120874245434485,0,29,0,11.523397106947,0
"21121","San Diego la Mesa Tochimiltzingo",52.4073335440848,0,0.0161008412329449,0,46,0,10.4382395649447,0
"21202","Xochitlán de Vicente Suárez",50.3628397177973,0,0.0403474781188728,0,90,0,9.49566965409633,0
"21203","Xochitlán Todos Santos",53.7538779911098,0,0.0356434078280365,0,39,0,10.806124148589,0
"21073","Huehuetlán el Chico",53.7191690138778,0,0.0763307048671991,0,45,0,10.820515559063,0
"21097","Mixtla",56.1029050793764,0,0.0128627017991094,0,27,0,11.5376248767091,0
"21036","Coyomeapan",48.7013538573463,0,0.0323845387610287,0,100,0,8.99696843564265,0
"21044","Cuyoaco",54.473680688158,0,0.071516782558085,0,50,0,10.8789965349121,0
"21060","Domingo Arenas",55.0794289912105,0,0.0246660614854773,0,15,0,11.3140560017537,0
"21061","Eloxochitlán",45.8768096917712,0,0.0190308167423392,0,114,0,8.30973661492824,0
"21062","Epatlán",53.8196270510733,0,0.0234315115504397,0,38,0,10.861857848556,0
"21068","Hermenegildo Galeana",49.96321822547,0,0.0161841835674892,0,116,0,9.10405181292896,0
"21072","Huehuetla",47.7544133097575,0,0.0445170658186908,0,92,0,8.98385661173465,0
"21160","Teotlalco",53.4744106548613,0,0.0160031864894811,0,37,0,10.8201062876035,0
"21161","Tepanco de López",54.8045707625278,0,0.0916526791594324,0,21,0,11.332782610488,0
"21024","Axutla",52.9334144043466,0,0.0157734917609464,0,103,0,9.94729402331946,0
"21186","Tlatlauquitepec",54.8352622513716,0,0.289181442091448,0,59,0,11.1144000874771,0
"21170","Tepeyahualco",53.9553903350347,0,0.0787525026162462,0,38,0,10.9076608312198,0
"21196","Xayacatlán de Bravo",53.5318022845794,0,0.0132048501905362,0,82,0,10.3670616281529,0
"21117","Rafael Lara Grajales",56.9627062506334,0,0.117650262900901,0,28,0,11.7596023297628,0
"21017","Atempan",53.9876210568804,0,0.134476309970027,0,53,0,10.7955983652485,0
"21019","Atlixco",56.6300587438743,0,0.995119409083872,0,17,0,12.7269599962912,0
"21173","Teteles de Ávila Castillo",57.8374853593855,0,0.0614666824620884,0,56,0,11.6280645520913,0
"21175","Tianguismanalco",54.6742577532586,0,0.0326973886005856,0,23,0,11.1464196376167,0
"21052","Chigmecatitlán",51.9459043519623,0,0.016495324016762,0,73,0,10.0021273967472,0
"21069","Huaquechula",53.2640344435555,0,0.0852555459403872,0,32,0,10.7761338328121,0
"21168","Tepexco",50.5401702780679,0,0.0371405749917995,0,32,0,10.2387218232259,0
"21157","Tehuitzingo",52.2174481683516,0,0.0856100131244753,0,72,0,10.311788540038,0
"21162","Tepango de Rodríguez",47.9911167872867,0,0.0242694354490971,0,87,0,9.05388041255391,0
"21209","Zapotitlán",53.1390993259828,0,0.04795340832599,0,46,0,10.6736298819262,0
"21118","Los Reyes de Juárez",54.8765567941413,0,0.216433703638812,0,21,0,11.372297928473,0
"21119","San Andrés Cholula",59.9365824961401,0,1.37103268821646,0,4,0,14.1300277957803,0
"21120","San Antonio Cañada",50.1660806669619,0,0.00470410787852003,0,25,0,10.1761442095511,0
"21125","San Gregorio Atzompa",57.9781689654493,0,0.0580698024100757,0,11,0,12.1672768119345,0
"21126","San Jerónimo Tecuanipan",53.4279951822184,0,0.0120502926955152,0,13,0,11.0050708225422,0
"21128","San José Chiapa",56.2186428328039,0,0.0378972358734683,0,29,0,11.5004636601429,0
"21158","Tenampulco",50.149683979948,0,0.104729542047606,0,65,0,10.119294402429,0
"21053","Chignahuapan",54.8357689259056,0,0.536494798721902,0,38,0,11.6049842416932,0
"21002","Acateno",51.505070239247,0,0.0397906631790575,0,55,0,10.2268298218645,0
"21003","Acatlán",53.981285833308,0,0.304741933013244,0,82,0,10.7641815084852,0
"21004","Acatzingo",54.3040399526349,0,0.513461028656614,0,20,0,11.6741849559138,0
"21005","Acteopan",47.1913584890913,0,0.00934301845481974,0,31,0,9.72100430095053,0
"21006","Ahuacatlán",49.9003552247959,0,0.044507289817751,0,74,0,9.66238921776291,0
"21008","Ahuazotepec",55.3629681806683,0,0.083003213934237,0,33,0,11.3604709824993,0
"21133","San Martín Totoltepec",54.2494230025806,0,0.00143827642022672,0,44,0,10.8653631260404,0
"21134","San Matías Tlalancaleca",56.6224536705547,0,0.123005333545521,0,21,0,11.7565012204857,0
"21135","San Miguel Ixitlán",53.9091306421396,0,0.00896527100243463,0,83,0,10.2627898647574,0
"21137","San Nicolás Buenos Aires",53.1797931304404,0,0.0322154812198025,0,44,0,10.5992806464256,0
"21138","San Nicolás de los Ranchos",54.8180565680326,0,0.174453221089016,0,19,0,11.3767242504454,0
"21139","San Pablo Anicano",52.6481084261642,0,0.0221112344015124,0,86,0,10.0952266538224,0
"21140","San Pedro Cholula",59.0792822276916,0,1.28551970236593,0,2,0,13.8192655991625,0
"21141","San Pedro Yeloixtlahuaca",52.8638253944609,0,0.0193169397800077,0,91,0,10.085697016167,0
"21205","Yehualtepec",54.6532094547855,0,0.0617158310290732,0,32,0,11.1479294401002,0
"21023","Atzitzintla",51.6710467294333,0,0.04782331863443,0,39,0,10.3273855012415,0
"21116","Quimixtlán",50.9674305878683,0,0.0373806466653365,0,76,0,9.7693199722892,0
"21115","Quecholac",53.3907629141748,0,0.266896485322626,0,26,0,11.1405519443166,0
"21114","Puebla",59.4644734263428,0,12.6828609919294,0,2,0,25.3586125452532,0
"21144","San Salvador Huixcolotla",53.8076128514112,0,0.113420708847808,0,23,0,11.2018616050027,0
"21145","San Sebastián Tlacotepec",47.7343596432016,0,0.137203778548928,0,112,0,8.71857674798393,0
"21146","Santa Catarina Tlaltempan",52.3965670546324,0,0.00263735422600098,0,77,0,10.0448055164355,0
"21149","Santiago Miahuatlán",53.4987287115658,0,0.074469063232189,0,14,0,11.0867124051946,0
"21150","Huehuetlán el Grande",52.06892920154,0,0.0259046697440167,0,62,0,10.2163981933122,0
"21010","Ajalpan",49.5226875208232,0,0.256193660535987,0,53,0,10.0443768960986,0
"21014","Amixtlán",49.8822422828798,0,0.00591918904648503,0,91,0,9.43773945969639,0
"21015","Amozoc",56.5768836324401,0,0.703764286492474,0,10,0,12.6008639556423,0
"21016","Aquixtla",52.8768102408361,0,0.0439835048158331,0,63,0,10.3934780627894,0
"21021","Atzala",54.4000316806716,0,0.00985365437556772,0,34,0,11.0070022339039,0
"21026","Calpan",54.3971809246484,0,0.0807830960704133,0,18,0,11.2688378232205,0
"21027","Caltepec",51.4001884026317,0,0.00570532500749599,0,86,0,9.73429224897103,0
"21165","Tepemaxalco",49.8345162201161,0,0.00223570144874682,0,53,0,9.74547885190998,0
"21152","Soltepec",55.0714460957403,0,0.057549649845588,0,40,0,11.1112491392588,0
"21206","Zacapala",51.2381892993837,0,0.010470774560706,0,72,0,9.92785713752518,0
"21211","Zaragoza",57.252353704232,0,0.16584236066471,0,46,0,11.6842509587148,0
"21212","Zautla",51.1929186929248,0,0.0652783511720771,0,61,0,9.99517881022912,0
"21163","Tepatlaxco de Hidalgo",55.9740164967099,0,0.1077093188382,0,16,0,11.6772694885674,0
"21049","Chiconcuautla",48.8917765580963,0,0.0287758245324106,0,67,0,9.397100591976,0
"21048","Chiautzingo",55.8221847637757,0,0.100582704374643,0,24,0,11.4981323340458,0
"21047","Chiautla",54.4930818566327,0,0.195775394940183,0,55,0,11.056724818578,0
"21195","Vicente Guerrero",47.961470070223,0,0.0687869459321459,0,80,0,9.22782774462765,0
"21164","Tepeaca",55.5740313119697,0,0.67632811440602,0,20,0,12.0830741667588,0
"21046","Chapulco",54.8380303344335,0,0.0446373429334112,0,25,0,11.1766665559198,0
"21210","Zapotitlán de Méndez",52.8592160058735,0,0.0381910313011598,0,103,0,9.86919617671765,0
"21136","San Miguel Xoxtla",58.6898539737101,0,0.0803282207513924,0,11,0,12.348684345622,0
"21045","Chalchicomula de Sesma",55.4129914502671,0,0.396602754014473,0,26,0,11.7346912375312,0
"21043","Cuetzalan del Progreso",51.0030473295445,0,0.259394891376894,0,89,0,9.86823512963066,0
"21084","Ixtepec",48.753224839486,0,0.0210940565876897,0,98,0,9.07802840249929,0
"21086","Jalpan",50.0477522099812,0,0.0107717436450842,0,53,0,10.0450680533512,0
"21042","Cuayuca de Andrade",51.1131835520234,0,0.0159775621059863,0,103,0,9.59869791175521,0
"21113","Piaxtla",52.1133164759504,0,0.033817253933903,0,92,0,9.94501445297059,0
"21131","San Juan Atzompa",54.4551342442315,0,0.0106584298122093,0,68,0,10.5326780096063,0
"21089","Jopala",50.9710611038745,0,0.0245173952327347,0,66,0,9.95884847707609,0
"21041","Cuautlancingo",59.89073263479,0,0.629216236602682,0,6,0,13.3087266755978,0
"21040","Cuautinchán",52.1250668465823,0,0.0230568459890089,0,26,0,10.7345639125673,0
"21039","Cuautempan",52.3645541675925,0,0.0256278312238125,0,110,0,9.66819553124113,0
"21038","Cuapiaxtla de Madero",54.3849044139687,0,0.10848581253692,0,25,0,11.2260780289559,0
"21112","Petlalcingo",52.0672948730919,0,0.0355436400932765,0,75,0,10.0783501507749,0
"21009","Ahuehuetitla",52.086717019023,0,0.00582917867402493,0,78,0,10.0240174257764,0
"21076","Hueytamalco",52.9064452603247,0,0.107791702000143,0,65,0,10.38075913934,0
"21183","Tlaola",49.3740955409026,0,0.0566651096109539,0,63,0,9.60333164509324,0
"21071","Huauchinango",55.6599138856877,0,0.764230563952337,0,26,0,12.2121144551936,0
"21070","Huatlatlauca",50.7069033177669,0,0.00963020264786608,0,71,0,9.7868342301518,0
"21111","Pantepec",49.9630047287579,0,0.0677860574784081,0,58,0,10.0030450001871,0
"22002","Pinal de Amoles",51.3061242651513,0,0.42636967937341,0,161,0,9.35152158858195,0
"22010","Landa de Matamoros",51.8575519546268,0,0.206319684106148,0,140,0,9.62347580825115,0
"22006","Corregidora",60.9170414526895,0,2.79462283965228,0,4,0,15.8173984782346,0
"22003","Arroyo Seco",54.4221025741989,0,0.151850661670781,0,112,0,10.3494754962206,0
"22011","El Marqués",58.7411801102888,0,1.7358025204439,0,18,0,14.0373906687775,0
"22012","Pedro Escobedo",56.9610052288028,0,1.12956866052869,0,19,0,12.934396425216,0
"22015","San Joaquín",52.5047227244323,0,0.281985627910548,0,165,0,9.45631537002833,0
"22016","San Juan del Río",58.8118455964751,0,6.02935203510188,0,7,0,18.4688373240377,0
"22017","Tequisquiapan",57.3416428388048,0,1.75026448402527,0,17,0,13.6670387787351,0
"22018","Tolimán",53.329216499351,0,0.322203758130613,0,70,0,10.7301560626877,0
"22007","Ezequiel Montes",56.1421339340671,0,1.37358521739578,0,30,0,12.850457033909,0
"22001","Amealco de Bonfil",52.6384709850884,0,0.754660016622647,0,41,0,11.3246947987667,0
"22014","Querétaro",60.3649833591697,0,22.0819830702431,0,4,0,34.9650815661139,0
"22005","Colón",54.7822054109821,0,0.462248046462513,0,34,0,11.5712349490051,0
"22004","Cadereyta de Montes",53.826877738956,0,1.0614412653538,0,62,0,11.6559586196433,0
"22013","Peñamiller",53.0975361584982,0,0.18464859999535,0,126,0,9.87039093052808,0
"22008","Huimilpan",55.8059966055312,0,0.173942244766187,0,27,0,11.6338143270739,0
"22009","Jalpan de Serra",55.3100149130507,0,0.765832058660306,0,120,0,11.0703900693282,0
"23001","Cozumel",58.6782928274151,0,2.98993326713905,0,48,0,14.8469369884062,0
"23003","Isla Mujeres",56.9425144293761,0,0.835618031649077,0,21,0,12.6485670101646,0
"23002","Felipe Carrillo Puerto",52.6470861937271,0,1.99871381701057,0,62,0,12.2939306062765,0
"23005","Benito Juárez",59.7140058687239,0,17.6318521418931,0,1,0,30.2841638104668,0
"23004","Othón P. Blanco",57.816395956287,0,7.41832647745925,0,13,0,19.5478280866875,0
"23011","Puerto Morelos",58.2496774247571,0,0.823275801875249,0,30,0,12.8219489181491,0
"23008","Solidaridad",59.5756301650506,0,5.37973229614464,0,1,0,18.0571723067168,0
"23010","Bacalar",53.4834981325083,0,0.850930546486674,0,55,0,11.4067994302969,0
"23007","Lázaro Cárdenas",53.5925709996106,0,0.707701687231196,0,62,0,11.2229503741266,0
"23006","José María Morelos",52.4973224792241,0,0.936227763481188,0,81,0,10.9618486724358,0
"23009","Tulum",56.1479600777296,0,1.72976515012064,0,27,0,13.3038139443767,0
"24050","Villa de Reyes",54.9862814747408,0,0.404682324151461,0,35,0,11.5812732090375,0
"24052","Villa Juárez",53.5182700837445,0,0.0977228387574241,0,52,0,10.7346981499204,0
"24053","Axtla de Terrazas",54.4715615464667,0,0.378527080185974,0,66,0,11.0815219756612,0
"24054","Xilitla",50.8554984945648,0,0.54639579410766,0,83,0,10.465672026102,0
"24055","Zaragoza",54.6456028914154,0,0.144392383378643,0,26,0,11.4333853134206,0
"24048","Villa de la Paz",56.4037044105879,0,0.106156450588971,0,54,0,11.4031773362666,0
"24015","Charcas",54.6441251091807,0,0.332862828276739,0,66,0,11.1617574727287,0
"24013","Ciudad Valles",57.4479950111411,0,4.13893909887898,0,7,0,16.2372225695193,0
"24009","Cerro de San Pedro",56.3248080815687,0,0.105462742724159,0,16,0,11.9110021234865,0
"24043","Tierra Nueva",52.0499620481921,0,0.101056558238174,0,54,0,10.4446247913203,0
"24042","Tanquián de Escobedo",55.313302854634,0,0.292113338026106,0,61,0,11.2393258111682,0
"24012","Tancanhuitz",49.1411941890838,0,0.153595664649586,0,53,0,10.1127123773434,0
"24011","Ciudad Fernández",57.1508218680569,0,0.812805555488516,0,41,0,12.3793930466252,0
"24010","Ciudad del Maíz",54.0303547241637,0,0.408415058271107,0,93,0,10.7685955209051,0
"24008","Cerritos",56.9490245753009,0,0.544995000382463,0,45,0,12.0509093043288,0
"24007","Cedral",56.8559405084245,0,0.289849421624153,0,56,0,11.6587721956948,0
"24035","Soledad de Graciano Sánchez",60.2932819776729,0,3.41984125015364,0,1,0,16.2727615111014,0
"24041","Tanlajás",52.0849415657391,0,0.135774119782698,0,51,0,10.4634953466415,0
"24040","Tamuín",55.0729947470425,0,0.565207481999953,0,35,0,11.8032175631834,0
"24039","Tampamolón Corona",51.1474849551664,0,0.115046433225358,0,69,0,10.0848651541226,0
"24038","Tampacán",50.7426627250659,0,0.084058935877791,0,79,0,10.044668278251,0
"24037","Tamazunchale",52.8299731407825,0,0.856782626300209,0,83,0,11.081591931836,0
"24036","Tamasopo",51.0909799597704,0,0.38807172397979,0,58,0,10.5383040738965,0
"24006","Catorce",51.271146015899,0,0.184310923257154,0,97,0,9.91642250297671,0
"24028","San Luis Potosí",60.4891453569334,0,16.1989179216108,0,2,0,29.1347740549069,0
"24031","Santa Catarina",44.470323096072,0,0.0339683546990489,0,122,0,8.22570937805137,0
"24030","San Nicolás Tolentino",53.6914001409053,0,0.0309293912204334,0,59,0,10.6662152822492,0
"24029","San Martín Chalchicuautla",49.3550330095779,0,0.0982983120123773,0,77,0,9.82572020662303,0
"24026","San Antonio",50.8418683414023,0,0.037176336683477,0,58,0,10.1620632696283,0
"24005","Cárdenas",56.8674867955481,0,0.398476783979212,0,56,0,11.7651410364126,0
"24024","Rioverde",56.2486785437872,0,1.94640146358798,0,46,0,13.3371412587137,0
"24023","Rayón",52.7614525123718,0,0.17806052374767,0,57,0,10.7222440248541,0
"24022","Moctezuma",53.7655679053393,0,0.190591049474239,0,64,0,10.7532174297978,0
"24021","Mexquitic de Carmona",54.024823418533,0,0.156312157501592,0,24,0,11.3416891399316,0
"24017","Guadalcázar",49.0070471872958,0,0.111417728341099,0,65,0,9.98123638481251,0
"24016","Ebano",56.1644359058229,0,0.880791639750755,0,44,0,12.212988889786,0
"24014","Coxcatlán",50.6319360410292,0,0.090170648460087,0,73,0,10.1226874543675,0
"24033","Santo Domingo",52.9905728564408,0,0.0588574385461865,0,77,0,10.2894947893829,0
"24001","Ahualulco del Sonido 13",52.7831455311126,0,0.222143469566158,0,39,0,10.9636618719431,0
"24057","Matlapa",52.2664214369757,0,0.226980534103539,0,73,0,10.4081345637136,0
"24051","Villa Hidalgo",54.2892834421812,0,0.11303216276151,0,34,0,11.2274944213993,0
"24058","El Naranjo",56.4754894700027,0,0.366045751799342,0,62,0,11.5203941346018,0
"24032","Santa María del Río",53.436125099673,0,0.383584882999244,0,40,0,11.2493259132218,0
"24027","San Ciro de Acosta",55.3762891058499,0,0.184282769480748,0,77,0,10.9217725361234,0
"24025","Salinas",55.3206256899555,0,0.460404727594152,0,41,0,11.6489927006354,0
"24056","Villa de Arista",54.6433857629306,0,0.274797503254281,0,50,0,11.1851237600067,0
"24047","Villa de Guadalupe",50.9245426773852,0,0.0699462386406916,0,65,0,10.186124320685,0
"24059","Villa de Pozos",0,1,0,1,0,1,0,1
"24034","San Vicente Tancuayalab",53.8250239605539,0,0.203930138841483,0,52,0,10.9514504302389,0
"24002","Alaquines",51.228237686878,0,0.0394872068598468,0,92,0,9.87731497844227,0
"24003","Aquismón",47.7391583775157,0,0.177196572251969,0,57,0,9.66039423923866,0
"24004","Armadillo de los Infante",52.8996653695929,0,0.0545858776240955,0,40,0,10.7564518685909,0
"24046","Villa de Arriaga",53.2087507417766,0,0.180578702881029,0,44,0,10.8877343311566,0
"24018","Huehuetlán",50.5275187887786,0,0.026292642259081,0,59,0,10.1237424291975,0
"24019","Lagunillas",52.7560430550016,0,0.0240426108181216,0,89,0,10.1101253308779,0
"24020","Matehuala",58.2205004740054,0,2.43995356957501,0,42,0,14.3306713391928,0
"24044","Vanegas",53.0245584045777,0,0.191274400038374,0,87,0,10.3961282000474,0
"24045","Venado",53.6532692732601,0,0.20077799718668,0,68,0,10.7480505518311,0
"24049","Villa de Ramos",53.4597667118299,0,0.289646176928442,0,48,0,10.9656972467879,0
"25010","El Fuerte",55.5428366921348,0,0.922803578691753,0,42,0,12.1267814977182,0
"25008","Elota",55.8149847106944,0,0.445036655146447,0,51,0,11.5762955805754,0
"25016","San Ignacio",54.623150870549,0,0.250092137371474,0,77,0,10.8320426733758,0
"25018","Navolato",56.6904242638884,0,1.23642911302035,0,18,0,12.975758722164,0
"25003","Badiraguato",51.1903217401136,0,0.257471498690093,0,131,0,9.38786629959633,0
"25014","Rosario",55.8490496554162,0,0.643864813000619,0,38,0,11.9753964849921,0
"25001","Ahome",58.6651104720047,0,6.88632083457756,0,8,0,19.2455353000469,0
"25002","Angostura",57.2767511257247,0,0.678442600134738,0,40,0,12.3200913745071,0
"25020","Juan José Ríos",0,1,0,1,0,1,0,1
"25019","Eldorado",0,1,0,1,0,1,0,1
"25009","Escuinapa",56.4302127899758,0,0.907194189559382,0,37,0,12.3804872895583,0
"25004","Concordia",55.9143078455085,0,0.27757307690151,0,50,0,11.4567679583048,0
"25005","Cosalá",54.7337072126401,0,0.319775468107494,0,118,0,10.4248586283612,0
"25012","Mazatlán",59.6999642591626,0,7.97259643358232,0,3,0,20.6378293455397,0
"25007","Choix",53.3869684021928,0,0.269193808858116,0,99,0,10.298681910987,0
"25013","Mocorito",55.2915596194213,0,0.388187143385374,0,45,0,11.4951416922893,0
"25015","Salvador Alvarado",59.1357902529321,0,1.67515825561123,0,28,0,13.89022502244,0
"25006","Culiacán",59.6469560630253,0,14.2458805545003,0,5,0,26.9104450808954,0
"25017","Sinaloa",53.4860304294174,0,0.533904378057764,0,56,0,11.1164855907119,0
"25011","Guasave",57.4289427021595,0,3.6873211745502,0,22,0,15.5778659295648,0
"26066","Ures",57.3541362087749,0,0.141663695568043,0,73,0,11.3943661261709,0
"26038","Moctezuma",58.6220537837727,0,0.122609938535184,0,145,0,10.8363093244942,0
"26033","Huatabampo",56.1992942409049,0,0.998208495598679,0,28,0,12.5335067132396,0
"26056","San Miguel de Horcasitas",54.1163254703618,0,0.0677939482511334,0,40,0,10.8334932252455,0
"26031","Huachinera",56.5534097613117,0,0.0360271431206107,0,255,0,8.81716066386935,0
"26032","Huásabas",58.0876552525352,0,0.0497361058658706,0,198,0,9.9385289239231,0
"26070","General Plutarco Elías Calles",57.5333937570597,0,0.344531818318791,0,75,0,11.5440087773657,0
"26064","Trincheras",56.4495053672598,0,0.153839245847457,0,89,0,10.9779405480208,0
"26062","Suaqui Grande",56.5687422257567,0,0.01542147617039,0,173,0,9.80258156362695,0
"26052","Sahuaripa",56.5226140656418,0,0.076941928428275,0,191,0,9.6806152834951,0
"26051","Rosario",54.3444234734126,0,0.0965171221219538,0,88,0,10.4526063928424,0
"26037","Mazatán",57.1525437900721,0,0.0376126669978347,0,75,0,11.2403653557576,0
"26021","La Colorada",56.5022855102437,0,0.0179236310098634,0,104,0,10.6826048918258,0
"26041","Nacozari de García",60.1560054349981,0,0.206963526679177,0,126,0,11.4972851081404,0
"26043","Nogales",59.0224167609303,0,2.42452206474764,0,0,0,14.9833829239165,0
"26034","Huépac",58.3401720959105,0,0.0268600719876526,0,133,0,10.7749003223042,0
"26016","Benjamín Hill",57.4074407078711,0,0.0916557382102194,0,58,0,11.5880237556057,0
"26014","Baviácora",57.6960053400689,0,0.0534191288020947,0,124,0,10.7469824064675,0
"26015","Bavispe",57.0909438630272,0,0.0352038799857678,0,262,0,8.82293578898709,0
"26069","Yécora",53.1876210134935,0,0.0804062787199451,0,210,0,8.723577909068,0
"26009","Bacanora",56.473778852233,0,0.032250186653993,0,163,0,9.92582372763381,0
"26029","Guaymas",58.5191329127171,0,2.87678328304786,0,10,0,15.1750754490883,0
"26002","Agua Prieta",58.6321202733079,0,1.17831509169871,0,68,0,12.7378489867079,0
"26057","San Pedro de la Cueva",56.6027564432322,0,0.0302379713383769,0,139,0,10.2648074737585,0
"26055","San Luis Río Colorado",58.5336454830706,0,2.99133891937819,0,3,0,15.3373427710485,0
"26024","Divisaderos",57.668957954668,0,0.0196978752310826,0,175,0,10.0604659011376,0
"26023","Cumpas",58.6622295656059,0,0.0871039518478956,0,146,0,10.8018780071387,0
"26001","Aconchi",57.175872769858,0,0.0424358407457662,0,133,0,10.5132209510959,0
"26003","Álamos",53.436431860847,0,0.338590770560671,0,67,0,10.7893121021717,0
"26030","Hermosillo",60.4437538603046,0,12.3483058277519,0,2,0,25.2225912826963,0
"26022","Cucurpe",56.134818243072,0,0.0262397254813435,0,87,0,10.8468105066064,0
"26025","Empalme",58.5098275043083,0,0.552468476143961,0,12,0,12.8019050504068,0
"26027","Fronteras",59.0513582154044,0,0.15618670362181,0,108,0,11.3899237995759,0
"26005","Arivechi",56.7328167011922,0,0.0307584719432653,0,209,0,9.47041164642243,0
"26006","Arizpe",57.2258475694119,0,0.0890495106739428,0,137,0,10.5099157968712,0
"26035","Imuris",57.8331698923543,0,0.132143489751927,0,48,0,11.7838624162052,0
"26068","Villa Pesqueira",56.5946007805219,0,0.00421486307682595,0,87,0,10.9167588007639,0
"26046","Oquitoa",57.9345151666993,0,0.0304056066567355,0,77,0,11.3859690749526,0
"26026","Etchojoa",55.0103346063358,0,0.562994782401738,0,25,0,11.8382255195087,0
"26049","Quiriego",49.4410849539782,0,0.0440455372001261,0,86,0,9.44357945433323,0
"26071","Benito Juárez",56.8547963520587,0,0.260620615846526,0,35,0,11.8267611036957,0
"26004","Altar",57.2549161127697,0,0.229483252594076,0,73,0,11.3717040021592,0
"26063","Tepache",57.2170199755329,0,0.0217764843166876,0,181,0,9.87453725266942,0
"26028","Granados",57.9704555419089,0,0.041645424324969,0,203,0,9.82586232753125,0
"26048","Puerto Peñasco",58.6392146166767,0,1.70185266703301,0,63,0,13.3356600241075,0
"26017","Caborca",57.9384484648941,0,1.44931771262425,0,77,0,12.7411493637896,0
"26012","Bácum",55.8500469062158,0,0.2644750833089,0,24,0,11.7353020537424,0
"26044","Ónavas",57.2111792448595,0,0.00573492879576273,0,208,0,9.4920611409909,0
"26036","Magdalena",59.5683507417418,0,0.521503764623764,0,42,0,12.6604454073239,0
"26013","Banámichi",58.3416456049774,0,0.0516745362313695,0,134,0,10.8309780881286,0
"26010","Bacerac",56.0834054648813,0,0.0405109933551039,0,260,0,8.6639155376975,0
"26050","Rayón",56.2790420358038,0,0.0306057647673066,0,100,0,10.6763414391415,0
"26072","San Ignacio Río Muerto",55.3743606722922,0,0.180186371016022,0,38,0,11.366544704843,0
"26061","Soyopa",55.9301861449669,0,0.023096820554978,0,150,0,10.0172290857673,0
"26011","Bacoachi",57.2258410577153,0,0.0284241020962967,0,96,0,10.9538361664814,0
"26018","Cajeme",59.6178883034836,0,6.64372159717992,0,4,0,19.2762424119224,0
"26047","Pitiquito",57.5664020548657,0,0.172229325497653,0,94,0,11.265866296361,0
"26019","Cananea",59.6750634488765,0,0.515006753689572,0,46,0,12.6252849161631,0
"26020","Carbó",56.1536324722873,0,0.0664503648409059,0,60,0,11.175474175731,0
"26053","San Felipe de Jesús",57.984899079762,0,0.020546480085489,0,135,0,10.6712024273501,0
"26042","Navojoa",57.9419748391766,0,2.15738805463642,0,6,0,14.3704754704365,0
"26008","Bacadéhuachi",56.5757785718752,0,0.0315016437179435,0,249,0,8.87259610681363,0
"26060","Sáric",55.3784092311154,0,0.0155348698988596,0,109,0,10.3065861643664,0
"26039","Naco",58.4678341973091,0,0.127085055626104,0,84,0,11.4580551654562,0
"26059","Santa Cruz",56.7390154783217,0,0.0526555231756083,0,70,0,11.1613730623619,0
"26040","Nácori Chico",54.8449756322876,0,0.0507918076391626,0,291,0,7.98645053840176,0
"26067","Villa Hidalgo",57.5008708426407,0,0.0352501294555135,0,228,0,9.41682611457613,0
"26065","Tubutama",55.9414343753266,0,0.0128169845769828,0,79,0,10.8332448417622,0
"26007","Atil",57.6798790210215,0,0.0194204849286859,0,78,0,11.301359258246,0
"26045","Opodepe",55.4563266983392,0,0.0567107889591855,0,82,0,10.7352033138041,0
"26054","San Javier",57.5386764794021,0,0.0184053821671418,0,171,0,10.1393530001205,0
"26058","Santa Ana",58.9952098453735,0,0.244531032035333,0,51,0,12.1271658451379,0
"27006","Cunduacán",55.4709692051991,0,1.50599457633071,0,25,0,12.9603378962605,0
"27001","Balancán",53.9658200652088,0,0.977932613444591,0,90,0,11.2602547449513,0
"27016","Teapa",55.5497062217974,0,0.922739074291206,0,27,0,12.3317127807394,0
"27015","Tacotalpa",54.3275567617433,0,0.704542098774643,0,51,0,11.5179697102346,0
"27014","Paraíso",57.577451067832,0,1.47295015046732,0,29,0,13.3575601110805,0
"27012","Macuspana",54.3294238794459,0,2.26930646616173,0,29,0,13.5561354372728,0
"27002","Cárdenas",55.9741724391306,0,4.33811813195447,0,33,0,15.7850596546995,0
"27003","Centla",54.0359867539869,0,1.35421886836749,0,50,0,12.2492048230061,0
"27004","Centro",58.7305881928387,0,15.4031839210723,0,9,0,27.8046504456536,0
"27005","Comalcalco",56.3285825680257,0,3.60525760791495,0,29,0,15.1764264866739,0
"27007","Emiliano Zapata",57.275449425551,0,1.13910577474519,0,59,0,12.5106492618115,0
"27008","Huimanguillo",54.2023211917676,0,2.28385492455392,0,37,0,13.3474454201653,0
"27009","Jalapa",55.5079197419079,0,0.390042712460042,0,28,0,11.7813138180073,0
"27010","Jalpa de Méndez",56.3321208402706,0,1.1374670632157,0,26,0,12.7905078428023,0
"27011","Jonuta",53.3179949617422,0,0.534596304710103,0,86,0,10.6941549101223,0
"27013","Nacajuca",57.7795396992632,0,1.31775460171191,0,13,0,13.444734240502,0
"27017","Tenosique",54.7349584457931,0,1.51071734458809,0,73,0,12.2140296449031,0
"28003","Altamira",58.9877930026862,0,2.19558855138072,0,4,0,14.6543624200565,0
"28041","Victoria",59.5270115010553,0,4.36637332124903,0,1,0,17.0442589054144,0
"28010","Cruillas",54.3284892230934,0,0.0420230106719459,0,76,0,10.5850577767765,0
"28024","Mier",58.5850303497704,0,0.219863096113973,0,63,0,11.8254643403465,0
"28015","Gustavo Díaz Ordaz",57.4290187938139,0,0.360617861436067,0,28,0,12.112657411276,0
"28025","Miguel Alemán",58.3864639994001,0,0.642120846746166,0,53,0,12.325592868285,0
"28040","Valle Hermoso",57.5390707114233,0,1.29176576094276,0,18,0,13.2073517762408,0
"28023","Méndez",53.7019372120909,0,0.0281839798347411,0,72,0,10.509083399176,0
"28031","Palmillas",53.8277164096378,0,0.0137200618464967,0,76,0,10.4506479315618,0
"28039","Tula",53.7081541270041,0,0.322044693782201,0,85,0,10.6856192259882,0
"28038","Tampico",60.1111421258806,0,5.07547547266861,0,0,0,17.8793623755,0
"28037","Soto la Marina",55.0740539875972,0,0.329809396536476,0,74,0,11.0610386962049,0
"28007","Camargo",57.2834479280164,0,0.321308325922733,0,45,0,11.8226226486854,0
"28005","Burgos",55.0629000704137,0,0.0537232699999155,0,113,0,10.2756545427446,0
"28032","Reynosa",58.7743459251207,0,5.49207451165904,0,1,0,17.8914490039327,0
"28033","Río Bravo",57.6803958872068,0,1.49215569463171,0,3,0,13.6069908587413,0
"28029","Ocampo",55.2870720187535,0,0.189191073822591,0,79,0,10.9037799288272,0
"28030","Padilla",56.4847240106659,0,0.169676631979896,0,34,0,11.6626531833978,0
"28034","San Carlos",52.9324701447164,0,0.0670728483109004,0,78,0,10.2702741446666,0
"28035","San Fernando",56.3489440828454,0,0.730037812221782,0,46,0,12.0912990373403,0
"28022","Matamoros",58.2648585290046,0,6.57792988667677,0,2,0,18.8739033536706,0
"28036","San Nicolás",43.8773408541018,0,0.00961449279744822,0,116,0,8.4250817179709,0
"28028","Nuevo Morelos",55.7564781407134,0,0.0824236641081282,0,52,0,11.2185310620338,0
"28021","El Mante",58.014984968223,0,1.66040112132128,0,37,0,13.4897843171246,0
"28011","Gómez Farías",54.9752429969075,0,0.145904968243233,0,55,0,11.1080360281821,0
"28012","González",55.6700433351164,0,0.587529200438694,0,46,0,11.7310156559876,0
"28027","Nuevo Laredo",58.9366825363089,0,4.90325870607474,0,0,0,17.3841086089206,0
"28013","Güémez",55.0396508949848,0,0.0728489837802914,0,28,0,11.3097199647701,0
"28004","Antiguo Morelos",54.492839693816,0,0.0859042415284618,0,41,0,11.1336974389144,0
"28006","Bustamante",48.4444217302682,0,0.0335484175141471,0,118,0,9.07944665851442,0
"28016","Hidalgo",55.6565181411044,0,0.22774588957302,0,44,0,11.3897722944024,0
"28019","Llera",54.3937128635702,0,0.130215765074426,0,56,0,10.9277807041793,0
"28017","Jaumave",55.3206639371914,0,0.149973507797217,0,61,0,11.0814947792962,0
"28020","Mainero",55.3517569464596,0,0.0191257079039233,0,54,0,10.9640711623032,0
"28008","Casas",51.7799755912365,0,0.0443690783863173,0,52,0,10.4402540348389,0
"28043","Xicoténcatl",57.3351958155491,0,0.313662464566651,0,48,0,11.8920718918206,0
"28042","Villagrán",54.693548864187,0,0.0270123850167809,0,60,0,10.7530048504537,0
"28014","Guerrero",55.8598671467506,0,0.131183346440593,0,69,0,11.1234966904182,0
"28009","Ciudad Madero",60.459278652103,0,2.22476453304869,0,0,0,15.1218814258169,0
"28026","Miquihuana",50.6235134569275,0,0.135731206715114,0,99,0,9.75717016063907,0
"28001","Abasolo",56.3280504498663,0,0.172393867452136,0,63,0,11.2804479898842,0
"28002","Aldama",56.1551917538532,0,0.396013470217554,0,58,0,11.5379198451486,0
"28018","Jiménez",56.0754289978931,0,0.141419948957164,0,55,0,11.3135210944992,0
"29019","Tepetitla de Lardizábal",57.9384034489893,0,0.540726092991299,0,18,0,12.5370266995667,0
"29045","Benito Juárez",58.1492893682079,0,0.130195413926526,0,41,0,11.8874330469131,0
"29047","Lázaro Cárdenas",55.7408015271256,0,0.0728755097009922,0,47,0,11.2227431794134,0
"29033","Tlaxcala",60.1643980330608,0,5.77758165652146,0,20,0,18.450425856913,0
"29059","Santa Cruz Quilehtla",57.4355558315506,0,0.174597611318876,0,15,0,12.0704572730082,0
"29004","Atltzayanca",54.6331887222251,0,0.341751190317509,0,37,0,11.3469392694873,0
"29054","San Lorenzo Axocomanitla",59.0089591698113,0,0.113226587163795,0,13,0,12.4411650373145,0
"29042","Xicohtzinco",58.963338074148,0,0.579468073053269,0,15,0,12.8686634691218,0
"29044","Zacatelco",58.3706059123732,0,1.69890608124845,0,10,0,13.9035076650788,0
"29053","San Juan Huactzinco",58.3422032182058,0,0.155459356671121,0,17,0,12.2759846361956,0
"29008","Cuapiaxtla",56.4760247070218,0,0.343510128242461,0,27,0,11.8740153101401,0
"29029","Tepeyanco",57.1056071635492,0,0.13885989343149,0,17,0,12.0238669081991,0
"29046","Emiliano Zapata",54.5066594241866,0,0.0500045649611155,0,62,0,10.7216772970936,0
"29025","San Pablo del Monte",56.9465889194542,0,1.87219186228222,0,8,0,13.756729789366,0
"29058","Santa Catarina Ayometla",58.1952827574857,0,0.201317780088678,0,18,0,12.2661207231055,0
"29014","Hueyotlipan",56.5719272713802,0,0.29904399246289,0,39,0,11.7387057547516,0
"29028","Teolocholco",57.3528286386331,0,0.579474549622979,0,18,0,12.4604686222832,0
"29040","Xaltocan",56.1342870559077,0,0.158725248638015,0,33,0,11.6181201737231,0
"29060","Santa Isabel Xiloxoxtla",58.539152389493,0,0.234793204473707,0,20,0,12.3544597873524,0
"29015","Ixtacuixtla de Mariano Matamoros",56.9170718376537,0,0.846633554989412,0,24,0,12.5890439773722,0
"29057","Santa Apolonia Teacalco",57.0483346134692,0,0.168966207596266,0,19,0,12.0387796283994,0
"29056","Santa Ana Nopalucan",58.1559235921782,0,0.179956784495248,0,24,0,12.164999186764,0
"29051","San Jerónimo Zacualpan",57.1190160268769,0,0.0919477527480629,0,19,0,11.9704730817816,0
"29041","Papalotla de Xicohténcatl",58.0867388581702,0,0.922316572463655,0,11,0,13.0520606640908,0
"29038","Tzompantepec",58.1091210646074,0,0.347056966555255,0,32,0,12.2886187009233,0
"29023","Natívitas",56.1135160939383,0,0.513659444585827,0,19,0,12.1189501321525,0
"29020","Sanctórum de Lázaro Cárdenas",57.2179634646176,0,0.267282509732055,0,33,0,11.9346145957044,0
"29017","Mazatecochco de José María Morelos",56.1788851614457,0,0.208350892383595,0,11,0,11.8018330401063,0
"29022","Acuamanala de Miguel Hidalgo",56.9665240519108,0,0.0683574141596326,0,17,0,11.918753292512,0
"29001","Amaxac de Guerrero",58.891702562831,0,0.319621732843587,0,26,0,12.4773774951909,0
"29006","Calpulalpan",57.817941947762,0,1.61608098715013,0,21,0,13.5877815764341,0
"29016","Ixtenco",57.5389075263234,0,0.242218128848603,0,22,0,12.0943270543312,0
"29049","San Damián Texóloc",59.0539727388004,0,0.154888291522592,0,26,0,12.3491213852158,0
"29043","Yauhquemehcan",58.8116700194908,0,0.738506352853363,0,26,0,12.9191167159543,0
"29013","Huamantla",57.0789567173746,0,3.00876124812183,0,23,0,14.7428432438915,0
"29002","Apetatitlán de Antonio Carvajal",57.8933208429541,0,0.705191333238489,0,24,0,12.733035600971,0
"29005","Apizaco",59.4146598346966,0,5.23588448948856,0,27,0,17.4920789431419,0
"29018","Contla de Juan Cuamatzi",57.3545692915535,0,0.725830682252962,0,22,0,12.5388008769421,0
"29003","Atlangatepec",55.0604290999821,0,0.0748642123979198,0,43,0,11.1632488445899,0
"29011","Muñoz de Domingo Arenas",56.5438819652774,0,0.151077880127957,0,36,0,11.6709826065423,0
"29009","Cuaxomulco",56.4619193272822,0,0.129174324701151,0,34,0,11.6458753956459,0
"29010","Chiautempan",58.2734705798185,0,2.89342293040808,0,19,0,14.9864559747994,0
"29007","El Carmen Tequexquitla",55.2114599163845,0,0.435297896495384,0,32,0,11.7179065476648,0
"29021","Nanacamilpa de Mariano Arista",57.3313327882354,0,0.891349489331917,0,30,0,12.604344569841,0
"29012","Españita",55.6413315360806,0,0.105182965995178,0,38,0,11.3630678832004,0
"29031","Tetla de la Solidaridad",58.2600939724683,0,0.878285158993124,0,33,0,12.80808117183,0
"29032","Tetlatlahuca",56.9211003907198,0,0.307912069152238,0,20,0,12.1016815593036,0
"29034","Tlaxco",55.678776494884,0,1.0852785445561,0,45,0,12.2245196244556,0
"29035","Tocatlán",57.7717840463185,0,0.111621206794448,0,33,0,11.8540109751383,0
"29030","Terrenate",55.4180584921153,0,0.248894605807951,0,41,0,11.3940755656243,0
"29026","Santa Cruz Tlaxcala",58.0929039417132,0,0.628628553760727,0,30,0,12.5666887697695,0
"29050","San Francisco Tetlanohcan",57.6532902226771,0,0.275060131970352,0,21,0,12.1551748901974,0
"29052","San José Teacalco",56.8116396393322,0,0.152238608082759,0,34,0,11.6763366130273,0
"29027","Tenancingo",57.5464178743406,0,0.358471278701184,0,11,0,12.3218326039082,0
"29055","San Lucas Tecopilco",56.321957131931,0,0.0835932298964498,0,39,0,11.5307080089588,0
"29024","Panotla",57.946105462749,0,0.469143875842363,0,27,0,12.4595787528302,0
"29037","Ziltlaltépec de Trinidad Sánchez Santos",54.3949011272132,0,0.149958965227622,0,27,0,11.1956334173276,0
"29048","La Magdalena Tlaltelulco",58.7572009774468,0,0.389673329057687,0,20,0,12.5883463688564,0
"29039","Xaloztoc",57.1498257498042,0,0.625344214432189,0,35,0,12.2613874771234,0
"29036","Totolac",58.4627884710793,0,0.645355765228046,0,23,0,12.8128520656952,0
"30162","Tenampa",50.2762036032996,0,0.0107080052220689,0,53,0,9.91405937991774,0
"30169","José Azueta",52.5117591280733,0,0.0756227341847868,0,32,0,10.8577853882609,0
"30185","Tlilapan",52.6663387561566,0,0.0249054320445318,0,12,0,10.9501658531157,0
"30187","Tonayán",52.3907169934593,0,0.0131597553604038,0,44,0,10.3926495882868,0
"30188","Totutla",52.96441307016,0,0.0654435856234776,0,47,0,10.5911186565652,0
"30189","Tuxpan",56.6910782717395,0,0.904490792869229,0,24,0,12.7172193496938,0
"30190","Tuxtilla",53.4232356540971,0,0.0191632366371343,0,32,0,11.0618694073722,0
"30078","Ixcatepec",50.8736037088946,0,0.0471502303064752,0,70,0,10.0012949480161,0
"30191","Ursulo Galván",57.7183789417571,0,0.238973853698249,0,31,0,12.0696483717434,0
"30079","Ixhuacán de los Reyes",52.1614453649608,0,0.0358188849708712,0,53,0,10.2555995769704,0
"30192","Vega de Alatorre",55.8690284800342,0,0.143265350121291,0,58,0,11.1731966423593,0
"30194","Villa Aldama",53.0742946419513,0,0.0517505347864035,0,27,0,10.8138980311155,0
"30031","Carrillo Puerto",50.7052031188846,0,0.02352140665946,0,36,0,10.1591723087477,0
"30195","Xoxocotla",48.1558708745428,0,0.0101308820126265,0,60,0,9.31734530706764,0
"30199","Zaragoza",54.3045480281877,0,0.0486886266316399,0,16,0,11.2781122198444,0
"30206","Nanchital de Lázaro Cárdenas del Río",58.7087524845057,0,0.156469792609402,0,9,0,12.5359639359197,0
"30210","Uxpanapa",51.3426000802611,0,0.0745554309742907,0,128,0,9.25207201808938,0
"30211","San Rafael",55.4182661230762,0,0.16312798286619,0,43,0,11.3165689960697,0
"30212","Santiago Sochiapan",49.9173360273285,0,0.0213107644698046,0,65,0,9.74896717885561,0
"30103","Mecatlán",47.8548694497225,0,0.0141284155761678,0,57,0,9.45745928132062,0
"30141","San Andrés Tuxtla",53.7020786815932,0,0.513473736298855,0,51,0,11.197179306388,0
"30140","San Andrés Tenejapan",50.2183598523816,0,0.00998667513491775,0,17,0,10.3471651873847,0
"30138","Río Blanco",59.1281255009264,0,0.215171666650182,0,5,0,12.6839531840701,0
"30136","Rafael Lucio",54.8417842803423,0,0.0246796540561004,0,20,0,11.3065015533155,0
"30131","Poza Rica de Hidalgo",58.1970083813724,0,1.39787240376946,0,1,0,13.7921014614653,0
"30116","Oluta",54.8078088604078,0,0.0829641723783329,0,19,0,11.5052381834339,0
"30109","Misantla",55.4429269646991,0,0.345066612117672,0,42,0,11.5388434750813,0
"30107","Las Minas",51.3990081406163,0,0.0186413384350733,0,61,0,9.97743752889472,0
"30203","Zozocolco de Hidalgo",46.5392743680699,0,0.0175085661696421,0,70,0,9.08843568505719,0
"30205","El Higo",55.9630391153659,0,0.111758739848194,0,57,0,11.2258193284917,0
"30071","Huatusco",54.8656146485489,0,0.391904788461247,0,27,0,11.6008114423614,0
"30069","Gutiérrez Zamora",54.8675235247525,0,0.164105484472509,0,34,0,11.4354122201573,0
"30098","Magdalena",52.113689590025,0,0.0147250142945733,0,30,0,10.5348354611468,0
"30075","Ignacio de la Llave",51.6037242117298,0,0.0669696970213814,0,59,0,10.3671688356846,0
"30074","Huiloapan de Cuauhtémoc",55.6190103332648,0,0.039202838329809,0,8,0,11.6647275981082,0
"30073","Hueyapan de Ocampo",52.4786068366963,0,0.0982128597580814,0,53,0,10.5296866432959,0
"30072","Huayacocotla",52.3385952700858,0,0.095821618152291,0,89,0,10.0696048435669,0
"30149","Soteapan",48.4459059100172,0,0.0509192765601992,0,48,0,9.6045119695119,0
"30150","Tamalín",53.1691224482705,0,0.031719192580326,0,70,0,10.4430751219774,0
"30148","Soledad de Doblado",55.2507396629776,0,0.139522974198672,0,32,0,11.3370213015325,0
"30147","Soledad Atzompa",47.7079011686475,0,0.0218567796857865,0,42,0,9.3553718550222,0
"30146","Sochiapa",53.6295802826039,0,0.0115952100520108,0,40,0,10.7151786891189,0
"30145","Soconusco",54.9899881140144,0,0.053113264839513,0,23,0,11.4725983550088,0
"30004","Actopan",54.9864349287468,0,0.100153939290789,0,43,0,11.1603556833097,0
"30070","Hidalgotitlán",49.701965680115,0,0.0560593358683288,0,73,0,9.82116584187149,0
"30068","Fortín",57.6026104299342,0,0.357183546086551,0,10,0,12.4501925133401,0
"30067","Filomeno Mata",48.854444037164,0,0.0213888623189244,0,57,0,9.5669794824742,0
"30066","Espinal",50.9405757282137,0,0.0894307574716885,0,45,0,10.4707996922254,0
"30065","Emiliano Zapata",57.9180984558644,0,0.252971841384939,0,19,0,12.3354921713561,0
"30064","Chumatlán",45.9446827556425,0,0.0101594836416369,0,49,0,9.51008586579802,0
"30173","Tezonapa",48.6364470246558,0,0.147812686725888,0,56,0,9.9666880515347,0
"30209","Tatahuicapan de Juárez",51.5277834268462,0,0.0464834267838922,0,58,0,10.1056892913158,0
"30032","Catemaco",54.1313422847645,0,0.396623742294514,0,50,0,11.1985631453185,0
"30040","Coatzintla",57.0567698945525,0,0.148045255905056,0,10,0,12.1584423147776,0
"30039","Coatzacoalcos",58.7811576958087,0,2.06453296063829,0,5,0,14.486134396695,0
"30038","Coatepec",57.6573520249301,0,0.615087190045768,0,11,0,12.6954408019556,0
"30037","Coahuitlán",49.369583499505,0,0.0189812253243123,0,57,0,9.73861283481941,0
"30036","Coacoatzintla",54.8633037949111,0,0.0590016151172783,0,29,0,11.181425836229,0
"30035","Citlaltépetl",53.1968008395521,0,0.060917847033033,0,71,0,10.363311417931,0
"30034","Cerro Azul",57.3423392974746,0,0.18420993418096,0,52,0,11.6664618223772,0
"30033","Cazones de Herrera",51.7466695734049,0,0.100025156124155,0,35,0,10.7038079624936,0
"30030","Camerino Z. Mendoza",55.9229698962634,0,0.257133459638952,0,9,0,12.0101222893233,0
"30029","Calcahualco",50.2982267223291,0,0.0109161192470761,0,48,0,9.93252506432081,0
"30028","Boca del Río",59.9383548010404,0,1.23991967523819,0,1,0,13.9902709882719,0
"30027","Benito Juárez",48.9790001977968,0,0.0408175622618878,0,104,0,9.28436582483372,0
"30026","Banderilla",58.3917062825881,0,0.219174130702682,0,13,0,12.4320068337071,0
"30025","Ayahualulco",49.6222928365234,0,0.0340799270866892,0,48,0,9.8118579487197,0
"30024","Tlaltetela",53.018026480671,0,0.0325758946996477,0,47,0,10.5374870882745,0
"30023","Atzalan",51.5812814478897,0,0.0748826248317578,0,59,0,10.1652880461184,0
"30022","Atzacan",53.1583508504644,0,0.0437327129616834,0,17,0,10.9491754881589,0
"30168","Tequila",47.1039218402517,0,0.0250835962800516,0,40,0,9.54494210753573,0
"30166","Tepetlán",52.6832101379783,0,0.00893250416244055,0,52,0,10.4069339909819,0
"30165","Tepatlaxco",47.8033673396414,0,0.0185378060541953,0,45,0,9.84864381644104,0
"30164","Teocelo",56.1153983050551,0,0.125610415191604,0,28,0,11.5680249988671,0
"30126","Paso de Ovejas",55.6369047560395,0,0.0880365047734538,0,30,0,11.4523486669489,0
"30050","Coxquihui",47.0940515356414,0,0.023413875989161,0,56,0,9.50226646144927,0
"30046","Cosautlán de Carvajal",52.8314891374496,0,0.0613135012966568,0,51,0,10.4910053692175,0
"30021","Atoyac",55.0374615248938,0,0.131021084449432,0,21,0,11.5550289604918,0
"30128","Perote",56.1143746702857,0,0.564398760852146,0,24,0,12.059235507277,0
"30020","Atlahuilco",48.2813415085533,0,0.0160305214010649,0,49,0,9.52696798753346,0
"30101","Mariano Escobedo",54.7713917159327,0,0.0700425853752029,0,22,0,11.3201129254051,0
"30018","Aquila",49.7817115637169,0,0.00511906497017482,0,31,0,9.97688834970195,0
"30009","Alto Lucero de Gutiérrez Barrios",54.63709168268,0,0.099341354015553,0,61,0,10.8485837877147,0
"30112","Naolinco",55.6844298970968,0,0.0907312445784088,0,38,0,11.3421425432955,0
"30008","Alpatláhuac",51.4628808515527,0,0.0204485592407442,0,41,0,10.4062367091396,0
"30007","Camarón de Tejeda",53.0588371697282,0,0.0188489415038677,0,44,0,10.5908539028194,0
"30006","Acultzingo",51.1589761925847,0,0.0328853351669181,0,25,0,10.5598807537708,0
"30111","Moloacán",55.0405481384462,0,0.0711919490130213,0,30,0,11.3895444414424,0
"30110","Mixtla de Altamirano",40.8998289988401,0,0.0158342380911364,0,91,0,7.73889322973336,0
"30005","Acula",51.8152532016716,0,0.0298323425923209,0,45,0,10.5671914590187,0
"30051","Coyutla",50.9503067372707,0,0.0699196246381772,0,47,0,10.2672124345053,0
"30045","Cosamaloapan de Carpio",55.8650223492314,0,0.45527902584618,0,21,0,12.0408299527825,0
"30013","Naranjos Amatlán",56.9675632906693,0,0.263389754168252,0,57,0,11.6471157746939,0
"30014","Amatlán de los Reyes",55.483302719256,0,0.188670878210013,0,13,0,11.7588490514298,0
"30002","Acatlán",54.3811306807476,0,0.0217038010633871,0,48,0,10.8024641870315,0
"30001","Acajete",53.0621821957701,0,0.0216920422341381,0,28,0,10.8035082561053,0
"30003","Acayucan",54.971724525608,0,0.626785279324561,0,23,0,11.9807352904815,0
"30120","Oteapan",54.9002382535644,0,0.0559343909149356,0,18,0,11.4579754604708,0
"30127","La Perla",48.7844945403974,0,0.0266846288146563,0,33,0,9.71561192865961,0
"30048","Cosoleacaque",56.7042527764036,0,0.497849274098972,0,11,0,12.4409638676519,0
"30059","Chinameca",54.1765347564981,0,0.0790143848299692,0,23,0,11.2964295924003,0
"30100","Manlio Fabio Altamirano",55.4008844742762,0,0.0554710299463679,0,25,0,11.3896653694278,0
"30087","Xalapa",59.3088345677776,0,4.25374466564379,0,2,0,16.8426866510591,0
"30097","Lerdo de Tejada",57.5679064681771,0,0.183653642965823,0,49,0,11.7659015848877,0
"30010","Altotonga",53.0061860988904,0,0.199009132049532,0,46,0,10.7501964359606,0
"30108","Minatitlán",56.5739942316995,0,0.949761640943507,0,14,0,12.8365379196091,0
"30011","Alvarado",57.5604597311725,0,0.223150336970011,0,30,0,12.1266964499338,0
"30012","Amatitlán",53.207634967301,0,0.0154370452737427,0,43,0,10.7867356202227,0
"30015","Angel R. Cabada",53.9098981307141,0,0.170205001753704,0,56,0,10.8819526946537,0
"30016","La Antigua",57.8429325470823,0,0.305786637001388,0,22,0,12.2568127807345,0
"30017","Apazapan",55.6939923923123,0,0.0232010030366188,0,39,0,11.2827200577814,0
"30117","Omealca",52.8240846655804,0,0.0539634992659425,0,33,0,10.7600470092049,0
"30113","Naranjal",52.2020067211402,0,0.0121774517201164,0,20,0,10.7061000239678,0
"30114","Nautla",54.2916732554398,0,0.044590310408265,0,50,0,10.8999734824303,0
"30115","Nogales",55.8553561974928,0,0.133010897534085,0,10,0,11.7839336120555,0
"30163","Tenochtitlán",52.0366369006151,0,0.0175086162315464,0,75,0,9.9564987154118,0
"30019","Astacinga",49.1695124632876,0,0.0136338421580915,0,78,0,9.38599725045469,0
"30042","Colipa",51.4520140111073,0,0.0275591174194797,0,62,0,10.0781987246462,0
"30043","Comapa",50.1457971533641,0,0.0528532610476305,0,52,0,9.97896802994288,0
"30044","Córdoba",57.7341582231041,0,1.79727920825223,0,3,0,14.0008849877413,0
"30047","Coscomatepec",52.610975125848,0,0.193600799992726,0,32,0,10.8421396009475,0
"30049","Cotaxtla",53.5498089396363,0,0.0729417569099969,0,37,0,10.8512299324323,0
"30052","Cuichapa",54.506740144576,0,0.0443095274219901,0,23,0,11.2196033429216,0
"30099","Maltrata",52.9447096841093,0,0.0800157385488298,0,21,0,11.0394222078097,0
"30105","Medellín de Bravo",58.2767616777666,0,0.184601907009552,0,11,0,12.4465468002404,0
"30184","Tlaquilpa",49.3751418055862,0,0.0113260954827049,0,64,0,9.62289785824838,0
"30175","Tihuatlán",53.1694221476492,0,0.33151931001634,0,19,0,11.4851955758818,0
"30178","Tlacotalpan",54.5505881805022,0,0.170741701914064,0,58,0,11.031714711602,0
"30180","Tlachichilco",48.1120254634698,0,0.0393654444449764,0,128,0,8.80257534207993,0
"30137","Los Reyes",48.2762994969318,0,0.0135292718378386,0,54,0,9.51431569388949,0
"30196","Yanga",55.2821233334062,0,0.0779531142625747,0,17,0,11.5831977143248,0
"30197","Yecuatla",52.7375604419443,0,0.0253840522705074,0,57,0,10.3752663887497,0
"30198","Zacualpan",48.9017604313953,0,0.00821708614921091,0,109,0,8.98093688879696,0
"30139","Saltabarranca",53.2000657144525,0,0.0256705528189714,0,55,0,10.6568361937959,0
"30186","Tomatlán",54.9961271865583,0,0.0250026645259955,0,20,0,11.3450284195058,0
"30200","Zentla",54.1251349689615,0,0.0316008758071536,0,47,0,10.817532018681,0
"30202","Zontecomatlán de López y Fuentes",47.0184151832003,0,0.0220650962360188,0,135,0,8.38776253321056,0
"30204","Agua Dulce",56.4553040260628,0,0.224564094593227,0,22,0,11.9981687757646,0
"30207","Tres Valles",53.92190547191,0,0.267653153476004,0,24,0,11.4417967642158,0
"30208","Carlos A. Carrillo",56.466983669733,0,0.0900300710248309,0,29,0,11.7151227667051,0
"30201","Zongolica",48.799211329358,0,0.107518795916197,0,73,0,9.57752823540135,0
"30181","Tlalixcoyan",54.0408778972904,0,0.185186497135051,0,45,0,11.0586493322077,0
"30182","Tlalnelhuayocan",55.5016247757763,0,0.0342889502418807,0,15,0,11.4992450256363,0
"30183","Tlapacoyan",55.2632775896954,0,0.323088665955466,0,43,0,11.3835926436736,0
"30076","Ilamatlán",45.6066667983378,0,0.0146725606375986,0,158,0,8.01452929240813,0
"30077","Isla",55.0426045386878,0,0.278662879141367,0,27,0,11.5285401777107,0
"30080","Ixhuatlán del Café",53.3038972974176,0,0.0458105883471654,0,31,0,10.8804500660858,0
"30081","Ixhuatlancillo",55.2327739456133,0,0.04719616962847,0,9,0,11.6358001333617,0
"30082","Ixhuatlán del Sureste",55.0801602038577,0,0.0498943162315152,0,15,0,11.5932235603483,0
"30083","Ixhuatlán de Madero",49.8763796571413,0,0.0601215922803542,0,84,0,9.65623759728491,0
"30084","Ixmatlahuacan",52.8517744294471,0,0.0196143271680944,0,35,0,10.8025237906371,0
"30085","Ixtaczoquitlán",56.7286961183117,0,0.253769301807786,0,12,0,12.1056253190118,0
"30086","Jalacingo",53.2018909695543,0,0.105142764381796,0,39,0,10.7105780230534,0
"30088","Jalcomulco",54.0916139014928,0,0.0862253084581223,0,46,0,10.8644374761527,0
"30089","Jáltipan",55.3151513893265,0,0.25775626030148,0,14,0,11.9167750587292,0
"30090","Jamapa",54.414318076506,0,0.0366173443401587,0,23,0,11.2565905147437,0
"30091","Jesús Carranza",51.9686438347193,0,0.0929977334221826,0,84,0,10.0263877703661,0
"30092","Xico",55.3059300335625,0,0.224133090438031,0,25,0,11.5015285713597,0
"30041","Coetzala",47.7451125609964,0,0.00329838197419618,0,25,0,9.95013765496175,0
"30053","Cuitláhuac",56.0612989906812,0,0.200006177602682,0,20,0,11.7885470527937,0
"30054","Chacaltianguis",53.8543274927286,0,0.0285103197798334,0,32,0,11.0316138939609,0
"30055","Chalma",50.6519470361844,0,0.0232396710021112,0,69,0,10.0766461714862,0
"30056","Chiconamel",50.3500132998861,0,0.0114155312190736,0,73,0,9.83302844389414,0
"30057","Chiconquiaco",51.0061671657417,0,0.0296107325978674,0,67,0,9.89366425283295,0
"30058","Chicontepec",52.0779826471611,0,0.108440889845703,0,84,0,10.1642292872534,0
"30060","Chinampa de Gorostiza",52.1024064864253,0,0.0740926160148551,0,62,0,10.3917791453683,0
"30061","Las Choapas",52.4686953830419,0,0.324963149195115,0,48,0,10.8736775394456,0
"30062","Chocamán",53.8800907158998,0,0.0550173103874526,0,19,0,11.1190682111531,0
"30063","Chontla",52.2970294198516,0,0.0241544418955955,0,74,0,10.1275647385147,0
"30093","Jilotepec",54.7423856465128,0,0.0489584239543717,0,23,0,11.3290627007312,0
"30094","Juan Rodríguez Clara",54.1922829836486,0,0.175549446015347,0,40,0,11.0975006033038,0
"30095","Juchique de Ferrer",52.4703154762172,0,0.0727473381359664,0,74,0,10.1946779565403,0
"30096","Landero y Coss",54.5534728512334,0,0.00892384717532406,0,52,0,10.7424117386754,0
"30104","Mecayapan",50.6920219308418,0,0.0483082434619134,0,49,0,10.0736729546357,0
"30118","Orizaba",59.5446692320251,0,1.25339883125318,0,0,0,13.9086013441062,0
"30119","Otatitlán",55.546500754102,0,0.0391520771153726,0,21,0,11.5235767297714,0
"30121","Ozuluama de Mascareñas",50.49407222158,0,0.0968243744396688,0,61,0,10.1913098353578,0
"30123","Pánuco",55.8940667697526,0,0.497355468682857,0,28,0,11.9996600303079,0
"30124","Papantla",51.8642083061676,0,0.552189547859153,0,27,0,11.3297816884629,0
"30125","Paso del Macho",53.7917728709119,0,0.13196196516048,0,34,0,11.0733260474853,0
"30129","Platón Sánchez",52.6280506313362,0,0.0925602573519352,0,65,0,10.4389030149335,0
"30130","Playa Vicente",52.6700034380511,0,0.215327022465967,0,55,0,10.6679592642484,0
"30122","Pajapan",51.4271254568614,0,0.0645711939919462,0,38,0,10.3986055771138,0
"30132","Las Vigas de Ramírez",53.8867242923627,0,0.0955978082778741,0,31,0,11.0574549101259,0
"30133","Pueblo Viejo",56.0071821284793,0,0.197054985516118,0,14,0,11.9520739286331,0
"30134","Puente Nacional",55.6769702812887,0,0.0787349094346588,0,34,0,11.3893726320263,0
"30135","Rafael Delgado",54.3375751932456,0,0.0781098622524509,0,9,0,11.4014862285192,0
"30106","Miahuatlán",53.8320773126539,0,0.0194423097283949,0,53,0,10.5714786359577,0
"30102","Martínez de la Torre",55.9617321865995,0,0.711784958119394,0,34,0,12.1535567242899,0
"30170","Texcatepec",46.2967654177397,0,0.0120764009005946,0,158,0,8.00060027238611,0
"30171","Texhuacán",50.0187751738277,0,0.0126595122034283,0,72,0,9.70882500605174,0
"30172","Texistepec",50.8699241154645,0,0.051058278285017,0,38,0,10.5275502181624,0
"30174","Tierra Blanca",55.5437587919481,0,0.610529537662955,0,29,0,11.9750265664077,0
"30176","Tlacojalpan",52.903681218288,0,0.0348086396218426,0,24,0,10.9641394564843,0
"30179","Tlacotepec de Mejía",54.0605852526015,0,0.0152870695961927,0,54,0,10.6613339019735,0
"30177","Tlacolulan",52.1026897541718,0,0.0173232641416286,0,46,0,10.3516736741112,0
"30193","Veracruz",59.273734510766,0,4.42817542834388,0,4,0,16.9630996435699,0
"30143","Santiago Tuxtla",52.7185044833461,0,0.17923918845185,0,51,0,10.6794934989215,0
"30144","Sayula de Alemán",52.7892231222939,0,0.108359200434266,0,30,0,10.9207323798491,0
"30142","San Juan Evangelista",52.6996858258936,0,0.0977870456089729,0,43,0,10.7273386768576,0
"30151","Tamiahua",50.7005752486546,0,0.0924522486168637,0,63,0,10.2977931691707,0
"30152","Tampico Alto",51.7374201211856,0,0.0512117581976795,0,50,0,10.4642695508438,0
"30153","Tancoco",53.3830038144498,0,0.00467914570706092,0,64,0,10.5106891631982,0
"30154","Tantima",52.1125407426388,0,0.0179650333677814,0,68,0,10.1853744080453,0
"30155","Tantoyuca",48.3527873628133,0,0.308027967157195,0,59,0,10.1219783939702,0
"30156","Tatatila",51.5486067297685,0,0.0122873369269466,0,59,0,10.0421270509946,0
"30157","Castillo de Teayo",48.6788338046811,0,0.0653942804571981,0,37,0,10.3416204287027,0
"30158","Tecolutla",52.3361651893187,0,0.328765513963802,0,48,0,10.9405588843506,0
"30159","Tehuipango",41.7826042040739,0,0.0283490331124021,0,98,0,7.75673592804353,0
"30160","Álamo Temapache",53.4754164455517,0,0.485755817393903,0,36,0,11.4611009615466,0
"30161","Tempoal",51.8961726927213,0,0.120468381669529,0,59,0,10.4221669449758,0
"30167","Tepetzintla",53.6498530722075,0,0.0372314297385559,0,58,0,10.5863338548493,0
"31009","Cansahcab",53.7285104726297,0,0.0764092538999332,0,30,0,11.026440424649,0
"31007","Cacalchén",56.2566657520727,0,0.124847711089358,0,24,0,11.6350153482484,0
"31019","Chemax",48.7793371874385,0,0.294015213164966,0,46,0,9.85910198714722,0
"31101","Umán",57.1401154036144,0,1.04463805931467,0,11,0,12.9654691190756,0
"31106","Yobaín",54.3573427494902,0,0.0432222213512584,0,41,0,11.0195039900074,0
"31105","Yaxkukul",55.8128582131954,0,0.056081647277106,0,18,0,11.6305457064467,0
"31103","Xocchel",51.4620460751333,0,0.0420361396274146,0,33,0,10.3832366530724,0
"31097","Tunkás",51.5400208621158,0,0.0632238814877953,0,53,0,10.1907534208958,0
"31095","Tixpéhual",55.0001326669543,0,0.0647678144418232,0,14,0,11.4732149896804,0
"31081","Tekom",50.9301522867029,0,0.0910881319907218,0,52,0,10.1360553687689,0
"31090","Timucuy",51.8840725621149,0,0.0376488387811467,0,15,0,10.7335359465312,0
"31088","Teya",52.5405473360637,0,0.0257734034228329,0,34,0,10.705327517849,0
"31087","Tetiz",51.1397437500784,0,0.0572057583722023,0,22,0,10.4855709750791,0
"31066","Santa Elena",51.8906868964079,0,0.118524295296215,0,39,0,10.5154865746985,0
"31086","Tepakán",50.617111523905,0,0.0242596443461273,0,36,0,10.242167023481,0
"31083","Telchac Puerto",55.268992057507,0,0.0662929552967901,0,38,0,11.2123218548072,0
"31082","Telchac Pueblo",55.3705998474218,0,0.0905949366700221,0,25,0,11.4707710830014,0
"31080","Tekit",54.1478164371423,0,0.165828234672151,0,26,0,11.10931398537,0
"31102","Valladolid",54.5170751115967,0,1.93265165564248,0,39,0,12.9404594509241,0
"31071","Sudzal",52.1308633542215,0,0.0289387770540373,0,42,0,10.4406680913386,0
"31069","Sotuta",52.1657962742296,0,0.132225889567015,0,58,0,10.3128668397295,0
"31078","Tekantó",52.699620408264,0,0.0808234847284644,0,32,0,10.8147952867435,0
"31037","Huhí",54.0880772842783,0,0.0672920747623175,0,44,0,10.8296017977713,0
"31027","Dzidzantún",56.7109714416638,0,0.219615643022659,0,41,0,11.6903900513604,0
"31058","Peto",53.4322397498304,0,0.404331881157609,0,49,0,10.9778987938954,0
"31055","Opichén",53.7479749863579,0,0.0379611667326367,0,37,0,10.7928940306252,0
"31036","Homún",53.0303898657951,0,0.0940004468846856,0,36,0,10.7918797436959,0
"31032","Espita",52.251815023814,0,0.186562056727843,0,53,0,10.4031542773311,0
"31077","Tekal de Venegas",50.6677580363417,0,0.0245098792235393,0,37,0,10.220078547973,0
"31074","Tahmek",53.4107347662162,0,0.0604427402658117,0,26,0,10.9660527233477,0
"31026","Dzemul",55.0888696794745,0,0.0428252180695993,0,26,0,11.3761418815383,0
"31025","Dzan",54.9583229625714,0,0.0649966805909541,0,31,0,11.1572378799851,0
"31001","Abalá",52.0644029722264,0,0.032501586553577,0,28,0,10.6138262872853,0
"31050","Mérida",59.9136202879157,0,21.3653214040261,0,1,0,34.0936331572046,0
"31023","Chocholá",54.8270678530427,0,0.0971446069367961,0,22,0,11.4106609060971,0
"31035","Hoctún",52.6601571389383,0,0.0825025590411762,0,28,0,10.7614050164634,0
"31034","Hocabá",50.9666741662071,0,0.0420260816018128,0,36,0,10.2735773414864,0
"31016","Chacsinkín",52.3038560460195,0,0.0176003468127742,0,43,0,10.4372255966593,0
"31015","Cuzamá",51.7112428233544,0,0.0448685524523791,0,30,0,10.492882843563,0
"31013","Conkal",58.8830841950992,0,0.189244257938713,0,16,0,12.5079939405668,0
"31049","Mayapán",46.5053986922235,0,0.0439657605660128,0,43,0,9.18770738798395,0
"31065","San Felipe",55.8982553989578,0,0.0692346136232849,0,83,0,10.7832771080426,0
"31064","Sanahcat",53.8418070724091,0,0.0118213573866731,0,40,0,10.8561068762022,0
"31073","Tahdziú",49.4453324912743,0,0.0409087665665684,0,59,0,9.61904378946563,0
"31072","Suma",55.3705088828567,0,0.0481509970494501,0,28,0,11.3388534440055,0
"31093","Tixkokob",56.8232198029765,0,0.298151556310534,0,18,0,12.0621562947606,0
"31061","Río Lagartos",54.1858680286034,0,0.155688963160389,0,88,0,10.4220386652083,0
"31014","Cuncunul",52.6031192064331,0,0.0147432146568818,0,47,0,10.5324522120684,0
"31089","Ticul",56.0262301483597,0,0.753416659008043,0,24,0,12.2311176678468,0
"31070","Sucilá",54.5580867667941,0,0.0714563799667882,0,49,0,10.9439419030747,0
"31068","Sinanché",54.3185875212958,0,0.0643772039762114,0,37,0,11.049425414349,0
"31012","Cenotillo",53.7340024023425,0,0.02234341832924,0,60,0,10.5621369565023,0
"31010","Cantamayec",49.0618522491806,0,0.0392840813499684,0,56,0,9.6443747150333,0
"31002","Acanceh",55.083317191263,0,0.191982054150992,0,13,0,11.6084084283922,0
"31063","Samahil",53.7658150156367,0,0.076177812181936,0,26,0,11.0593365652301,0
"31060","Quintana Roo",53.3604242980965,0,0.0336154084174213,0,57,0,10.5385451010443,0
"31054","Muxupip",53.9250031289327,0,0.0277945985857515,0,20,0,11.1399704737638,0
"31053","Muna",55.2898211359705,0,0.184567636864612,0,28,0,11.434531744567,0
"31076","Tecoh",52.9894936634856,0,0.0932870294172821,0,20,0,10.9224729290278,0
"31098","Tzucacab",53.404542909139,0,0.233672126237669,0,50,0,10.7793861549051,0
"31042","Kantunil",52.5371522522648,0,0.05334685084398,0,39,0,10.6074548164869,0
"31052","Motul",55.3838778121845,0,0.676301750869784,0,17,0,12.1280772814046,0
"31006","Buctzotz",54.1461302464,0,0.183190796582015,0,50,0,10.909369249676,0
"31056","Oxkutzcab",53.4986471068607,0,0.516029668471651,0,33,0,11.3054824953215,0
"31057","Panabá",54.5529252086478,0,0.192769346984872,0,60,0,10.8892985990225,0
"31028","Dzilam de Bravo",54.9039494576125,0,0.1478220815386,0,64,0,10.9158412035588,0
"31062","Sacalum",53.8611209868849,0,0.0798629497969673,0,28,0,11.0399863920443,0
"31051","Mocochá",55.489157746077,0,0.0426163957255405,0,18,0,11.4957149378017,0
"31040","Izamal",55.0226455444762,0,0.624844731519462,0,31,0,11.8277743547517,0
"31085","Temozón",51.7476566748206,0,0.202298906010854,0,49,0,10.4188272785763,0
"31104","Yaxcabá",49.3282473222593,0,0.0934009036169325,0,66,0,9.5877045336125,0
"31091","Tinum",53.4527508801609,0,0.183399562346821,0,50,0,10.7654206781334,0
"31048","Maxcanú",53.775413786013,0,0.29590498163745,0,37,0,11.1363984423149,0
"31096","Tizimín",53.4162083988111,0,1.55124854979746,0,51,0,12.1200834677356,0
"31099","Uayma",49.6852777840841,0,0.0194612996036246,0,47,0,9.81717024085967,0
"31005","Bokobá",54.383083000654,0,0.0603504739295076,0,31,0,11.1360473200529,0
"31047","Maní",51.9982247690659,0,0.0542834821289398,0,31,0,10.5405576868444,0
"31046","Mama",51.8632356982559,0,0.0423276268758333,0,26,0,10.6104087221382,0
"31045","Kopomá",54.6742960350614,0,0.0906881678932639,0,29,0,11.2469328353377,0
"31044","Kinchil",53.8417356501315,0,0.100792707781854,0,24,0,11.0746988221977,0
"31100","Ucú",54.3792227958554,0,0.0408723228758473,0,20,0,11.2846824518588,0
"31043","Kaua",51.9408331092958,0,0.0353016160085861,0,49,0,10.2818491948453,0
"31020","Chicxulub Pueblo",55.6889639392364,0,0.0851203921290101,0,19,0,11.62625699609,0
"31067","Seyé",55.445318645897,0,0.066942314024352,0,21,0,11.4522909496972,0
"31075","Teabo",50.657433654324,0,0.0900823213530732,0,33,0,10.2429408738443,0
"31004","Baca",55.0269348194927,0,0.0929518676495177,0,18,0,11.4488021295636,0
"31003","Akil",53.8228606441541,0,0.220796041467944,0,31,0,11.0693786418873,0
"31022","Chikindzonot",49.0889458378362,0,0.0288996429169139,0,72,0,9.38334640983827,0
"31033","Halachó",52.1099507305459,0,0.233490072602643,0,43,0,10.6439374907061,0
"31079","Tekax",53.7973245706733,0,0.727603130383954,0,38,0,11.5490801766246,0
"31059","Progreso",57.6372012213706,0,1.50016272401552,0,16,0,13.4883270522959,0
"31094","Tixméhuac",50.5089680215383,0,0.073355943636637,0,45,0,10.0905508591344,0
"31084","Temax",53.2971545292461,0,0.0947448282821587,0,40,0,10.7410926191665,0
"31029","Dzilam González",55.4621829769392,0,0.109022699760464,0,53,0,11.1269685305803,0
"31041","Kanasín",58.1220187891718,0,1.0881652167078,0,0,0,13.3779322894017,0
"31038","Hunucmá",54.4931812120775,0,0.47037050663077,0,15,0,11.7249470090137,0
"31030","Dzitás",49.2620186668522,0,0.050490474477697,0,49,0,9.743862937561,0
"31021","Chichimilá",50.1713292322921,0,0.0620977539695567,0,53,0,9.88994884003102,0
"31039","Ixil",55.1057406418157,0,0.0874174594017771,0,23,0,11.4082936200956,0
"31092","Tixcacalcupul",48.9457723262077,0,0.0467793252701365,0,65,0,9.43830952282522,0
"31018","Chapab",52.5760722796216,0,0.0341202744827449,0,29,0,10.7118810329709,0
"31017","Chankom",49.8884484015607,0,0.0316629848715368,0,62,0,9.68914885660661,0
"31024","Chumayel",51.2264456097306,0,0.0262920117349633,0,31,0,10.3717471699621,0
"31031","Dzoncauich",51.2622940367818,0,0.035650463017526,0,43,0,10.2481856285574,0
"31011","Celestún",55.2011694096428,0,0.483561621917839,0,61,0,11.2174165719176,0
"31008","Calotmul",52.1191022224473,0,0.0369386204018079,0,53,0,10.3047852503222,0
"32027","Melchor Ocampo",54.2063800946685,0,0.0829434974308143,0,149,0,9.72998815215435,0
"32019","Jalpa",57.4091916850675,0,0.815412452210468,0,70,0,12.0852980779709,0
"32003","Atolinga",56.3166482612223,0,0.045125697682799,0,113,0,10.508436400569,0
"32058","Santa María de la Paz",56.0558028216658,0,0.120284701617971,0,103,0,10.6714265030883,0
"32036","Ojocaliente",56.4313744592673,0,0.924730628588445,0,24,0,12.5376419559198,0
"32035","Noria de Ángeles",55.2669970443873,0,0.0863995551396667,0,38,0,11.2845403227361,0
"32037","Pánuco",55.136736951268,0,0.2048434261741,0,23,0,11.5192069909409,0
"32040","Sain Alto",55.8668873250988,0,0.252046365448286,0,42,0,11.474544685551,0
"32033","Moyahua de Estrada",55.9501793832225,0,0.0682602450128864,0,106,0,10.58159691298,0
"32020","Jerez",58.3051129047624,0,2.59744215454044,0,21,0,14.6632301182195,0
"32010","Fresnillo",58.0156378810876,0,5.83534749613819,0,10,0,17.9974499094004,0
"32034","Nochistlán de Mejía",57.6771504130737,0,0.883108098208522,0,61,0,12.3203668828493,0
"32005","Calera",58.5021418476113,0,1.29280880969737,0,10,0,13.5381137206957,0
"32045","Tepechitlán",56.4735109575509,0,0.245472518778221,0,105,0,10.8792068462011,0
"32038","Pinos",54.2747962240987,0,0.539116133030249,0,54,0,11.3969684648778,0
"32051","Villa de Cos",55.7077961430648,0,0.583783130019672,0,54,0,11.6190126093252,0
"32050","Vetagrande",56.1901174668915,0,0.120566911294433,0,16,0,11.8081090260368,0
"32049","Valparaíso",54.7415027947388,0,0.755722114639673,0,89,0,11.2359109839754,0
"32048","Tlaltenango de Sánchez Román",57.5596733436326,0,1.38785755869604,0,94,0,12.3936399998452,0
"32046","Tepetongo",55.6653788450576,0,0.105803588153462,0,46,0,11.2119732447808,0
"32025","Luis Moya",57.0955779967321,0,0.263018298732036,0,27,0,11.9639892695413,0
"32044","Tabasco",56.7716067832619,0,0.387998332750123,0,74,0,11.4276619658661,0
"32043","Susticacán",54.5594454259276,0,0.0454857375722802,0,40,0,11.0328572433886,0
"32054","Villa Hidalgo",55.044146321649,0,0.233005416373845,0,46,0,11.2855544038548,0
"32042","Sombrerete",57.2527914433674,0,1.58447680495331,0,47,0,13.1264718396447,0
"32041","El Salvador",52.5728580397351,0,0.196011160424454,0,119,0,9.8699459140465,0
"32016","General Pánfilo Natera",54.984672540717,0,0.377306421615738,0,29,0,11.5794429970492,0
"32014","General Francisco R. Murguía",56.3053100855622,0,0.296250208365453,0,58,0,11.4313561349639,0
"32013","General Enrique Estrada",56.5051037229595,0,0.131759032474753,0,12,0,11.9245022071635,0
"32009","Chalchihuites",56.0677832371266,0,0.240326492453344,0,73,0,11.1876234928442,0
"32017","Guadalupe",59.9701297323817,0,4.62599681362847,0,3,0,17.3843040391337,0
"32057","Trancoso",56.9580726388201,0,0.305565189154303,0,13,0,12.1752531257169,0
"32030","Momax",56.4136637416333,0,0.0840206482909119,0,87,0,10.8990495303438,0
"32032","Morelos",58.5232435073699,0,0.547443523109675,0,16,0,12.7510018453115,0
"32056","Zacatecas",60.1761907534925,0,6.25484505495264,0,2,0,19.1051506385963,0
"32018","Huanusco",55.7099032382257,0,0.0766115385456451,0,73,0,10.8915730779814,0
"32022","Juan Aldama",57.6334323911871,0,0.895061632113124,0,52,0,12.3995491030627,0
"32002","Apulco",54.9584352941588,0,0.0406932158515445,0,55,0,10.9013419602396,0
"32001","Apozol",55.8369468594386,0,0.120512233872493,0,96,0,10.6903510270226,0
"32015","El Plateado de Joaquín Amaro",55.2293121333621,0,0.0632552994360237,0,82,0,10.6481622904462,0
"32028","Mezquital del Oro",55.5519898024995,0,0.0549547205268966,0,88,0,10.7145110170507,0
"32026","Mazapil",53.942804550421,0,0.125560086175228,0,127,0,10.0182438501926,0
"32052","Villa García",57.3528509139622,0,0.237662464172575,0,40,0,11.9103058328153,0
"32024","Loreto",57.4878453167782,0,1.45155776142624,0,29,0,13.2553535410449,0
"32004","Benito Juárez",56.0659289901139,0,0.112274798586238,0,109,0,10.5981952239655,0
"32029","Miguel Auza",57.5407174343056,0,0.625699477542789,0,58,0,12.0055210701078,0
"32053","Villa González Ortega",56.4519056192696,0,0.28343475215579,0,37,0,11.7437058976994,0
"32023","Juchipila",57.7246132752812,0,0.359407721174709,0,104,0,11.3132690368238,0
"32039","Río Grande",57.6814077850477,0,1.89096871728027,0,28,0,13.7369829936363,0
"32055","Villanueva",56.7470582490846,0,0.913088277258968,0,38,0,12.3972718111994,0
"32031","Monte Escobedo",56.0908848267684,0,0.277980780120488,0,90,0,11.0125507130734,0
"32021","Jiménez del Teul",51.6941690263279,0,0.0622653173293526,0,111,0,9.60640025884913,0
"32008","Cuauhtémoc",56.523245295041,0,0.159285669058224,0,27,0,11.7140453084113,0
"32007","Concepción del Oro",58.091735398705,0,0.280087287208338,0,91,0,11.5387358370666,0
"32047","Teúl de González Ortega",56.9215124815505,0,0.231314902794547,0,101,0,11.0371686910701,0
"32012","Genaro Codina",54.0866108312078,0,0.0921196428517816,0,30,0,11.1384129649736,0
"32006","Cañitas de Felipe Pescador",57.4868772754336,0,0.184230165220502,0,44,0,11.7512027012457,0
"32011","Trinidad García de la Cadena",56.5318720947488,0,0.106834358185353,0,78,0,11.1177442690893,0
