"CVEGEO","NOMGEO","VIVPAR_HAB","no_VIVPAR_HAB","POBTOT","no_POBTOT","pct_VPH_SINTIC","no_pct_VPH_SINTIC","pct_VPH_C_ELEC","no_pct_VPH_C_ELEC","pct_VPH_AGUADV","no_pct_VPH_AGUADV","pct_VPH_PISODT","no_pct_VPH_PISODT","pct_VPH_PISOTI","no_pct_VPH_PISOTI","pct_VPH_1CUART","no_pct_VPH_1CUART"
"01005","Jesús María",32267,0,129929,0,0.00458672947593517,0,1.02200390491834,0,1.01791303808845,0,1.01400811975083,0,0.0127374717203335,0,0.0245761923947067,0
"01008","San José de Gracia",2377,0,9552,0,0.0151451409339504,0,0.986537652503155,0,0.981489272191838,0,0.990323937736643,0,0.0100967606226336,0,0.0281867900715187,0
"01001","Aguascalientes",257719,0,948990,0,0.0028364226153291,0,1.03129765364603,0,1.02915190575782,0,1.02694019455298,0,0.00593669849720044,0,0.0123584213814271,0
"01004","Cosío",3933,0,17000,0,0.0127129417747267,0,0.993135011441648,0,0.99160945842868,0,0.98932112890923,0,0.0101703534197813,0,0.030511060259344,0
"01011","San Francisco de los Romo",16194,0,61997,0,0.00586637026059034,0,1.00413733481536,0,1.00333456835865,0,1.00148203038162,0,0.00722489811041126,0,0.0153143139434358,0
"01006","Pabellón de Arteaga",11251,0,47646,0,0.00568838325482179,0,1.00977690871922,0,1.00488845435961,0,1.0087992178473,0,0.00693271709181406,0,0.0259532486001244,0
"01003","Calvillo",15462,0,58250,0,0.00892510671323244,0,0.995860820075023,0,0.993661880739878,0,0.991850989522701,0,0.0112533954210322,0,0.0289095847885138,0
"01010","El Llano",5130,0,20853,0,0.0181286549707602,0,1.00019493177388,0,0.996686159844055,0,0.999415204678363,0,0.0155945419103314,0,0.0376218323586745,0
"01002","Asientos",12530,0,51536,0,0.0141260973663208,0,0.99122106943336,0,0.988826815642458,0,0.984038308060654,0,0.0146847565841979,0,0.0388667198723065,0
"01009","Tepezalá",5416,0,22485,0,0.0103397341211226,0,0.988737075332349,0,0.985044313146233,0,0.980428360413589,0,0.0164327917282127,0,0.0291728212703102,0
"01007","Rincón de Romos",13519,0,57369,0,0.00909830608772838,0,0.992824913085287,0,0.988534654930098,0,0.98653746578889,0,0.0127228345291812,0,0.0295879872771655,0
"02003","Tecate",29287,0,108440,0,0.0119165500051217,0,1.03728616792434,0,1.01444326834432,0,1.03448629084577,0,0.0193942704954417,0,0.0543244442926896,0
"02004","Tijuana",522593,0,1922523,0,0.00736519624258266,0,1.09430091868816,0,1.08447682996137,0,1.07326542835438,0,0.0239670259647565,0,0.0569047040431081,0
"02001","Ensenada",133229,0,443807,0,0.0113263628789528,0,1.02313310165204,0,0.995226264552012,0,1.02189463254997,0,0.0187947068581165,0,0.0699547395837243,0
"02006","San Quintín",32090,0,117568,0,0.0250233717669056,0,0.952633219071362,0,0.848987223434092,0,0.967341851043939,0,0.0433468370208788,0,0.230975381738859,0
"02007","San Felipe",0,1,0,1,0,1,0,1,0,1,0,1,0,1,0,1
"02002","Mexicali",311321,0,1049792,0,0.00870484162648842,0,1.04982317286659,0,1.04827493166218,0,1.04203378506429,0,0.0146986550859081,0,0.0271102816706872,0
"02005","Playas de Rosarito",31236,0,126890,0,0.0115891919579972,0,1.1735177359457,0,1.12312716096811,0,1.14966705083878,0,0.0323985145345115,0,0.0913689332821104,0
"03002","Mulegé",18542,0,64022,0,0.0229209362528314,0,1.01148743393377,0,1.00485384532413,0,1.00377521302988,0,0.031496062992126,0,0.175169884586345,0
"03009","Loreto",5191,0,18052,0,0.0157965709882489,0,1.05490271623965,0,1.03486804083992,0,1.02523598535928,0,0.0439221729917164,0,0.130032748988634,0
"03008","Los Cabos",94177,0,351111,0,0.0111492190237531,0,1.05897405948374,0,0.975885831997197,0,0.983212461641377,0,0.0835979060704843,0,0.223770134958642,0
"03003","La Paz",86927,0,292241,0,0.00798371046970446,0,1.03057738102086,0,1.018555799694,0,1.02215652213927,0,0.0213512487489503,0,0.0532400750054644,0
"03001","Comondú",22001,0,73021,0,0.0162265351574928,0,0.988045997909186,0,0.98513703922549,0,0.972728512340348,0,0.0314985682468979,0,0.0630880414526612,0
"04003","Carmen",67188,0,248845,0,0.0251235339643984,0,1.04671965231887,0,0.996487468000238,0,1.02963326784545,0,0.02628445555754,0,0.19693992974936,0
"04007","Palizada",2513,0,8683,0,0.0807799442896936,0,0.980899323517708,0,0.829287703939515,0,0.965777954635893,0,0.0413847990449662,0,0.198567449263828,0
"04013","Dzitbalché",0,1,0,1,0,1,0,1,0,1,0,1,0,1,0,1
"04005","Hecelchakán",8291,0,31917,0,0.0793631648775781,0,0.990833433843927,0,0.975395006633699,0,0.983958509226873,0,0.0155590399228079,0,0.130864793149198,0
"04004","Champotón",21286,0,78170,0,0.0529455980456638,0,0.987080710326036,0,0.972846002067086,0,0.970731936484074,0,0.0356572395001409,0,0.157333458611294,0
"04011","Candelaria",13220,0,46913,0,0.167397881996974,0,0.926021180030257,0,0.887216338880484,0,0.913086232980333,0,0.0878971255673222,0,0.208245083207262,0
"04012","Seybaplaya",4257,0,15297,0,0.0326521024195443,0,0.992013154803852,0,0.937514681700728,0,0.992482969227155,0,0.00939628846605591,0,0.106647874089735,0
"04002","Campeche",81815,0,294077,0,0.0142394426449917,0,1.03361241826071,0,1.03138788730673,0,1.02805109087576,0,0.0110737639797103,0,0.0933080730917314,0
"04006","Hopelchén",10223,0,42140,0,0.170595715543383,0,0.981414457595618,0,0.983859923701457,0,0.970947862662623,0,0.027976132250807,0,0.081776386579282,0
"04001","Calkiní",15280,0,59232,0,0.0482984293193717,0,0.989267015706806,0,0.978599476439791,0,0.974607329842932,0,0.0235602094240838,0,0.148887434554974,0
"04010","Calakmul",8025,0,31714,0,0.153146417445483,0,0.974205607476636,0,0.781183800623053,0,0.901433021806854,0,0.0979439252336449,0,0.201495327102804,0
"04009","Escárcega",16796,0,59923,0,0.0555489402238628,0,0.977851869492736,0,0.975827577994761,0,0.946892117170755,0,0.0485234579661824,0,0.225053584186711,0
"04008","Tenabo",3066,0,11452,0,0.0622961513372472,0,0.983039791258969,0,0.9853228962818,0,0.985649054142205,0,0.0120678408349641,0,0.158512720156556,0
"05005","Candela",464,0,1643,0,0.0107758620689655,0,1.00862068965517,0,1.00431034482759,0,1.00862068965517,0,0.00431034482758621,0,0.0150862068965517,0
"05017","Matamoros",29876,0,118337,0,0.00900388271522292,0,1.04016601954746,0,1.03176462712545,0,1.02550542241264,0,0.0173048600883652,0,0.0245682152898648,0
"05018","Monclova",65704,0,237951,0,0.00511384390600268,0,1.05871788627785,0,1.05483684402776,0,1.0563892609278,0,0.00485510775599659,0,0.0151893339827103,0
"05014","Jiménez",2601,0,9502,0,0.00999615532487505,0,1.02921953094963,0,1.02998846597463,0,1.03421760861207,0,0.0126874279123414,0,0.0699730872741253,0
"05035","Torreón",203418,0,720848,0,0.00484716200139614,0,1.05336794187338,0,1.05199638183445,0,1.04430778003913,0,0.00988604744909497,0,0.0110167241837006,0
"05013","Hidalgo",488,0,1735,0,0.0163934426229508,0,0.993852459016393,0,0.98155737704918,0,1,0,0.00614754098360656,0,0.0266393442622951,0
"05015","Juárez",484,0,1584,0,0.00826446280991736,0,0.993801652892562,0,0.991735537190083,0,0.993801652892562,0,0.00826446280991736,0,0.0330578512396694,0
"05020","Múzquiz",19836,0,71627,0,0.00972978423069167,0,1.02137527727364,0,1.02233313167977,0,1.02152651744303,0,0.00730994152046784,0,0.0268703367614438,0
"05024","Parras",12669,0,44472,0,0.0161022969452995,0,0.997710947983266,0,0.96850580156287,0,0.986660352040414,0,0.0154708343199937,0,0.0262056989501934,0
"05026","Progreso",944,0,3239,0,0.0190677966101695,0,1.03389830508475,0,1.02224576271186,0,1.02860169491525,0,0.00635593220338983,0,0.0222457627118644,0
"05027","Ramos Arizpe",33128,0,122243,0,0.00808983337358126,0,1.03341584158416,0,1.02701642115431,0,1.02843516058923,0,0.00799927553730983,0,0.0125875392417291,0
"05025","Piedras Negras",50808,0,176327,0,0.00495984884270194,0,1.01218312076838,0,1.01058888364037,0,1.0084435521965,0,0.00596362777515352,0,0.0205085813257755,0
"05028","Sabinas",19426,0,64811,0,0.00581694636054772,0,1.03670338721301,0,1.03258519509935,0,1.0332029239164,0,0.00591990116338927,0,0.0152373108205498,0
"05030","Saltillo",234231,0,879958,0,0.00423086611080515,0,1.03023510978479,0,1.02271689059091,0,1.02541935098258,0,0.00594712057754951,0,0.011941203342,0
"05031","San Buenaventura",7310,0,24759,0,0.00506155950752394,0,1.03611491108071,0,1.03652530779754,0,1.0374829001368,0,0.00341997264021888,0,0.0142270861833105,0
"05016","Lamadrid",553,0,1764,0,0.0307414104882459,0,0.994575045207957,0,0.998191681735985,0,1,0,0,0,0.0253164556962025,0
"05004","Arteaga",8118,0,29578,0,0.0179847253017985,0,1.05481645725548,0,1.02734663710273,0,1.03621581670362,0,0.0250061591525006,0,0.0327666913032767,0
"05002","Acuña",47137,0,163058,0,0.00524004497528481,0,0.995056961622505,0,0.992850626896069,0,0.990410929842799,0,0.00939813734433672,0,0.0252243460551159,0
"05032","San Juan de Sabinas",12625,0,42260,0,0.00594059405940594,0,1.03445544554455,0,1.03247524752475,0,1.03073267326733,0,0.00617821782178218,0,0.0224158415841584,0
"05033","San Pedro",26075,0,101041,0,0.0125407478427613,0,1.01407478427613,0,0.954515819750719,0,1.00264621284756,0,0.0156088207094918,0,0.0239693192713327,0
"05009","Francisco I. Madero",15664,0,59035,0,0.0116189989785495,0,1.01098059244127,0,0.996169560776302,0,1.00057456588355,0,0.0133426966292135,0,0.0227272727272727,0
"05012","Guerrero",492,0,1643,0,0.0386178861788618,0,1.04065040650407,0,1.03455284552846,0,1.03861788617886,0,0.0182926829268293,0,0.0670731707317073,0
"05006","Castaños",8159,0,29128,0,0.0140948645667361,0,1.02071332271112,0,0.992278465498223,0,1.02193896310822,0,0.00441230542958696,0,0.0134820443681824,0
"05003","Allende",6813,0,23056,0,0.00528401585204756,0,1.00322912079847,0,1.00293556436225,0,1.00161456039924,0,0.00337589901658594,0,0.019374724790841,0
"05023","Ocampo",2561,0,9642,0,0.0667707926591175,0,0.988676298320968,0,0.972666926981648,0,1.02381882077314,0,0.0160093713393206,0,0.0363139398672394,0
"05008","Escobedo",864,0,3047,0,0.0127314814814815,0,1.04282407407407,0,1,0,1.0462962962963,0,0.00347222222222222,0,0.0266203703703704,0
"05022","Nava",8461,0,33129,0,0.006973171019974,0,1.10187921049521,0,1.10081550644132,0,1.09561517551117,0,0.00980971516369224,0,0.0254107079541425,0
"05019","Morelos",2223,0,7928,0,0.00224921277552856,0,1.04633378317589,0,1.04453441295547,0,1.04588394062078,0,0.00314889788573999,0,0.0260908681961314,0
"05007","Cuatro Ciénegas",3605,0,12715,0,0.0160887656033287,0,1.01803051317614,0,0.987239944521498,0,1.03162274618585,0,0.0149791955617198,0,0.0327323162274619,0
"05034","Sierra Mojada",1758,0,6744,0,0.0273037542662116,0,1.07792946530148,0,1.06939704209329,0,1.08134243458476,0,0.00853242320819113,0,0.120591581342435,0
"05037","Villa Unión",1812,0,6188,0,0.00717439293598234,0,0.991169977924945,0,0.989514348785872,0,1,0,0.0033112582781457,0,0.0413907284768212,0
"05029","Sacramento",725,0,2471,0,0.00689655172413793,0,0.998620689655172,0,0.997241379310345,0,0.998620689655172,0,0.00137931034482759,0,0.0151724137931034,0
"05001","Abasolo",362,0,1022,0,0.0110497237569061,0,1,0,0.994475138121547,0,1,0,0,0,0.00552486187845304,0
"05038","Zaragoza",3830,0,13135,0,0.0107049608355091,0,1.01409921671018,0,1.03342036553525,0,1.02480417754569,0,0.0151436031331593,0,0.0443864229765013,0
"05021","Nadadores",1932,0,6539,0,0.0082815734989648,0,1.01708074534161,0,1.01604554865424,0,1.01656314699793,0,0.0046583850931677,0,0.0269151138716356,0
"05010","Frontera",22670,0,82409,0,0.00741067490074989,0,1.02659902955448,0,1.02426113806793,0,1.02527569475077,0,0.00379355977062197,0,0.0199382443758271,0
"05011","General Cepeda",3276,0,11898,0,0.0451770451770452,0,1.02442002442002,0,1.01312576312576,0,1.02197802197802,0,0.0100732600732601,0,0.0409035409035409,0
"05036","Viesca",5207,0,20305,0,0.0255425388899558,0,1.01728442481275,0,0.919339350873824,0,0.99750336086038,0,0.0247743422316113,0,0.0370654887651239,0
"06006","Ixtlahuacán",1707,0,5623,0,0.0480374926772115,0,0.9800820152314,0,0.974809607498535,0,0.923257176332748,0,0.0743995313415349,0,0.0843585237258348,0
"06002","Colima",49574,0,157048,0,0.00796788639206036,0,1.00502279420664,0,1.00451849759955,0,0.993242425464961,0,0.0165005849840642,0,0.0357041997821439,0
"06005","Cuauhtémoc",8833,0,31267,0,0.0202649156571946,0,1.04720932865391,0,1.03520887580663,0,1.03351069851693,0,0.0180006792709159,0,0.078342578965244,0
"06008","Minatitlán",2879,0,10231,0,0.0448072247308093,0,0.97707537339354,0,0.972212573810351,0,0.952414032650226,0,0.0420284821118444,0,0.0993400486279958,0
"06001","Armería",8040,0,27626,0,0.0240049751243781,0,1.00883084577114,0,0.999626865671642,0,0.960820895522388,0,0.0568407960199005,0,0.0888059701492537,0
"06004","Coquimatlán",6092,0,20837,0,0.0183847669074196,0,0.998030203545634,0,0.996224556795798,0,0.962738017071569,0,0.0497373604727512,0,0.0536769533814839,0
"06010","Villa de Álvarez",46715,0,149762,0,0.00425987370223697,0,1.04362624424703,0,1.04401155945628,0,1.0362624424703,0,0.00988975703735417,0,0.0159477683827464,0
"06003","Comala",6125,0,21661,0,0.0195918367346939,0,1.00881632653061,0,1.01175510204082,0,0.981061224489796,0,0.0398367346938776,0,0.0692244897959184,0
"06007","Manzanillo",54523,0,191031,0,0.0117014837774884,0,1.08766942391284,0,1.08559690405884,0,1.07176787777635,0,0.0193679731489463,0,0.0643214790088587,0
"06009","Tecomán",32136,0,116305,0,0.0202576549663928,0,1.01596340552651,0,1.0098643266119,0,0.959920338561115,0,0.0625155588747822,0,0.0886233507592731,0
"07019","Comitán de Domínguez",44194,0,166178,0,0.0349142417522741,0,0.997148934244468,0,0.885007014526859,0,0.94243562474544,0,0.0602796759741141,0,0.0598044983481921,0
"07090","Tapalapa",1100,0,4547,0,0.240909090909091,0,0.987272727272727,0,0.977272727272727,0,0.824545454545455,0,0.175454545454545,0,0.0927272727272727,0
"07020","La Concordia",12229,0,49920,0,0.062719764494235,0,0.972524327418432,0,0.92002616730722,0,0.886989941941287,0,0.111456374192493,0,0.187750429307384,0
"07021","Copainalá",5935,0,22192,0,0.131929233361415,0,0.998315080033698,0,0.982982308340354,0,0.914574557708509,0,0.103959561920809,0,0.143218197135636,0
"07079","San Fernando",10464,0,41793,0,0.0443425076452599,0,0.991112385321101,0,0.891341743119266,0,0.95164373088685,0,0.0474006116207951,0,0.150324923547401,0
"07109","Yajalón",8646,0,40285,0,0.17383761276891,0,0.984270182743465,0,0.940087901919963,0,0.771917649780245,0,0.238029146426093,0,0.100624566273421,0
"07108","Villaflores",29248,0,109536,0,0.0351818927789934,0,0.985161378555799,0,0.908027899343545,0,0.937670951859956,0,0.0581920131291028,0,0.159498085339168,0
"07107","Villa Corzo",16789,0,65643,0,0.0595032461730895,0,0.955327893263446,0,0.921377092143665,0,0.919351956638275,0,0.0779081541485497,0,0.215736494133063,0
"07106","Venustiano Carranza",17798,0,67292,0,0.114619620182043,0,0.987301944038656,0,0.955556804135296,0,0.847904258905495,0,0.155860209012249,0,0.176817619957299,0
"07104","Tzimol",4646,0,16560,0,0.0482135170038743,0,0.994188549289712,0,0.92552733534223,0,0.952647438656909,0,0.0512268618166164,0,0.0548859233749462,0
"07103","Tuzantán",7666,0,30302,0,0.0547873728150274,0,0.994260370466997,0,0.910122619358205,0,0.918079833028959,0,0.0841377511087921,0,0.196973649882598,0
"07102","Tuxtla Chico",10629,0,41024,0,0.0546617743908176,0,0.986169912503528,0,0.745695738075078,0,0.895286480383855,0,0.10386677956534,0,0.161162856336438,0
"07101","Tuxtla Gutiérrez",162098,0,604147,0,0.00806302360300559,0,1.01672445064097,0,0.965267924342065,0,0.996125800441708,0,0.0231341534133672,0,0.105522585102839,0
"07120","Capitán Luis Ángel Vidal",805,0,4315,0,0.130434782608696,0,0.973913043478261,0,0.947826086956522,0,0.718012422360248,0,0.279503105590062,0,0.0360248447204969,0
"07074","Reforma",12364,0,44829,0,0.0368812681979942,0,1.00372047880945,0,0.975250727919767,0,0.950905855710126,0,0.0595276609511485,0,0.218618570042058,0
"07075","Las Rosas",7216,0,28829,0,0.0802383592017738,0,0.984340354767184,0,0.803353658536585,0,0.792821507760532,0,0.207178492239468,0,0.0864745011086474,0
"07057","Motozintla",16588,0,76398,0,0.0701712081022426,0,0.988304798649626,0,0.92759826380516,0,0.897034000482276,0,0.101217747769472,0,0.0802387267904509,0
"07007","Amatenango del Valle",2527,0,11283,0,0.358527898694104,0,0.990898298377523,0,0.774040364068065,0,0.811238622872972,0,0.201424614166996,0,0.0526315789473684,0
"07111","Zinacantán",8972,0,45373,0,0.17866696388765,0,1.00345519393669,0,0.745207311636201,0,0.877396344181899,0,0.132189032545698,0,0.16941596076683,0
"07054","Mazatán",7763,0,28250,0,0.0591266263042638,0,0.994718536648203,0,0.883807806260466,0,0.897719953626175,0,0.107175061187685,0,0.242045600927476,0
"07076","Sabanilla",6579,0,29889,0,0.414044687642499,0,1.00911992704058,0,0.903784769721842,0,0.811673506611947,0,0.217510259917921,0,0.0589755281957744,0
"07081","Simojovel",10312,0,52935,0,0.306730023273856,0,1.02598913886734,0,0.96188906128782,0,0.84144685802948,0,0.195597362296354,0,0.172614429790535,0
"07063","Osumacinta",1038,0,3983,0,0.0761078998073218,0,0.994219653179191,0,0.993256262042389,0,0.955684007707129,0,0.0443159922928709,0,0.115606936416185,0
"07110","San Lucas",1816,0,7526,0,0.0859030837004405,0,0.983480176211454,0,0.990638766519824,0,0.917400881057269,0,0.0908590308370044,0,0.304515418502203,0
"07051","Mapastepec",12690,0,46130,0,0.0581560283687943,0,0.990307328605201,0,0.880929866036249,0,0.936249014972419,0,0.0672182821118991,0,0.134357762017336,0
"07070","El Porvenir",2400,0,12263,0,0.149583333333333,0,0.98875,0,0.934166666666667,0,0.89875,0,0.0975,0,0.0145833333333333,0
"07112","San Juan Cancuc",6957,0,37948,0,0.432082794307891,0,0.967802213597815,0,0.733793301710507,0,0.673566192324278,0,0.326146327439989,0,0.0425470748886014,0
"07050","La Libertad",1585,0,5232,0,0.0561514195583596,0,0.980441640378549,0,0.863722397476341,0,0.979179810725552,0,0.0182965299684543,0,0.151419558359621,0
"07022","Chalchihuitán",4792,0,21915,0,0.470575959933222,0,0.871661101836394,0,0.507929883138564,0,0.601627712854758,0,0.401919866444073,0,0.126252086811352,0
"07053","Mazapa de Madero",1691,0,7901,0,0.088113542282673,0,0.989946777054997,0,0.914251921939681,0,0.916026020106446,0,0.0851567120047309,0,0.0402128917800118,0
"07080","Siltepec",5202,0,25937,0,0.091118800461361,0,0.980584390618993,0,0.940984236831988,0,0.858323721645521,0,0.140907343329489,0,0.040561322568243,0
"07049","Larráinzar",5435,0,31259,0,0.233486660533579,0,1.08555657773689,0,1.03661453541858,0,1.02520699172033,0,0.0726770929162834,0,0.099540018399264,0
"07065","Palenque",33304,0,132265,0,0.106894066778765,0,0.989490751861638,0,0.9579329810233,0,0.952047802065818,0,0.0555789094403075,0,0.184212106653855,0
"07086","Suchiapa",6339,0,25627,0,0.0367565862123363,0,0.98706420571068,0,0.926802334753116,0,0.939107114686859,0,0.0627859283798706,0,0.259820160908661,0
"07062","Ostuacán",4486,0,18469,0,0.102318323673651,0,0.969237628176549,0,0.921310744538564,0,0.898127507802051,0,0.098974587605885,0,0.101872492197949,0
"07077","Salto de Agua",14610,0,64251,0,0.259206023271732,0,0.971937029431896,0,0.927789185489391,0,0.841273100616016,0,0.166598220396988,0,0.129158110882957,0
"07082","Sitalá",3213,0,15518,0,0.514472455648926,0,0.926859632741986,0,0.606286959228136,0,0.674447556800498,0,0.327419856831622,0,0.0746965452847806,0
"07024","Chanal",2163,0,13678,0,0.343504392048081,0,0.979657882570504,0,0.659731853906611,0,0.736014794267221,0,0.274156264447527,0,0.0175681923254739,0
"07121","Rincón Chamula San Pedro",1845,0,8718,0,0.205962059620596,0,0.988617886178862,0,0.977777777777778,0,0.738211382113821,0,0.262872628726287,0,0.165311653116531,0
"07042","Ixhuatán",2587,0,11377,0,0.130653266331658,0,0.998453807499034,0,1.00231928875145,0,0.914572864321608,0,0.0923850019327406,0,0.0637804406648628,0
"07025","Chapultenango",1677,0,7472,0,0.217054263565891,0,0.984496124031008,0,0.946332737030411,0,0.813357185450209,0,0.212880143112701,0,0.0471079308288611,0
"07018","Coapilla",2444,0,9900,0,0.0945171849427169,0,0.992225859247136,0,0.986088379705401,0,0.886252045826514,0,0.113747954173486,0,0.0752864157119476,0
"07052","Las Margaritas",26954,0,141027,0,0.251057356978556,0,1.02007123247013,0,0.827298360169177,0,0.900497143281146,0,0.149105884098835,0,0.0304222007865252,0
"07026","Chenalhó",8985,0,47371,0,0.426043405676127,0,1.02270450751252,0,0.854312743461324,0,0.697161936560935,0,0.359599332220367,0,0.0779076238174736,0
"07083","Socoltenango",4962,0,19092,0,0.0701330108827086,0,1.01168883514712,0,0.953244659411528,0,0.868802902055623,0,0.150141072148327,0,0.0767835550181378,0
"07084","Solosuchiapa",2046,0,8561,0,0.174486803519062,0,0.986803519061584,0,0.989736070381232,0,0.882209188660802,0,0.118768328445748,0,0.0713587487781036,0
"07089","Tapachula",95731,0,353706,0,0.026898287910917,0,0.985417471874314,0,0.918062069757968,0,0.9007322601874,0,0.0930210694550355,0,0.158788689139359,0
"07068","Pichucalco",8594,0,31919,0,0.078194088899232,0,0.984640446823365,0,0.915522457528508,0,0.930882010705143,0,0.0673725855247847,0,0.159529904584594,0
"07027","Chiapa de Corzo",29321,0,112075,0,0.0331503018314519,0,0.999181474028853,0,0.934961290542614,0,0.947477916851403,0,0.0587633436785921,0,0.148016779782409,0
"07048","Juárez",6094,0,21807,0,0.0623564161470299,0,0.99245159172957,0,0.870692484410896,0,0.935510338037414,0,0.0635050869707909,0,0.11437479488021,0
"07046","Jiquipilas",11166,0,41063,0,0.0506000358230342,0,0.993641411427548,0,0.932204907755687,0,0.923696937130575,0,0.0830198817839871,0,0.0874977610603618,0
"07105","Unión Juárez",3846,0,16008,0,0.0374414976599064,0,1.00780031201248,0,1.00858034321373,0,0.943577743109724,0,0.0761830473218929,0,0.112324492979719,0
"07100","Tumbalá",7859,0,38025,0,0.247232472324723,0,0.97200661661789,0,0.832294185010816,0,0.89820587861051,0,0.11273698943886,0,0.0712558849726428,0
"07045","Ixtapangajoya",1532,0,6284,0,0.14621409921671,0,0.956266318537859,0,0.961488250652741,0,0.842036553524804,0,0.155352480417755,0,0.0998694516971279,0
"07114","Benemérito de las Américas",5447,0,23603,0,0.14833853497338,0,0.972278318340371,0,0.886359463925096,0,0.889296860657243,0,0.108316504497889,0,0.153111804663117,0
"07028","Chiapilla",1626,0,6156,0,0.038130381303813,0,0.988314883148832,0,0.984624846248462,0,0.969249692496925,0,0.0301353013530135,0,0.277367773677737,0
"07029","Chicoasén",1460,0,5402,0,0.0678082191780822,0,1.0027397260274,0,0.941095890410959,0,0.925342465753425,0,0.0828767123287671,0,0.241095890410959,0
"07091","Tapilula",3458,0,13592,0,0.092539039907461,0,0.990167727009832,0,0.977154424522846,0,0.898785425101215,0,0.100057836899942,0,0.142857142857143,0
"07073","Rayón",2359,0,10866,0,0.122085629504027,0,1.00508690122933,0,0.881305637982196,0,0.872403560830861,0,0.145824501907588,0,0.108944467994913,0
"07030","Chicomuselo",8784,0,36785,0,0.0747950819672131,0,0.978825136612022,0,0.906762295081967,0,0.849954462659381,0,0.149020947176685,0,0.10200364298725,0
"07044","Ixtapa",6166,0,28999,0,0.125040544923776,0,0.988323061952644,0,0.971942912747324,0,0.851281219591307,0,0.145475186506649,0,0.126337982484593,0
"07008","Ángel Albino Corzo",7281,0,31947,0,0.0714187611591814,0,0.970883120450488,0,0.967724213706908,0,0.842466694135421,0,0.149017992034061,0,0.147095179233622,0
"07009","Arriaga",12349,0,41135,0,0.0356304154182525,0,0.986557616001296,0,0.868815288687343,0,0.968742408292169,0,0.0300429184549356,0,0.120333630253462,0
"07031","Chilón",25782,0,137262,0,0.362733690171437,0,0.967923357381119,0,0.893103715770693,0,0.784772321774882,0,0.248312776355597,0,0.0452641377705376,0
"07043","Ixtacomitán",2658,0,10961,0,0.09104589917231,0,0.960120391271633,0,0.957486832204665,0,0.899548532731377,0,0.0963130173062453,0,0.109480812641084,0
"07017","Cintalapa de Figueroa",21723,0,88106,0,0.0495327533029508,0,0.98255305436634,0,0.926989826451227,0,0.91985453206279,0,0.0805137411959674,0,0.103576854025687,0
"07119","Santiago el Pinar",891,0,4959,0,0.36026936026936,0,1.01459034792368,0,1.00561167227834,0,0.792368125701459,0,0.230078563411897,0,0.105499438832772,0
"07116","Marqués de Comillas",2896,0,12892,0,0.24585635359116,0,0.972030386740331,0,0.785566298342541,0,0.897790055248619,0,0.0883977900552486,0,0.122237569060773,0
"07060","Ocotepec",2924,0,14088,0,0.288303693570451,0,0.988030095759234,0,0.949384404924761,0,0.787277701778386,0,0.211012311901505,0,0.137482900136799,0
"07058","Nicolás Ruíz",1040,0,4765,0,0.0971153846153846,0,0.994230769230769,0,0.990384615384615,0,0.909615384615385,0,0.0894230769230769,0,0.266346153846154,0
"07041","La Independencia",11033,0,46409,0,0.0932656575727363,0,0.997099610260129,0,0.935738239825977,0,0.925133689839572,0,0.0788543460527508,0,0.0253784102238738,0
"07040","Huixtla",14221,0,53242,0,0.0471134238098587,0,0.98670979537304,0,0.924899796076225,0,0.914422333169257,0,0.0862105337177414,0,0.168131636312496,0
"07056","Mitontic",2704,0,13755,0,0.587647928994083,0,0.994452662721893,0,0.75,0,0.731508875739645,0,0.270710059171598,0,0.0580621301775148,0
"07039","Huitiupán",6246,0,27893,0,0.282100544348383,0,0.991194364393212,0,0.951008645533141,0,0.737271853986551,0,0.266730707652898,0,0.131123919308357,0
"07099","La Trinitaria",20856,0,83111,0,0.0624280782508631,0,0.985855389336402,0,0.835395090141926,0,0.938339087073264,0,0.0604622171077867,0,0.0386459532029152,0
"07097","Tonalá",25486,0,91913,0,0.0333124068115828,0,0.992113317115279,0,0.9316879855607,0,0.966569881503571,0,0.0340579141489445,0,0.16361924193675,0
"07096","Tila",15039,0,83505,0,0.332801383070683,0,0.978921470842476,0,0.925859432143095,0,0.729569785225081,0,0.291242768801117,0,0.0702839284526897,0
"07118","San Andrés Duraznal",1309,0,6047,0,0.481283422459893,0,0.990068754774637,0,0.99083269671505,0,0.920550038197097,0,0.080977845683728,0,0.12070282658518,0
"07122","El Parral",4263,0,15587,0,0.0356556415669716,0,0.979357260145437,0,0.962702322308234,0,0.939244663382594,0,0.0581749941355853,0,0.216279615294394,0
"07038","Huixtán",4224,0,22975,0,0.265861742424242,0,1.05492424242424,0,0.859848484848485,0,0.856297348484849,0,0.229876893939394,0,0.0203598484848485,0
"07001","Acacoyagua",4378,0,17994,0,0.0712654179990863,0,0.985609867519415,0,0.938099588853358,0,0.968250342622202,0,0.0388305162174509,0,0.154179990863408,0
"07036","La Grandeza",1536,0,7701,0,0.0572916666666667,0,0.993489583333333,0,0.824869791666667,0,0.927734375,0,0.072265625,0,0.021484375,0
"07002","Acala",5372,0,21187,0,0.0437453462397617,0,0.995346239761727,0,0.975428145941921,0,0.946574832464631,0,0.0599404318689501,0,0.3265078183172,0
"07003","Acapetahua",7535,0,26899,0,0.0735235567352356,0,0.994027869940279,0,0.842468480424685,0,0.922362309223623,0,0.0834771068347711,0,0.163503649635036,0
"07011","Bella Vista",4520,0,20157,0,0.12212389380531,0,0.977212389380531,0,0.836061946902655,0,0.87787610619469,0,0.121681415929204,0,0.040929203539823,0
"07012","Berriozábal",16139,0,64632,0,0.0363095606914927,0,0.990272011896648,0,0.830782576367805,0,0.905446434103724,0,0.0968461490798686,0,0.140343267860462,0
"07072","Pueblo Nuevo Solistahuacán",6383,0,29636,0,0.251449161836127,0,1.0061099796334,0,0.960833463888454,0,0.804010653297822,0,0.213692621024597,0,0.115306282312392,0
"07037","Huehuetán",9539,0,36333,0,0.0610126847677954,0,0.985742740329175,0,0.832162700492714,0,0.902924834888353,0,0.0972848306950414,0,0.167522801132194,0
"07023","Chamula",22392,0,101967,0,0.251563058235084,0,0.996114683815648,0,0.831145051804216,0,0.806091461236156,0,0.203376205787781,0,0.104590925330475,0
"07010","Bejucal de Ocampo",1565,0,7365,0,0.073482428115016,0,0.99297124600639,0,0.6,0,0.933546325878594,0,0.0670926517571885,0,0.0274760383386581,0
"07004","Altamirano",7044,0,36160,0,0.323537762634867,0,1.06445201590006,0,0.947189097103918,0,1.02498580352073,0,0.0755252697331062,0,0.0386144236229415,0
"07005","Amatán",5661,0,24512,0,0.255078608019784,0,0.950538774068186,0,0.888712241653418,0,0.744921391980216,0,0.254195371842431,0,0.0722487193075428,0
"07035","Frontera Hidalgo",3645,0,14556,0,0.0598079561042524,0,0.992318244170096,0,0.916872427983539,0,0.915500685871056,0,0.0943758573388203,0,0.224691358024691,0
"07032","Escuintla",7621,0,30896,0,0.0860779425272274,0,1.00747933342081,0,0.939771683506102,0,0.950137777194594,0,0.0824038840047238,0,0.138564492848708,0
"07013","Bochil",7784,0,37263,0,0.158144912641316,0,0.993448098663926,0,0.918165467625899,0,0.842368961973278,0,0.158530318602261,0,0.130010277492292,0
"07014","El Bosque",5003,0,24273,0,0.232460523685789,0,0.98680791525085,0,1.00119928043174,0,0.817509494303418,0,0.190685588646812,0,0.0955426743953628,0
"07069","Pijijiapan",14666,0,51193,0,0.0626619391790536,0,1.00340924587481,0,0.786990317741716,0,0.955066139369971,0,0.0597981726442111,0,0.175848902222828,0
"07094","Teopisca",11160,0,49499,0,0.0867383512544803,0,0.982168458781362,0,0.914695340501792,0,0.832974910394265,0,0.167293906810036,0,0.0775089605734767,0
"07092","Tecpatán",5768,0,21426,0,0.227115117891817,0,0.961685159500693,0,0.950242718446602,0,0.877080443828017,0,0.125693481276006,0,0.17874479889043,0
"07015","Cacahoatán",12140,0,50112,0,0.0415156507413509,0,0.988550247116969,0,0.976029654036244,0,0.929489291598023,0,0.0693574958813839,0,0.150494233937397,0
"07016","Catazajá",4775,0,17619,0,0.0730890052356021,0,0.978219895287958,0,0.966910994764398,0,0.910575916230366,0,0.0892146596858639,0,0.240837696335079,0
"07047","Jitotol",5172,0,24966,0,0.197602474864656,0,0.993039443155452,0,0.987625676720804,0,0.907579273008507,0,0.094354215003867,0,0.100348027842227,0
"07006","Amatenango de la Frontera",7551,0,31735,0,0.097602966494504,0,0.989008078400212,0,0.970467487749967,0,0.932724142497682,0,0.0693947821480599,0,0.0772083167792345,0
"07078","San Cristóbal de las Casas",50381,0,215874,0,0.0355094182330641,0,1.03681943589845,0,0.981778845199579,0,0.94440364423096,0,0.0974772235564995,0,0.0944800619281078,0
"07033","Francisco León",1502,0,7245,0,0.233688415446072,0,0.982689747003995,0,0.977363515312916,0,0.790279627163782,0,0.209054593874834,0,0.0585885486018642,0
"07117","Montecristo de Guerrero",1827,0,8412,0,0.0793650793650794,0,0.970443349753695,0,0.970443349753695,0,0.821018062397373,0,0.170224411603722,0,0.0886699507389163,0
"07115","Maravilla Tenejapa",2928,0,14714,0,0.317281420765027,0,0.961748633879781,0,0.82103825136612,0,0.872950819672131,0,0.119193989071038,0,0.128756830601093,0
"07071","Villa Comaltitlán",7678,0,30297,0,0.0683771815576973,0,0.981766084917947,0,0.862724667882261,0,0.912867934357906,0,0.0827038291221672,0,0.159156030216202,0
"07066","Pantelhó",4704,0,26391,0,0.421768707482993,0,1.01041666666667,0,0.942602040816326,0,0.824192176870748,0,0.219812925170068,0,0.0769557823129252,0
"07113","Aldama",1415,0,8480,0,0.447349823321555,0,1.15335689045936,0,1.08833922261484,0,0.995053003533569,0,0.171731448763251,0,0.0770318021201413,0
"07098","Totolapa",1728,0,7211,0,0.0688657407407407,0,0.987847222222222,0,0.982638888888889,0,0.898148148148148,0,0.10474537037037,0,0.328125,0
"07093","Tenejapa",8822,0,48162,0,0.290637043754251,0,1.0266379505781,0,0.983790523690773,0,0.902176377238721,0,0.140671049648606,0,0.0344593062797552,0
"07064","Oxchuc",10091,0,54932,0,0.506986423545734,0,0.883956000396393,0,0.300862154395005,0,0.577048855415717,0,0.423743930234863,0,0.0327024080864136,0
"07059","Ocosingo",43378,0,234661,0,0.360828069528332,0,0.996288441145281,0,0.946493614274517,0,0.773341325095671,0,0.293259255843976,0,0.0784729586426299,0
"07061","Ocozocoautla de Espinosa",23827,0,97397,0,0.0794896545935283,0,0.979057371889033,0,0.929617660637092,0,0.880429764552818,0,0.121165064842406,0,0.151592730935493,0
"07088","Sunuapa",561,0,2308,0,0.0766488413547237,0,0.973262032085562,0,0.887700534759358,0,0.88235294117647,0,0.117647058823529,0,0.0392156862745098,0
"07087","Suchiate",11025,0,41672,0,0.0711111111111111,0,0.971700680272109,0,0.816507936507937,0,0.83156462585034,0,0.161179138321995,0,0.285532879818594,0
"07085","Soyaló",2565,0,10890,0,0.0576998050682261,0,0.984795321637427,0,0.969590643274854,0,0.917348927875244,0,0.0826510721247563,0,0.14775828460039,0
"07124","Mezcalapa",5773,0,23847,0,0.153992724753161,0,0.970725792482245,0,0.947860730989087,0,0.866620474623246,0,0.135977827819158,0,0.137190368958947,0
"07067","Pantepec",2928,0,12266,0,0.159494535519126,0,0.99146174863388,0,0.988387978142076,0,0.761612021857924,0,0.239071038251366,0,0.162909836065574,0
"07125","Honduras de la Sierra",2344,0,11650,0,0.233361774744027,0,0.979095563139932,0,0.979948805460751,0,0.790102389078498,0,0.209044368600683,0,0.0345563139931741,0
"07055","Metapa",1570,0,5876,0,0.0254777070063694,0,0.979617834394904,0,0.903184713375796,0,0.905095541401274,0,0.086624203821656,0,0.122929936305732,0
"07123","Emiliano Zapata",2834,0,10783,0,0.0412844036697248,0,0.987297106563162,0,0.923429781227946,0,0.911432604093155,0,0.0889202540578687,0,0.154904728299224,0
"07034","Frontera Comalapa",20168,0,80897,0,0.0472530741769139,0,0.984728282427608,0,0.918236810789369,0,0.915460134867116,0,0.0814656882189607,0,0.0784410948036493,0
"08067","Valle de Zaragoza",1624,0,4775,0,0.0141625615763547,0,1.00369458128079,0,1.01046798029557,0,1.01908866995074,0,0.00307881773399015,0,0.0283251231527094,0
"08043","Matachí",987,0,2742,0,0.0151975683890578,0,0.993920972644377,0,0.988855116514691,0,0.991894630192503,0,0.0101317122593718,0,0.0658561296859169,0
"08058","San Francisco de Conchos",928,0,2696,0,0.00862068965517241,0,0.990301724137931,0,0.983836206896552,0,0.991379310344828,0,0.00107758620689655,0,0.0398706896551724,0
"08056","Rosario",681,0,2079,0,0.0234948604992658,0,0.983847283406755,0,0.994126284875184,0,0.988252569750367,0,0.0102790014684288,0,0.0293685756240822,0
"08054","Riva Palacio",2077,0,7695,0,0.0120365912373616,0,1.04236880115551,0,1.04236880115551,0,1.04285026480501,0,0.00337024554646124,0,0.0144439094848339,0
"08018","Cusihuiriachi",1690,0,5099,0,0.0100591715976331,0,0.991715976331361,0,0.99112426035503,0,0.996449704142012,0,0.00828402366863905,0,0.0579881656804734,0
"08007","Balleza",4242,0,16440,0,0.322489391796322,0,0.774634606317775,0,0.684111268269684,0,0.857614332861858,0,0.155822725129656,0,0.115040075436115,0
"08001","Ahumada",4110,0,14635,0,0.00510948905109489,0,1.01703163017032,0,1.01605839416058,0,1.01070559610706,0,0.010705596107056,0,0.0362530413625304,0
"08041","Maguarichi",449,0,1302,0,0.356347438752784,0,0.66369710467706,0,0.808463251670379,0,0.730512249443207,0,0.271714922048998,0,0.302895322939866,0
"08057","San Francisco de Borja",793,0,2197,0,0.0252206809583859,0,0.96343001261034,0,0.98234552332913,0,0.981084489281211,0,0.021437578814628,0,0.0327868852459016,0
"08053","Praxedis G. Guerrero",1662,0,5111,0,0.0072202166064982,0,1.00541516245487,0,1.00300842358604,0,1.00060168471721,0,0.0072202166064982,0,0.0306859205776173,0
"08051","Ocampo",2309,0,8127,0,0.100909484625379,0,0.950627977479428,0,0.958423559982676,0,0.983975747076657,0,0.0428757037678649,0,0.150714595062798,0
"08050","Nuevo Casas Grandes",20181,0,65753,0,0.00520291363163371,0,1.03300133789208,0,1.03077151776423,0,1.03329864724246,0,0.00282443882860116,0,0.0219513403696546,0
"08031","Guerrero",11455,0,35473,0,0.0275862068965517,0,0.996944565691838,0,0.991793976429507,0,1.0045395024007,0,0.0255783500654736,0,0.0708860759493671,0
"08055","Rosales",5240,0,16776,0,0.00572519083969466,0,1.00687022900763,0,1.00610687022901,0,1.0087786259542,0,0.00381679389312977,0,0.033587786259542,0
"08025","Gómez Farías",2434,0,7023,0,0.00821692686935086,0,1.04354971240756,0,1.04396055875103,0,1.03944124897288,0,0.00698438783894823,0,0.0275267050123254,0
"08023","Galeana",1695,0,6656,0,0.024188790560472,0,1.06194690265487,0,1.07138643067847,0,1.05545722713864,0,0.0171091445427729,0,0.11858407079646,0
"08022","Dr. Belisario Domínguez",938,0,2456,0,0.0181236673773987,0,1.00319829424307,0,1.01599147121535,0,1.00213219616205,0,0.0159914712153518,0,0.0127931769722814,0
"08014","Coronado",660,0,2034,0,0.0151515151515152,0,0.998484848484849,0,1.00757575757576,0,1.01212121212121,0,0.00151515151515152,0,0.0212121212121212,0
"08003","Allende",2716,0,8487,0,0.00994108983799705,0,0.997422680412371,0,1.00552282768778,0,1.00220913107511,0,0.00810014727540501,0,0.0261413843888071,0
"08021","Delicias",46384,0,150506,0,0.00489392894101414,0,1.02436184891342,0,1.02332700931356,0,1.022507761297,0,0.00375129354949983,0,0.0169023801310797,0
"08020","Chínipas",1779,0,6222,0,0.219224283305228,0,0.801011804384486,0,0.907251264755481,0,0.710511523327712,0,0.288926363125351,0,0.0781337830241709,0
"08017","Cuauhtémoc",52067,0,180638,0,0.0049359479132656,0,1.08759867094321,0,1.084967445791,0,1.08538997829719,0,0.00401405880884245,0,0.0334760981043655,0
"08016","La Cruz",1135,0,3704,0,0.00881057268722467,0,1.01850220264317,0,1.02290748898678,0,1.02378854625551,0,0.0026431718061674,0,0.0202643171806167,0
"08015","Coyame del Sotol",391,0,1230,0,0.0255754475703325,0,1.0843989769821,0,1.0997442455243,0,1.09462915601023,0,0.0051150895140665,0,0.020460358056266,0
"08052","Ojinaga",6934,0,24534,0,0.0074992789154889,0,1.17825209114508,0,1.17796365734064,0,1.17522353619844,0,0.00663397750216325,0,0.0370637438707817,0
"08013","Casas Grandes",3705,0,11815,0,0.011336032388664,0,0.97246963562753,0,0.987314439946019,0,0.987314439946019,0,0.00944669365721997,0,0.0502024291497976,0
"08012","Carichí",2205,0,8113,0,0.208163265306122,0,0.831292517006803,0,0.729251700680272,0,0.812244897959184,0,0.193650793650794,0,0.117460317460317,0
"08011","Camargo",15483,0,49499,0,0.00716915326487115,0,1.00716915326487,0,1.00710456629852,0,1.00684621843312,0,0.00419815281276238,0,0.0282890912613835,0
"08010","Buenaventura",7381,0,25146,0,0.0102967077631757,0,1.05649640970058,0,1.05744479067877,0,1.04823194689067,0,0.0115160547351307,0,0.0629995935510093,0
"08009","Bocoyna",7339,0,23351,0,0.105736476359177,0,0.903120316119362,0,0.865513012672026,0,0.970704455647908,0,0.0554571467502385,0,0.177408366262434,0
"08008","Batopilas de Manuel Gómez Morín",2752,0,11270,0,0.594113372093023,0,0.504360465116279,0,0.773619186046512,0,0.481468023255814,0,0.529433139534884,0,0.302325581395349,0
"08006","Bachíniva",1865,0,5807,0,0.0096514745308311,0,1.06005361930295,0,1.06541554959786,0,1.06058981233244,0,0.0123324396782842,0,0.0412868632707775,0
"08004","Aquiles Serdán",6547,0,24344,0,0.0122193371009623,0,1.07881472430121,0,1.07499618145716,0,1.06644264548648,0,0.0120665953872002,0,0.0189399725064915,0
"08005","Ascensión",7464,0,26093,0,0.0191586280814577,0,1.04595391211147,0,1.04769560557342,0,1.04193461950697,0,0.0135316184351554,0,0.0842711682743837,0
"08032","Hidalgo del Parral",33853,0,116662,0,0.00440138244764127,0,1.01128408117449,0,1.0096594098012,0,1.00661684341122,0,0.00759164623519334,0,0.0209139514961746,0
"08042","Manuel Benavides",448,0,1178,0,0.0714285714285714,0,1.01785714285714,0,1.00669642857143,0,1.02678571428571,0,0.0111607142857143,0,0.015625,0
"08040","Madera",7261,0,25144,0,0.0107423219942157,0,1.08648946426112,0,1.09984850571547,0,1.08566313180003,0,0.0256163062938989,0,0.0406280126704311,0
"08039","López",1284,0,4122,0,0.00856697819314642,0,0.974299065420561,0,0.979750778816199,0,0.976635514018692,0,0.0109034267912773,0,0.0506230529595016,0
"08038","Julimes",1684,0,4980,0,0.0112826603325416,0,0.990498812351544,0,0.992874109263658,0,0.997624703087886,0,0.00237529691211401,0,0.0475059382422803,0
"08035","Janos",3137,0,11005,0,0.015620019126554,0,1.00573796620975,0,1.02040165763468,0,1.00478163850813,0,0.0172138986292636,0,0.0561045584953778,0
"08034","Ignacio Zaragoza",1924,0,5196,0,0.012993762993763,0,1.00623700623701,0,1.00571725571726,0,1.00571725571726,0,0.0077962577962578,0,0.011954261954262,0
"08033","Huejotitán",281,0,824,0,0.0106761565836299,0,0.99288256227758,0,0.98932384341637,0,0.99644128113879,0,0.00355871886120996,0,0.0284697508896797,0
"08063","Temósachic",1791,0,5320,0,0.0871021775544389,0,0.968732551647124,0,1.00837520938023,0,0.981574539363484,0,0.056393076493579,0,0.0748185371300949,0
"08061","Satevó",1220,0,3414,0,0.0270491803278689,0,0.975409836065574,0,0.994262295081967,0,0.986065573770492,0,0.0114754098360656,0,0.0163934426229508,0
"08062","Saucillo",8706,0,29862,0,0.00643234550884448,0,1.03445899379738,0,1.03480358373535,0,1.03296577073283,0,0.00505398575694923,0,0.0238915690328509,0
"08030","Guazapares",2204,0,8196,0,0.204627949183303,0,0.856624319419238,0,0.88929219600726,0,0.761796733212341,0,0.245009074410163,0,0.100725952813067,0
"08028","Guadalupe",1307,0,4237,0,0.00841622035195103,0,1.03672532517215,0,1.0283091048202,0,1.03749043611324,0,0.0053557765876052,0,0.0290742157612854,0
"08027","Guachochi",13036,0,50180,0,0.18533292420988,0,0.774547407180117,0,0.743479594967781,0,0.814590365142682,0,0.218471923903038,0,0.17781528076097,0
"08026","Gran Morelos",868,0,2448,0,0.0207373271889401,0,1.04032258064516,0,1.04032258064516,0,1.03571428571429,0,0.01036866359447,0,0.0230414746543779,0
"08019","Chihuahua",282738,0,937674,0,0.00383747497683368,0,1.05939420948015,0,1.05201281752011,0,1.0547432605451,0,0.00567309664777992,0,0.0194384907582285,0
"08064","El Tule",463,0,1448,0,0.0151187904967603,0,1.00863930885529,0,1.00863930885529,0,1.00863930885529,0,0.0107991360691145,0,0.00647948164146868,0
"08024","Santa Isabel",1132,0,3791,0,0.0123674911660777,0,1.12985865724382,0,1.13339222614841,0,1.13162544169611,0,0.00530035335689046,0,0.0141342756183746,0
"08037","Juárez",430766,0,1512450,0,0.0043875329064968,0,1.03818546496242,0,1.0339581118287,0,1.030513085991,0,0.00856381422860671,0,0.0323052422893172,0
"08059","San Francisco del Oro",1551,0,5004,0,0.00967117988394584,0,0.988394584139265,0,0.988394584139265,0,0.991618310767247,0,0.0122501611863314,0,0.0180528691166989,0
"08066","Uruachi",1876,0,6512,0,0.383262260127932,0,0.741471215351812,0,0.87046908315565,0,0.678038379530917,0,0.323560767590618,0,0.149786780383795,0
"08065","Urique",4722,0,17043,0,0.387759423972893,0,0.668784413384159,0,0.856416772554003,0,0.679373146971622,0,0.32867429055485,0,0.157348581109699,0
"08060","Santa Bárbara",3321,0,11582,0,0.00933453778982234,0,1.02439024390244,0,1.01656127672388,0,1.02258355916892,0,0.00993676603432701,0,0.025293586269196,0
"08044","Matamoros",1331,0,4314,0,0.0112697220135237,0,1.01652892561983,0,1.01352366641623,0,1.02028549962434,0,0.0105184072126221,0,0.0345604808414726,0
"08045","Meoqui",13625,0,44853,0,0.00543119266055046,0,1.00609174311927,0,1.0051376146789,0,1.0045504587156,0,0.00528440366972477,0,0.0305321100917431,0
"08046","Morelos",1858,0,7266,0,0.411194833153929,0,0.766415500538213,0,0.877287405812702,0,0.636706135629709,0,0.361141011840689,0,0.0877287405812702,0
"08047","Moris",1323,0,4447,0,0.109599395313681,0,0.947845804988662,0,0.984882842025699,0,0.898715041572184,0,0.107331821617536,0,0.0650037792894936,0
"08048","Namiquipa",7318,0,22712,0,0.00901885761136923,0,1.05124350915551,0,1.05097021044001,0,1.04823722328505,0,0.00696911724514895,0,0.0200874555889587,0
"08029","Guadalupe y Calvo",12048,0,50514,0,0.246181938911023,0,0.729083665338645,0,0.926543824701195,0,0.681606905710491,0,0.330760292164675,0,0.0637450199203187,0
"08036","Jiménez",11654,0,40859,0,0.00832332246438991,0,1.00909558949717,0,1.00351810537155,0,1.00420456495624,0,0.0084949373605629,0,0.0247125450489102,0
"08049","Nonoava",839,0,2757,0,0.065554231227652,0,0.927294398092968,0,0.949940405244339,0,0.965435041716329,0,0.033373063170441,0,0.0750893921334922,0
"08002","Aldama",7893,0,26047,0,0.0135563157227923,0,1.04041555808945,0,1.04054225262891,0,1.03864183453693,0,0.00430761434182187,0,0.0234384898010896,0
"09012","Tlalpan",195629,0,699928,0,0.00406892638616974,0,1.03070096969263,0,0.98929606551176,0,1.02284937304796,0,0.00920620153453731,0,0.0660127077273819,0
"09009","Milpa Alta",37668,0,152685,0,0.0104863544653287,0,1.0321493044494,0,0.927126473399172,0,1.00884039503026,0,0.0272645216098545,0,0.103111394286928,0
"09015","Cuauhtémoc",177730,0,545884,0,0.00355595566308445,0,1.1012547122039,0,1.10069206099139,0,1.09990434929387,0,0.00144038710403421,0,0.0354639059247173,0
"09007","Iztapalapa",489238,0,1835486,0,0.00508750342369154,0,1.02866294114521,0,1.02664756212723,0,1.02331585036322,0,0.00587035348848618,0,0.0694467723275788,0
"09008","La Magdalena Contreras",63122,0,247622,0,0.0048794398149615,0,1.07586895218783,0,1.06435157314407,0,1.06717150914103,0,0.00979056430404613,0,0.0662368112543962,0
"09010","Álvaro Obregón",200569,0,759137,0,0.00376429059326217,0,1.09041776146862,0,1.08862286794071,0,1.08466413054859,0,0.00574864510467719,0,0.0540213093748286,0
"09003","Coyoacán",182787,0,614447,0,0.00242358592241243,0,1.04562140633634,0,1.04522203438975,0,1.04329629568842,0,0.00246188186249569,0,0.0440512727929229,0
"09016","Miguel Hidalgo",123167,0,414470,0,0.00340188524523614,0,1.17306583744022,0,1.17254621773689,0,1.17113350166847,0,0.00185114519311179,0,0.0332313038395025,0
"09004","Cuajimalpa de Morelos",47436,0,217686,0,0.00379458639008348,0,1.27135508896197,0,1.26566320937684,0,1.25836917109368,0,0.0124588919807741,0,0.0633274306433932,0
"09006","Iztacalco",112687,0,404695,0,0.00285747246798655,0,1.04178831630978,0,1.04139785423341,0,1.03959640419924,0,0.00250250694401306,0,0.0427733456388048,0
"09011","Tláhuac",105711,0,392313,0,0.00612992025427817,0,1.0067448042304,0,0.987333390091854,0,0.991060532962511,0,0.0180492096375968,0,0.0669750546300763,0
"09013","Xochimilco",115770,0,442178,0,0.00596873110477671,0,1.00809363392934,0,0.925403817914831,0,0.986455903947482,0,0.0236762546428263,0,0.0897296363479312,0
"09005","Gustavo A. Madero",332156,0,1173351,0,0.00458519490841653,0,1.02212213538217,0,1.0203037127133,0,1.01812100338395,0,0.00441358879562615,0,0.04751381880803,0
"09002","Azcapotzalco",130090,0,432205,0,0.00247520947036667,0,1.02850334383888,0,1.02695825966638,0,1.02613575217157,0,0.00256745330156046,0,0.0298870013067876,0
"09017","Venustiano Carranza",129438,0,443704,0,0.0031984424975664,0,1.04488635485715,0,1.04469321219426,0,1.04238322594601,0,0.00264991733494028,0,0.0346806965496995,0
"09014","Benito Juárez",161150,0,434153,0,0.00118523115110146,0,1.09067328575861,0,1.09056779398076,0,1.08944461681663,0,0.000800496431895749,0,0.0185727582997208,0
"10006","General Simón Bolívar",2582,0,10038,0,0.0290472501936483,0,1.00968241673122,0,0.957784663051898,0,0.99419054996127,0,0.0224632068164214,0,0.028272656855151,0
"10008","Guadalupe Victoria",10047,0,36695,0,0.0126405892306161,0,0.995620583258684,0,0.99412760027869,0,0.985269234597392,0,0.0152284263959391,0,0.0123419926346173,0
"10009","Guanaceví",2872,0,9869,0,0.110724233983287,0,0.934192200557103,0,0.964136490250696,0,0.928272980501393,0,0.072075208913649,0,0.0550139275766017,0
"10010","Hidalgo",1110,0,3843,0,0.0198198198198198,0,1.05225225225225,0,1.04774774774775,0,1.05135135135135,0,0.00990990990990991,0,0.0297297297297297,0
"10029","San Luis del Cordero",583,0,2103,0,0.00857632933104631,0,1,0,1.00514579759863,0,0.994854202401372,0,0.0154373927958834,0,0.0171526586620926,0
"10031","Santa Clara",1846,0,6727,0,0.0119176598049837,0,1.01462621885157,0,1.01625135427952,0,0.995124593716143,0,0.0243770314192849,0,0.0325027085590466,0
"10011","Indé",1422,0,4748,0,0.0210970464135021,0,1,0,0.9957805907173,0,0.99789029535865,0,0.0140646976090014,0,0.0274261603375527,0
"10038","Vicente Guerrero",6343,0,23476,0,0.00804035945136371,0,0.997319880182879,0,0.998108150717326,0,0.982973356455936,0,0.0190761469336276,0,0.0157654106889484,0
"10030","San Pedro del Gallo",491,0,1633,0,0.0407331975560081,0,0.979633401221996,0,0.981670061099796,0,0.981670061099796,0,0.0142566191446029,0,0.0162932790224033,0
"10023","Pueblo Nuevo",12036,0,51269,0,0.113991359255567,0,0.914423396477235,0,0.967514124293785,0,0.839149219009638,0,0.159438351611831,0,0.0674642738451313,0
"10025","San Bernardo",949,0,2837,0,0.0484720758693361,0,0.998946259220232,0,1.00421496311907,0,1.00842992623815,0,0.0189673340358272,0,0.017913593256059,0
"10032","Santiago Papasquiaro",13298,0,49207,0,0.0230109790946007,0,0.976989020905399,0,1.00225597834261,0,0.988644909008873,0,0.0292525191758159,0,0.0272221386674688,0
"10027","San Juan de Guadalupe",1468,0,5251,0,0.0429155313351499,0,0.985013623978202,0,0.766348773841962,0,0.969346049046321,0,0.029291553133515,0,0.0217983651226158,0
"10007","Gómez Palacio",97204,0,372750,0,0.00621373606024443,0,1.05248755195259,0,1.05134562363689,0,1.0412740216452,0,0.0127669643224559,0,0.0176535945022839,0
"10015","Nazas",3513,0,12894,0,0.0165101053230857,0,0.991460290350128,0,0.987475092513521,0,0.978081411898662,0,0.0219185881013379,0,0.0333048676345004,0
"10035","Tepehuanes",3403,0,11378,0,0.0490743461651484,0,0.976197472818102,0,0.973552747575669,0,0.952688803996474,0,0.0617102556567734,0,0.0202762268586541,0
"10022","Poanas",6824,0,25623,0,0.0089390386869871,0,0.999267291910903,0,0.996043376318875,0,0.976406799531067,0,0.0266705744431419,0,0.0177315357561547,0
"10028","San Juan del Río",3124,0,12013,0,0.0102432778489117,0,0.99359795134443,0,0.991997439180538,0,0.980793854033291,0,0.0169654289372599,0,0.0198463508322663,0
"10017","Ocampo",2593,0,8003,0,0.0242961820285384,0,0.985730813729271,0,0.979560354801388,0,0.995372155804088,0,0.0154261473197069,0,0.0312379483224065,0
"10001","Canatlán",8712,0,31454,0,0.0130853994490358,0,0.975091827364555,0,0.988406795224977,0,0.977157943067034,0,0.0237603305785124,0,0.0140036730945822,0
"10005","Durango",178292,0,688697,0,0.00583873645480448,0,1.04036075651179,0,1.03636169878626,0,1.02448230991856,0,0.0191259282525296,0,0.0214087003342831,0
"10037","Topia",2282,0,9320,0,0.12182296231376,0,0.93339176161262,0,1.00175284837862,0,0.791411042944785,0,0.217791411042945,0,0.0359333917616126,0
"10033","Súchil",1857,0,6917,0,0.0764674205708131,0,0.969305331179321,0,0.956381260096931,0,0.939687668282176,0,0.0608508346795907,0,0.0210016155088853,0
"10036","Tlahualilo",5598,0,21143,0,0.0155412647374062,0,1.00571632725974,0,0.98463737048946,0,0.993926402286531,0,0.018399428367274,0,0.0305466237942122,0
"10012","Lerdo",41828,0,163313,0,0.0106627139715023,0,1.06294826432055,0,1.05955340919958,0,1.05147269771445,0,0.0147986994357846,0,0.0271588409677728,0
"10014","Mezquital",8963,0,48583,0,0.53854736137454,0,0.593997545464688,0,0.517125962289412,0,0.53531183755439,0,0.490349213433002,0,0.103536762244784,0
"10026","San Dimas",4484,0,17333,0,0.0805084745762712,0,0.940677966101695,0,0.99821587867975,0,0.911462979482605,0,0.0938893844781445,0,0.0363514719000892,0
"10019","Otáez",1145,0,4924,0,0.14410480349345,0,0.956331877729258,0,0.97467248908297,0,0.806986899563319,0,0.197379912663755,0,0.051528384279476,0
"10034","Tamazula",6052,0,26300,0,0.115003304692664,0,0.881031064111038,0,0.951916721744878,0,0.689854593522802,0,0.314606741573034,0,0.0467614011896894,0
"10013","Mapimí",6729,0,26932,0,0.0166443750928816,0,1.0208054688661,0,0.987368108188438,0,1.00921385049785,0,0.0188735324713925,0,0.0386387278941893,0
"10016","Nombre de Dios",5274,0,19060,0,0.0168752370117558,0,0.99412210845658,0,0.993932499051953,0,0.980849450132727,0,0.0225635191505499,0,0.0206674251042852,0
"10018","El Oro",3232,0,10384,0,0.0148514851485149,0,0.995977722772277,0,0.992264851485149,0,0.994430693069307,0,0.0111386138613861,0,0.0228960396039604,0
"10020","Pánuco de Coronado",3620,0,12656,0,0.0124309392265193,0,0.990331491712707,0,0.988397790055249,0,0.981767955801105,0,0.0149171270718232,0,0.0176795580110497,0
"10002","Canelas",1156,0,4321,0,0.168685121107266,0,0.939446366782007,0,0.985294117647059,0,0.833910034602076,0,0.167820069204152,0,0.0147058823529412,0
"10039","Nuevo Ideal",7335,0,27981,0,0.00886162235855487,0,1.00477164280845,0,1.00627130197682,0,0.997818677573279,0,0.0124062713019768,0,0.0149965916837082,0
"10021","Peñón Blanco",3026,0,11118,0,0.0185062789160608,0,0.987772637144746,0,0.977197620621282,0,0.979841374752148,0,0.0175148711169861,0,0.0277594183740912,0
"10003","Coneto de Comonfort",1047,0,4084,0,0.0343839541547278,0,0.988538681948424,0,0.995224450811843,0,0.986628462273161,0,0.0181470869149952,0,0.0162368672397326,0
"10024","Rodeo",3470,0,12818,0,0.0190201729106628,0,0.991066282420749,0,0.990489913544669,0,0.984149855907781,0,0.0135446685878963,0,0.0325648414985591,0
"10004","Cuencamé",9313,0,34955,0,0.0144958659937721,0,0.991195103618598,0,0.965102544829808,0,0.974873832277462,0,0.0227638784494792,0,0.0350048319553313,0
"11019","Jerécuaro",13742,0,49517,0,0.0269247562218018,0,0.988575171008587,0,0.971110464270121,0,0.981734827536021,0,0.0191384078009023,0,0.0355115703682142,0
"11020","León",424372,0,1721215,0,0.00562006918458334,0,1.03175280178711,0,0.996877739341898,0,1.019405144543,0,0.0140560640193038,0,0.0216531722168286,0
"11021","Moroleón",14163,0,47261,0,0.00691943797218103,0,1.00508366871426,0,1.00204758878769,0,0.99985878698016,0,0.00684883146226082,0,0.0139800889642025,0
"11023","Pénjamo",39346,0,154960,0,0.022136938951863,0,0.99817008082143,0,0.979286331520358,0,0.988842576119555,0,0.0165455192395669,0,0.0379962384994663,0
"11038","Tarandacuao",3136,0,11304,0,0.0124362244897959,0,1.01020408163265,0,1.00510204081633,0,1.00669642857143,0,0.00924744897959184,0,0.0197704081632653,0
"11039","Tarimoro",10188,0,35905,0,0.0165881429132313,0,0.994601491951315,0,0.989399293286219,0,0.965253239104829,0,0.034452296819788,0,0.0275814683941892,0
"11040","Tierra Blanca",4900,0,20007,0,0.0687755102040816,0,0.978979591836735,0,0.946122448979592,0,0.955714285714286,0,0.043265306122449,0,0.0761224489795918,0
"11041","Uriangato",16898,0,61494,0,0.0102970765771097,0,1.02313883299799,0,1.01574150787075,0,1.01337436383004,0,0.0127233992188425,0,0.0258018700437922,0
"11002","Acámbaro",30049,0,108697,0,0.0124463376485074,0,0.997104728942727,0,0.990249259542747,0,0.982029352058305,0,0.0192685280708177,0,0.0218642883290625,0
"11012","Cuerámaro",8150,0,30857,0,0.0161963190184049,0,0.993742331288344,0,0.992515337423313,0,0.983680981595092,0,0.0169325153374233,0,0.0359509202453988,0
"11013","Doctor Mora",6732,0,27390,0,0.0288175876411171,0,0.994206773618538,0,0.996286393345217,0,0.984402852049911,0,0.0190136660724896,0,0.0378787878787879,0
"11014","Dolores Hidalgo Cuna de la Independencia Nacional",38843,0,163038,0,0.019952114924182,0,0.985891923898772,0,0.970264912596864,0,0.959014494246068,0,0.0419123136729913,0,0.0329789151198414,0
"11022","Ocampo",6121,0,26383,0,0.0210749877471001,0,0.984479660186244,0,0.958993628492076,0,0.969449436366607,0,0.0318575396177095,0,0.0267930076784839,0
"11024","Pueblo Nuevo",3272,0,12403,0,0.0189486552567237,0,0.997555012224939,0,0.996026894865526,0,0.988691931540342,0,0.0110024449877751,0,0.0339242053789731,0
"11030","San Felipe",27978,0,119793,0,0.0228751161626993,0,0.983844449210094,0,0.92415469297305,0,0.966902566302094,0,0.0320966473657874,0,0.0368503824433483,0
"11036","Santiago Maravatío",2001,0,6714,0,0.0124937531234383,0,0.997001499250375,0,0.994502748625687,0,0.989505247376312,0,0.00949525237381309,0,0.0269865067466267,0
"11007","Celaya",137234,0,521169,0,0.00925426643543145,0,1.03905008962793,0,1.03041520322952,0,1.00915953772389,0,0.0328562892577641,0,0.0249063643120509,0
"11027","Salamanca",74511,0,273417,0,0.00943484854585229,0,1.00303310920535,0,0.991652239266685,0,0.990484626430997,0,0.01464213337628,0,0.0191917971843084,0
"11035","Santa Cruz de Juventino Rosas",19395,0,82340,0,0.0156741428203145,0,0.990461459138953,0,0.973292085589069,0,0.939623614333591,0,0.0577984016499098,0,0.0194379994844032,0
"11011","Cortazar",25309,0,97928,0,0.0152514915642657,0,0.995969813109961,0,0.990477695681378,0,0.961081038365799,0,0.040617961989806,0,0.0253269587893635,0
"11031","San Francisco del Rincón",31547,0,130871,0,0.0120455193837766,0,1.01483500808318,0,1.00519859257616,0,1.00342346340381,0,0.0144229245253114,0,0.0358195707991251,0
"11025","Purísima del Rincón",19179,0,83842,0,0.0120444235882997,0,1.02643516346003,0,1.01574638927994,0,1.01626779289848,0,0.0144950205954429,0,0.0448928515563898,0
"11026","Romita",16046,0,65766,0,0.0256761809796834,0,1.00255515393244,0,0.99046491337405,0,0.990963479995014,0,0.0170135859404213,0,0.0421288794715194,0
"11028","Salvatierra",25708,0,94126,0,0.0164929204916757,0,0.996071261864011,0,0.989302940718842,0,0.96689746382449,0,0.0342305896997044,0,0.0285125252839583,0
"11029","San Diego de la Unión",10089,0,41054,0,0.0205173951828724,0,0.994647636039251,0,0.975517890772128,0,0.956784616909505,0,0.0475765685399941,0,0.0371691941718704,0
"11032","San José Iturbide",22474,0,89558,0,0.0122363620183323,0,1.00614042894011,0,1.00355966895079,0,0.986250778677583,0,0.0236717985227374,0,0.0387558957016997,0
"11033","San Luis de la Paz",29968,0,128536,0,0.0235584623598505,0,0.998898825413775,0,0.955752802989856,0,0.959156433529098,0,0.05288974906567,0,0.0418112653497064,0
"11034","Santa Catarina",1549,0,5723,0,0.0587475790832795,0,0.962556488056811,0,0.955455132343447,0,0.959974176888315,0,0.0348612007746934,0,0.0497094899935442,0
"11037","Silao de la Victoria",45559,0,203556,0,0.0163963212537589,0,1.01650606905332,0,0.968897473605654,0,0.989705656401589,0,0.0316732149520402,0,0.0349656489387388,0
"11042","Valle de Santiago",37714,0,150054,0,0.0160948189001432,0,0.997693164342154,0,0.985124887309752,0,0.956886037015432,0,0.0442806384896855,0,0.0320835763907302,0
"11043","Victoria",5430,0,21253,0,0.0911602209944751,0,0.981399631675875,0,0.888397790055249,0,0.939042357274401,0,0.0661141804788214,0,0.0383057090239411,0
"11045","Xichú",3010,0,11143,0,0.12358803986711,0,0.966777408637874,0,0.825913621262458,0,0.93687707641196,0,0.0614617940199336,0,0.0388704318936877,0
"11044","Villagrán",16201,0,65791,0,0.00888834022591198,0,1.00759212394297,0,0.995308931547435,0,0.97092772051108,0,0.0396889080920931,0,0.0254305289796926,0
"11046","Yuriria",19150,0,68741,0,0.0210966057441253,0,0.996187989556136,0,0.985953002610966,0,0.969556135770235,0,0.0310704960835509,0,0.0345169712793734,0
"11001","Abasolo",22165,0,92040,0,0.018272050530115,0,0.998601398601399,0,0.984931197834424,0,0.990976765170314,0,0.012316715542522,0,0.0519738326189939,0
"11003","San Miguel de Allende",43433,0,174615,0,0.022241153040315,0,1.01351506918702,0,0.985425828287247,0,0.994428199755946,0,0.0294937029447655,0,0.0367923007851173,0
"11004","Apaseo el Alto",16003,0,63392,0,0.0166218833968631,0,1.00274948447166,0,0.996750609260764,0,0.981878397800412,0,0.0263075673311254,0,0.0348684621633444,0
"11005","Apaseo el Grande",26242,0,117883,0,0.0120798719609786,0,1.13036353936438,0,1.12300891700328,0,1.09416203033305,0,0.0411935065924853,0,0.0316667936895054,0
"11006","Atarjea",1557,0,5296,0,0.125883108542068,0,0.964033397559409,0,0.581888246628131,0,0.971098265895954,0,0.0250481695568401,0,0.0539499036608863,0
"11008","Manuel Doblado",11152,0,41240,0,0.0173959827833572,0,0.991212338593974,0,0.982873027259684,0,0.987535868005739,0,0.0138091822094692,0,0.039006456241033,0
"11009","Comonfort",19509,0,82216,0,0.0309088113178533,0,0.984776257112102,0,0.898098313598852,0,0.932646470859603,0,0.0659695525142242,0,0.0457737454508176,0
"11010","Coroneo",3129,0,11083,0,0.0185362735698306,0,0.990412272291467,0,0.988175135826143,0,0.984020453819112,0,0.0143815915627996,0,0.012464046021093,0
"11015","Guanajuato",49788,0,194500,0,0.0126335663212019,0,1.03079055194023,0,0.9970474813208,0,1.0203060978549,0,0.0156262553225677,0,0.0366955892986262,0
"11016","Huanímaro",5269,0,21128,0,0.0182197760485861,0,1.01480356803948,0,1.01309546403492,0,1.0125260960334,0,0.0064528373505409,0,0.030745872081989,0
"11017","Irapuato",150351,0,592953,0,0.0115130594409083,0,1.00750909538347,0,0.995191252469222,0,0.990116460815026,0,0.0191817812984283,0,0.0283802568656012,0
"11018","Jaral del Progreso",9992,0,38782,0,0.016613290632506,0,0.99519615692554,0,0.992493995196157,0,0.975180144115292,0,0.0233186549239392,0,0.0324259407526021,0
"12033","Huamuxtitlán",4620,0,17488,0,0.0510822510822511,0,0.987878787878788,0,0.973160173160173,0,0.933982683982684,0,0.0642857142857143,0,0.0961038961038961,0
"12031","General Canuto A. Neri",1482,0,6278,0,0.111336032388664,0,1.05060728744939,0,0.902159244264507,0,0.869770580296896,0,0.209176788124157,0,0.0607287449392713,0
"12083","Ñuu Savi",0,1,0,1,0,1,0,1,0,1,0,1,0,1,0,1
"12082","Las Vigas",0,1,0,1,0,1,0,1,0,1,0,1,0,1,0,1
"12073","Zirándaro",4241,0,18031,0,0.104456496109408,0,1.07616128271634,0,1.00707380334827,0,0.927611412402735,0,0.174251355812308,0,0.154916293327046,0
"12065","Tlalixtaquilla de Maldonado",1803,0,7602,0,0.103161397670549,0,1.03161397670549,0,0.79312257348863,0,0.924570160843039,0,0.117581808097615,0,0.0554631170271769,0
"12047","Pedro Ascencio Alquisiras",1576,0,7076,0,0.112309644670051,0,1.00634517766497,0,0.788705583756345,0,0.808375634517767,0,0.260152284263959,0,0.0215736040609137,0
"12054","San Miguel Totolapan",4691,0,24139,0,0.231720315497762,0,1.16563632487742,0,0.973140055425282,0,0.794500106587082,0,0.429759113195481,0,0.178853123001492,0
"12053","San Marcos",13947,0,50124,0,0.0735642073564207,0,0.98551659855166,0,0.827704882770488,0,0.892951889295189,0,0.106331110633111,0,0.210152721015272,0
"12066","Tlapa de Comonfort",21555,0,96125,0,0.0839248434237996,0,0.980746926467177,0,0.903641846439341,0,0.833495708652285,0,0.163674321503132,0,0.17907678032939,0
"12048","Petatlán",12012,0,44583,0,0.0337995337995338,0,1.06393606393606,0,1.03504828504828,0,0.966866466866467,0,0.109307359307359,0,0.212037962037962,0
"12007","Arcelia",8880,0,33267,0,0.0585585585585586,0,0.991554054054054,0,0.906644144144144,0,0.888063063063063,0,0.114189189189189,0,0.125112612612613,0
"12012","Ayutla de los Libres",14983,0,69123,0,0.173596742975372,0,1.00373756924514,0,0.976973903757592,0,0.807515183875058,0,0.245544950944404,0,0.204565173863712,0
"12006","Apaxtla",2651,0,11112,0,0.0848736325914749,0,1.0761976612599,0,0.950584685024519,0,0.970199924556771,0,0.126367408525085,0,0.0754432289701999,0
"12010","Atlixtac",6876,0,28491,0,0.368237347294939,0,0.960296684118674,0,0.851221640488656,0,0.69022687609075,0,0.308609656777196,0,0.157358929610239,0
"12011","Atoyac de Álvarez",16951,0,60680,0,0.0694944251076633,0,1.03044068196567,0,1.0194088844316,0,0.876585452185712,0,0.169370538611291,0,0.198867323461743,0
"12032","General Heliodoro Castillo",7825,0,37254,0,0.150415335463259,0,1.03335463258786,0,0.89035143769968,0,0.634249201277955,0,0.445111821086262,0,0.126517571884984,0
"12028","Chilapa de Álvarez",27397,0,123722,0,0.0988429390079206,0,1.06303609884294,0,0.881848377559587,0,0.845822535314085,0,0.234076723728875,0,0.172829141876848,0
"12029","Chilpancingo de los Bravo",68480,0,283354,0,0.0207067757009346,0,1.05017523364486,0,0.951314252336449,0,0.942757009345794,0,0.112456191588785,0,0.157053154205607,0
"12004","Alcozauca de Guerrero",4029,0,21225,0,0.211218664681062,0,0.988334574336064,0,0.965500124100273,0,0.775626706378754,0,0.225614296351452,0,0.0893521965748325,0
"12068","La Unión de Isidoro Montes de Oca",7070,0,26349,0,0.0431400282885431,0,1.07199434229137,0,0.993493635077794,0,1.01456859971711,0,0.0727015558698727,0,0.146110325318246,0
"12039","Juan R. Escudero",6628,0,26093,0,0.0475256487628244,0,1.06849728424864,0,0.995775497887749,0,1.00060350030175,0,0.0757392878696439,0,0.195081472540736,0
"12038","Zihuatanejo de Azueta",32483,0,126001,0,0.0167780069574855,0,1.12443431949019,0,1.05547517162824,0,1.05442847027676,0,0.0763168426561586,0,0.215281839731552,0
"12043","Metlatónoc",3879,0,18859,0,0.497035318381026,0,0.937612786800722,0,0.956947666924465,0,0.700180458881155,0,0.295952565094096,0,0.140500128899201,0
"12030","Florencio Villarreal",5544,0,22250,0,0.0633116883116883,0,1.02308802308802,0,0.841450216450216,0,0.908189033189033,0,0.124458874458874,0,0.211038961038961,0
"12064","Tlalchapa",3143,0,11681,0,0.0645879732739421,0,1.07572383073497,0,1.00859051861279,0,1.01718103722558,0,0.0715876551065861,0,0.119630925867006,0
"12067","Tlapehuala",5855,0,22209,0,0.0517506404782237,0,0.988556789069172,0,0.880444064901793,0,0.886251067463706,0,0.113236549957301,0,0.164816396242528,0
"12001","Acapulco de Juárez",198376,0,779566,0,0.0234403355244586,0,1.10875811590112,0,1.03511009396298,0,1.03321470339154,0,0.0797173045126427,0,0.161622373674235,0
"12019","Copalillo",3478,0,15598,0,0.193502012650949,0,0.971535365152386,0,0.322311673375503,0,0.668487636572743,0,0.331799884991374,0,0.230304772857964,0
"12045","Olinalá",6655,0,28446,0,0.10939143501127,0,0.969947407963937,0,0.502930127723516,0,0.830052592036063,0,0.169045830202855,0,0.114951164537941,0
"12008","Atenango del Río",2354,0,9147,0,0.0917587085811385,0,1.02378929481733,0,0.808411214953271,0,0.912064570943076,0,0.12999150382328,0,0.132965165675446,0
"12009","Atlamajalcingo del Monte",1274,0,5811,0,0.469387755102041,0,0.949764521193093,0,0.893249607535322,0,0.548665620094192,0,0.448194662480377,0,0.0957613814756672,0
"12046","Ometepec",16863,0,68207,0,0.115874992587321,0,0.989503647037894,0,0.851331317084742,0,0.868884540117417,0,0.15056632864852,0,0.235130166637016,0
"12036","Igualapa",2862,0,11739,0,0.204751921733054,0,1.02480782669462,0,0.907058001397624,0,0.842068483577918,0,0.212788259958071,0,0.167714884696017,0
"12044","Mochitlán",3104,0,12402,0,0.0589561855670103,0,1.02802835051546,0,1.02094072164948,0,0.842783505154639,0,0.20715206185567,0,0.141430412371134,0
"12042","Mártir de Cuilapan",4613,0,18613,0,0.0923477129850423,0,1.04465640580967,0,0.917840884456969,0,0.835898547582918,0,0.216995447647951,0,0.199002818122697,0
"12040","Leonardo Bravo",5784,0,26357,0,0.0840248962655602,0,1.09301521438451,0,1.07883817427386,0,0.862033195020747,0,0.246715076071923,0,0.201071922544952,0
"12076","Acatepec",8938,0,40197,0,0.552025061535019,0,0.867979413739091,0,0.950100693667487,0,0.406019243678675,0,0.592638174088163,0,0.122510628776013,0
"12075","Eduardo Neri",12449,0,53126,0,0.0294802795405253,0,0.992770503654912,0,0.862478913968993,0,0.86601333440437,0,0.135834203550486,0,0.158406297694594,0
"12074","Zitlala",5207,0,21977,0,0.0852698290762435,0,1.096984828116,0,0.81121567121183,0,0.844248127520645,0,0.26675628961014,0,0.180142116381794,0
"12072","Zapotitlán Tablas",3025,0,12004,0,0.457851239669421,0,0.935206611570248,0,0.929586776859504,0,0.570909090909091,0,0.429090909090909,0,0.145785123966942,0
"12071","Xochistlahuaca",7424,0,29891,0,0.197063577586207,0,0.975754310344828,0,0.97588900862069,0,0.657327586206897,0,0.376751077586207,0,0.188846982758621,0
"12070","Xochihuehuetlán",2027,0,7862,0,0.061667488899852,0,0.986186482486433,0,0.904785397138628,0,0.904785397138628,0,0.0957079427725703,0,0.102121361618155,0
"12069","Xalpatláhuac",2501,0,11966,0,0.160335865653739,0,0.991203518592563,0,0.50499800079968,0,0.877249100359856,0,0.130347860855658,0,0.124350259896042,0
"12052","San Luis Acatlán",10587,0,46270,0,0.258902427505431,0,0.938698403702654,0,0.852555020307925,0,0.627184282610749,0,0.371304429961273,0,0.229904599981109,0
"12041","Malinaltepec",6733,0,29625,0,0.344720035645329,0,0.934798752413486,0,0.928857864250705,0,0.608495470072776,0,0.390910441110946,0,0.088222189217288,0
"12062","Tlacoachistlahuaca",4476,0,22781,0,0.271447721179625,0,1.05451295799821,0,1.05585344057194,0,0.812555853440572,0,0.287310098302055,0,0.268096514745308,0
"12023","Cuajinicuilapa",6910,0,26627,0,0.0878437047756874,0,1.05267727930535,0,0.986251808972504,0,0.962083936324168,0,0.109406657018813,0,0.193487698986975,0
"12013","Azoyú",4110,0,15099,0,0.111922141119221,0,1.02214111922141,0,0.809002433090024,0,0.932603406326034,0,0.110948905109489,0,0.240632603406326,0
"12024","Cualác",1970,0,7874,0,0.144162436548223,0,0.963451776649746,0,0.865482233502538,0,0.890355329949239,0,0.102030456852792,0,0.0903553299492386,0
"12027","Cutzamala de Pinzón",6031,0,20537,0,0.0766042115735367,0,1.00878792903333,0,0.944453656110098,0,0.93748963687614,0,0.0882109102967999,0,0.144586304095507,0
"12037","Ixcateopan de Cuauhtémoc",1683,0,6138,0,0.0570409982174688,0,0.992869875222816,0,0.93166963755199,0,0.885918003565062,0,0.113487819370172,0,0.0368389780154486,0
"12055","Taxco de Alarcón",28334,0,105586,0,0.0265405519870121,0,1.05075174701772,0,0.96982423942966,0,0.984118020752453,0,0.0716100797628291,0,0.137114420837157,0
"12025","Cuautepec",4163,0,17024,0,0.130194571222676,0,1.04275762671151,0,0.839298582752822,0,0.877972615901994,0,0.1743934662503,0,0.366802786452078,0
"12026","Cuetzala del Progreso",2293,0,8272,0,0.0597470562581771,0,1.03924989097253,0,0.398168338421282,0,0.888791975577846,0,0.1652856519843,0,0.139555167902311,0
"12059","Tepecoacuilco de Trujano",8743,0,30806,0,0.0555873270044607,0,0.993366121468603,0,0.84421823172824,0,0.831979869609974,0,0.172595219032369,0,0.146059704906783,0
"12077","Marquelia",3732,0,14280,0,0.101822079314041,0,1.01768488745981,0,0.888531618435155,0,0.893890675241158,0,0.139335476956056,0,0.291800643086817,0
"12078","Cochoapa el Grande",3557,0,21241,0,0.710430137756536,0,1.03289288726455,0,0.947708743323025,0,0.638740511667135,0,0.526567332021366,0,0.303345515884172,0
"12061","Tixtla de Guerrero",10444,0,43171,0,0.0492148602068173,0,1.04959785522788,0,0.743010340865569,0,0.868536959019533,0,0.187954806587514,0,0.159613175028725,0
"12018","Copala",4164,0,14463,0,0.0607588856868396,0,0.979586935638809,0,0.9447646493756,0,0.893131604226705,0,0.103266090297791,0,0.233669548511047,0
"12056","Tecoanapa",10766,0,46063,0,0.104216979379528,0,1.05535946498235,0,1.01755526657997,0,0.946126695151403,0,0.128088426527958,0,0.24475199702768,0
"12003","Ajuchitlán del Progreso",8705,0,37655,0,0.0913268236645606,0,1.03147616312464,0,0.913842619184377,0,0.862148190695003,0,0.1972429638139,0,0.145548535324526,0
"12002","Ahuacuotzingo",5338,0,25205,0,0.150992881228925,0,1.0436493068565,0,0.902959910078681,0,0.849194454852005,0,0.23267141251405,0,0.123641813413263,0
"12035","Iguala de la Independencia",41318,0,154173,0,0.0173048066218113,0,1.02797812091582,0,0.870201849073043,0,0.91064427126192,0,0.122392177743356,0,0.125756328960744,0
"12016","Coahuayutla de José María Izazaga",3084,0,12408,0,0.182879377431907,0,1.09273670557717,0,0.882295719844358,0,0.828145265888457,0,0.300583657587549,0,0.123865110246433,0
"12017","Cocula",4289,0,15579,0,0.0342737234786664,0,0.995570062951737,0,0.93121939846118,0,0.877127535556074,0,0.124970855677314,0,0.114245744928888,0
"12020","Copanatoyac",4171,0,21648,0,0.240949412610885,0,1.06689043394869,0,0.933589067369935,0,0.820187005514265,0,0.27571325821146,0,0.230160632941741,0
"12057","Técpan de Galeana",18704,0,65237,0,0.0518071000855432,0,1.03517964071856,0,0.986740804106074,0,0.916007271171942,0,0.134784003421728,0,0.227224123182207,0
"12021","Coyuca de Benítez",19792,0,73056,0,0.0560327405012126,0,1.0626515763945,0,0.988884397736459,0,0.937297898140663,0,0.139955537590946,0,0.230295068714632,0
"12022","Coyuca de Catalán",9663,0,38554,0,0.0883783504087757,0,1.03642761047294,0,0.918555314084653,0,0.865362723791783,0,0.208216909862362,0,0.12428852323295,0
"12060","Tetipac",3636,0,13552,0,0.0530803080308031,0,1.00797579757976,0,0.942244224422442,0,0.932618261826183,0,0.0937843784378438,0,0.062981298129813,0
"12063","Tlacoapa",2411,0,10092,0,0.535462463708005,0,0.883450850269598,0,1.0004147656574,0,0.539610120282041,0,0.508917461634177,0,0.120696806304438,0
"12058","Teloloapan",12628,0,53817,0,0.0544821032625911,0,1.08877098511245,0,0.883750395945518,0,0.974263541336712,0,0.124010136205258,0,0.074754513778904,0
"12051","Quechultenango",8617,0,36143,0,0.108738540095161,0,1.02332598352095,0,0.979691307879773,0,0.812347684809098,0,0.226993153069514,0,0.186956017175351,0
"12050","Pungarabato",10189,0,38482,0,0.0366081067818235,0,0.994013151437825,0,0.956619884188831,0,0.933948375699284,0,0.0643831583079792,0,0.160270880361174,0
"12081","Iliatenco",2578,0,11679,0,0.255236617532971,0,0.974010861132661,0,0.990302560124127,0,0.680760279286268,0,0.366951124903026,0,0.100077579519007,0
"12080","Juchitán",2076,0,7559,0,0.130057803468208,0,1.00626204238921,0,0.803949903660886,0,0.904142581888247,0,0.1252408477842,0,0.299132947976879,0
"12005","Alpoyeca",1922,0,7813,0,0.036420395421436,0,0.991675338189386,0,0.95837669094693,0,0.942247658688866,0,0.0556711758584807,0,0.0671175858480749,0
"12014","Benito Juárez",4854,0,15442,0,0.0304903172641121,0,1.02204367531932,0,1.00267820354347,0,0.970127729707458,0,0.0677791512154924,0,0.218376596621343,0
"12015","Buenavista de Cuéllar",3761,0,12982,0,0.022068598776921,0,1.06301515554374,0,1.02871576708322,0,1.03110874767349,0,0.0372241425152885,0,0.0813613400691306,0
"12049","Pilcaya",3571,0,12753,0,0.0456454774572949,0,0.984038084570148,0,0.922710725287034,0,0.962475497059647,0,0.0389246709605153,0,0.0593671240548866,0
"12079","José Joaquín de Herrera",3957,0,18381,0,0.290371493555724,0,0.963103361132171,0,0.794794035885772,0,0.681324235531969,0,0.318423047763457,0,0.241849886277483,0
"12034","Huitzuco de los Figueroa",10108,0,36593,0,0.0417491096161456,0,1.03007518796992,0,0.733577364463791,0,0.924910961614563,0,0.111100118717847,0,0.118717847249703,0
"12085","San Nicolás",0,1,0,1,0,1,0,1,0,1,0,1,0,1,0,1
"12084","Santa Cruz del Rincón",0,1,0,1,0,1,0,1,0,1,0,1,0,1,0,1
"13004","Agua Blanca de Iturbide",2847,0,10313,0,0.0495258166491043,0,0.962767825781524,0,0.975763962065332,0,0.969441517386723,0,0.0316122233930453,0,0.045662100456621,0
"13010","Atitalaquia",8342,0,31525,0,0.0112682809877727,0,1.03668185087509,0,1.03596259889715,0,1.03200671301846,0,0.00935027571325821,0,0.0272116998321745,0
"13081","Zacualtipán de Ángeles",10150,0,38155,0,0.0375369458128079,0,1.0312315270936,0,1.01655172413793,0,1.01586206896552,0,0.0247290640394089,0,0.136847290640394,0
"13034","Lolotla",2566,0,9474,0,0.105222135619641,0,0.995323460639127,0,0.865549493374903,0,0.943491816056118,0,0.0701480904130943,0,0.0596258768511302,0
"13080","Yahualica",6228,0,24674,0,0.148362235067437,0,0.988921001926782,0,0.745183044315992,0,0.944123314065511,0,0.063102119460501,0,0.0912010276172126,0
"13079","Xochicoatlán",2194,0,7015,0,0.0720145852324521,0,0.988605287146764,0,0.976754785779398,0,0.969917958067457,0,0.0350957155879672,0,0.0679124886052871,0
"13041","Mixquiahuala de Juárez",12192,0,47222,0,0.0196850393700787,0,1.031906167979,0,1.02854330708661,0,1.01853674540682,0,0.0218996062992126,0,0.0371555118110236,0
"13032","Jaltocán",2630,0,10523,0,0.0931558935361217,0,1.00114068441065,0,0.975285171102662,0,0.96425855513308,0,0.0482889733840304,0,0.0855513307984791,0
"13019","Chilcuautla",5141,0,18909,0,0.0492122155222719,0,0.980159502042404,0,0.96965570900603,0,0.956623225053492,0,0.0443493483758024,0,0.0350126434545808,0
"13082","Zapotlán de Juárez",5709,0,21443,0,0.00823261516903135,0,1.01699071641268,0,0.98020669118935,0,1.00823261516903,0,0.0133123138903486,0,0.0446663163426169,0
"13050","Progreso de Obregón",5878,0,23641,0,0.0204151071793127,0,1.06005444028581,0,1.05341953045253,0,1.04950663490983,0,0.0214358625382783,0,0.0316434161279347,0
"13083","Zempoala",15843,0,57906,0,0.00990973931704854,0,1.09549958972417,0,1.08470617938522,0,1.09108123461466,0,0.0111721264911948,0,0.0283405920595847,0
"13018","Chapulhuacán",6229,0,22903,0,0.071440038529459,0,0.982019585808316,0,0.947182533311928,0,0.929844276769947,0,0.0724032750040135,0,0.065018462032429,0
"13035","Metepec",3252,0,13078,0,0.0227552275522755,0,0.989544895448955,0,0.980627306273063,0,0.974169741697417,0,0.029520295202952,0,0.0495079950799508,0
"13036","San Agustín Metzquititlán",2768,0,9449,0,0.0466040462427746,0,1.00614161849711,0,1.00541907514451,0,0.98157514450867,0,0.0404624277456647,0,0.0346820809248555,0
"13037","Metztitlán",6229,0,20962,0,0.0828383368116873,0,0.97656124578584,0,0.907850377267619,0,0.94220581152673,0,0.0568309519987157,0,0.0528174666880719,0
"13020","Eloxochitlán",818,0,2593,0,0.097799511002445,0,1.0281173594132,0,1.01100244498778,0,1.00733496332518,0,0.0281173594132029,0,0.0403422982885086,0
"13022","Epazoyucan",4398,0,16285,0,0.0270577535243292,0,1.08231014097317,0,1.05570713960891,0,1.0768531150523,0,0.020918599363347,0,0.0441109595270578,0
"13023","Francisco I. Madero",9650,0,36248,0,0.0288082901554404,0,0.996373056994819,0,0.992124352331606,0,0.983108808290155,0,0.0196891191709845,0,0.0340932642487047,0
"13052","San Agustín Tlaxiaca",10099,0,38891,0,0.0182196257055154,0,1.0139617783939,0,0.969501930884246,0,1.00514902465591,0,0.0220813941974453,0,0.0470343598376077,0
"13024","Huasca de Ocampo",4480,0,17607,0,0.0254464285714286,0,1.04464285714286,0,1.0359375,0,1.03727678571429,0,0.0198660714285714,0,0.0424107142857143,0
"13009","El Arenal",4958,0,19836,0,0.0286405808793869,0,1.04316256555063,0,1.00080677692618,0,1.03045582896329,0,0.0284388866478419,0,0.0475998386446148,0
"13038","Mineral del Chico",2362,0,8878,0,0.0541913632514818,0,1.03344623200677,0,0.991532599491956,0,1.02751905165114,0,0.041913632514818,0,0.0571549534292972,0
"13071","Tlahuiltepa",2841,0,9086,0,0.0788454769447378,0,0.962689193945794,0,0.817669834565294,0,0.953889475536783,0,0.0489264343541007,0,0.0271031326997536,0
"13064","Tepetitlán",3168,0,10830,0,0.0375631313131313,0,1.00568181818182,0,1.00473484848485,0,0.999684343434343,0,0.0274621212121212,0,0.047979797979798,0
"13053","San Bartolo Tutotepec",4979,0,17699,0,0.177144004820245,0,0.948985740108455,0,0.899176541474192,0,0.818236593693513,0,0.185378590078329,0,0.0931914038963647,0
"13008","Apan",12382,0,46681,0,0.00912615086415765,0,1.0369891778388,0,1.02955903731223,0,1.02616701663705,0,0.0167178161847844,0,0.0400581489258601,0
"13007","Almoloya",3463,0,12546,0,0.0199249205890846,0,1.01183944556743,0,1.0077967080566,0,0.98556165174704,0,0.0384060063528732,0,0.0635287323130234,0
"13068","Tianguistengo",4006,0,14340,0,0.14053919121318,0,0.980029955067399,0,0.824013979031453,0,0.908886669995007,0,0.0953569645531702,0,0.0851223165252122,0
"13069","Tizayuca",45776,0,168302,0,0.00445648374694163,0,1.03451590353023,0,1.02693551205872,0,1.02352761272282,0,0.0129980775952464,0,0.0296443551205872,0
"13076","Tula de Allende",32519,0,115107,0,0.0140840739260125,0,1.01353055136997,0,0.995787078323442,0,1.01085519234909,0,0.0113472123989053,0,0.0377010363172299,0
"13078","Xochiatipan",4348,0,18260,0,0.286108555657774,0,0.975850965961362,0,0.837396504139834,0,0.842916283348666,0,0.160073597056118,0,0.0926862925482981,0
"13074","Tlaxcoapan",6709,0,28626,0,0.0201222238783723,0,1.04054255477716,0,1.03979728722611,0,1.02921448800119,0,0.0163958861231182,0,0.0335370397972872,0
"13051","Mineral de la Reforma",59351,0,202749,0,0.00370676146989941,0,1.07177638118987,0,1.0634361678826,0,1.06897946117167,0,0.00427962460615659,0,0.0126703846607471,0
"13030","Ixmiquilpan",26500,0,98654,0,0.0247169811320755,0,0.990943396226415,0,0.978754716981132,0,0.968792452830189,0,0.0307169811320755,0,0.0427169811320755,0
"13031","Jacala de Ledezma",3740,0,12290,0,0.0422459893048128,0,0.987700534759358,0,0.865508021390374,0,0.978609625668449,0,0.0216577540106952,0,0.0417112299465241,0
"13029","Huichapan",12661,0,47425,0,0.0174551773161678,0,1.00379116973383,0,0.995103072427138,0,0.993602401074165,0,0.0196666929942343,0,0.0315930811152358,0
"13070","Tlahuelilpan",4743,0,19067,0,0.0204511912291798,0,1.02761965001054,0,1.01665612481552,0,1.01623445076956,0,0.0196078431372549,0,0.0554501370440649,0
"13025","Huautla",5510,0,20673,0,0.0896551724137931,0,0.991107078039927,0,0.639201451905626,0,0.934119782214156,0,0.0707803992740472,0,0.0272232304900181,0
"13054","San Salvador",9759,0,36796,0,0.0394507633978891,0,0.994159237626806,0,0.990060457014038,0,0.974792499231479,0,0.0284865252587355,0,0.0354544523004406,0
"13055","Santiago de Anaya",4992,0,18329,0,0.0346554487179487,0,0.995192307692308,0,0.991786858974359,0,0.977964743589744,0,0.0328525641025641,0,0.0418669871794872,0
"13006","Alfajayucan",5256,0,19162,0,0.0386225266362253,0,1.03063165905632,0,1.0150304414003,0,1.01959665144597,0,0.0285388127853881,0,0.0469939117199391,0
"13048","Pachuca de Soto",85783,0,314331,0,0.00416166373290745,0,1.07578424629589,0,1.05757551029924,0,1.06846344846881,0,0.0091859692479862,0,0.0298777146987165,0
"13026","Huazalingo",3026,0,12766,0,0.107072042300066,0,0.985789821546596,0,0.98512888301388,0,0.888301387970919,0,0.112690019828156,0,0.0373430270984798,0
"13027","Huehuetla",6240,0,22846,0,0.18301282051282,0,0.967307692307692,0,0.771955128205128,0,0.902884615384615,0,0.0971153846153846,0,0.0793269230769231,0
"13028","Huejutla de Reyes",31387,0,126781,0,0.0591964826201931,0,0.993309331888999,0,0.933826106349763,0,0.929493102239781,0,0.0723866568961672,0,0.0800968553859878,0
"13043","Nicolás Flores",1753,0,6265,0,0.120365088419852,0,0.978893325727325,0,0.946948088990302,0,0.944095835710211,0,0.0570450656018254,0,0.0416428978893326,0
"13065","Tetepango",3015,0,11768,0,0.0195688225538972,0,1.01492537313433,0,1.01194029850746,0,1.0106135986733,0,0.0106135986733002,0,0.0401326699834163,0
"13063","Tepeji del Río de Ocampo",24383,0,90546,0,0.0189476274453513,0,1.00365008407497,0,0.979247836607472,0,0.996062830660706,0,0.0144772997580281,0,0.0475741295164664,0
"13033","Juárez Hidalgo",925,0,2895,0,0.0724324324324324,0,1.01621621621622,0,1.00864864864865,0,1.01945945945946,0,0.0118918918918919,0,0.0259459459459459,0
"13013","Atotonilco de Tula",17498,0,62470,0,0.0117727740313179,0,1.01051548748428,0,0.997942622013944,0,1.00834381072123,0,0.00520059435364042,0,0.0169162189964567,0
"13014","Calnali",4664,0,16150,0,0.0915523156089194,0,0.999142367066895,0,0.98327615780446,0,0.940180102915952,0,0.0737564322469983,0,0.0641080617495712,0
"13015","Cardonal",5169,0,19431,0,0.0485587154188431,0,0.983942735538789,0,0.976591216869801,0,0.956858193074096,0,0.045076417101954,0,0.0305668407815825,0
"13016","Cuautepec de Hinojosa",16017,0,60421,0,0.0183554972841356,0,0.994068801897983,0,0.970593744146844,0,0.976025472935007,0,0.0265967409627271,0,0.0491352937503902,0
"13021","Emiliano Zapata",4105,0,15175,0,0.00828258221680877,0,1.00219244823386,0,1.00487210718636,0,0.983922046285018,0,0.0272838002436054,0,0.0285018270401949,0
"13005","Ajacuba",5129,0,18872,0,0.0189120686293624,0,0.997465392864106,0,0.986742054981478,0,0.987521934100214,0,0.0191070384090466,0,0.0347046207837785,0
"13017","Chapantongo",3836,0,12967,0,0.0450990615224192,0,0.974191866527633,0,0.983315954118874,0,0.991136600625652,0,0.0205943691345151,0,0.0537017726798749,0
"13066","Villa de Tezontepec",3322,0,13032,0,0.0111378687537628,0,1.03281155930163,0,1.02859723058399,0,1.02227573750753,0,0.0132450331125828,0,0.0454545454545455,0
"13067","Tezontepec de Aldama",14405,0,55134,0,0.0321416174939257,0,1.01749392572024,0,1.01513363415481,0,1.00652551197501,0,0.021450885109337,0,0.0455397431447414,0
"13044","Nopala de Villagrán",4970,0,16948,0,0.023943661971831,0,1.01106639839034,0,0.987927565392354,0,1.01529175050302,0,0.0185110663983903,0,0.0406438631790744,0
"13045","Omitlán de Juárez",2458,0,9295,0,0.0280716029292107,0,1.01301871440195,0,0.99593165174939,0,1.00203417412531,0,0.0174938974776241,0,0.0370219690805533,0
"13046","San Felipe Orizatlán",10160,0,38492,0,0.0641732283464567,0,0.992814960629921,0,0.979625984251968,0,0.930413385826772,0,0.0716535433070866,0,0.044488188976378,0
"13039","Mineral del Monte",3294,0,14324,0,0.0112325440194293,0,1.11293260473588,0,1.0003035822708,0,1.10048573163327,0,0.0151791135397693,0,0.0376442015786278,0
"13047","Pacula",1430,0,4748,0,0.0839160839160839,0,0.978321678321678,0,0.768531468531469,0,0.954545454545455,0,0.0447552447552448,0,0.0405594405594406,0
"13049","Pisaflores",4834,0,18723,0,0.0812991311543235,0,0.985726106743897,0,0.920562681009516,0,0.937318990484071,0,0.0684733140256516,0,0.0583367811336367,0
"13077","Tulancingo de Bravo",45235,0,168369,0,0.00831214767326185,0,1.00981540842268,0,0.987001215872665,0,0.996462915883718,0,0.0171769647396927,0,0.0418702332264839,0
"13062","Tepehuacán de Guerrero",7479,0,31235,0,0.152694210455943,0,0.972188795293488,0,0.765610375718679,0,0.860542853322637,0,0.139858269822169,0,0.0691268886214735,0
"13003","Actopan",15787,0,61002,0,0.0211566478748337,0,1.01760942547666,0,1.00209032748464,0,1.00399062519795,0,0.0241971242161272,0,0.0313549122695889,0
"13002","Acaxochitlán",10198,0,46065,0,0.0730535399097862,0,1.00647185722691,0,0.873406550303981,0,0.909099823494803,0,0.113649735242204,0,0.0721710139242989,0
"13001","Acatlán",5859,0,22268,0,0.0266257040450589,0,0.988905956647892,0,0.965352449223417,0,0.98173749786653,0,0.0174091141833077,0,0.0506912442396313,0
"13061","Tepeapulco",15963,0,56245,0,0.00701622502035958,0,1.02894192820898,0,1.02380504917622,0,1.02424356323999,0,0.00720415961911921,0,0.0241182735074861,0
"13058","Tasquillo",5085,0,17441,0,0.0330383480825959,0,0.986823992133727,0,0.978957718780728,0,0.954965585054081,0,0.0422812192723697,0,0.0377581120943953,0
"13073","Tlanchinol",9468,0,37722,0,0.0760456273764259,0,0.99503591043515,0,0.988276299112801,0,0.898183354457119,0,0.109526827207436,0,0.0575623151668779,0
"13072","Tlanalapa",3104,0,11113,0,0.00644329896907216,0,1.01610824742268,0,1.01192010309278,0,1.01771907216495,0,0.00837628865979381,0,0.0273840206185567,0
"13059","Tecozautla",10186,0,38010,0,0.0294521892794031,0,0.988120950323974,0,0.974671117219713,0,0.968486157471039,0,0.0318083644217554,0,0.0559591596308659,0
"13060","Tenango de Doria",4580,0,17503,0,0.0882096069868996,0,0.991703056768559,0,0.987991266375546,0,0.955240174672489,0,0.054585152838428,0,0.0604803493449782,0
"13012","Atotonilco el Grande",8323,0,30135,0,0.031959629941127,0,0.988465697464856,0,0.95770755737114,0,0.984140334014178,0,0.0210260723296888,0,0.0308782890784573,0
"13011","Atlapexco",5260,0,19812,0,0.122813688212928,0,0.996007604562738,0,0.932699619771863,0,0.954372623574145,0,0.0522813688212928,0,0.0517110266159696,0
"13040","La Misión",2923,0,9819,0,0.074580910023948,0,0.987341772151899,0,0.6773862470065,0,0.956551488197058,0,0.0455011973999316,0,0.0362641122134793,0
"13042","Molango de Escamilla",3227,0,11578,0,0.0669352339634335,0,1.00836690424543,0,0.989463898357608,0,0.981716764797025,0,0.0502014254725751,0,0.0669352339634335,0
"13056","Santiago Tulantepec de Lugo Guerrero",10723,0,39561,0,0.00736734122913364,0,1.03319966427306,0,0.998507880257391,0,1.02247505362305,0,0.0138953651030495,0,0.0364636762100159,0
"13057","Singuilucan",3611,0,15142,0,0.0301855441705899,0,1.12101910828025,0,1.05234007200222,0,1.1185267238992,0,0.0152312378842426,0,0.0420936028800886,0
"13084","Zimapán",10980,0,39927,0,0.0275956284153005,0,0.983606557377049,0,0.909380692167577,0,0.964389799635701,0,0.0332422586520947,0,0.0450819672131148,0
"13075","Tolcayuca",5638,0,21362,0,0.010109968073785,0,1.06119191202554,0,1.06012770485988,0,1.05498403689252,0,0.00957786449095424,0,0.0292656970556935,0
"14122","Zapotitlán de Vadillo",1962,0,7466,0,0.0524974515800204,0,0.954128440366973,0,0.979612640163099,0,0.859836901121305,0,0.13914373088685,0,0.0703363914373089,0
"14019","Bolaños",1604,0,7043,0,0.195137157107232,0,0.815461346633416,0,0.8428927680798,0,0.728179551122195,0,0.27930174563591,0,0.132793017456359,0
"14065","Pihuamo",3556,0,11386,0,0.0337457817772778,0,0.983127109111361,0,0.993532058492688,0,0.957255343082115,0,0.0382452193475816,0,0.030652418447694,0
"14101","Tonalá",135051,0,569913,0,0.00534612849960385,0,1.10300553124375,0,1.09779268572613,0,1.08155437575434,0,0.0224507778542921,0,0.0314769975786925,0
"14076","San Martín de Bolaños",860,0,3095,0,0.0372093023255814,0,0.952325581395349,0,0.944186046511628,0,0.959302325581395,0,0.0383720930232558,0,0.0244186046511628,0
"14023","Zapotlán el Grande",31068,0,115141,0,0.00447405690742887,0,1.00955967555041,0,1.00595468005665,0,0.997682502896871,0,0.0134865456418179,0,0.0292584009269988,0
"14074","San Julián",4756,0,16792,0,0.00504625735912532,0,1.00084104289319,0,0.99390243902439,0,0.997687132043734,0,0.00567703952901598,0,0.0130361648444071,0
"14073","San Juan de los Lagos",18504,0,72230,0,0.00621487246000865,0,1.00318849978383,0,0.990866839602248,0,0.999945957630783,0,0.00513402507565932,0,0.0278318201469952,0
"14062","Mixtlán",1078,0,3638,0,0.0241187384044527,0,0.984230055658627,0,0.979591836734694,0,0.973098330241187,0,0.0204081632653061,0,0.0185528756957328,0
"14113","San Gabriel",4131,0,16548,0,0.0213023480997337,0,1.01161946259985,0,0.994916485112564,0,0.967804405712902,0,0.0493827160493827,0,0.0498668603243767,0
"14087","Tecalitlán",4749,0,16705,0,0.0181090755948621,0,0.993682880606443,0,1.0166350810697,0,0.982943777637397,0,0.038323857654243,0,0.0153716571909876,0
"14014","Atoyac",2534,0,8689,0,0.0205209155485399,0,0.990528808208366,0,0.98776637726914,0,0.931728492501973,0,0.0662983425414365,0,0.048145224940805,0
"14015","Autlán de Navarro",18864,0,64931,0,0.00917090754877014,0,0.995229007633588,0,0.987436386768448,0,0.973494486853265,0,0.0268235793044953,0,0.0381679389312977,0
"14097","Tlajomulco de Zúñiga",205701,0,727750,0,0.00526492335963364,0,1.02993179420615,0,1.02742816029091,0,1.02379667575753,0,0.00709281918901707,0,0.0130820948852947,0
"14055","Magdalena",5534,0,21781,0,0.00777014817491868,0,1.05276472714131,0,1.04662088904951,0,1.05095771593784,0,0.00614383809179617,0,0.0292735814962053,0
"14063","Ocotlán",28192,0,106050,0,0.00574631101021566,0,1.02660329171396,0,1.01670686719637,0,1.0154299091941,0,0.0139046538024972,0,0.0313564131668558,0
"14086","Tapalpa",4824,0,21245,0,0.0130597014925373,0,0.996475953565506,0,0.991915422885572,0,0.959369817578773,0,0.0406301824212272,0,0.0310945273631841,0
"14043","La Huerta",6646,0,23258,0,0.0252783629250677,0,1.03866987661751,0,1.02452603069515,0,1.01399337947638,0,0.0374661450496539,0,0.0580800481492627,0
"14116","Villa Hidalgo",5603,0,20088,0,0.00731750847760129,0,0.995895056219882,0,0.988577547742281,0,0.989826878457969,0,0.00856683919328931,0,0.0133856862395145,0
"14012","Atenguillo",1311,0,4176,0,0.0129672006102212,0,0.993135011441648,0,0.996186117467582,0,0.990083905415713,0,0.0091533180778032,0,0.022883295194508,0
"14117","Cañadas de Obregón",1392,0,4388,0,0.0244252873563218,0,0.987068965517241,0,0.987068965517241,0,0.991379310344828,0,0.00933908045977012,0,0.0129310344827586,0
"14118","Yahualica de González Gallo",6841,0,22394,0,0.00950153486332408,0,1.00599327583687,0,0.990790820055547,0,1.00175412951323,0,0.0112556643765531,0,0.0102324221605029,0
"14017","Ayutla",3520,0,12880,0,0.0295454545454545,0,0.996590909090909,0,0.998011363636364,0,0.980113636363636,0,0.025,0,0.0244318181818182,0
"14119","Zacoalco de Torres",7722,0,30472,0,0.0088060088060088,0,0.997539497539498,0,0.990546490546491,0,0.954674954674955,0,0.0466200466200466,0,0.0396270396270396,0
"14120","Zapopan",371292,0,1476491,0,0.00303265354491882,0,1.11499035799317,0,1.11316160865303,0,1.10038190965601,0,0.0147538864290101,0,0.0202132014694634,0
"14121","Zapotiltic",9034,0,33713,0,0.00874474208545495,0,0.992915651981404,0,0.991255257914545,0,0.97465131724596,0,0.0236882886871818,0,0.0290015497011291,0
"14123","Zapotlán del Rey",5167,0,19279,0,0.00967679504548094,0,0.994387458873621,0,0.992645635765435,0,0.981420553512677,0,0.0179988387845945,0,0.0371588929746468,0
"14069","Quitupan",2399,0,7734,0,0.0266777824093372,0,0.979157982492705,0,0.979574822842851,0,0.971238015839933,0,0.0204251771571488,0,0.0204251771571488,0
"14112","Valle de Juárez",1881,0,6151,0,0.0148856990962254,0,0.986177565124934,0,0.988835725677831,0,0.982987772461457,0,0.0106326422115896,0,0.024455077086656,0
"14111","Valle de Guadalupe",1816,0,6627,0,0.00385462555066079,0,1.02147577092511,0,1.01266519823789,0,1.01872246696035,0,0.00385462555066079,0,0.0110132158590308,0
"14079","Gómez Farías",3934,0,16431,0,0.00889679715302491,0,0.994916115912557,0,0.992374173868836,0,0.939247585155058,0,0.0589730554143366,0,0.0709201830198272,0
"14078","San Miguel el Alto",8736,0,31965,0,0.00950091575091575,0,1.00354853479853,0,0.995879120879121,0,1.00125915750916,0,0.00732600732600733,0,0.0128205128205128,0
"14077","San Martín Hidalgo",8104,0,28102,0,0.010365251727542,0,0.996051332675222,0,0.987660414610069,0,0.990251727541955,0,0.0102418558736426,0,0.0244323790720632,0
"14075","San Marcos",990,0,3791,0,0.0171717171717172,0,1.02424242424242,0,1.01414141414141,0,1.01919191919192,0,0.0151515151515152,0,0.0383838383838384,0
"14098","San Pedro Tlaquepaque",172717,0,687127,0,0.0043192042474105,0,1.0630626979394,0,1.05867401587568,0,1.04122929416328,0,0.0228060932044906,0,0.025625734583162,0
"14105","Tototlán",6360,0,23573,0,0.00990566037735849,0,1.01305031446541,0,1.00770440251572,0,1.00345911949686,0,0.0121069182389937,0,0.0242138364779874,0
"14104","Totatiche",1267,0,4180,0,0.0244672454617206,0,1.02999210734017,0,1.03393843725335,0,1.02999210734017,0,0.0165745856353591,0,0.0189423835832676,0
"14103","Tonila",2141,0,7565,0,0.0182157870154134,0,1.00093414292387,0,1.00046707146193,0,0.98225128444652,0,0.0210182157870154,0,0.0294255021018216,0
"14024","Cocula",8044,0,29267,0,0.00969666832421681,0,1.00397812033814,0,1.00372948781701,0,0.987071108901044,0,0.020014917951268,0,0.0299602187966186,0
"14102","Tonaya",1809,0,5961,0,0.00829187396351575,0,1,0,0.997788833609729,0,0.99281370923162,0,0.00773908236594804,0,0.0392482034273079,0
"14100","Tomatlán",9908,0,36316,0,0.0388574888978603,0,1.02624142107388,0,1.02048849414614,0,1.00282599919257,0,0.0410779168348809,0,0.0921477593863545,0
"14099","Tolimán",2618,0,11219,0,0.0366692131398014,0,0.975935828877005,0,0.962566844919786,0,0.919404125286478,0,0.0775401069518717,0,0.0473644003055768,0
"14093","Tepatitlán de Morelos",40807,0,150190,0,0.00389639032518931,0,0.9980885632367,0,0.995294924890337,0,0.994927340897395,0,0.00546474869507683,0,0.0136006077388683,0
"14124","Zapotlanejo",17566,0,64806,0,0.0075145166799499,0,1.01713537515655,0,1.00569281566663,0,1.01053170898326,0,0.0116702721165889,0,0.0247637481498349,0
"14115","Villa Guerrero",1657,0,5525,0,0.0458660229330115,0,0.957151478575739,0,0.937235968617984,0,0.945081472540736,0,0.0512975256487628,0,0.031985515992758,0
"14021","Casimiro Castillo",6118,0,20548,0,0.0290944753187316,0,1.01029748283753,0,1.00751879699248,0,1.00326904217064,0,0.0134030728996404,0,0.0509970578620464,0
"14070","El Salto",57945,0,232852,0,0.00607472603330745,0,1.01665372335836,0,0.997566658037794,0,0.993493830356372,0,0.0249719561653292,0,0.0411942359133661,0
"14020","Cabo Corrientes",3182,0,10940,0,0.0685103708359522,0,0.961973601508485,0,0.952545568824639,0,0.93808925204274,0,0.0553111250785669,0,0.085166561910748,0
"14018","La Barca",17696,0,67937,0,0.00808092224231465,0,0.998304701627486,0,0.994688065099458,0,0.988415461121157,0,0.0109064195298373,0,0.0276333634719711,0
"14051","Juanacatlán",8232,0,30855,0,0.00473760932944606,0,1.0541788143829,0,1.05138483965015,0,1.04883381924198,0,0.00777453838678328,0,0.0151846452866861,0
"14044","Ixtlahuacán de los Membrillos",19555,0,67969,0,0.00869342879059064,0,1.00373306059831,0,1.00383533623114,0,1.00020455126566,0,0.00726156993096395,0,0.0465865507542828,0
"14039","Guadalajara",384368,0,1385629,0,0.00281501061482746,0,1.03187570245182,0,1.03175602547559,0,1.02579819339799,0,0.00636109145402323,0,0.0163385089289431,0
"14022","Cihuatlán",11315,0,40139,0,0.0215642951833849,0,1.00291648254529,0,0.990455148033584,0,0.981175430844012,0,0.0256296950950066,0,0.113300927971719,0
"14016","Ayotlán",10733,0,41552,0,0.0130438833504146,0,0.996645858567036,0,0.995061958445914,0,0.985744898909904,0,0.0131370539457747,0,0.0359638498090003,0
"14080","San Sebastián del Oeste",1573,0,5086,0,0.0629370629370629,0,0.983471074380165,0,0.972663699936427,0,0.959313413858868,0,0.0413223140495868,0,0.0273363000635728,0
"14125","San Ignacio Cerro Gordo",4777,0,18341,0,0.00732677412602051,0,1.01695624869165,0,1.00418672807201,0,1.01423487544484,0,0.00586141930081641,0,0.0163282394808457,0
"14072","San Diego de Alejandría",1979,0,7609,0,0.011622031328954,0,0.991915108640728,0,0.983324911571501,0,0.990904497220819,0,0.00505305709954523,0,0.0181910055583628,0
"14066","Poncitlán",12331,0,53659,0,0.0227069986213608,0,0.992944611142649,0,0.9804557619009,0,0.973075987348958,0,0.0270051090746898,0,0.039575054740086,0
"14110","Unión de Tula",4116,0,13799,0,0.0150631681243926,0,0.998542274052478,0,0.995383867832847,0,0.982264334305151,0,0.0189504373177843,0,0.0153061224489796,0
"14092","Teocuitatlán de Corona",3238,0,11039,0,0.0142063001852996,0,1.00494132180358,0,1.00154416306362,0,0.978999382334775,0,0.032118591723286,0,0.0379864113650401,0
"14091","Teocaltiche",10911,0,39839,0,0.0104481715699753,0,1.00595729080744,0,0.999633397488773,0,0.998258638071671,0,0.0111813765924297,0,0.0195215837228485,0
"14002","Acatlán de Juárez",6341,0,25250,0,0.00441570730168743,0,1.00078851916102,0,0.992272512222047,0,0.99747673868475,0,0.00599274562371866,0,0.0298060242863902,0
"14003","Ahualulco de Mercado",6507,0,23630,0,0.00553250345781466,0,0.997848470877516,0,0.998770554787152,0,0.992930690026126,0,0.00706930997387429,0,0.0189027201475334,0
"14005","Amatitán",4178,0,16490,0,0.00694112015318334,0,1.00263283867879,0,0.99569171852561,0,0.992340832934418,0,0.0136428913355673,0,0.0272857826711345,0
"14109","Unión de San Antonio",4927,0,19069,0,0.00933631012786686,0,0.992896285772275,0,0.970367363507205,0,0.984777755226304,0,0.0164400243555916,0,0.0282118936472498,0
"14108","Tuxpan",9618,0,37518,0,0.00821376585568725,0,0.995529216053234,0,0.999272197962154,0,0.956747764608027,0,0.0454356415055105,0,0.0453316697858183,0
"14088","Tecolotlán",4916,0,16603,0,0.0142392188771359,0,1.01098454027665,0,1.00793327908869,0,0.999186330349878,0,0.015459723352319,0,0.0235964198535395,0
"14090","Tenamaxtlán",2254,0,7302,0,0.0110913930789707,0,0.998669032830524,0,0.994676131322094,0,0.988908606921029,0,0.0119787045252884,0,0.0177462289263531,0
"14071","San Cristóbal de la Barranca",803,0,2924,0,0.0273972602739726,0,1.00498132004981,0,0.925280199252802,0,0.977584059775841,0,0.0336239103362391,0,0.0348692403486924,0
"14068","Villa Purificación",3386,0,11303,0,0.0528647371529829,0,0.984051978735972,0,1.00295333727112,0,0.972238629651506,0,0.0375073833431778,0,0.0395747194329592,0
"14067","Puerto Vallarta",84670,0,291839,0,0.00746427306011574,0,1.0168654777371,0,1.00638951222393,0,1.00572812094012,0,0.0134404157316641,0,0.0961379473249085,0
"14114","Villa Corona",5079,0,19063,0,0.00945067926757236,0,0.997637330183107,0,0.997637330183107,0,0.985627091947234,0,0.0149635755069896,0,0.0263831462886395,0
"14107","Tuxcueca",1753,0,6702,0,0.0125499144324016,0,0.993154592127781,0,0.992013690815744,0,0.982316029663434,0,0.0165430690245294,0,0.0370792926411865,0
"14106","Tuxcacuesco",1268,0,5482,0,0.0433753943217666,0,0.998422712933754,0,1.00630914826498,0,0.972397476340694,0,0.0386435331230284,0,0.0599369085173502,0
"14025","Colotlán",5684,0,19689,0,0.00668543279380718,0,1.00087966220971,0,0.999296270232231,0,0.995953553835327,0,0.00985221674876847,0,0.0186488388458832,0
"14027","Cuautitlán de García Barragán",4925,0,18370,0,0.176649746192893,0,0.944771573604061,0,0.968324873096447,0,0.811167512690355,0,0.191472081218274,0,0.115329949238579,0
"14028","Cuautla",675,0,2166,0,0.0325925925925926,0,0.988148148148148,0,0.985185185185185,0,0.979259259259259,0,0.0251851851851852,0,0.0162962962962963,0
"14011","Atengo",1528,0,5599,0,0.031413612565445,0,0.983638743455497,0,0.984293193717278,0,0.963350785340314,0,0.0359947643979058,0,0.0418848167539267,0
"14064","Ojuelos de Jalisco",8280,0,33588,0,0.0131642512077295,0,0.989251207729469,0,0.964251207729469,0,0.981400966183575,0,0.0188405797101449,0,0.0260869565217391,0
"14032","Chiquilistlán",1466,0,5983,0,0.0381991814461119,0,0.988403819918145,0,0.989085948158254,0,0.948840381991814,0,0.0497953615279673,0,0.0395634379263302,0
"14030","Chapala",16035,0,55196,0,0.00455254131587153,0,1.01309635173059,0,1.01197380729654,0,1.0044901777362,0,0.0118490801371999,0,0.0387277829747427,0
"14029","Cuquío",4845,0,17820,0,0.00990712074303406,0,1.01197110423117,0,0.984313725490196,0,0.991537667698658,0,0.0241486068111455,0,0.0150670794633643,0
"14094","Tequila",11112,0,44353,0,0.0113390928725702,0,0.987491000719942,0,0.993430525557955,0,0.978941684665227,0,0.0221382289416847,0,0.033297336213103,0
"14095","Teuchitlán",2615,0,9647,0,0.0110898661567878,0,1.0302103250478,0,1.03479923518164,0,1.0282982791587,0,0.00764818355640535,0,0.0187380497131931,0
"14096","Tizapán el Alto",6284,0,22758,0,0.0147994907702101,0,0.996658179503501,0,0.992679821769573,0,0.984563971992362,0,0.0176639083386378,0,0.0362826225334182,0
"14061","Mezquitic",4687,0,22083,0,0.298911883934286,0,0.705355237892042,0,0.709835715809686,0,0.57840836355878,0,0.423725197354384,0,0.107958182206102,0
"14060","Mexticacán",1634,0,5307,0,0.01468788249694,0,0.990820073439412,0,0.985924112607099,0,0.984088127294982,0,0.011015911872705,0,0.00673194614443084,0
"14059","Mazamitla",3664,0,14043,0,0.0103711790393013,0,0.990447598253275,0,0.991539301310044,0,0.972980349344978,0,0.0210152838427948,0,0.0231986899563319,0
"14058","Mascota",4307,0,14451,0,0.0123055491061063,0,0.984443928488507,0,0.99442767587648,0,0.986997910378454,0,0.010680287903413,0,0.023450197353146,0
"14057","La Manzanilla de la Paz",1235,0,4099,0,0.0105263157894737,0,1.00647773279352,0,1.00161943319838,0,0.995141700404858,0,0.0105263157894737,0,0.0161943319838057,0
"14056","Santa María del Oro",573,0,1815,0,0.0942408376963351,0,0.954624781849913,0,0.926701570680628,0,0.921465968586387,0,0.075043630017452,0,0.0506108202443281,0
"14054","El Limón",1786,0,5368,0,0.0123180291153415,0,1,0,0.996080627099664,0,0.989921612541993,0,0.0111982082866741,0,0.0151175811870101,0
"14085","Tamazula de Gordiano",11529,0,38955,0,0.0183884118310348,0,0.988897562668055,0,0.994622256917339,0,0.984126984126984,0,0.0154393269147368,0,0.0295775869546361,0
"14084","Talpa de Allende",4250,0,14997,0,0.0541176470588235,0,1.01341176470588,0,1.024,0,1.00235294117647,0,0.0291764705882353,0,0.0258823529411765,0
"14053","Lagos de Moreno",44659,0,172403,0,0.00743411182516402,0,1.00347074497862,0,0.995252916545377,0,0.996753174052263,0,0.0100539644864417,0,0.0220112407353501,0
"14052","Juchitlán",1601,0,5534,0,0.0174890693316677,0,0.995003123048095,0,0.99312929419113,0,0.992504684572142,0,0.00811992504684572,0,0.0243597751405372,0
"14050","Jocotepec",11039,0,47105,0,0.00769997282362533,0,0.994564725065676,0,0.987770631397772,0,0.973548328652958,0,0.0241869734577407,0,0.0395869191049914,0
"14031","Chimaltitán",891,0,3270,0,0.0875420875420875,0,0.906846240179573,0,0.915824915824916,0,0.922558922558923,0,0.0740740740740741,0,0.0628507295173962,0
"14049","Jilotlán de los Dolores",2508,0,9425,0,0.0358851674641148,0,0.98444976076555,0,0.98524720893142,0,0.961722488038278,0,0.0534290271132376,0,0.0482456140350877,0
"14048","Jesús María",5232,0,18982,0,0.00879204892966361,0,1.02809633027523,0,1.02886085626911,0,1.02675840978593,0,0.00821865443425076,0,0.0158639143730887,0
"14047","Jamay",6222,0,24894,0,0.00916104146576664,0,0.99598199935712,0,0.990517518482803,0,0.984088717454195,0,0.0135004821600771,0,0.0326261652201864,0
"14046","Jalostotitlán",8534,0,32678,0,0.00796812749003984,0,1.04253573939536,0,1.04136395594094,0,1.03831731895946,0,0.00738223576283103,0,0.013827044762128,0
"14045","Ixtlahuacán del Río",5696,0,20465,0,0.0108848314606742,0,1.00052668539326,0,0.978581460674157,0,0.984550561797753,0,0.0235252808988764,0,0.0231741573033708,0
"14042","Huejuquilla el Alto",2684,0,10015,0,0.0376304023845007,0,0.974664679582712,0,0.931818181818182,0,0.969076005961252,0,0.0290611028315946,0,0.0342771982116244,0
"14041","Huejúcar",1774,0,5920,0,0.0107102593010147,0,0.996617812852311,0,0.994363021420519,0,0.99379932356257,0,0.00507328072153326,0,0.0112739571589628,0
"14040","Hostotipaquillo",2233,0,8732,0,0.0237348858038513,0,1.02418271383789,0,1.00268696820421,0,1.00089565606807,0,0.0313479623824451,0,0.0371697268248992,0
"14038","Guachinango",1270,0,4199,0,0.0346456692913386,0,0.981102362204724,0,0.979527559055118,0,0.974015748031496,0,0.0220472440944882,0,0.0275590551181102,0
"14037","El Grullo",7417,0,25920,0,0.00876365107186194,0,1.00121342860995,0,0.995955237966833,0,0.991371174329244,0,0.0125387623028179,0,0.0463799379803155,0
"14036","Etzatlán",5255,0,20011,0,0.00589914367269267,0,1.01960038058991,0,1.01845861084681,0,1.0127497621313,0,0.00875356803044719,0,0.0285442435775452,0
"14035","Encarnación de Díaz",14211,0,53039,0,0.00647385827879811,0,1.00675533037788,0,1.00168883259447,0,1.00436281753571,0,0.00717753852649356,0,0.0123847723594399,0
"14034","Ejutla",658,0,1981,0,0.0212765957446809,0,0.987841945288754,0,0.990881458966565,0,0.986322188449848,0,0.013677811550152,0,0.0227963525835866,0
"14033","Degollado",5927,0,21226,0,0.0148473089252573,0,0.996288172768686,0,0.988527079466847,0,0.991901467858951,0,0.00759237388223385,0,0.0264889488780159,0
"14010","Atemajac de Brizuela",1815,0,7758,0,0.028099173553719,0,0.988980716253444,0,0.987878787878788,0,0.958677685950413,0,0.0413223140495868,0,0.0435261707988981,0
"14013","Atotonilco el Alto",17188,0,64009,0,0.00750523621131022,0,1.00919245985571,0,1.00517803118455,0,0.997556434721899,0,0.0127414475215266,0,0.0301954852222481,0
"14089","Techaluta de Montenegro",1096,0,4072,0,0.0182481751824818,0,0.994525547445255,0,0.978102189781022,0,0.968065693430657,0,0.0282846715328467,0,0.0328467153284672,0
"14026","Concepción de Buenos Aires",1840,0,6334,0,0.00815217391304348,0,0.996195652173913,0,0.997282608695652,0,0.965217391304348,0,0.0342391304347826,0,0.0217391304347826,0
"14083","Tala",24835,0,87690,0,0.00684517817596134,0,0.998872558888665,0,0.996013690356352,0,0.993235353331991,0,0.00966378095429837,0,0.0296758606804912,0
"14082","Sayula",9365,0,37186,0,0.0104644954618259,0,1.00298985584624,0,1.00277629471436,0,0.972450613988254,0,0.0341697810998398,0,0.0313934863854778,0
"14081","Santa María de los Ángeles",1078,0,3515,0,0.023191094619666,0,0.989795918367347,0,0.99165120593692,0,0.985157699443414,0,0.0139146567717996,0,0.0157699443413729,0
"14009","El Arenal",5621,0,21115,0,0.00640455434975983,0,1.00551503291229,0,1.00338018146237,0,1.0026685643124,0,0.00640455434975983,0,0.0181462373243195,0
"14008","Arandas",22554,0,80609,0,0.00634033874257338,0,1.0047885075818,0,0.998403830806065,0,1.00106411279596,0,0.00704974727321096,0,0.0153852975082025,0
"14007","San Juanito de Escobedo",2662,0,9433,0,0.00976709241172051,0,0.995867768595041,0,0.99511645379414,0,0.984598046581518,0,0.0150262960180316,0,0.0296769346356123,0
"14006","Ameca",17326,0,60386,0,0.00779175805148332,0,0.99786448112663,0,0.995036361537574,0,0.990245873254069,0,0.0105621609142329,0,0.0236638577859864,0
"14004","Amacueca",1587,0,5743,0,0.0144927536231884,0,0.995589161940769,0,0.997479521109011,0,0.96471329552615,0,0.03528670447385,0,0.0264650283553875,0
"14001","Acatic",6393,0,23175,0,0.00625684342249335,0,0.998279368058814,0,0.967307993117472,0,0.989050524010637,0,0.012200844673862,0,0.0242452682621617,0
"15021","Coatepec Harinas",9180,0,38643,0,0.0445533769063181,0,0.999891067538126,0,0.981481481481482,0,0.963071895424837,0,0.0468409586056645,0,0.0412854030501089,0
"15011","Atenco",17641,0,75489,0,0.009920072558245,0,1.05521228955275,0,0.959979592993594,0,1.00748256901536,0,0.0517544356895868,0,0.0935321126920243,0
"15004","Almoloya de Alquisiras",4146,0,15333,0,0.0451037144235408,0,0.996140858658948,0,0.967438494934877,0,0.979257115291848,0,0.02990834539315,0,0.0388326097443319,0
"15002","Acolman",41825,0,171507,0,0.00834429169157203,0,1.08033472803347,0,0.977836222355051,0,1.05903167961745,0,0.0233592349073521,0,0.0588164973102212,0
"15034","Ecatzingo",2711,0,10827,0,0.0438952416082626,0,0.99040944300996,0,0.974179269642198,0,0.928070822574696,0,0.0708225746956842,0,0.112504610844707,0
"15030","Chiconcuac",5499,0,27692,0,0.00727404982724132,0,1.10711038370613,0,1.07164939079833,0,1.09056192034915,0,0.0181851245681033,0,0.099290780141844,0
"15068","Ozumba",6938,0,30785,0,0.0226289997117325,0,1.03805131161718,0,0.947535312770251,0,0.958633611991929,0,0.0848947823580282,0,0.085471317382531,0
"15082","Tejupilco",19816,0,79282,0,0.0362333467904723,0,0.992278966491724,0,0.905732741219217,0,0.947466693580945,0,0.0526846992329431,0,0.0584376261606782,0
"15028","Chiautla",7576,0,30045,0,0.014519535374868,0,1.02045934530095,0,0.987328405491024,0,1.00356388595565,0,0.0190073917634636,0,0.0646779303062302,0
"15019","Capulhuac",8268,0,36921,0,0.011611030478955,0,1.00423318819545,0,0.996613449443638,0,0.979317851959361,0,0.0272133526850508,0,0.050314465408805,0
"15118","Zinacantepec",48126,0,203872,0,0.0145867098865478,0,1.00772970951253,0,0.990337863109338,0,0.986930141711341,0,0.0249137680255995,0,0.0295058803972904,0
"15094","Tepetlixpa",5092,0,20500,0,0.02356637863315,0,0.997054202670856,0,0.936370777690495,0,0.91516103692066,0,0.0866064414768264,0,0.0848389630793401,0
"15074","San Felipe del Progreso",32343,0,144924,0,0.0513557802306527,0,0.990755341186656,0,0.81028352348267,0,0.97186408187243,0,0.0413381566335838,0,0.0529944655721485,0
"15036","Hueypoxtla",11125,0,46757,0,0.0177078651685393,0,1.03640449438202,0,1.01159550561798,0,1.01860674157303,0,0.0198651685393258,0,0.0555505617977528,0
"15041","Ixtapan del Oro",1593,0,6475,0,0.155681104833647,0,1.0269930947897,0,1.02636534839925,0,0.997489014438167,0,0.0564971751412429,0,0.0728185812931576,0
"15085","Temascalcingo",17007,0,66414,0,0.0391603457399894,0,1.00593873111072,0,0.988357735050273,0,0.98818133709649,0,0.0275768801081907,0,0.0440406891280061,0
"15096","Tequixquiac",10480,0,39489,0,0.0193702290076336,0,1.0111641221374,0,0.980152671755725,0,1.00400763358779,0,0.011736641221374,0,0.0392175572519084,0
"15104","Tlalnepantla de Baz",187020,0,672202,0,0.00481766655972623,0,1.06453320500481,0,1.06323922575126,0,1.05725056143728,0,0.00745374826221794,0,0.0545449684525719,0
"15076","San Mateo Atenco",21696,0,97418,0,0.0100940265486726,0,1.05392699115044,0,1.02968289085546,0,1.04291113569322,0,0.0133665191740413,0,0.0425424041297935,0
"15010","Apaxco",7974,0,31898,0,0.0145472786556308,0,1.01730624529722,0,0.999372962126913,0,1.00802608477552,0,0.0121645347378982,0,0.0382493102583396,0
"15023","Coyotepec",9425,0,40885,0,0.0123076923076923,0,1.04127320954907,0,1.02355437665783,0,1.00774535809019,0,0.0360742705570292,0,0.0531564986737401,0
"15025","Chalco",98525,0,400057,0,0.00994671403197158,0,1.05396599847754,0,0.977782288759198,0,1.00893174321238,0,0.0472773407764527,0,0.0729459528038569,0
"15103","Tlalmanalco",11468,0,49196,0,0.00941750959190792,0,1.11414370422044,0,1.11083013603069,0,1.08571677711894,0,0.0309557028252529,0,0.0619986048133938,0
"15100","Tezoyuca",11953,0,47044,0,0.00736216849326529,0,1.01372040491927,0,0.712708106751443,0,0.971471597088597,0,0.0434200619091441,0,0.0737890069438635,0
"15040","Ixtapan de la Sal",9736,0,36911,0,0.0229046836483155,0,1.00143796220214,0,0.939502875924404,0,0.974527526705012,0,0.0325595727198028,0,0.072822514379622,0
"15107","Tonatico",3551,0,12912,0,0.0154885947620389,0,1.00028161081386,0,0.962545761757251,0,0.989580399887356,0,0.0123908758096311,0,0.0309771895240777,0
"15052","Malinalco",7401,0,28155,0,0.0640453992703689,0,0.99067693554925,0,0.952573976489664,0,0.958248885285772,0,0.0410755303337387,0,0.0762059181191731,0
"15109","Tultitlán",131538,0,516341,0,0.0054432939530782,0,1.10564247593851,0,1.1024646870106,0,1.09485471878849,0,0.0103848317596436,0,0.0328878346941568,0
"15012","Atizapán",2794,0,12984,0,0.0168217609162491,0,1.0125268432355,0,1.01574803149606,0,0.955261274158912,0,0.0637079455977094,0,0.100572655690766,0
"15014","Atlacomulco",27842,0,109384,0,0.0283384814309317,0,0.988362904963724,0,0.959413835212988,0,0.976330723367574,0,0.0220889303929315,0,0.0539113569427484,0
"15003","Aculco",12731,0,49266,0,0.0332259838190244,0,1.00149242007698,0,0.953656429188595,0,1.00322048542927,0,0.0238001728065352,0,0.057340350325976,0
"15015","Atlautla",7099,0,31900,0,0.0442315819129455,0,1.04282293280744,0,0.97295393717425,0,0.958444851387519,0,0.0946612198901254,0,0.0901535427525004,0
"15016","Axapusco",7600,0,29128,0,0.0169736842105263,0,1.01276315789474,0,0.993552631578947,0,0.999473684210526,0,0.0178947368421053,0,0.0551315789473684,0
"15005","Almoloya de Juárez",40020,0,174587,0,0.0280609695152424,0,1.04067966016992,0,0.975587206396802,0,1.01871564217891,0,0.0341579210394803,0,0.05039980009995,0
"15024","Cuautitlán",49438,0,178847,0,0.00345887778631822,0,1.05147861968526,0,1.04751405801206,0,1.04545086775355,0,0.00572434159957927,0,0.016586431489947,0
"15008","Amatepec",6930,0,25244,0,0.0516594516594517,0,0.983405483405483,0,0.917604617604618,0,0.93001443001443,0,0.0698412698412698,0,0.0455988455988456,0
"15007","Amanalco",5721,0,23675,0,0.0751616850201014,0,1.03565810173047,0,1.00664219542038,0,1.0054186331061,0,0.055409893375284,0,0.0751616850201014,0
"15120","Zumpango",71745,0,280455,0,0.00808418705136246,0,1.08346226217855,0,1.06888284897902,0,1.0755732106767,0,0.00988222175761377,0,0.0371036309150463,0
"15042","Ixtlahuaca",37764,0,160139,0,0.0269568901599407,0,1.00275394555661,0,0.950932104649931,0,0.972407583942379,0,0.039693888359284,0,0.0428979980934223,0
"15084","Temascalapa",11529,0,43593,0,0.0182149362477231,0,0.996703963917079,0,0.941972417382253,0,0.966605950212508,0,0.0354757567872322,0,0.0609766675340446,0
"15047","Jiquipilco",18516,0,76826,0,0.0476884856340462,0,1.01312378483474,0,1.00097213220998,0,0.978289047310434,0,0.0480665370490387,0,0.0448801036941024,0
"15022","Cocotitlán",3867,0,15107,0,0.00905094388414792,0,0.996896819239721,0,0.925265063356607,0,0.961468838893199,0,0.0408585466770106,0,0.0703387638996638,0
"15020","Coacalco de Berriozábal",83642,0,293444,0,0.00373018340068387,0,1.07069414887258,0,1.06960617871404,0,1.06668898400325,0,0.00353889194423854,0,0.00884722986059635,0
"15062","Ocoyoacac",17044,0,72103,0,0.0100915278103732,0,1.01061957287022,0,0.993018070875381,0,0.997183759680826,0,0.016721426895095,0,0.0413635296878667,0
"15050","Juchitepec",6478,0,27116,0,0.020685396727385,0,1.0557270762581,0,1.03689410311825,0,0.99212719975301,0,0.0691571472676752,0,0.113152207471442,0
"15061","Nopaltepec",2846,0,10351,0,0.0179198875614898,0,1.0049191848208,0,0.995432185523542,0,0.998243148278285,0,0.00948699929725931,0,0.0354884047786367,0
"15101","Tianguistenco",19398,0,84259,0,0.0231982678626663,0,1.02830188679245,0,1.01072275492319,0,0.990978451386741,0,0.0425301577482215,0,0.0588204969584493,0
"15057","Naucalpan de Juárez",224832,0,834434,0,0.00588439368061486,0,1.06543997295759,0,1.06128131226872,0,1.05764304013664,0,0.00840182892115001,0,0.0630871050384287,0
"15105","Tlatlaya",8559,0,31762,0,0.0556139735950461,0,0.988082719943919,0,0.918097908634186,0,0.925809089846945,0,0.0731393854422246,0,0.0529267437784788,0
"15106","Toluca",230555,0,910608,0,0.0108564117021969,0,1.03455140855761,0,1.01821691136605,0,1.02271475352953,0,0.0149682288391056,0,0.0281017544620589,0
"15116","Zacazonapan",1380,0,5109,0,0.0449275362318841,0,0.989130434782609,0,0.980434782608696,0,0.98768115942029,0,0.00869565217391304,0,0.0253623188405797,0
"15097","Texcaltitlán",4349,0,18482,0,0.0671418716946424,0,1.03058174292941,0,0.979995401241665,0,1.01149689583812,0,0.0363301908484709,0,0.0515060933547942,0
"15079","Soyaniquilpan de Juárez",3898,0,14323,0,0.0182144689584402,0,0.995638789122627,0,0.955874807593638,0,1.00538737814264,0,0.0082093381221139,0,0.0364289379168804,0
"15119","Zumpahuacán",4549,0,18833,0,0.087931413497472,0,0.988568916245329,0,0.936029896680589,0,0.912947900637503,0,0.0883710705649593,0,0.0859529566937789,0
"15081","Tecámac",143015,0,547503,0,0.0053980351711359,0,1.14708946613992,0,1.1371184840751,0,1.13714645316925,0,0.0102296961857148,0,0.0245848337586966,0
"15035","Huehuetoca",42447,0,163244,0,0.0069027257521144,0,1.09557801493627,0,1.08323320847174,0,1.08686126228002,0,0.00923504605743633,0,0.0514052818809339,0
"15064","El Oro",8906,0,36937,0,0.0312149112957557,0,1.02189535144846,0,0.965641140803952,0,1.00325623175387,0,0.0306534920278464,0,0.0498540309903436,0
"15083","Temamatla",3598,0,14130,0,0.0236242356864925,0,1.01917732073374,0,0.95414118954975,0,1.00166759310728,0,0.0322401334074486,0,0.110894941634241,0
"15102","Timilpan",4471,0,16414,0,0.0223663609930664,0,0.992395437262357,0,0.970029076269291,0,0.990158801163051,0,0.0123014985461865,0,0.0261686423618877,0
"15087","Temoaya",22644,0,105766,0,0.0344903727256668,0,1.05255255255255,0,1.05087440381558,0,1.00622681505034,0,0.0554230701289525,0,0.0465465465465465,0
"15066","Otzoloapan",1270,0,4891,0,0.0645669291338583,0,0.994488188976378,0,0.990551181102362,0,0.982677165354331,0,0.0133858267716535,0,0.0307086614173228,0
"15108","Tultepec",40717,0,157645,0,0.00685217476729622,0,1.04631971903627,0,1.04582852371245,0,1.03376967851266,0,0.0135324311712552,0,0.0444040572733748,0
"15089","Tenango del Aire",2774,0,11359,0,0.0140591204037491,0,1.02775775054074,0,1.01946647440519,0,1.01153568853641,0,0.0216294160057678,0,0.0829127613554434,0
"15051","Lerma",41698,0,170327,0,0.0110556861240347,0,1.0115832893664,0,1.00561177994148,0,0.998704973859658,0,0.0159719890642237,0,0.036260731929589,0
"15046","Jilotzingo",4703,0,19877,0,0.017010418881565,0,1.06336381033383,0,1.06251328938975,0,1.04614076121624,0,0.0242398469062301,0,0.0544333404210079,0
"15037","Huixquilucan",69955,0,284965,0,0.00664713029804875,0,1.16966621399471,0,1.14653705953827,0,1.15772996926596,0,0.0128940032878279,0,0.0634693731684654,0
"15038","Isidro Fabela",2886,0,11929,0,0.0214830214830215,0,1.03742203742204,0,1.03257103257103,0,1.00831600831601,0,0.033957033957034,0,0.0637560637560638,0
"15039","Ixtapaluca",134134,0,542211,0,0.00650096172484232,0,1.09137131525191,0,1.07093652616041,0,1.05943310420922,0,0.0335932723992425,0,0.0648605126217067,0
"15017","Ayapango",2449,0,10053,0,0.0151082074316047,0,1.05430788076766,0,1.03429971416905,0,1.02939975500204,0,0.0285830951408738,0,0.0947325438954675,0
"15069","Papalotla",1223,0,4862,0,0.00327064595257563,0,0.993458708094849,0,0.994276369582993,0,0.987735077677841,0,0.00654129190515127,0,0.0564186426819297,0
"15065","Otumba",9270,0,36331,0,0.0159654800431499,0,0.993203883495146,0,0.977238403451996,0,0.982092772384034,0,0.0169363538295577,0,0.0644012944983819,0
"15048","Jocotitlán",17742,0,69264,0,0.0257580881524067,0,0.984049148912186,0,0.96995829106076,0,0.97835644234021,0,0.0200653815804306,0,0.0423853004170894,0
"15121","Cuautitlán Izcalli",147564,0,555163,0,0.00380174026185248,0,1.08744680274322,0,1.07052533138164,0,1.07908432951126,0,0.00845057059987531,0,0.0229120923802553,0
"15080","Sultepec",6181,0,24145,0,0.0831580650380197,0,0.980909237987381,0,0.948228441999676,0,0.92962303834331,0,0.0694062449441838,0,0.028312570781427,0
"15071","Polotitlán",4016,0,14985,0,0.0194223107569721,0,0.990288844621514,0,0.98605577689243,0,0.981822709163347,0,0.0161852589641434,0,0.0353585657370518,0
"15075","San Martín de las Pirámides",7257,0,29182,0,0.015157778696431,0,1.05567038721235,0,1.03885903265812,0,1.02549262780763,0,0.0329337191677002,0,0.0519498415323136,0
"15072","Rayón",3765,0,15972,0,0.0100929614873838,0,0.997078353253652,0,0.993625498007968,0,0.981142098273572,0,0.0196547144754316,0,0.0419654714475432,0
"15056","Morelos",8073,0,33164,0,0.0630496717453239,0,0.974730583426236,0,0.928651059085842,0,0.951566951566952,0,0.0575994054254924,0,0.043106651802304,0
"15067","Otzolotepec",19877,0,88783,0,0.0229410876892891,0,1.02545655783066,0,1.02399758514866,0,0.993208230618303,0,0.0363233888413745,0,0.0485988831312572,0
"15088","Tenancingo",25317,0,104677,0,0.02903187581467,0,1.00134297112612,0,0.967492198917723,0,0.981079906782004,0,0.0258719437532093,0,0.0584192439862543,0
"15070","La Paz",69711,0,304088,0,0.0085639282179283,0,1.11686821305103,0,1.03296466841675,0,1.06930039735479,0,0.0502503191748791,0,0.11881912467186,0
"15078","Santo Tomás",2630,0,9729,0,0.0555133079847909,0,0.995057034220532,0,0.958174904942966,0,0.979847908745247,0,0.0193916349809886,0,0.0467680608365019,0
"15111","Villa de Allende",12116,0,53275,0,0.0683393859359525,0,1.00709805216243,0,0.942390227797953,0,0.972763288213932,0,0.0589303400462199,0,0.0443215582700561,0
"15112","Villa del Carbón",12866,0,51498,0,0.0491217161510959,0,0.972563345251049,0,0.961681952432769,0,0.955386289445049,0,0.0455464013679465,0,0.0666096688947614,0
"15091","Teoloyucan",15868,0,65459,0,0.0142425006301991,0,1.0106503655155,0,1.00233173682884,0,0.992122510713385,0,0.0200403327451475,0,0.0565918830350391,0
"15113","Villa Guerrero",16957,0,69086,0,0.0442295217314383,0,1.02252756973521,0,0.995105266261721,0,0.977000648699652,0,0.0539600165123548,0,0.058088105207289,0
"15006","Almoloya del Río",2918,0,12694,0,0.0137080191912269,0,0.996230294722413,0,0.998286497601097,0,0.955106237148732,0,0.0445510623714873,0,0.0589444825222755,0
"15123","Luvianos",7295,0,28822,0,0.0603152844413982,0,0.98245373543523,0,0.84893762851268,0,0.930089102124743,0,0.0700479780671693,0,0.0416723783413297,0
"15099","Texcoco",68570,0,277562,0,0.00704389674784891,0,1.04614262797142,0,0.961980457926207,0,1.02107335569491,0,0.0271838996645763,0,0.0669097272859851,0
"15060","Nicolás Romero",110818,0,430601,0,0.00732732949520836,0,1.03152917396091,0,0.990263314623978,0,1.01296720749337,0,0.0199245609918966,0,0.0549910664332509,0
"15122","Valle de Chalco Solidaridad",96717,0,391731,0,0.010535893379654,0,1.07474384027627,0,1.05747696888861,0,1.03783202539367,0,0.0374391265237756,0,0.132189790833049,0
"15044","Jaltenco",7132,0,28217,0,0.00644980370162647,0,1.06660123387549,0,1.0654795288839,0,1.04683118339877,0,0.0201906898485698,0,0.0218732473359506,0
"15110","Valle de Bravo",15174,0,61590,0,0.0386186898642415,0,1.05344668511928,0,1.04046395149598,0,1.02346118360353,0,0.0380914722551733,0,0.0749967048899433,0
"15045","Jilotepec",21384,0,87671,0,0.0268424990647213,0,1.04793303404415,0,0.977600074822297,0,1.05377852600075,0,0.0181444070332959,0,0.0588757949869061,0
"15098","Texcalyacac",1442,0,5736,0,0.0104022191400832,0,0.998613037447989,0,1.00208044382802,0,0.984049930651872,0,0.0187239944521498,0,0.0457697642163662,0
"15115","Xonacatlán",13054,0,54633,0,0.0120269649149686,0,0.998697717174812,0,0.992952351769573,0,0.982380879423931,0,0.0199172667381645,0,0.0419794698942853,0
"15117","Zacualpan",3550,0,13522,0,0.0763380281690141,0,0.974929577464789,0,0.819718309859155,0,0.916056338028169,0,0.083943661971831,0,0.0315492957746479,0
"15124","San José del Rincón",21806,0,100082,0,0.0615426946711914,0,0.982848757222783,0,0.806888012473631,0,0.949555168302302,0,0.0503531138218839,0,0.0531505090342108,0
"15029","Chicoloapan",49481,0,200750,0,0.00626503102200845,0,1.10001818879974,0,1.08368868858754,0,1.08805400052545,0,0.0143489420181484,0,0.0566277965279602,0
"15058","Nezahualcóyotl",281123,0,1077208,0,0.00579817375312586,0,1.05758333540834,0,1.05496882147672,0,1.05155394613746,0,0.0063424195103211,0,0.0645269152648485,0
"15092","Teotihuacán",14892,0,58507,0,0.008058017727639,0,1.05667472468439,0,1.02283105022831,0,1.04055868922912,0,0.0179962395917271,0,0.0530486167069568,0
"15077","San Simón de Guerrero",1715,0,6692,0,0.0466472303206997,0,0.979008746355685,0,0.985422740524781,0,0.954518950437318,0,0.0419825072886297,0,0.0373177842565598,0
"15055","Mexicaltzingo",3261,0,13807,0,0.0193192272309108,0,1.00766636001227,0,0.988347132781355,0,0.993253603189206,0,0.0150260656240417,0,0.0515179392824287,0
"15054","Metepec",62886,0,242307,0,0.0055179213179404,0,1.08017682791082,0,1.07653531787679,0,1.07373660274147,0,0.00698088604776898,0,0.0234074356772573,0
"15049","Joquicingo",3588,0,15428,0,0.0331661092530658,0,0.989130434782609,0,0.970735785953177,0,0.934782608695652,0,0.0610367892976589,0,0.0599219620958751,0
"15026","Chapa de Mota",7849,0,31737,0,0.0351637151229456,0,0.978595999490381,0,0.959230475219773,0,0.970569499299274,0,0.0254809529876417,0,0.0397502866607211,0
"15001","Acambay de Ruíz Castañeda",16912,0,67872,0,0.0434011352885525,0,1.00100520340587,0,0.920884578997162,0,0.988055818353832,0,0.0393803216650899,0,0.0480723746452223,0
"15059","Nextlalpan",15605,0,57082,0,0.00768984299903877,0,1.01217558474848,0,0.994745273950657,0,0.992502403075937,0,0.0212752322973406,0,0.0644024351169497,0
"15086","Temascaltepec",8629,0,35014,0,0.069301193649322,0,0.984007416850156,0,0.965233514891644,0,0.943678294124464,0,0.0550469347548963,0,0.0496001854212539,0
"15053","Melchor Ocampo",14896,0,61220,0,0.00832438238453276,0,1.01919978517723,0,1.01577604726101,0,0.994360902255639,0,0.0269199785177229,0,0.0514903329752954,0
"15090","Tenango del Valle",21051,0,90518,0,0.0240843665384067,0,0.993254477221985,0,0.981568571564296,0,0.945370766234383,0,0.05510427058097,0,0.0441784238278467,0
"15032","Donato Guerra",8384,0,37436,0,0.0982824427480916,0,0.974475190839695,0,0.877743320610687,0,0.894203244274809,0,0.111164122137405,0,0.0660782442748092,0
"15125","Tonanitla",3393,0,14883,0,0.0179781903919835,0,1.1615089890952,0,1.11287945770704,0,1.14647804302977,0,0.0165045682287062,0,0.0471559092248747,0
"15114","Villa Victoria",23668,0,108196,0,0.0621514280885584,0,1.00105627851952,0,0.852923778942031,0,0.9641287814771,0,0.0588558391076559,0,0.048842318742606,0
"15093","Tepetlaoxtoc",8316,0,32564,0,0.00974025974025974,0,1.00300625300625,0,0.973063973063973,0,0.983645983645984,0,0.0222462722462722,0,0.0835738335738336,0
"15063","Ocuilan",8770,0,36223,0,0.0446978335233751,0,0.992702394526796,0,0.95769669327252,0,0.955074116305587,0,0.0459521094640821,0,0.0531356898517674,0
"15073","San Antonio la Isla",8444,0,31962,0,0.00686878256750355,0,1.00580293699668,0,1.00426338228328,0,0.99194694457603,0,0.0164613927048792,0,0.0228564661297963,0
"15033","Ecatepec de Morelos",432424,0,1645352,0,0.00585998926979076,0,1.03458179934509,0,1.02528305551958,0,1.02181655042273,0,0.0125386195030803,0,0.046412780049211,0
"15013","Atizapán de Zaragoza",139556,0,523674,0,0.00471495313709192,0,1.07281664708074,0,1.07262317635931,0,1.06505632147668,0,0.00759551721172863,0,0.0410516208547107,0
"15027","Chapultepec",3269,0,12772,0,0.00795350260018354,0,1.02783725910064,0,1.02263689201591,0,1.01927194860814,0,0.0113184460079535,0,0.0428265524625268,0
"15018","Calimaya",16862,0,68489,0,0.00800616771438738,0,1.01743565413355,0,1.01494484640019,0,1,0,0.0202229865970822,0,0.0249080773336496,0
"15009","Amecameca",12243,0,53441,0,0.017479375969942,0,1.09213428081353,0,1.08388466879033,0,1.02066486972147,0,0.0761251327289063,0,0.071796128399902,0
"15031","Chimalhuacán",166155,0,705193,0,0.0112545514730222,0,1.08286238752972,0,1.0658060244952,0,1.04144323071831,0,0.043230718305197,0,0.12396256507478,0
"15043","Xalatlaco",6860,0,30687,0,0.0199708454810496,0,1.02857142857143,0,1.00145772594752,0,0.985276967930029,0,0.0475218658892128,0,0.0861516034985423,0
"15095","Tepotzotlán",26478,0,103696,0,0.00751567338922879,0,1.01778835259461,0,0.963705717954528,0,0.996525417327593,0,0.0240577082861243,0,0.0567641060503059,0
"16074","Cojumatlán de Régules",2920,0,10553,0,0.0106164383561644,0,1.00479452054795,0,1.00445205479452,0,0.98972602739726,0,0.0178082191780822,0,0.0445205479452055,0
"16090","Tingambato",3828,0,16325,0,0.024294670846395,0,1.00130616509927,0,0.980146290491118,0,0.832027168234065,0,0.174242424242424,0,0.0391849529780564,0
"16002","Aguililla",3759,0,14754,0,0.0407023144453312,0,1.08645916467146,0,1.09364192604416,0,1.04416068103219,0,0.0651769087523277,0,0.0425645118382549,0
"16003","Álvaro Obregón",5789,0,23000,0,0.00950077733632752,0,0.99792710312662,0,0.997063396096044,0,0.979271031266195,0,0.022456382794956,0,0.0335118327863189,0
"16004","Angamacutiro",4154,0,14943,0,0.0173326913818007,0,0.994463168030814,0,0.984593163216177,0,0.985074626865672,0,0.0142031776600867,0,0.0351468464130958,0
"16005","Angangueo",2633,0,10892,0,0.0254462590201291,0,1.00037979491075,0,0.99582225598177,0,0.935055070262058,0,0.071781238131409,0,0.0235472844663882,0
"16006","Apatzingán",32057,0,126191,0,0.017718439030477,0,1.06092273138472,0,1.04594940262657,0,0.953582680849736,0,0.113360576473157,0,0.0985120254546589,0
"16007","Aporo",884,0,3529,0,0.0316742081447964,0,0.996606334841629,0,0.990950226244344,0,0.951357466063348,0,0.0475113122171946,0,0.0226244343891403,0
"16008","Aquila",5684,0,24676,0,0.251231527093596,0,0.909570724841661,0,0.908339197748065,0,0.645320197044335,0,0.36576354679803,0,0.0972906403940887,0
"16009","Ario",8857,0,36268,0,0.0204358134808626,0,1.041436152196,0,1.02066162357457,0,0.945128147228181,0,0.100033871514057,0,0.0385006209777577,0
"16096","Tumbiscatío",1617,0,5971,0,0.056895485466914,0,1.004329004329,0,1.00927643784787,0,0.927025355596784,0,0.109461966604824,0,0.0420531849103278,0
"16097","Turicato",7552,0,29056,0,0.0573358050847458,0,1.0010593220339,0,0.972854872881356,0,0.838453389830508,0,0.181541313559322,0,0.0458156779661017,0
"16106","Yurécuaro",8335,0,32303,0,0.0344331133773245,0,0.994361127774445,0,0.995440911817636,0,0.980203959208158,0,0.0183563287342531,0,0.0770245950809838,0
"16107","Zacapu",20425,0,76829,0,0.0116034271725826,0,1.02707466340269,0,1.01674418604651,0,0.992900856793146,0,0.0385801713586291,0,0.0202203182374541,0
"16108","Zamora",56593,0,204860,0,0.00809287367695651,0,1.02509144240454,0,1.00985987666319,0,1.01316417224745,0,0.0145777746364391,0,0.0239782305232096,0
"16109","Zináparo",928,0,3232,0,0.00646551724137931,0,1.07112068965517,0,1.0614224137931,0,1.07219827586207,0,0.00323275862068966,0,0.0140086206896552,0
"16110","Zinapécuaro",12886,0,49005,0,0.0168399813751358,0,1.01901288219773,0,1.00954524289927,0,0.987971441874903,0,0.035076827564799,0,0.024057116250194,0
"16010","Arteaga",5459,0,20332,0,0.0566037735849057,0,1.02656164132625,0,1.02344751786041,0,0.928008792819198,0,0.121267631434329,0,0.0569701410514746,0
"16011","Briseñas",3063,0,11681,0,0.0124061377734247,0,1.01860920666014,0,1.01110022853412,0,1.00685602350637,0,0.0130590923930787,0,0.0248122755468495,0
"16098","Tuxpan",6916,0,25757,0,0.0318102949681897,0,0.99652978600347,0,0.963851937536148,0,0.954887218045113,0,0.05320994794679,0,0.0523423944476576,0
"16031","Epitacio Huerta",4553,0,16112,0,0.0287722380847793,0,0.997364375137272,0,0.98111135515045,0,0.978915001098177,0,0.0314078629475071,0,0.0188886448495497,0
"16032","Erongarícuaro",3941,0,15715,0,0.0116721644252728,0,0.993910175082466,0,0.974371986805379,0,0.957117482872367,0,0.0426287744227353,0,0.019538188277087,0
"16077","San Lucas",4938,0,17677,0,0.0573106520858647,0,1.05589307411908,0,0.953624949372215,0,0.971243418388011,0,0.096800324017821,0,0.172742000810045,0
"16099","Tuzantla",3886,0,14329,0,0.0658775090066907,0,0.999485331960885,0,0.973494595985589,0,0.917138445702522,0,0.0972722593926917,0,0.0620174987133299,0
"16001","Acuitzio",2824,0,11301,0,0.023371104815864,0,1.02160056657224,0,1.00035410764873,0,0.929532577903683,0,0.105169971671388,0,0.0378895184135977,0
"16043","Jacona",17253,0,68781,0,0.00950559323016287,0,1.03500840433548,0,1.03112502173535,0,1.01924303019765,0,0.0187793427230047,0,0.0280530922158465,0
"16044","Jiménez",3933,0,12946,0,0.0127129417747267,0,0.996186117467582,0,0.988304093567251,0,0.981439105008899,0,0.0205949656750572,0,0.0244088482074752,0
"16045","Jiquilpan",10484,0,36158,0,0.00734452499046166,0,1.00467378863029,0,0.993800076306753,0,0.993132392216711,0,0.014975200305227,0,0.018504387638306,0
"16012","Buenavista",12301,0,45538,0,0.0242256727095358,0,1.02007966831965,0,1.00829200877977,0,0.921957564425656,0,0.103975286562068,0,0.104869522803024,0
"16013","Carácuaro",2463,0,9176,0,0.0763296792529436,0,0.999593991067803,0,0.996751928542428,0,0.888753552578157,0,0.135200974421437,0,0.0580592773041007,0
"16021","Charapan",3582,0,13539,0,0.0873813512004467,0,0.987995533221664,0,0.756839754327192,0,0.829424902289224,0,0.171133445002792,0,0.0750977107761027,0
"16020","Cuitzeo",7291,0,29910,0,0.0168701138389796,0,1.0054862158826,0,1.00054862158826,0,0.963379508983679,0,0.045947058016733,0,0.0289397887806885,0
"16019","Cotija",5890,0,20198,0,0.0183361629881155,0,0.998132427843803,0,0.983531409168081,0,0.976400679117148,0,0.0268251273344652,0,0.033616298811545,0
"16018","Copándaro",2405,0,9484,0,0.0141372141372141,0,0.993347193347193,0,0.967567567567568,0,0.952598752598753,0,0.0474012474012474,0,0.024948024948025,0
"16087","Taretan",3852,0,15589,0,0.0179127725856698,0,1.09501557632399,0,1.07684319833853,0,1.06438213914849,0,0.034527518172378,0,0.0514018691588785,0
"16086","Tanhuato",4188,0,15534,0,0.0169531996179561,0,0.998328557784145,0,0.996895893027698,0,0.986389684813754,0,0.0131327602674308,0,0.0186246418338109,0
"16072","Queréndaro",3587,0,13961,0,0.0259269584611096,0,1.00892110398662,0,1.0091998884862,0,0.96180652355729,0,0.0588235294117647,0,0.0342904934485643,0
"16067","Penjamillo",4760,0,16621,0,0.0172268907563025,0,1.01008403361345,0,1.00756302521008,0,1.00252100840336,0,0.0117647058823529,0,0.0281512605042017,0
"16022","Charo",5507,0,25138,0,0.0145269656800436,0,1.00926094062103,0,0.988196840384965,0,0.967314327219902,0,0.0497548574541493,0,0.0321409115670964,0
"16079","Salvador Escalante",11420,0,49896,0,0.0154991243432574,0,1.01120840630473,0,0.982661996497373,0,0.902014010507881,0,0.114886164623468,0,0.032399299474606,0
"16078","Santa Ana Maya",3439,0,12812,0,0.0130851991858098,0,0.997092177958709,0,0.994765920325676,0,0.951730154114568,0,0.0511776679267229,0,0.0308229136376854,0
"16075","Los Reyes",21024,0,78935,0,0.0328196347031963,0,1.00137937595129,0,0.924514840182648,0,0.932648401826484,0,0.0751046423135464,0,0.0638793759512938,0
"16076","Sahuayo",20436,0,78477,0,0.00685065570561754,0,1.05323938148366,0,1.04550792718732,0,1.04276766490507,0,0.0117439812096301,0,0.0282834214131924,0
"16033","Gabriel Zamora",6111,0,21466,0,0.0217640320733104,0,1.00147275405007,0,0.980199639993454,0,0.948289968908526,0,0.0589101620029455,0,0.10391098019964,0
"16035","La Huacana",8214,0,30627,0,0.0473581689797906,0,1.00827854881909,0,0.973338203067933,0,0.888848307767227,0,0.129291453615778,0,0.107012417823229,0
"16036","Huandacareo",3402,0,11644,0,0.0114638447971781,0,0.997648442092887,0,0.99647266313933,0,0.980011757789536,0,0.020870076425632,0,0.0226337448559671,0
"16037","Huaniqueo",2509,0,7945,0,0.027102431247509,0,0.996412913511359,0,0.987644479872459,0,0.963730569948187,0,0.0370665603826226,0,0.0171383021123954,0
"16038","Huetamo",11945,0,41973,0,0.0521557136877355,0,1.00301381331101,0,0.968940979489326,0,0.934282126412725,0,0.0834658853076601,0,0.120552532440352,0
"16039","Huiramba",2230,0,9015,0,0.0242152466367713,0,0.996860986547085,0,0.991928251121076,0,0.974887892376682,0,0.0273542600896861,0,0.0403587443946188,0
"16040","Indaparapeo",4608,0,18385,0,0.0227864583333333,0,0.998480902777778,0,0.974609375,0,0.924045138888889,0,0.0831163194444444,0,0.044921875,0
"16041","Irimbo",4124,0,16043,0,0.018913676042677,0,0.997090203685742,0,0.956110572259942,0,0.951503394762367,0,0.0555286129970902,0,0.0332201745877789,0
"16042","Ixtlán",3934,0,14302,0,0.0104219623792578,0,0.999745805795628,0,0.999745805795628,0,0.981952211489578,0,0.0218607015760041,0,0.0327910523640061,0
"16049","Madero",4618,0,19086,0,0.0671286271113036,0,0.963404071026418,0,0.961022087483759,0,0.862494586401039,0,0.144218276310091,0,0.0318319618882633,0
"16050","Maravatío",21705,0,89311,0,0.0230822391154112,0,1.03400138217001,0,1.00870767104354,0,1.00893803271136,0,0.0363510711817554,0,0.0416493895415803,0
"16051","Marcos Castellanos",4139,0,13983,0,0.00579850205363614,0,1.00700652331481,0,1.00120802126117,0,1.00169122976564,0,0.0079729403237497,0,0.0152210678907949,0
"16052","Lázaro Cárdenas",53416,0,196003,0,0.0142841096300734,0,1.03367904747641,0,1.02085517447956,0,0.998558484349259,0,0.0390332484648794,0,0.110715890369927,0
"16053","Morelia",233158,0,849053,0,0.00515101347584042,0,1.04218598546908,0,1.0166024755745,0,1.02105010336338,0,0.0231388157386836,0,0.0292162396314945,0
"16014","Coahuayana",4708,0,17022,0,0.0263381478334749,0,0.988317757009346,0,0.982582837723025,0,0.937553101104503,0,0.0590484282073067,0,0.0775276125743415,0
"16015","Coalcomán de Vázquez Pallares",5160,0,19633,0,0.0468992248062016,0,0.983527131782946,0,1.01007751937985,0,0.930813953488372,0,0.085077519379845,0,0.0325581395348837,0
"16016","Coeneo",5896,0,20965,0,0.0259497964721845,0,0.996607869742198,0,0.979477611940298,0,0.941994572591587,0,0.0598710990502035,0,0.0167910447761194,0
"16017","Contepec",9098,0,35070,0,0.0270389096504726,0,0.993954715322049,0,0.976258518355683,0,0.977797318091888,0,0.0258298527148824,0,0.0572653330402286,0
"16083","Tancítaro",8064,0,33453,0,0.0220734126984127,0,0.997519841269841,0,0.98921130952381,0,0.943080357142857,0,0.0632440476190476,0,0.040922619047619,0
"16082","Tacámbaro",19636,0,79540,0,0.0152780607048279,0,1.03142187818293,0,1.02612548380526,0,0.977490323894887,0,0.0594316561417804,0,0.0544917498472194,0
"16081","Susupuato",2401,0,9076,0,0.0895460224906289,0,0.974593919200333,0,0.924198250728863,0,0.90045814244065,0,0.0982923781757601,0,0.0658059142024157,0
"16056","Nahuatzen",7501,0,32598,0,0.0593254232768964,0,0.9890681242501,0,0.856685775229969,0,0.705505932542328,0,0.292094387415011,0,0.0343954139448074,0
"16080","Senguio",4978,0,19833,0,0.0212936922458819,0,0.995580554439534,0,0.980715146645239,0,0.963037364403375,0,0.0433909200482121,0,0.027922860586581,0
"16057","Nocupétaro",2202,0,8196,0,0.075386012715713,0,0.951861943687557,0,0.916439600363306,0,0.879200726612171,0,0.108537693006358,0,0.072661217075386,0
"16034","Hidalgo",30733,0,125712,0,0.0176683044284645,0,1.00588943480949,0,0.967721992646341,0,0.949956073276283,0,0.0632219438388703,0,0.0400872026811571,0
"16058","Nuevo Parangaricutiro",4868,0,20981,0,0.00986031224322103,0,0.995891536565325,0,0.99506984387839,0,0.919268693508628,0,0.0792933442892358,0,0.0347165160230074,0
"16059","Nuevo Urecho",2606,0,9027,0,0.0249424405218726,0,0.990790483499616,0,0.990790483499616,0,0.927858787413661,0,0.0725249424405219,0,0.0878741366078281,0
"16060","Numarán",2348,0,9437,0,0.022572402044293,0,1.0293867120954,0,1.02896081771721,0,1.02001703577513,0,0.012350936967632,0,0.0383304940374787,0
"16062","Pajacuarán",5477,0,21028,0,0.0158846083622421,0,1.01424137301442,0,1.00858134014972,0,0.995435457367172,0,0.0239182033960197,0,0.0472886616761001,0
"16063","Panindícuaro",4085,0,14889,0,0.0247246022031824,0,1.01884944920441,0,1.01444308445532,0,0.99436964504284,0,0.0288861689106487,0,0.0369645042839657,0
"16064","Parácuaro",7183,0,26832,0,0.0271474314353334,0,0.990672420994014,0,0.983433105944591,0,0.912014478630099,0,0.0852011694278157,0,0.120980091883614,0
"16105","Vista Hermosa",5461,0,20982,0,0.0144662149789416,0,0.995605200512727,0,0.981138985533785,0,0.974729902948178,0,0.0232558139534884,0,0.0272843801501556,0
"16065","Paracho",9474,0,39657,0,0.0422208148617268,0,1.00316656111463,0,0.880092885792696,0,0.847899514460629,0,0.161177960734642,0,0.0345155161494617,0
"16089","Tepalcatepec",6645,0,24074,0,0.0227238525206922,0,1.08713318284424,0,1.0653122648608,0,1.03671933784801,0,0.0535741158765989,0,0.090594431903687,0
"16061","Ocampo",5831,0,24774,0,0.0430457897444692,0,0.998628022637627,0,0.931744126221917,0,0.961241639512948,0,0.0478477105127765,0,0.0619104784771051,0
"16055","Múgica",11860,0,45732,0,0.0207419898819562,0,1.00362563237774,0,0.976306913996627,0,0.932967959527825,0,0.0770657672849916,0,0.0906408094435076,0
"16054","Morelos",2273,0,7983,0,0.0197976242850858,0,0.993840739111307,0,0.985481742190937,0,0.966124065112187,0,0.0338759348878135,0,0.0140783106027277,0
"16030","Ecuandureo",3602,0,11850,0,0.0183231538034425,0,1.01277068295391,0,1.00999444752915,0,1.00444197667962,0,0.0108273181565797,0,0.0163797890061077,0
"16029","Churumuco",3147,0,12342,0,0.0680012710517954,0,0.975850015888147,0,0.967905942167143,0,0.802669208770257,0,0.198601843025103,0,0.109628217349857,0
"16028","Churintzio",1680,0,5233,0,0.0130952380952381,0,0.995833333333333,0,0.985119047619048,0,0.996428571428571,0,0.00297619047619048,0,0.0196428571428571,0
"16027","Chucándiro",1461,0,4944,0,0.0123203285420945,0,0.996577686516085,0,0.888432580424367,0,0.971252566735113,0,0.0294318959616701,0,0.0253251197809719,0
"16026","Chinicuila",1319,0,4773,0,0.0818802122820318,0,0.957543593631539,0,0.984078847611827,0,0.858984078847612,0,0.137983320697498,0,0.0530705079605762,0
"16025","Chilchota",9394,0,40560,0,0.0443900361933149,0,1.00319352778369,0,0.983500106450926,0,0.879604002554822,0,0.132637853949329,0,0.0701511603150947,0
"16024","Cherán",4814,0,20586,0,0.0432073120066473,0,0.989198171998338,0,0.928334025758205,0,0.796634815122559,0,0.202534275031159,0,0.0398836726215206,0
"16023","Chavinda",3022,0,10417,0,0.0152217074784911,0,0.999669093315685,0,0.985771012574454,0,0.978821972203838,0,0.0241561879549967,0,0.0231634679020516,0
"16066","Pátzcuaro",23371,0,98382,0,0.0154037054469214,0,1.03350305934705,0,1.00684609130974,0,0.948098070258012,0,0.092593384964272,0,0.0390655085362201,0
"16068","Peribán",6981,0,29389,0,0.016616530583011,0,1.06832831972497,0,1.06016330038676,0,1.0316573556797,0,0.041971064317433,0,0.0552929379745022,0
"16069","La Piedad",29283,0,106490,0,0.00754704094525834,0,1.00495167844825,0,0.999009664310351,0,1.0016391763139,0,0.0056005190724994,0,0.0186114810640986,0
"16070","Purépero",4456,0,15503,0,0.00875224416517056,0,0.997082585278277,0,0.992594254937163,0,0.975538599640934,0,0.0244614003590664,0,0.0255834829443447,0
"16071","Puruándiro",18411,0,69260,0,0.0130900005431535,0,1.00054315354951,0,0.987018630166748,0,0.987833360491011,0,0.0151539840312856,0,0.0221063494649938,0
"16073","Quiroga",6758,0,27176,0,0.0152411956200059,0,1.01746078721515,0,0.996300680674756,0,0.934448061556674,0,0.08863569103285,0,0.0365492749334122,0
"16091","Tingüindín",4174,0,14934,0,0.0126976521322472,0,0.999760421657882,0,0.988260661236224,0,0.951365596550072,0,0.052707235265932,0,0.0306660277910877,0
"16113","José Sixto Verduzco",7136,0,26213,0,0.0149943946188341,0,0.992292600896861,0,0.983744394618834,0,0.98752802690583,0,0.00840807174887892,0,0.0264854260089686,0
"16112","Zitácuaro",39646,0,157056,0,0.0303939867830298,0,1.01647076628159,0,0.98461383241689,0,0.930308227816173,0,0.0938303990314281,0,0.0554406497502901,0
"16085","Tangancícuaro",9418,0,35256,0,0.0180505415162455,0,1.01263537906137,0,0.977702272244638,0,0.956678700361011,0,0.0615842004671905,0,0.0347207475047781,0
"16088","Tarímbaro",29627,0,114513,0,0.00745941202281702,0,1.11550275086914,0,1.11253248725824,0,1.10196779964222,0,0.0155938839572012,0,0.0430350693624059,0
"16092","Tiquicheo de Nicolás Romero",3312,0,12836,0,0.0670289855072464,0,1.01660628019324,0,0.91213768115942,0,0.929649758454106,0,0.111413043478261,0,0.0670289855072464,0
"16093","Tlalpujahua",7261,0,28556,0,0.0320892439057981,0,0.992563007850158,0,0.911582426662994,0,0.949869164026994,0,0.0517835008951935,0,0.0326401322131938,0
"16111","Ziracuaretiro",4102,0,18402,0,0.0238907849829352,0,1.04607508532423,0,1.034373476353,0,0.987567040468064,0,0.0641150658215505,0,0.0697220867869332,0
"16101","Tzitzio",2141,0,8855,0,0.0798692199906586,0,0.957029425502102,0,0.951424567958898,0,0.876226062587576,0,0.149462867818776,0,0.0392340028024288,0
"16100","Tzintzuntzan",3705,0,14911,0,0.0253711201079622,0,0.997840755735493,0,0.955195681511471,0,0.936842105263158,0,0.067476383265857,0,0.0358974358974359,0
"16095","Tocumbo",3609,0,12325,0,0.0252147409254641,0,0.989193682460515,0,0.985314491548905,0,0.980049875311721,0,0.0254918259905791,0,0.0476586311997783,0
"16084","Tangamandapio",7156,0,31716,0,0.0275293460033538,0,1.01746785913918,0,0.991056456120738,0,0.846562325321409,0,0.177054220234768,0,0.0374510899944103,0
"16102","Uruapan",88474,0,356786,0,0.0113592693898773,0,1.05645726428103,0,1.04078034224744,0,1.00547053371612,0,0.0541741076474444,0,0.0404186540678617,0
"16103","Venustiano Carranza",6383,0,23469,0,0.00830330565564781,0,1.02052326492245,0,1.0166066113113,0,1.00328998903337,0,0.0202099326335579,0,0.0412031959893467,0
"16104","Villamar",4515,0,15864,0,0.0112956810631229,0,1.02148394241418,0,1.01528239202658,0,1.00708748615725,0,0.0166112956810631,0,0.0232558139534884,0
"16094","Tlazazalca",2046,0,6420,0,0.0210166177908113,0,0.996089931573803,0,0.995601173020528,0,0.98533724340176,0,0.0146627565982405,0,0.0141739980449658,0
"16047","Jungapeo",5033,0,19834,0,0.0303993641963044,0,0.995231472282933,0,0.975958672759785,0,0.946155374528114,0,0.0542420027816412,0,0.0480826544804292,0
"16046","Juárez",4072,0,14936,0,0.0341355599214145,0,0.996070726915521,0,0.959233791748527,0,0.959724950884086,0,0.0410117878192534,0,0.050343811394892,0
"16048","Lagunillas",1493,0,5745,0,0.0214333556597455,0,1.00066979236437,0,0.997990622906899,0,0.973878097789685,0,0.0314802411252512,0,0.028801071667783,0
"17002","Atlatlahucan",6574,0,25232,0,0.0158198965622148,0,1.05521752357773,0,0.895041070885306,0,0.988895649528445,0,0.077578338910861,0,0.102829327654396,0
"17006","Cuautla",51114,0,187118,0,0.0103298509214697,0,1.01780334155026,0,0.994482920530579,0,0.983898736158391,0,0.03703486324686,0,0.0695699808271706,0
"17028","Xochitepec",18678,0,73539,0,0.0192204732840775,0,1.04481207838098,0,1.01938109005247,0,0.99057714958775,0,0.0591069707677482,0,0.0837884141771068,0
"17022","Tetela del Volcán",3796,0,14853,0,0.0242360379346681,0,0.984457323498419,0,0.979452054794521,0,0.913856691253952,0,0.0779768177028451,0,0.0795574288724974,0
"17009","Huitzilac",6412,0,24515,0,0.0159076731129133,0,1.02994385527137,0,0.841235184029944,0,1.00655021834061,0,0.0338427947598253,0,0.085308796007486,0
"17016","Ocuituco",4971,0,19219,0,0.0179038422852545,0,0.991953329309998,0,0.969623818145242,0,0.940253470126735,0,0.0597465298732649,0,0.0848923757795212,0
"17008","Emiliano Zapata",27499,0,107053,0,0.0106912978653769,0,1.12596821702607,0,1.11614967817012,0,1.10022182624823,0,0.0289828721044402,0,0.0820393468853413,0
"17003","Axochiapan",9946,0,39174,0,0.0241303036396541,0,0.990146792680475,0,0.926302030967223,0,0.910516790669616,0,0.0865674643072592,0,0.0877739794892419,0
"17036","Hueyapan",1964,0,7855,0,0.0264765784114053,0,0.989307535641548,0,0.979633401221996,0,0.830448065173116,0,0.167006109979633,0,0.0585539714867617,0
"17035","Xoxocotla",6231,0,27805,0,0.0497512437810945,0,1.0032097576633,0,0.892954581929064,0,0.733911089712727,0,0.278125501524635,0,0.148611779810624,0
"17025","Tlaquiltenango",9905,0,33789,0,0.0241292276627966,0,1.01150933871782,0,0.988389702170621,0,0.959818273599192,0,0.0576476527006562,0,0.0752145381120646,0
"17001","Amacuzac",4794,0,17598,0,0.0365039632874426,0,1.03045473508552,0,1.01001251564456,0,0.988318731748018,0,0.048811013767209,0,0.0947017104714226,0
"17020","Tepoztlán",15013,0,54987,0,0.0149870112569107,0,1.02664357556784,0,0.857257043895291,0,0.982615066941984,0,0.0512888829680943,0,0.083061346832745,0
"17034","Coatetelco",2799,0,11347,0,0.0493033226152197,0,0.989996427295463,0,0.942122186495177,0,0.832797427652733,0,0.1664880314398,0,0.130403715612719,0
"17027","Totolapan",3558,0,12750,0,0.0191118605958404,0,0.992411467116358,0,0.669477234401349,0,0.944631815626757,0,0.0590219224283305,0,0.114109050028106,0
"17030","Yecapixtla",14449,0,56083,0,0.0179251159249775,0,1.00186864142847,0,0.925531178628279,0,0.953699217938958,0,0.0549518997854523,0,0.0978614436985259,0
"17026","Tlayacapan",5031,0,19408,0,0.0149075730471079,0,0.995229576624926,0,0.885112303716955,0,0.947127807592924,0,0.0566487775790101,0,0.094017094017094,0
"17031","Zacatepec",10283,0,36094,0,0.010989010989011,0,1.02149178255373,0,1.01740737138967,0,0.99416512690849,0,0.0302440921909948,0,0.0595157055334046,0
"17021","Tetecala",2299,0,7617,0,0.0382775119617225,0,1.03349282296651,0,1.01391909525881,0,1.01000434971727,0,0.0274032187907786,0,0.0774249673771205,0
"17019","Tepalcingo",7775,0,28122,0,0.0227652733118971,0,0.9891961414791,0,0.94096463022508,0,0.937877813504823,0,0.0603215434083601,0,0.090032154340836,0
"17023","Tlalnepantla",2000,0,7943,0,0.0185,0,1.021,0,0.6805,0,0.9895,0,0.0345,0,0.0815,0
"17017","Puente de Ixtla",10815,0,40018,0,0.026537216828479,0,1.03402681460934,0,1.0130374479889,0,0.997226074895978,0,0.0432732316227462,0,0.0855293573740176,0
"17015","Miacatlán",4534,0,15802,0,0.0269078076753419,0,1.00198500220556,0,0.98831054256727,0,0.975959417732686,0,0.0319805910895457,0,0.070577856197618,0
"17013","Jonacatepec de Leandro Valle",4470,0,16694,0,0.0225950782997763,0,0.997315436241611,0,0.973825503355705,0,0.970917225950783,0,0.0302013422818792,0,0.0850111856823266,0
"17011","Jiutepec",56875,0,215357,0,0.00778901098901099,0,1.07766153846154,0,1.06537142857143,0,1.06136263736264,0,0.0181274725274725,0,0.0619956043956044,0
"17010","Jantetelco",5107,0,18402,0,0.0158605835128255,0,0.987076561582142,0,0.896612492657137,0,0.957900920305463,0,0.0397493636185628,0,0.0881143528490307,0
"17018","Temixco",33541,0,122263,0,0.0148176858173579,0,1.02760800214663,0,1.00641006529322,0,0.999254643570555,0,0.032616797352494,0,0.0740884290867893,0
"17029","Yautepec",30148,0,105780,0,0.0143293087435319,0,1.0041462120207,0,0.934921056123126,0,0.968090752288709,0,0.0400026535756932,0,0.0930409977444607,0
"17012","Jojutla",16823,0,57682,0,0.0150983772216608,0,1.00077275159009,0,0.98317779230815,0,0.965582833026214,0,0.0401236402544136,0,0.080009510788801,0
"17024","Tlaltizapán de Zapata",14939,0,52399,0,0.0196130932458665,0,1.00307918870072,0,0.983733850994042,0,0.948791753129393,0,0.0633241850190776,0,0.0793895173706406,0
"17007","Cuernavaca",106134,0,378476,0,0.00565323082141444,0,1.07629977198636,0,1.06658563702489,0,1.06487082367573,0,0.0125972826803852,0,0.0609135621007406,0
"17005","Coatlán del Río",2980,0,10520,0,0.0557046979865772,0,0.995973154362416,0,0.995637583892617,0,0.965436241610738,0,0.0379194630872483,0,0.0912751677852349,0
"17004","Ayala",24852,0,89834,0,0.0173426685981008,0,0.996499275712216,0,0.94507484307098,0,0.941775309834219,0,0.0631337518107195,0,0.0895300177048125,0
"17014","Mazatepec",2881,0,9653,0,0.0232558139534884,0,0.995140576188823,0,0.992363762582437,0,0.9791738979521,0,0.021867407150295,0,0.0603956959389101,0
"17032","Zacualpan de Amilpas",2827,0,9965,0,0.0198089847895295,0,0.994694021931376,0,0.968871595330739,0,0.981959674566678,0,0.0183940573045631,0,0.0488149982313406,0
"17033","Temoac",4159,0,16574,0,0.0312575138254388,0,1.00120221207021,0,0.934359220966579,0,0.951671074777591,0,0.0521760038470786,0,0.0851166145708103,0
"18001","Acaponeta",10668,0,37232,0,0.0375890513685789,0,0.999250093738283,0,0.980221222347207,0,0.975159355080615,0,0.0374015748031496,0,0.0603674540682415,0
"18009","Del Nayar",8894,0,47550,0,0.354733528221273,0,0.682819878569822,0,0.690802788396672,0,0.546885540814032,0,0.445806161457162,0,0.131661794468181,0
"18010","Rosamorada",10116,0,33567,0,0.0404310003954132,0,0.990411229735073,0,0.970838275998418,0,0.973507315144326,0,0.0323250296559905,0,0.0668248319493871,0
"18011","Ruíz",6862,0,24096,0,0.0435733022442437,0,0.971291168755465,0,0.973185660157388,0,0.960069950451763,0,0.0437190323520839,0,0.0721364033809385,0
"18017","Tepic",122678,0,425924,0,0.00739333865892825,0,1.02021552356576,0,1.01561812223871,0,1.01267545933256,0,0.0124227652879897,0,0.0313014558437536,0
"18018","Tuxpan",9275,0,30064,0,0.0204851752021563,0,1.01509433962264,0,0.984582210242588,0,0.998598382749326,0,0.0207008086253369,0,0.0635040431266846,0
"18019","La Yesca",3269,0,13719,0,0.157234628326705,0,0.879473845212603,0,0.895992658305292,0,0.764759865402264,0,0.241970021413276,0,0.0651575405322729,0
"18004","Compostela",22536,0,77436,0,0.0142438764643237,0,1.01868122115726,0,1.01686190983316,0,1.00878594249201,0,0.0198349307774228,0,0.065672701455449,0
"18013","San Pedro Lagunillas",2421,0,7683,0,0.0107393638992152,0,1.00826104915324,0,0.99421726559273,0,1.00082610491532,0,0.0107393638992152,0,0.0243700950020653,0
"18008","Xalisco",17929,0,65229,0,0.0065815159796977,0,1.03502705114619,0,1.02777622845669,0,1.02972837302694,0,0.00870098722739695,0,0.0258798594455909,0
"18005","Huajicori",2774,0,12230,0,0.209805335255948,0,0.793439077144917,0,0.823720259552992,0,0.775054073540014,0,0.226027397260274,0,0.111751982696467,0
"18006","Ixtlán del Río",8364,0,29299,0,0.0109995217599235,0,1.01422764227642,0,1.01267336202774,0,1.01040172166428,0,0.0080105212816834,0,0.0173362027737924,0
"18007","Jala",4945,0,19321,0,0.0361981799797776,0,1.00040444893832,0,0.985237613751264,0,0.960768452982811,0,0.0533872598584429,0,0.0543983822042467,0
"18014","Santa María del Oro",7091,0,24911,0,0.0258073614440841,0,0.987166831194472,0,0.990551403187139,0,0.976025948385277,0,0.0270765759413341,0,0.0447045550698068,0
"18015","Santiago Ixcuintla",28904,0,93981,0,0.0168834763354553,0,0.992526985884307,0,0.940492665375035,0,0.984258234154442,0,0.0137697204539164,0,0.0491281483531691,0
"18016","Tecuala",11609,0,37135,0,0.0216211559996554,0,0.995090016366612,0,0.97519166164183,0,0.98630372986476,0,0.0153329313463692,0,0.0416056507881816,0
"18003","Amatlán de Cañas",3618,0,11536,0,0.0193477059148701,0,1.00414593698176,0,1.00331674958541,0,0.991984521835268,0,0.0171365395245992,0,0.033167495854063,0
"18012","San Blas",12722,0,41518,0,0.0231095739663575,0,1.00353717968873,0,0.997013048262852,0,0.988288005030656,0,0.0252318817795944,0,0.0775821411727716,0
"18020","Bahía de Banderas",53347,0,187632,0,0.0116220218568992,0,1.02463118825801,0,1.02328153410689,0,1.01160327666036,0,0.0186889609537556,0,0.073762348398223,0
"18002","Ahuacatlán",4717,0,15393,0,0.0152639389442442,0,1.01144795420818,0,1.01102395590418,0,1.00678397286411,0,0.00975196099215603,0,0.0290438838244647,0
"19029","Hualahuises",2160,0,7026,0,0.0157407407407407,0,0.996296296296296,0,0.987037037037037,0,0.993981481481481,0,0.00648148148148148,0,0.0287037037037037,0
"19048","Santa Catarina",76829,0,306322,0,0.00423017350219318,0,1.06815134909995,0,1.06626404092205,0,1.05887099923206,0,0.0100873368129222,0,0.0180400629970454,0
"19044","Sabinas Hidalgo",10370,0,34709,0,0.0064609450337512,0,1.03490838958534,0,1.02719382835101,0,1.03365477338476,0,0.00366441658630665,0,0.0232401157184185,0
"19042","Los Ramones",1854,0,5389,0,0.00701186623516721,0,0.994606256742179,0,0.968716289104639,0,0.989212513484358,0,0.0107874865156419,0,0.0399137001078749,0
"19023","General Treviño",659,0,1808,0,0.0106221547799697,0,0.986342943854325,0,0.969650986342944,0,0.993930197268589,0,0.00455235204855842,0,0.0333839150227618,0
"19022","General Terán",4621,0,14109,0,0.0125513958017745,0,0.99026184808483,0,0.970352737502705,0,0.988530621077689,0,0.0134170093053452,0,0.0441462886821034,0
"19047","Hidalgo",4221,0,16086,0,0.00829187396351575,0,1.0800758114191,0,1.07154702677091,0,1.07889125799574,0,0.00473821369343757,0,0.0227434257285004,0
"19049","Santiago",11384,0,46784,0,0.0117709065354884,0,1.2463106113844,0,1.2290934645116,0,1.22891777933942,0,0.0209943780744905,0,0.044975404075896,0
"19009","Cadereyta Jiménez",35999,0,122337,0,0.00986138503847329,0,1.0341398372177,0,1.02588960804467,0,1.03055640434457,0,0.00530570293619267,0,0.01961165587933,0
"19032","Lampazos de Naranjo",1661,0,5351,0,0.0078266104756171,0,0.990969295605057,0,0.982540638169777,0,0.998193859121011,0,0.00180614087898856,0,0.0337146297411198,0
"19031","Juárez",127675,0,471523,0,0.00606226747601332,0,1.05040924221657,0,1.04798903465831,0,1.0420834149207,0,0.00922655179165851,0,0.0104640689250049,0
"19027","Los Herreras",719,0,1959,0,0.0166898470097357,0,1,0,0.990264255910987,0,1.00834492350487,0,0.00278164116828929,0,0.0305980528511822,0
"19020","General Bravo",1752,0,5506,0,0.0091324200913242,0,0.979452054794521,0,0.953767123287671,0,0.993150684931507,0,0.00513698630136986,0,0.0519406392694064,0
"19041","Pesquería",42402,0,147624,0,0.00757039762275364,0,1.02709777840668,0,1.02452714494599,0,1.02424413942739,0,0.00464600726380831,0,0.0153766331776803,0
"19040","Parás",332,0,906,0,0.00602409638554217,0,0.993975903614458,0,0.990963855421687,0,0.993975903614458,0,0.00903614457831325,0,0.0391566265060241,0
"19039","Monterrey",289921,0,1142994,0,0.00551529554602806,0,1.12379579264696,0,1.12193666550543,0,1.11526243355949,0,0.00901280003863121,0,0.029545979766902,0
"19046","San Nicolás de los Garza",115454,0,412199,0,0.00211339581131879,0,1.05344119735999,0,1.05343253590174,0,1.04815770783169,0,0.00528348952829698,0,0.00875673428378402,0
"19019","San Pedro Garza García",28233,0,132169,0,0.00191265540325151,0,1.28548152870754,0,1.28562320688556,0,1.28254170651365,0,0.00410866716254029,0,0.0225976693939716,0
"19037","Mina",1691,0,6048,0,0.0212891780011827,0,0.994677705499704,0,0.950916617386162,0,0.980484920165583,0,0.0272028385570668,0,0.0697811945594323,0
"19010","El Carmen",24529,0,104478,0,0.0102327856822537,0,1.21884300216071,0,1.21456235476375,0,1.2123608789596,0,0.00835745444168128,0,0.0150434179950263,0
"19021","General Escobedo",126527,0,481213,0,0.00505820891983529,0,1.03858464991662,0,1.03237253708695,0,1.02840500446545,0,0.0110490251092652,0,0.0172374275846262,0
"19012","Ciénega de Flores",18866,0,68747,0,0.0115021732216686,0,1.08194635852857,0,1.08162832608926,0,1.07812996925686,0,0.00503551362238948,0,0.0104420650906392,0
"19002","Agualeguas",1257,0,3382,0,0.0127287191726333,0,1.00159108989658,0,1.00079554494829,0,1.00954653937947,0,0.000795544948289578,0,0.0540970564836913,0
"19005","Anáhuac",5348,0,18030,0,0.0100972326103216,0,1.0018698578908,0,0.985602094240838,0,1.00673148840688,0,0.0129020194465221,0,0.050299177262528,0
"19024","General Zaragoza",1653,0,6282,0,0.0955837870538415,0,0.973381730187538,0,0.791288566243194,0,0.767090139140956,0,0.229885057471264,0,0.0344827586206897,0
"19026","Guadalupe",175502,0,643143,0,0.00370935943749929,0,1.03836993310618,0,1.0360736629782,0,1.03348109993049,0,0.00544723137058267,0,0.0124386046882657,0
"19003","Los Aldamas",536,0,1407,0,0.0130597014925373,0,1.00373134328358,0,0.985074626865672,0,1.00746268656716,0,0,0,0.0149253731343284,0
"19004","Allende",9701,0,35289,0,0.00948355839604165,0,1.10050510256675,0,1.09627873415112,0,1.09514483042985,0,0.00556643644985053,0,0.0318523863519225,0
"19025","General Zuazua",27775,0,102149,0,0.0104050405040504,0,1.0595499549955,0,1.06199819981998,0,1.05170117011701,0,0.0136813681368137,0,0.00885688568856886,0
"19015","Doctor Coss",492,0,1360,0,0.00609756097560976,0,0.991869918699187,0,0.967479674796748,0,0.99390243902439,0,0.00609756097560976,0,0.0203252032520325,0
"19007","Aramberri",4250,0,14992,0,0.0564705882352941,0,0.975529411764706,0,0.934588235294118,0,0.892470588235294,0,0.110117647058824,0,0.0508235294117647,0
"19018","García",109999,0,397205,0,0.00678187983527123,0,1.04240038545805,0,1.03972763388758,0,1.03516395603596,0,0.00850916826516605,0,0.0104455495049955,0
"19051","Villaldama",1262,0,3573,0,0.0190174326465927,0,0.998415213946117,0,0.984152139461173,0,0.99445324881141,0,0.00792393026941363,0,0.043581616481775,0
"19006","Apodaca",175422,0,656464,0,0.00224601247277992,0,1.03473338577829,0,1.03437425180422,0,1.03117054873391,0,0.00366544675126267,0,0.00705726761751662,0
"19011","Cerralvo",2417,0,7340,0,0.0140670252378982,0,0.999586263963591,0,0.997517583781547,0,1.01034340091022,0,0.00455109640049648,0,0.0347538270583368,0
"19001","Abasolo",795,0,2974,0,0.0113207547169811,0,1,0,0.982389937106918,0,0.99622641509434,0,0.00754716981132075,0,0.050314465408805,0
"19017","Galeana",11085,0,40903,0,0.0354533152909337,0,0.990978800180424,0,0.866756878664862,0,0.962652232746955,0,0.0405051871898963,0,0.0508795669824087,0
"19016","Doctor González",1023,0,3256,0,0.0166177908113392,0,0.995112414467253,0,0.96969696969697,0,0.993157380254154,0,0.0117302052785924,0,0.0439882697947214,0
"19050","Vallecillo",563,0,1552,0,0.0088809946714032,0,0.992895204262877,0,0.966252220248668,0,0.994671403197158,0,0.00355239786856128,0,0.0692717584369449,0
"19034","Marín",1411,0,5119,0,0.00070871722182849,0,1.0198440822112,0,1.01346562721474,0,1.01417434443657,0,0.00566973777462792,0,0.034727143869596,0
"19035","Melchor Ocampo",448,0,1483,0,0.00892857142857143,0,1.02455357142857,0,1.01785714285714,0,1.02455357142857,0,0.00446428571428571,0,0.0267857142857143,0
"19028","Higueras",422,0,1386,0,0.0118483412322275,0,0.966824644549763,0,0.983412322274882,0,0.988151658767773,0,0.00710900473933649,0,0.0710900473933649,0
"19033","Linares",24362,0,84666,0,0.0103029307938593,0,0.999220096872178,0,0.988752975946146,0,0.986577456694853,0,0.0191281503981611,0,0.0272966094737706,0
"19036","Mier y Noriega",1877,0,7652,0,0.0740543420351625,0,0.980820458177943,0,0.794885455514118,0,0.974960042621204,0,0.0271710175812467,0,0.0586041555673948,0
"19043","Rayones",760,0,2377,0,0.0473684210526316,0,0.996052631578947,0,0.975,0,0.960526315789474,0,0.0539473684210526,0,0.0921052631578947,0
"19014","Doctor Arroyo",9210,0,36088,0,0.0477741585233442,0,0.981758957654723,0,0.698588490770901,0,0.957654723127036,0,0.0413680781758958,0,0.0319218241042345,0
"19038","Montemorelos",19717,0,67428,0,0.010599989856469,0,1.05097124308972,0,1.04447938327332,0,1.04113201805549,0,0.0147588375513516,0,0.0423999594258761,0
"19008","Bustamante",1178,0,3661,0,0.0127334465195246,0,0.960950764006791,0,0.950764006791171,0,0.965195246179966,0,0.00594227504244482,0,0.0365025466893039,0
"19013","China",3264,0,9930,0,0.0309436274509804,0,0.964460784313726,0,0.91421568627451,0,0.99172794117647,0,0.00857843137254902,0,0.0287990196078431,0
"19045","Salinas Victoria",24833,0,86766,0,0.007570571417066,0,1.02065799540933,0,1.0169532476946,0,1.00885917931784,0,0.0137317279426569,0,0.0239197841581766,0
"19030","Iturbide",997,0,3298,0,0.0692076228686058,0,0.961885656970913,0,0.969909729187563,0,0.885656970912738,0,0.103309929789368,0,0.045135406218656,0
"20125","San Carlos Yautepec",2926,0,11662,0,0.305194805194805,0,0.934381408065619,0,0.87593984962406,0,0.729665071770335,0,0.273752563226247,0,0.0676691729323308,0
"20481","Santiago Nuyoó",580,0,1898,0,0.156896551724138,0,0.981034482758621,0,0.989655172413793,0,0.85,0,0.148275862068966,0,0.0603448275862069,0
"20517","Santo Domingo Tepuxtepec",1463,0,6029,0,0.331510594668489,0,0.93028024606972,0,0.967190704032809,0,0.579630895420369,0,0.417634996582365,0,0.0334928229665072,0
"20524","Santo Domingo Yodohino",85,0,327,0,0.152941176470588,0,0.988235294117647,0,0.988235294117647,0,0.952941176470588,0,0.0352941176470588,0,0.105882352941176,0
"20378","Santa Cruz Mixtepec",968,0,3720,0,0.109504132231405,0,0.980371900826446,0,0.902892561983471,0,0.846074380165289,0,0.15495867768595,0,0.0692148760330579,0
"20054","Magdalena Zahuatlán",130,0,404,0,0.0769230769230769,0,0.976923076923077,0,0.992307692307692,0,0.861538461538462,0,0.138461538461538,0,0.0538461538461538,0
"20542","Taniche",250,0,887,0,0.056,0,0.984,0,0.968,0,0.936,0,0.064,0,0.1,0
"20237","San Marcos Arteaga",449,0,1568,0,0.0623608017817372,0,0.99554565701559,0,0.993318485523385,0,0.964365256124722,0,0.0334075723830735,0,0.0334075723830735,0
"20489","Santiago Tetepec",1349,0,4909,0,0.187546330615271,0,0.97405485544848,0,0.939214232765011,0,0.845070422535211,0,0.15418828762046,0,0.164566345441067,0
"20544","Teococuilco de Marcos Pérez",296,0,1032,0,0.0777027027027027,0,0.989864864864865,0,0.993243243243243,0,0.702702702702703,0,0.293918918918919,0,0.0506756756756757,0
"20490","Santiago Texcalcingo",762,0,2974,0,0.123359580052493,0,0.993438320209974,0,0.988188976377953,0,0.914698162729659,0,0.0853018372703412,0,0.057742782152231,0
"20333","San Pedro Totolápam",942,0,3294,0,0.0615711252653928,0,0.98619957537155,0,0.995753715498938,0,0.899150743099788,0,0.100849256900212,0,0.0796178343949045,0
"20334","Villa de Tututepec",14823,0,50541,0,0.0773797476894016,0,0.972002968359981,0,0.917088308709438,0,0.893881130675302,0,0.0997773730014167,0,0.216757741347905,0
"20562","Magdalena Yodocono de Porfirio Díaz",473,0,1682,0,0.0613107822410148,0,0.993657505285412,0,0.989429175475687,0,0.930232558139535,0,0.0697674418604651,0,0.0993657505285412,0
"20133","San Esteban Atatlahuca",1171,0,3934,0,0.240819812126388,0,0.935952177625961,0,0.897523484201537,0,0.719897523484202,0,0.301451750640478,0,0.0375747224594364,0
"20134","San Felipe Jalapa de Díaz",6913,0,28500,0,0.162881527556777,0,0.98394329524085,0,0.761463908578041,0,0.796036453059453,0,0.203095616953566,0,0.216693186749602,0
"20138","San Francisco Cajonos",165,0,451,0,0.0727272727272727,0,0.987878787878788,0,0.987878787878788,0,0.878787878787879,0,0.109090909090909,0,0.0545454545454545,0
"20149","San Francisco Sola",519,0,2019,0,0.0597302504816956,0,0.969171483622351,0,0.957610789980732,0,0.691714836223507,0,0.30635838150289,0,0.134874759152216,0
"20161","San Jerónimo Sosola",813,0,2730,0,0.04920049200492,0,0.964329643296433,0,0.817958179581796,0,0.920049200492005,0,0.0787207872078721,0,0.0639606396063961,0
"20159","San Jerónimo Coatlán",1263,0,5537,0,0.180522565320665,0,0.933491686460808,0,0.961995249406176,0,0.761678543151227,0,0.237529691211401,0,0.0712589073634204,0
"20437","Santa María Tlahuitoltepec",2447,0,9653,0,0.13404168369432,0,0.96648957907642,0,0.977523498161013,0,0.70044953003678,0,0.296689824274622,0,0.0322844299141806,0
"20441","Santa María Xadani",2200,0,9234,0,0.0704545454545455,0,0.988636363636364,0,0.939090909090909,0,0.956363636363636,0,0.0472727272727273,0,0.119090909090909,0
"20446","Santa María Yucuhiti",1650,0,6008,0,0.13030303030303,0,0.987272727272727,0,0.930909090909091,0,0.86969696969697,0,0.13030303030303,0,0.0709090909090909,0
"20447","Santa María Zacatepec",4446,0,17100,0,0.113810166441745,0,0.966036887089519,0,0.972334682860999,0,0.856500224921278,0,0.136752136752137,0,0.132478632478632,0
"20469","Santiago Juxtlahuaca",7536,0,34735,0,0.166799363057325,0,0.957006369426752,0,0.968816348195329,0,0.75437898089172,0,0.243099787685775,0,0.104962845010616,0
"20511","Santo Domingo Nuxaá",915,0,3335,0,0.230601092896175,0,0.93224043715847,0,0.612021857923497,0,0.838251366120219,0,0.161748633879781,0,0.0775956284153005,0
"20513","Santo Domingo Petapa",2596,0,9027,0,0.128659476117103,0,0.956856702619414,0,0.974191063174114,0,0.88366718027735,0,0.114406779661017,0,0.14291217257319,0
"20278","San Miguel Soyaltepec",10412,0,38682,0,0.119861698040722,0,0.975220898962735,0,0.776796004610065,0,0.832212831348444,0,0.165194006915098,0,0.182097579715713,0
"20457","Santiago Camotlán",887,0,3346,0,0.414881623449831,0,1.00225479143179,0,0.99098083427283,0,0.772266065388951,0,0.2423900789177,0,0.0304396843291995,0
"20163","San Jerónimo Tecóatl",453,0,1577,0,0.147902869757174,0,0.986754966887417,0,0.940397350993378,0,0.849889624724062,0,0.150110375275938,0,0.0573951434878587,0
"20166","San José Chiltepec",3092,0,11310,0,0.0776196636481242,0,0.979624838292367,0,0.965071151358344,0,0.922380336351876,0,0.0740620957309185,0,0.091849935316947,0
"20506","Santo Domingo Albarradas",228,0,798,0,0.131578947368421,0,1.00877192982456,0,1.01315789473684,0,0.87280701754386,0,0.144736842105263,0,0.0219298245614035,0
"20482","Santiago Pinotepa Nacional",15473,0,55840,0,0.0873780133135139,0,0.979448070833064,0,0.830543527434887,0,0.902992309183739,0,0.0953919731144574,0,0.232146319395075,0
"20508","Santo Domingo Chihuitán",543,0,1618,0,0.0313075506445672,0,0.961325966850829,0,0.957642725598527,0,0.941068139963168,0,0.0386740331491713,0,0.16390423572744,0
"20205","San Juan Lalana",4492,0,16989,0,0.299643811219947,0,0.955699020480855,0,0.844835262689225,0,0.82479964381122,0,0.172306322350846,0,0.0768032056990205,0
"20271","San Miguel Mixtepec",623,0,3194,0,0.409309791332263,0,0.942215088282504,0,0.971107544141252,0,0.807383627608347,0,0.192616372391653,0,0.0690208667736758,0
"20329","San Pedro Teozacoalco",349,0,1153,0,0.189111747851003,0,0.95702005730659,0,0.948424068767908,0,0.716332378223496,0,0.277936962750716,0,0.106017191977077,0
"20330","San Pedro Teutila",1172,0,4296,0,0.132252559726962,0,0.968430034129693,0,0.984641638225256,0,0.901877133105802,0,0.0955631399317406,0,0.101535836177474,0
"20246","San Mateo Cajonos",178,0,611,0,0.202247191011236,0,1,0,1,0,0.859550561797753,0,0.140449438202247,0,0.0617977528089888,0
"20277","Villa Sola de Vega",3211,0,12350,0,0.174400498287138,0,0.959514170040486,0,0.943942696979134,0,0.648707567735908,0,0.352849579570227,0,0.0819059483027094,0
"20545","Teotitlán de Flores Magón",2702,0,10099,0,0.0262768319763138,0,0.979644707623982,0,0.939304219096965,0,0.908956328645448,0,0.0880829015544041,0,0.131384159881569,0
"20546","Teotitlán del Valle",1694,0,6392,0,0.0159386068476978,0,0.994687131050767,0,0.878394332939788,0,0.74025974025974,0,0.257969303423849,0,0.0531286894923259,0
"20547","Teotongo",320,0,1005,0,0.03125,0,0.9875,0,0.975,0,0.921875,0,0.078125,0,0.059375,0
"20170","San José Lachiguiri",893,0,3700,0,0.29003359462486,0,0.952967525195969,0,0.526315789473684,0,0.699888017917133,0,0.301231802911534,0,0.0503919372900336,0
"20230","San Lorenzo Victoria",287,0,932,0,0.0557491289198606,0,0.989547038327526,0,0.989547038327526,0,0.982578397212544,0,0.0139372822299652,0,0.0801393728222996,0
"20168","San José Estancia Grande",274,0,938,0,0.0985401459854015,0,0.91970802919708,0,0.970802919708029,0,0.912408759124088,0,0.0802919708029197,0,0.167883211678832,0
"20184","San Juan Bautista Tuxtepec",45968,0,159452,0,0.0346327880264532,0,1.01274799860773,0,0.961473198746954,0,0.967651409676297,0,0.0549730247128437,0,0.106552384267316,0
"20185","San Juan Cacahuatepec",2386,0,8939,0,0.124476110645432,0,0.984911986588432,0,0.90360435875943,0,0.884325230511316,0,0.116512992455993,0,0.170578373847443,0
"20404","Santa María Chachoápam",246,0,761,0,0.040650406504065,0,1.00406504065041,0,0.995934959349594,0,0.959349593495935,0,0.0447154471544715,0,0.0284552845528455,0
"20407","Santa María Chimalapa",1983,0,9578,0,0.178013111447302,0,1.00554715078164,0,0.819969742813918,0,0.885022692889561,0,0.153807362581947,0,0.141200201714574,0
"20186","San Juan Cieneguilla",172,0,524,0,0.127906976744186,0,0.988372093023256,0,0.988372093023256,0,0.918604651162791,0,0.0755813953488372,0,0.0465116279069767,0
"20214","San Juan Quiotepec",545,0,2033,0,0.0587155963302752,0,0.990825688073395,0,0.992660550458716,0,0.906422018348624,0,0.0972477064220184,0,0.0513761467889908,0
"20220","San Juan Tepeuxila",834,0,2692,0,0.232613908872902,0,0.979616306954436,0,0.974820143884892,0,0.838129496402878,0,0.158273381294964,0,0.0515587529976019,0
"20227","San Lorenzo Cacaotepec",4843,0,18339,0,0.0132149494115218,0,1.01321494941152,0,0.925459425975635,0,0.971092298162296,0,0.0538922155688623,0,0.0565765021680776,0
"20261","San Miguel Amatitlán",1582,0,6932,0,0.0916561314791403,0,0.97724399494311,0,0.874841972187105,0,0.952591656131479,0,0.0467762326169406,0,0.099873577749684,0
"20552","Tlacotepec Plumas",138,0,410,0,0.0797101449275362,0,0.978260869565217,0,0.985507246376812,0,0.927536231884058,0,0.0652173913043478,0,0.0217391304347826,0
"20262","San Miguel Amatlán",290,0,991,0,0.0275862068965517,0,0.989655172413793,0,0.989655172413793,0,0.906896551724138,0,0.0931034482758621,0,0.0379310344827586,0
"20266","San Miguel del Puerto",2377,0,8551,0,0.183003786285233,0,0.941522928060581,0,0.96844762305427,0,0.846445098864114,0,0.149768615902398,0,0.199411022297013,0
"20550","San Jerónimo Tlacochahuaya",1561,0,5764,0,0.0237027546444587,0,0.980781550288277,0,0.889173606662396,0,0.888532991672005,0,0.112748238308776,0,0.0589365791159513,0
"20253","San Mateo Piñas",640,0,2021,0,0.284375,0,0.821875,0,0.8390625,0,0.6859375,0,0.3140625,0,0.0796875,0
"20254","San Mateo Río Hondo",839,0,3207,0,0.191895113230036,0,0.933253873659118,0,0.973778307508939,0,0.853396901072706,0,0.125148986889154,0,0.0393325387365912,0
"20272","San Miguel Panixtlahuaca",1228,0,6252,0,0.0496742671009772,0,0.973127035830619,0,0.986156351791531,0,0.771986970684039,0,0.226384364820847,0,0.0325732899022801,0
"20273","San Miguel Peras",875,0,3818,0,0.224,0,0.940571428571429,0,0.868571428571429,0,0.628571428571429,0,0.371428571428571,0,0.0537142857142857,0
"20275","San Miguel Quetzaltepec",2046,0,7286,0,0.402248289345064,0,0.958944281524927,0,0.96871945259042,0,0.838709677419355,0,0.158357771260997,0,0.0259042033235582,0
"20551","Tlacolula de Matamoros",8268,0,30254,0,0.0169327527818094,0,0.992380261248186,0,0.944484760522496,0,0.875786163522013,0,0.133043057571359,0,0.0501935171746493,0
"20357","Santa Ana Tavela",269,0,848,0,0.171003717472119,0,0.970260223048327,0,1,0,0.851301115241636,0,0.148698884758364,0,0.148698884758364,0
"20502","Santiago Zacatepec",1411,0,5089,0,0.226789510985117,0,0.94826364280652,0,0.916371367824238,0,0.508150248051028,0,0.487597448618001,0,0.0644932671863926,0
"20553","Tlalixtac de Cabrera",3098,0,12067,0,0.0196901226597805,0,0.995803744351194,0,0.944157520981278,0,0.891542930923176,0,0.11103938024532,0,0.0513234344738541,0
"20265","San Miguel Chimalapa",1850,0,6711,0,0.161621621621622,0,0.965405405405405,0,0.825945945945946,0,0.92972972972973,0,0.0756756756756757,0,0.135675675675676,0
"20493","Santiago Tillo",175,0,545,0,0.0228571428571429,0,0.994285714285714,0,0.994285714285714,0,0.937142857142857,0,0.0628571428571429,0,0.154285714285714,0
"20318","San Pedro Mixtepec",13866,0,49780,0,0.029640848117698,0,0.976705610846675,0,0.977931631328429,0,0.756310399538439,0,0.237487379200923,0,0.197605654117986,0
"20327","San Pedro Tapanatepec",4558,0,15479,0,0.0552874067573497,0,0.963580517770952,0,0.887889425186485,0,0.908731899956121,0,0.0739359368143923,0,0.169811320754717,0
"20554","Totontepec Villa de Morelos",1516,0,5904,0,0.184036939313984,0,0.977572559366755,0,0.983509234828496,0,0.807387862796834,0,0.188654353562005,0,0.0527704485488127,0
"20555","Trinidad Zaachila",905,0,3419,0,0.0298342541436464,0,0.990055248618785,0,0.832044198895028,0,0.880662983425414,0,0.119337016574586,0,0.0364640883977901,0
"20556","La Trinidad Vista Hermosa",91,0,306,0,0.0659340659340659,0,0.945054945054945,0,1,0,0.956043956043956,0,0.043956043956044,0,0.0769230769230769,0
"20018","Concepción Buenavista",237,0,752,0,0.147679324894515,0,0.962025316455696,0,0.940928270042194,0,0.928270042194093,0,0.0717299578059072,0,0.0970464135021097,0
"20036","Guevea de Humboldt",1518,0,5256,0,0.179183135704875,0,0.974967061923584,0,0.992753623188406,0,0.888010540184453,0,0.113965744400527,0,0.104084321475626,0
"20338","Villa de Etla",2674,0,10361,0,0.0093492894540015,0,0.991024682124159,0,0.881824981301421,0,0.949513836948392,0,0.0538519072550486,0,0.0781600598354525,0
"20344","San Sebastián Coatlán",808,0,2809,0,0.162128712871287,0,0.98019801980198,0,0.805693069306931,0,0.908415841584158,0,0.0915841584158416,0,0.0705445544554455,0
"20366","Santa Catarina Loxicha",896,0,3676,0,0.0658482142857143,0,0.963169642857143,0,0.972098214285714,0,0.8125,0,0.188616071428571,0,0.0825892857142857,0
"20377","Santa Cruz Itundujia",2994,0,10860,0,0.192718770875083,0,0.930193720774883,0,0.786573146292585,0,0.772879091516366,0,0.22378089512358,0,0.0811623246492986,0
"20451","Santiago Apoala",323,0,1019,0,0.523219814241486,0,0.972136222910217,0,0.436532507739938,0,0.863777089783282,0,0.136222910216718,0,0.0247678018575851,0
"20005","Asunción Ixtaltepec",4931,0,15261,0,0.0600283918069357,0,0.984992902048266,0,0.975055769620767,0,0.97059419995944,0,0.0298113972824985,0,0.0884201987426485,0
"20558","Valerio Trujano",433,0,1376,0,0.0739030023094688,0,0.976905311778291,0,0.965357967667437,0,0.882217090069284,0,0.115473441108545,0,0.1270207852194,0
"20561","Yaxe",828,0,2954,0,0.111111111111111,0,0.957729468599034,0,0.929951690821256,0,0.798309178743961,0,0.201690821256039,0,0.108695652173913,0
"20056","Mártires de Tacubaya",411,0,1446,0,0.111922141119221,0,0.980535279805353,0,0.956204379562044,0,0.89051094890511,0,0.104622871046229,0,0.374695863746959,0
"20563","Yogana",378,0,1245,0,0.156084656084656,0,0.981481481481482,0,0.96031746031746,0,0.796296296296296,0,0.206349206349206,0,0.0502645502645503,0
"20497","Santiago Yaitepec",954,0,4233,0,0.225366876310273,0,0.984276729559748,0,0.983228511530398,0,0.852201257861635,0,0.140461215932914,0,0.0922431865828092,0
"20549","Heroica Villa Tezoatlán de Segura y Luna, Cuna de la Independencia de Oaxaca",3292,0,11465,0,0.113912515188335,0,0.977217496962333,0,0.968104495747266,0,0.901579586877278,0,0.0981166464155529,0,0.0874848116646416,0
"20564","Yutanduchi de Guerrero",388,0,1195,0,0.170103092783505,0,0.97680412371134,0,0.914948453608247,0,0.84020618556701,0,0.157216494845361,0,0.128865979381443,0
"20565","Villa de Zaachila",11783,0,46464,0,0.0213018755834677,0,0.962233726555207,0,0.640668760078079,0,0.741237375880506,0,0.256131715182891,0,0.0874989391496223,0
"20099","San Andrés Tepetlapa",114,0,381,0,0.0789473684210526,0,1,0,0.947368421052632,0,0.859649122807018,0,0.140350877192982,0,0.087719298245614,0
"20491","Santiago Textitlán",904,0,4930,0,0.252212389380531,0,0.981194690265487,0,1,0,0.719026548672566,0,0.280973451327434,0,0.0265486725663717,0
"20031","Tamazulápam del Espíritu Santo",1964,0,7185,0,0.110488798370672,0,1.00967413441955,0,1.0254582484725,0,0.837067209775967,0,0.196537678207739,0,0.0330957230142566,0
"20279","San Miguel Suchixtepec",665,0,2932,0,0.0721804511278196,0,0.984962406015038,0,0.962406015037594,0,0.92781954887218,0,0.0706766917293233,0,0.0330827067669173,0
"20401","Santa María Colotepec",6589,0,27046,0,0.0635908332068599,0,1.0355137350129,0,0.995446957049628,0,0.966155714068903,0,0.101381089694946,0,0.204735164668387,0
"20367","Santa Catarina Mechoacán",1148,0,4582,0,0.137630662020906,0,0.970383275261324,0,0.711672473867596,0,0.857142857142857,0,0.132404181184669,0,0.130662020905923,0
"20500","Santiago Yosondúa",2408,0,7991,0,0.260382059800664,0,0.957225913621262,0,0.932724252491694,0,0.821013289036545,0,0.177740863787375,0,0.0498338870431894,0
"20503","Santiago Zoochila",124,0,425,0,0.0161290322580645,0,1,0,1,0,0.92741935483871,0,0.0725806451612903,0,0.0161290322580645,0
"20379","Santa Cruz Nundaco",783,0,2951,0,0.247765006385696,0,0.971902937420179,0,0.980842911877395,0,0.729246487867177,0,0.268199233716475,0,0.0485312899106003,0
"20494","Santiago Tlazoyaltepec",1296,0,6300,0,0.286265432098765,0,0.966049382716049,0,0.834104938271605,0,0.736882716049383,0,0.260802469135802,0,0.0262345679012346,0
"20499","Santiago Yolomécatl",538,0,1922,0,0.0483271375464684,0,0.996282527881041,0,0.964684014869889,0,0.931226765799256,0,0.070631970260223,0,0.0817843866171004,0
"20058","Mazatlán Villa de Flores",3570,0,12722,0,0.320168067226891,0,0.970868347338936,0,0.924649859943978,0,0.594117647058824,0,0.410364145658263,0,0.123809523809524,0
"20059","Miahuatlán de Porfirio Díaz",13027,0,50375,0,0.0414523681584402,0,0.983342289091886,0,0.909802717433024,0,0.823827435326629,0,0.174099946265449,0,0.108467030014585,0
"20177","San Juan Bautista Cuicatlán",3120,0,10365,0,0.0993589743589744,0,0.983974358974359,0,0.97724358974359,0,0.832051282051282,0,0.161858974358974,0,0.141666666666667,0
"20359","Santa Ana Yareni",234,0,637,0,0.166666666666667,0,0.991452991452991,0,0.995726495726496,0,0.61965811965812,0,0.376068376068376,0,0.0170940170940171,0
"20364","Santa Catarina Juquila",4263,0,18654,0,0.127844241144734,0,0.975369458128079,0,0.965751817968567,0,0.81210415200563,0,0.185550082101806,0,0.121510673234811,0
"20569","Santa Inés de Zaragoza",479,0,1454,0,0.160751565762004,0,0.979123173277662,0,0.624217118997912,0,0.945720250521921,0,0.0521920668058455,0,0.0605427974947808,0
"20570","Zimatlán de Álvarez",5798,0,22093,0,0.0517419799931011,0,0.992066229734391,0,0.872024836150397,0,0.802863056226285,0,0.205070714039324,0,0.0686443601241808,0
"20567","Zapotitlán Lagunas",870,0,3382,0,0.0804597701149425,0,0.989655172413793,0,0.82183908045977,0,0.840229885057471,0,0.159770114942529,0,0.0850574712643678,0
"20057","Matías Romero Avendaño",11190,0,38183,0,0.060857908847185,0,0.999285075960679,0,0.889008042895442,0,0.96916890080429,0,0.0433422698838248,0,0.111706881143878,0
"20423","Santa María Nduayaco",145,0,453,0,0.2,0,0.96551724137931,0,0.979310344827586,0,0.813793103448276,0,0.186206896551724,0,0.0482758620689655,0
"20112","San Baltazar Chichicápam",870,0,2576,0,0.142528735632184,0,0.982758620689655,0,0.981609195402299,0,0.87816091954023,0,0.122988505747126,0,0.131034482758621,0
"20510","Santo Domingo Ixcatlán",220,0,760,0,0.159090909090909,0,0.954545454545455,0,0.922727272727273,0,0.668181818181818,0,0.331818181818182,0,0.0772727272727273,0
"20371","Santa Catarina Ticuá",351,0,986,0,0.259259259259259,0,0.965811965811966,0,0.96011396011396,0,0.834757834757835,0,0.165242165242165,0,0.0826210826210826,0
"20424","Santa María Ozolotepec",970,0,3793,0,0.249484536082474,0,0.965979381443299,0,0.976288659793814,0,0.782474226804124,0,0.215463917525773,0,0.0175257731958763,0
"20406","Santa María Chilchotla",5612,0,21469,0,0.253741981468282,0,0.934426229508197,0,0.341411261582324,0,0.563970064148254,0,0.435673556664291,0,0.114219529579473,0
"20410","Santa María Ecatepec",891,0,3418,0,0.187429854096521,0,0.973063973063973,0,0.892255892255892,0,0.898989898989899,0,0.0998877665544332,0,0.0415263748597082,0
"20435","Santa María Tepantlali",916,0,3576,0,0.220524017467249,0,0.963973799126638,0,0.990174672489083,0,0.733624454148472,0,0.266375545851528,0,0.0294759825327511,0
"20417","Santa María Jacatepec",2616,0,9682,0,0.135703363914373,0,0.983562691131499,0,0.855886850152905,0,0.871177370030581,0,0.123853211009174,0,0.0951834862385321,0
"20422","Santa María Nativitas",196,0,603,0,0.0918367346938776,0,0.98469387755102,0,0.98469387755102,0,0.969387755102041,0,0.0306122448979592,0,0.0612244897959184,0
"20439","Santa María Tonameca",6442,0,25347,0,0.129618131015213,0,0.950791679602608,0,0.878919590189382,0,0.755510710959329,0,0.244178826451413,0,0.113474076373797,0
"20450","Santiago Amoltepec",2991,0,13855,0,0.518890003343363,0,0.933467067870277,0,0.884988298228017,0,0.33032430625209,0,0.670010030090271,0,0.0825810765630224,0
"20075","Reforma de Pineda",974,0,2660,0,0.0420944558521561,0,0.984599589322382,0,0.986652977412731,0,0.974332648870637,0,0.0195071868583162,0,0.104722792607803,0
"20501","Santiago Yucuyachi",327,0,998,0,0.0428134556574924,0,0.990825688073395,0,0.996941896024465,0,0.926605504587156,0,0.073394495412844,0,0.0672782874617737,0
"20504","Nuevo Zoquiápam",403,0,1590,0,0.0595533498759305,0,0.987593052109181,0,0.990074441687345,0,0.692307692307692,0,0.297766749379653,0,0.0124069478908189,0
"20505","Santo Domingo Ingenio",2470,0,7681,0,0.0384615384615385,0,1.00242914979757,0,0.975708502024291,0,0.993522267206478,0,0.0178137651821862,0,0.110121457489879,0
"20251","San Mateo Nejápam",301,0,1217,0,0.136212624584718,0,0.98671096345515,0,0.913621262458472,0,0.900332225913621,0,0.0996677740863787,0,0.12624584717608,0
"20459","Villa de Santiago Chazumba",1591,0,4877,0,0.0942803268384664,0,0.974858579509742,0,0.882463859208045,0,0.974230043997486,0,0.0251414204902577,0,0.0974230043997486,0
"20477","Santiago Minas",357,0,1327,0,0.0840336134453782,0,0.985994397759104,0,0.943977591036415,0,0.843137254901961,0,0.156862745098039,0,0.0252100840336134,0
"20484","Santiago Tamazola",1125,0,4458,0,0.0746666666666667,0,0.982222222222222,0,0.888888888888889,0,0.959111111111111,0,0.0408888888888889,0,0.0586666666666667,0
"20485","Santiago Tapextla",805,0,3134,0,0.126708074534161,0,0.966459627329193,0,0.936645962732919,0,0.848447204968944,0,0.147826086956522,0,0.185093167701863,0
"20492","Santiago Tilantongo",906,0,2764,0,0.199779249448124,0,0.941501103752759,0,0.837748344370861,0,0.838852097130243,0,0.158940397350993,0,0.054083885209713,0
"20495","Santiago Xanica",809,0,3029,0,0.295426452410383,0,0.915945611866502,0,0.92336217552534,0,0.76761433868974,0,0.23238566131026,0,0.0865265760197775,0
"20534","San Vicente Coatlán",846,0,3512,0,0.200945626477541,0,0.984633569739953,0,0.971631205673759,0,0.801418439716312,0,0.198581560283688,0,0.091016548463357,0
"20537","Silacayoápam",1921,0,6710,0,0.075481520041645,0,0.981780322748568,0,0.970327954190526,0,0.896408120770432,0,0.0978656949505466,0,0.0697553357626236,0
"20543","Tataltepec de Valdés",1631,0,6386,0,0.260576333537707,0,0.933782955242183,0,0.939914163090129,0,0.874923359901901,0,0.121397915389332,0,0.238503985285101,0
"20548","Tepelmeme Villa de Morelos",601,0,1960,0,0.086522462562396,0,0.915141430948419,0,0.762063227953411,0,0.888519134775374,0,0.0998336106489185,0,0.0965058236272879,0
"20463","Santiago Huauclilla",193,0,525,0,0.139896373056995,0,0.979274611398964,0,0.953367875647668,0,0.865284974093264,0,0.134715025906736,0,0.0414507772020725,0
"20467","Santiago Jamiltepec",5517,0,19112,0,0.118905202102592,0,0.973717600145006,0,0.907920971542505,0,0.888163857168751,0,0.108573500090629,0,0.170744970092442,0
"20559","San Juan Bautista Valle Nacional",6024,0,23067,0,0.11636786188579,0,0.972443559096946,0,0.895086321381142,0,0.917662682602922,0,0.0697211155378486,0,0.074867197875166,0
"20169","San José Independencia",1167,0,4251,0,0.303341902313625,0,0.939160239931448,0,0.552699228791774,0,0.472150814053128,0,0.526992287917738,0,0.230505569837189,0
"20117","San Bartolomé Loxicha",621,0,2213,0,0.236714975845411,0,0.932367149758454,0,0.932367149758454,0,0.896940418679549,0,0.103059581320451,0,0.173913043478261,0
"20512","Santo Domingo Ozolotepec",267,0,1101,0,0.183520599250936,0,0.9812734082397,0,1,0,0.812734082397004,0,0.187265917602996,0,0.0374531835205993,0
"20514","Santo Domingo Roayaga",247,0,941,0,0.417004048582996,0,0.955465587044534,0,0.987854251012146,0,0.40080971659919,0,0.595141700404858,0,0.0890688259109312,0
"20118","San Bartolomé Quialana",668,0,2389,0,0.0523952095808383,0,0.98502994011976,0,0.99251497005988,0,0.847305389221557,0,0.155688622754491,0,0.0254491017964072,0
"20518","Santo Domingo Tlatayápam",42,0,113,0,0,0,1,0,1,0,0.880952380952381,0,0.119047619047619,0,0.0476190476190476,0
"20440","Santa María Totolapilla",295,0,812,0,0.250847457627119,0,0.979661016949153,0,0.966101694915254,0,0.942372881355932,0,0.0542372881355932,0,0.203389830508475,0
"20568","Zapotitlán Palmas",486,0,1695,0,0.0534979423868313,0,0.98559670781893,0,0.973251028806584,0,0.952674897119342,0,0.051440329218107,0,0.0596707818930041,0
"20521","Santo Domingo Tonaltepec",79,0,250,0,0.189873417721519,0,0.974683544303797,0,0.987341772151899,0,0.873417721518987,0,0.126582278481013,0,0.0632911392405063,0
"20001","Abejones",216,0,841,0,0.222222222222222,0,0.981481481481482,0,0.99537037037037,0,0.842592592592593,0,0.157407407407407,0,0.0231481481481481,0
"20256","San Mateo Tlapiltepec",68,0,229,0,0.0294117647058824,0,0.955882352941177,0,1,0,0.985294117647059,0,0.0147058823529412,0,0.102941176470588,0
"20003","Asunción Cacalotepec",794,0,2547,0,0.292191435768262,0,0.962216624685139,0,0.916876574307305,0,0.741813602015113,0,0.258186397984887,0,0.0503778337531486,0
"20263","San Miguel Coatlán",864,0,3184,0,0.0787037037037037,0,0.965277777777778,0,0.976851851851852,0,0.755787037037037,0,0.243055555555556,0,0.0844907407407407,0
"20004","Asunción Cuyotepeji",340,0,1107,0,0.0852941176470588,0,0.985294117647059,0,0.98235294117647,0,0.935294117647059,0,0.061764705882353,0,0.102941176470588,0
"20007","Asunción Ocotlán",769,0,2395,0,0.115734720416125,0,0.973992197659298,0,0.94408322496749,0,0.455136540962289,0,0.542262678803641,0,0.0689206762028609,0
"20267","San Miguel del Río",76,0,245,0,0.0526315789473684,0,0.986842105263158,0,0.986842105263158,0,0.907894736842105,0,0.0921052631578947,0,0.0394736842105263,0
"20011","Calihualá",321,0,1402,0,0.193146417445483,0,1.03738317757009,0,1.00934579439252,0,0.931464174454829,0,0.124610591900312,0,0.0311526479750779,0
"20027","Chiquihuitlán de Benito Juárez",744,0,2179,0,0.172043010752688,0,0.973118279569892,0,0.93010752688172,0,0.89247311827957,0,0.10752688172043,0,0.115591397849462,0
"20030","El Espinal",2576,0,8730,0,0.0209627329192547,0,0.982919254658385,0,0.971273291925466,0,0.975155279503106,0,0.0205745341614907,0,0.0687111801242236,0
"20519","Santo Domingo Tomaltepec",916,0,3386,0,0.0152838427947598,0,0.994541484716157,0,0.920305676855895,0,0.864628820960699,0,0.135371179039301,0,0.0534934497816594,0
"20034","Guadalupe de Ramírez",387,0,1288,0,0.0723514211886305,0,0.997416020671835,0,0.917312661498708,0,0.974160206718346,0,0.0258397932816537,0,0.062015503875969,0
"20013","Ciénega de Zimatlán",896,0,3043,0,0.0133928571428571,0,0.991071428571429,0,0.995535714285714,0,0.888392857142857,0,0.111607142857143,0,0.0200892857142857,0
"20460","Santiago Choápam",1389,0,5242,0,0.329013678905688,0,0.953203743700504,0,0.940244780417567,0,0.796976241900648,0,0.197984161267099,0,0.0568754499640029,0
"20044","Loma Bonita",12778,0,40934,0,0.0442948818281421,0,0.98912192831429,0,0.954452966035373,0,0.934183753326029,0,0.066129284708092,0,0.0995460948505243,0
"20017","La Compañía",1054,0,3607,0,0.147058823529412,0,0.983870967741935,0,0.868121442125237,0,0.838709677419355,0,0.166034155597723,0,0.107210626185958,0
"20507","Santo Domingo Armenta",934,0,3155,0,0.0738758029978587,0,0.962526766595289,0,0.981798715203426,0,0.880085653104925,0,0.116702355460385,0,0.146680942184154,0
"20049","Magdalena Ocotlán",314,0,1184,0,0.0382165605095541,0,0.990445859872611,0,0.821656050955414,0,0.694267515923567,0,0.308917197452229,0,0.0254777070063694,0
"20520","Santo Domingo Tonalá",1964,0,7393,0,0.0407331975560081,0,0.982688391038697,0,0.953665987780041,0,0.960794297352342,0,0.0371690427698574,0,0.0534623217922607,0
"20019","Concepción Pápalo",854,0,2754,0,0.112412177985948,0,0.994145199063232,0,0.994145199063232,0,0.813817330210773,0,0.185011709601874,0,0.0515222482435597,0
"20022","Cosoltepec",296,0,803,0,0.0912162162162162,0,0.972972972972973,0,0.945945945945946,0,0.949324324324324,0,0.0506756756756757,0,0.10472972972973,0
"20024","Cuyamecalco Villa de Zaragoza",1023,0,3644,0,0.120234604105572,0,0.971652003910068,0,0.964809384164223,0,0.887585532746823,0,0.108504398826979,0,0.032258064516129,0
"20025","Chahuites",3273,0,11356,0,0.0360525511762909,0,0.986862205927284,0,0.765047357164681,0,0.941949282004277,0,0.0522456461961503,0,0.176290864650168,0
"20026","Chalcatongo de Hidalgo",2558,0,9035,0,0.110242376856919,0,0.979671618451916,0,0.88975762314308,0,0.827208756841282,0,0.170054730258014,0,0.0500390930414386,0
"20029","Eloxochitlán de Flores Magón",1164,0,4215,0,0.232817869415808,0,0.964776632302406,0,0.925257731958763,0,0.813573883161512,0,0.186426116838488,0,0.0738831615120275,0
"20032","Fresnillo de Trujano",319,0,1077,0,0.112852664576803,0,0.987460815047022,0,0.811912225705329,0,0.962382445141066,0,0.0376175548589342,0,0.0971786833855799,0
"20515","Santo Domingo Tehuantepec",19428,0,67739,0,0.0485381922997735,0,0.976734609841466,0,0.939674696314597,0,0.884239242330657,0,0.11231212682726,0,0.140415894585135,0
"20516","Santo Domingo Teojomulco",1315,0,5260,0,0.114068441064639,0,0.980228136882129,0,0.992395437262357,0,0.807604562737643,0,0.191634980988593,0,0.0942965779467681,0
"20033","Guadalupe Etla",769,0,2929,0,0.0182054616384915,0,0.993498049414824,0,0.984395318595579,0,0.966189856957087,0,0.035110533159948,0,0.0494148244473342,0
"20050","Magdalena Peñasco",981,0,3750,0,0.198776758409786,0,0.971457696228338,0,0.885830784913354,0,0.843017329255861,0,0.155963302752294,0,0.0591233435270133,0
"20035","Guelatao de Juárez",165,0,657,0,0.0121212121212121,0,1,0,1,0,0.96969696969697,0,0.0303030303030303,0,0.0303030303030303,0
"20051","Magdalena Teitipac",1009,0,4764,0,0.068384539147671,0,0.98810703666997,0,0.485629335976214,0,0.777006937561943,0,0.22001982160555,0,0.0753221010901883,0
"20536","San Vicente Nuñú",151,0,449,0,0.0662251655629139,0,0.993377483443709,0,1,0,0.940397350993378,0,0.0596026490066225,0,0.033112582781457,0
"20047","Santa Magdalena Jicotlán",30,0,81,0,0.0333333333333333,0,1,0,1,0,0.966666666666667,0,0.0333333333333333,0,0,0
"20037","Mesones Hidalgo",1130,0,4424,0,0.199115044247788,0,0.956637168141593,0,0.971681415929204,0,0.873451327433628,0,0.126548672566372,0,0.13716814159292,0
"20040","Huautepec",1650,0,6385,0,0.278787878787879,0,0.938181818181818,0,0.649090909090909,0,0.844242424242424,0,0.152121212121212,0,0.0787878787878788,0
"20041","Huautla de Jiménez",8759,0,31710,0,0.153099668911976,0,0.967804543897705,0,0.748144765384176,0,0.725311108574038,0,0.275145564562165,0,0.104235643338281,0
"20042","Ixtlán de Juárez",2314,0,8385,0,0.110198789974071,0,0.990060501296456,0,0.993517718236819,0,0.819792566983578,0,0.176750216076059,0,0.0661192739844425,0
"20045","Magdalena Apasco",2174,0,7888,0,0.0101195952161914,0,1.00091996320147,0,0.988040478380865,0,0.973321067157314,0,0.031278748850046,0,0.0386384544618215,0
"20053","Magdalena Tlacotepec",420,0,1297,0,0.0166666666666667,0,0.995238095238095,0,0.942857142857143,0,0.969047619047619,0,0.0285714285714286,0,0.0904761904761905,0
"20046","Magdalena Jaltepec",933,0,2943,0,0.113612004287245,0,0.979635584137192,0,0.823151125401929,0,0.913183279742765,0,0.0814576634512326,0,0.0578778135048231,0
"20523","Santo Domingo Yanhuitlán",517,0,1633,0,0.0909090909090909,0,0.994197292069632,0,0.95357833655706,0,0.878143133462282,0,0.121856866537718,0,0.100580270793037,0
"20048","Magdalena Mixtepec",271,0,1433,0,0.210332103321033,0,1.01107011070111,0,1.03690036900369,0,0.664206642066421,0,0.380073800738007,0,0.051660516605166,0
"20522","Santo Domingo Xagacía",350,0,1205,0,0.291428571428571,0,0.971428571428571,0,0.951428571428571,0,0.748571428571429,0,0.251428571428571,0,0.134285714285714,0
"20456","Santiago Cacaloxtepec",493,0,1667,0,0.0547667342799189,0,0.975659229208925,0,0.945233265720081,0,0.95131845841785,0,0.0304259634888438,0,0.160243407707911,0
"20060","Mixistlán de la Reforma",647,0,2487,0,0.255023183925811,0,0.938176197836167,0,0.942812982998454,0,0.789799072642968,0,0.205564142194745,0,0.0185471406491499,0
"20061","Monjas",801,0,2893,0,0.103620474406991,0,0.976279650436954,0,0.785268414481898,0,0.800249687890137,0,0.197253433208489,0,0.0586766541822722,0
"20062","Natividad",155,0,498,0,0.0129032258064516,0,0.993548387096774,0,1,0,0.909677419354839,0,0.0903225806451613,0,0.0387096774193548,0
"20063","Nazareno Etla",1129,0,4293,0,0.0221434898139947,0,0.988485385296723,0,0.924712134632418,0,0.976085031000886,0,0.0221434898139947,0,0.0434012400354296,0
"20065","Ixpantepec Nieves",349,0,1079,0,0.117478510028653,0,0.979942693409742,0,0.962750716332378,0,0.885386819484241,0,0.114613180515759,0,0.0888252148997135,0
"20069","La Pe",780,0,3052,0,0.115384615384615,0,0.98974358974359,0,0.930769230769231,0,0.832051282051282,0,0.167948717948718,0,0.1,0
"20070","Pinotepa de Don Luis",1664,0,6416,0,0.170072115384615,0,0.973557692307692,0,0.907451923076923,0,0.839543269230769,0,0.158052884615385,0,0.149038461538462,0
"20071","Pluma Hidalgo",861,0,3255,0,0.114982578397213,0,0.939605110336818,0,0.932636469221835,0,0.786295005807201,0,0.209059233449477,0,0.13472706155633,0
"20096","San Andrés Sinaxtla",227,0,756,0,0.0220264317180617,0,0.982378854625551,0,0.960352422907489,0,0.92511013215859,0,0.066079295154185,0,0.0616740088105727,0
"20072","San José del Progreso",2099,0,8059,0,0.0933777989518818,0,0.987613149118628,0,0.716531681753216,0,0.84945212005717,0,0.15054787994283,0,0.0924249642686994,0
"20097","San Andrés Solaga",525,0,1771,0,0.140952380952381,0,0.994285714285714,0,0.998095238095238,0,0.748571428571429,0,0.251428571428571,0,0.020952380952381,0
"20098","San Andrés Teotilálpam",1118,0,4233,0,0.227191413237925,0,0.963327370304115,0,0.940966010733453,0,0.840787119856887,0,0.161001788908766,0,0.177996422182469,0
"20074","Santa Catarina Quioquitani",128,0,456,0,0.234375,0,0.9921875,0,0.9921875,0,0.9609375,0,0.0390625,0,0.03125,0
"20076","La Reforma",902,0,3411,0,0.114190687361419,0,0.953436807095344,0,0.972283813747228,0,0.851441241685144,0,0.131929046563193,0,0.0620842572062084,0
"20190","San Juan Cotzocón",6162,0,22444,0,0.154008438818565,0,0.972086984745213,0,0.838039597533268,0,0.881369685167154,0,0.115546900357027,0,0.0770853618954885,0
"20078","Rojas de Cuauhtémoc",376,0,1301,0,0.00531914893617021,0,1,0,0.944148936170213,0,0.957446808510638,0,0.0478723404255319,0,0.0319148936170213,0
"20077","Reyes Etla",1047,0,4370,0,0.0133715377268386,0,1.02101241642789,0,0.882521489971347,0,0.959885386819484,0,0.0735434574976122,0,0.055396370582617,0
"20081","San Agustín Atenango",590,0,1871,0,0.123728813559322,0,0.967796610169491,0,0.91864406779661,0,0.927118644067797,0,0.0694915254237288,0,0.0864406779661017,0
"20094","San Andrés Nuxiño",587,0,1850,0,0.127768313458262,0,0.979557069846678,0,0.807495741056218,0,0.942078364565588,0,0.0562180579216354,0,0.0766609880749574,0
"20080","San Agustín Amatengo",533,0,1593,0,0.110694183864916,0,0.979362101313321,0,0.964352720450281,0,0.791744840525328,0,0.208255159474672,0,0.103189493433396,0
"20084","San Agustín Etla",1199,0,4168,0,0.0100083402835696,0,0.992493744787323,0,0.991659716430359,0,0.958298582151793,0,0.0391993327773144,0,0.0467055879899917,0
"20082","San Agustín Chayuco",1174,0,4163,0,0.154173764906303,0,0.953151618398637,0,0.973594548551959,0,0.866269165247019,0,0.127768313458262,0,0.113287904599659,0
"20086","San Agustín Tlacotepec",328,0,1032,0,0.23780487804878,0,0.960365853658537,0,0.948170731707317,0,0.847560975609756,0,0.155487804878049,0,0.134146341463415,0
"20083","San Agustín de las Juntas",2980,0,11391,0,0.011744966442953,0,0.988590604026846,0,0.954026845637584,0,0.899328859060403,0,0.0939597315436242,0,0.143959731543624,0
"20092","San Andrés Ixtlahuaca",489,0,1776,0,0.0572597137014315,0,0.983640081799591,0,0.916155419222904,0,0.912065439672802,0,0.098159509202454,0,0.081799591002045,0
"20087","San Agustín Yatareni",1414,0,5521,0,0.0162659123055163,0,0.997878359264498,0,0.641442715700141,0,0.905940594059406,0,0.0954738330975955,0,0.152050919377652,0
"20089","San Andrés Dinicuiti",616,0,2308,0,0.11525974025974,0,0.988636363636364,0,0.983766233766234,0,0.956168831168831,0,0.0340909090909091,0,0.107142857142857,0
"20090","San Andrés Huaxpaltepec",1791,0,6234,0,0.105527638190955,0,0.97822445561139,0,0.617532104969291,0,0.882747068676717,0,0.117252931323283,0,0.150753768844221,0
"20091","San Andrés Huayápam",1831,0,6279,0,0.00819224467504096,0,1.00109229929001,0,0.978154014199891,0,0.94593118514473,0,0.0578918623702895,0,0.0376843255051884,0
"20095","San Andrés Paxtlán",1029,0,4562,0,0.178814382896016,0,0.97667638483965,0,0.909620991253644,0,0.704567541302235,0,0.295432458697765,0,0.0233236151603499,0
"20100","San Andrés Yaá",154,0,393,0,0.136363636363636,0,0.980519480519481,0,0.980519480519481,0,0.811688311688312,0,0.188311688311688,0,0.025974025974026,0
"20101","San Andrés Zabache",208,0,748,0,0.100961538461538,0,0.971153846153846,0,0.951923076923077,0,0.697115384615385,0,0.293269230769231,0,0.0384615384615385,0
"20102","San Andrés Zautla",1259,0,5326,0,0.0413026211278793,0,1.0945194598888,0,0.885623510722796,0,1.01906274821287,0,0.111993645750596,0,0.0929308975377284,0
"20233","San Lucas Quiaviní",442,0,1720,0,0.0452488687782805,0,0.993212669683258,0,0.993212669683258,0,0.846153846153846,0,0.15158371040724,0,0.0610859728506787,0
"20103","San Antonino Castillo Velasco",1569,0,6064,0,0.0305927342256214,0,0.994901210962396,0,0.468451242829828,0,0.725940089228808,0,0.27087316762269,0,0.135117909496495,0
"20104","San Antonino el Alto",706,0,2705,0,0.189801699716714,0,0.964589235127479,0,0.994334277620397,0,0.803116147308782,0,0.198300283286119,0,0.0509915014164306,0
"20105","San Antonino Monte Verde",1909,0,7678,0,0.132530120481928,0,0.98952331063384,0,0.994237820848612,0,0.879518072289157,0,0.123101100052383,0,0.0508119434258774,0
"20107","San Antonio de la Cal",5678,0,26282,0,0.00968650933427263,0,1.08189503346249,0,1.01215216625572,0,0.989256780556534,0,0.0970412116942585,0,0.128214159915463,0
"20108","San Antonio Huitepec",804,0,2936,0,0.259950248756219,0,0.961442786069652,0,0.870646766169154,0,0.810945273631841,0,0.190298507462687,0,0.0572139303482587,0
"20109","San Antonio Nanahuatípam",339,0,1232,0,0.0501474926253687,0,0.970501474926254,0,0.967551622418879,0,0.899705014749263,0,0.100294985250737,0,0.079646017699115,0
"20110","San Antonio Sinicahua",438,0,1668,0,0.276255707762557,0,0.945205479452055,0,0.575342465753425,0,0.805936073059361,0,0.191780821917808,0,0.0410958904109589,0
"20111","San Antonio Tepetlapa",1125,0,4873,0,0.257777777777778,0,0.964444444444444,0,0.786666666666667,0,0.8,0,0.191111111111111,0,0.192,0
"20527","Santos Reyes Pápalo",613,0,2490,0,0.128874388254486,0,0.99184339314845,0,0.99347471451876,0,0.833605220228385,0,0.166394779771615,0,0.0946166394779772,0
"20116","San Bartolomé Ayautla",1130,0,4131,0,0.398230088495575,0,0.973451327433628,0,0.924778761061947,0,0.809734513274336,0,0.189380530973451,0,0.235398230088496,0
"20114","San Baltazar Yatzachi el Bajo",243,0,674,0,0.0823045267489712,0,0.995884773662551,0,0.995884773662551,0,0.880658436213992,0,0.119341563786008,0,0.0329218106995885,0
"20172","San Juan Achiutla",145,0,408,0,0.0689655172413793,0,0.979310344827586,0,0.979310344827586,0,0.931034482758621,0,0.0620689655172414,0,0.0344827586206897,0
"20115","San Bartolo Coyotepec",2815,0,10391,0,0.0134991119005329,0,0.995737122557727,0,0.925044404973357,0,0.941740674955595,0,0.0632326820603908,0,0.0603907637655417,0
"20413","Santa María Huatulco",14596,0,50862,0,0.0406960811181146,0,1.0074677993971,0,0.988010413812003,0,0.92662373252946,0,0.106124965744039,0,0.280213757193752,0
"20119","San Bartolomé Yucuañe",218,0,735,0,0.174311926605505,0,0.986238532110092,0,0.990825688073395,0,0.743119266055046,0,0.256880733944954,0,0.119266055045872,0
"20120","San Bartolomé Zoogocho",115,0,449,0,0.226086956521739,0,0.982608695652174,0,0.965217391304348,0,0.834782608695652,0,0.156521739130435,0,0.0695652173913043,0
"20121","San Bartolo Soyaltepec",205,0,596,0,0.0878048780487805,0,0.985365853658537,0,0.990243902439024,0,0.951219512195122,0,0.0536585365853659,0,0.048780487804878,0
"20014","Ciudad Ixtepec",8569,0,28082,0,0.0234566460497141,0,0.989380324425254,0,0.978177150192555,0,0.952386509511028,0,0.0473800910257906,0,0.137822383008519,0
"20015","Coatecas Altas",1212,0,5356,0,0.13036303630363,0,0.983498349834984,0,0.831683168316832,0,0.768151815181518,0,0.231848184818482,0,0.0841584158415842,0
"20123","San Bernardo Mixtepec",759,0,2829,0,0.101449275362319,0,0.977602108036891,0,0.911725955204216,0,0.857707509881423,0,0.142292490118577,0,0.0579710144927536,0
"20122","San Bartolo Yautepec",203,0,653,0,0.231527093596059,0,0.985221674876847,0,0.990147783251232,0,0.729064039408867,0,0.270935960591133,0,0.0689655172413793,0
"20528","Santos Reyes Tepejillo",284,0,904,0,0.183098591549296,0,1.00352112676056,0,1.00352112676056,0,0.943661971830986,0,0.0669014084507042,0,0.0704225352112676,0
"20124","Heroica Villa de San Blas Atempa",5088,0,19696,0,0.0843160377358491,0,0.957940251572327,0,0.838443396226415,0,0.588836477987421,0,0.408805031446541,0,0.252948113207547,0
"20129","San Cristóbal Suchixtlahuaca",113,0,356,0,0.00884955752212389,0,1,0,1,0,0.973451327433628,0,0.0265486725663717,0,0.0353982300884956,0
"20206","San Juan de los Cués",722,0,2421,0,0.155124653739612,0,0.975069252077562,0,0.966759002770083,0,0.889196675900277,0,0.109418282548476,0,0.102493074792244,0
"20126","San Cristóbal Amatlán",1381,0,5396,0,0.245474293989862,0,0.965242577842143,0,0.947863866763215,0,0.742939898624185,0,0.257784214337437,0,0.0839971035481535,0
"20020","Constancia del Rosario",1056,0,4847,0,0.191287878787879,0,0.96875,0,0.989583333333333,0,0.81344696969697,0,0.185606060606061,0,0.190340909090909,0
"20127","San Cristóbal Amoltepec",395,0,1252,0,0.278481012658228,0,0.911392405063291,0,0.936708860759494,0,0.784810126582278,0,0.212658227848101,0,0.0759493670886076,0
"20128","San Cristóbal Lachirioag",482,0,1342,0,0.132780082987552,0,0.991701244813278,0,0.993775933609959,0,0.935684647302905,0,0.0580912863070539,0,0.024896265560166,0
"20529","Santos Reyes Yucuná",253,0,1474,0,0.185770750988142,0,0.992094861660079,0,0.837944664031621,0,0.905138339920949,0,0.0988142292490119,0,0.142292490118577,0
"20131","San Dionisio Ocotepec",2774,0,11411,0,0.0724585436193223,0,0.976568132660418,0,0.958543619322278,0,0.751982696467195,0,0.251982696467195,0,0.0865176640230714,0
"20130","San Dionisio del Mar",1618,0,5180,0,0.207045735475896,0,0.944375772558714,0,0.749072929542645,0,0.915945611866502,0,0.0772558714462299,0,0.197156983930779,0
"20152","San Francisco Tlapancingo",517,0,2472,0,0.251450676982592,0,0.967117988394584,0,0.655705996131528,0,0.866537717601547,0,0.135396518375242,0,0.0270793036750484,0
"20153","San Gabriel Mixtepec",1275,0,4910,0,0.0698039215686275,0,0.980392156862745,0,0.978823529411765,0,0.916078431372549,0,0.0815686274509804,0,0.145098039215686,0
"20132","San Dionisio Ocotlán",372,0,1380,0,0.0806451612903226,0,0.978494623655914,0,0.774193548387097,0,0.903225806451613,0,0.0967741935483871,0,0.0564516129032258,0
"20135","San Felipe Tejalápam",2042,0,8231,0,0.0377081292850147,0,0.988246816846229,0,0.886875612144956,0,0.865817825661117,0,0.133692458374143,0,0.0470127326150832,0
"20136","San Felipe Usila",2917,0,12191,0,0.173808707576277,0,0.980459376071306,0,0.952005485087419,0,0.826191292423723,0,0.170723345903325,0,0.0421666095303394,0
"20137","San Francisco Cahuacuá",900,0,3450,0,0.504444444444444,0,0.926666666666667,0,0.967777777777778,0,0.737777777777778,0,0.263333333333333,0,0.108888888888889,0
"20139","San Francisco Chapulapa",574,0,2195,0,0.240418118466899,0,0.975609756097561,0,0.95993031358885,0,0.818815331010453,0,0.179442508710801,0,0.134146341463415,0
"20142","San Francisco Huehuetlán",284,0,842,0,0.186619718309859,0,0.992957746478873,0,0.926056338028169,0,0.880281690140845,0,0.119718309859155,0,0.0387323943661972,0
"20140","San Francisco Chindúa",238,0,812,0,0.0378151260504202,0,1.01260504201681,0,1.01680672268908,0,0.861344537815126,0,0.159663865546218,0,0.11344537815126,0
"20141","San Francisco del Mar",2454,0,8710,0,0.127139364303178,0,0.872860635696821,0,0.845558272208639,0,0.908720456397718,0,0.0884270578647107,0,0.198859005704971,0
"20160","San Jerónimo Silacayoapilla",451,0,1429,0,0.0798226164079823,0,0.98669623059867,0,0.940133037694013,0,0.980044345898004,0,0.0199556541019956,0,0.11529933481153,0
"20143","San Francisco Ixhuatán",3031,0,9461,0,0.0781920158363576,0,0.975255691191026,0,0.941273507093369,0,0.932695480039591,0,0.0577367205542725,0,0.132959419333553,0
"20144","San Francisco Jaltepetongo",351,0,1075,0,0.116809116809117,0,0.957264957264957,0,0.905982905982906,0,0.928774928774929,0,0.0712250712250712,0,0.0769230769230769,0
"20145","San Francisco Lachigoló",1494,0,5215,0,0.0207496653279786,0,0.968540829986613,0,0.835341365461847,0,0.934404283801874,0,0.0575635876840696,0,0.0595716198125837,0
"20531","Santo Tomás Mazaltepec",679,0,2612,0,0.0618556701030928,0,0.985272459499264,0,0.961708394698085,0,0.888070692194403,0,0.108983799705449,0,0.0544918998527246,0
"20146","San Francisco Logueche",667,0,2803,0,0.160419790104948,0,0.992503748125937,0,0.911544227886057,0,0.781109445277361,0,0.218890554722639,0,0.0179910044977511,0
"20147","San Francisco Nuxaño",121,0,376,0,0.15702479338843,0,0.983471074380165,0,0.983471074380165,0,0.925619834710744,0,0.0743801652892562,0,0.0165289256198347,0
"20148","San Francisco Ozolotepec",502,0,2182,0,0.298804780876494,0,0.938247011952191,0,0.944223107569721,0,0.874501992031873,0,0.123505976095618,0,0.0677290836653386,0
"20150","San Francisco Telixtlahuaca",3361,0,13856,0,0.0238024397500744,0,0.991371615590598,0,0.927402558762273,0,0.901814936030943,0,0.105920856887831,0,0.0773579291877417,0
"20151","San Francisco Teopan",101,0,312,0,0.0594059405940594,0,0.98019801980198,0,1,0,0.881188118811881,0,0.118811881188119,0,0,0
"20157","San Jacinto Amilpas",4620,0,16827,0,0.00432900432900433,0,1.02792207792208,0,1.01731601731602,0,0.987878787878788,0,0.041991341991342,0,0.0818181818181818,0
"20248","San Mateo del Mar",3894,0,15571,0,0.310220852593734,0,0.835901386748844,0,0.377503852080123,0,0.517205957883924,0,0.475860297894196,0,0.435798664612224,0
"20158","San Jacinto Tlacotepec",595,0,2233,0,0.146218487394958,0,0.978151260504202,0,0.956302521008403,0,0.811764705882353,0,0.189915966386555,0,0.0722689075630252,0
"20162","San Jerónimo Taviche",491,0,2046,0,0.0977596741344195,0,0.965376782077393,0,0.661914460285132,0,0.810590631364562,0,0.189409368635438,0,0.144602851323829,0
"20164","San Jorge Nuchita",761,0,2881,0,0.107752956636005,0,1.00394218134034,0,0.973718791064389,0,0.954007884362681,0,0.064388961892247,0,0.109067017082786,0
"20176","San Juan Bautista Coixtlahuaca",834,0,2725,0,0.152278177458034,0,0.943645083932854,0,0.748201438848921,0,0.883693045563549,0,0.117505995203837,0,0.0599520383693046,0
"20165","San José Ayuquila",457,0,1629,0,0.0656455142231947,0,0.984682713347921,0,0.978118161925602,0,0.958424507658643,0,0.0437636761487965,0,0.113785557986871,0
"20167","San José del Peñasco",563,0,2149,0,0.0959147424511545,0,0.964476021314387,0,0.817051509769094,0,0.719360568383659,0,0.275310834813499,0,0.0408525754884547,0
"20530","Santo Tomás Jalieza",967,0,3923,0,0.0889348500517063,0,0.981385729058945,0,0.599793174767322,0,0.845915201654602,0,0.154084798345398,0,0.100310237849018,0
"20187","San Juan Coatzóspam",521,0,1808,0,0.276391554702495,0,0.963531669865643,0,0.90595009596929,0,0.934740882917466,0,0.0652591170825336,0,0.0422264875239923,0
"20171","San José Tenango",4825,0,18102,0,0.316062176165803,0,0.883523316062176,0,0.320621761658031,0,0.467150259067358,0,0.534507772020725,0,0.205181347150259,0
"20188","San Juan Colorado",2583,0,9609,0,0.303135888501742,0,0.938830816879597,0,0.902826171118854,0,0.751451800232288,0,0.246612466124661,0,0.231513743708866,0
"20173","San Juan Atepec",480,0,1457,0,0.110416666666667,0,0.995833333333333,0,0.985416666666667,0,0.76875,0,0.23125,0,0.0416666666666667,0
"20174","Ánimas Trujano",1218,0,4564,0,0.0164203612479475,0,0.992610837438424,0,0.955665024630542,0,0.944991789819376,0,0.055008210180624,0,0.0853858784893268,0
"20191","San Juan Chicomezúchil",92,0,296,0,0.0543478260869565,0,1,0,1,0,0.804347826086957,0,0.195652173913043,0,0.0217391304347826,0
"20196","San Juan Evangelista Analco",135,0,407,0,0.0592592592592593,0,1,0,1,0,0.866666666666667,0,0.133333333333333,0,0,0
"20178","San Juan Bautista Guelache",1783,0,6692,0,0.0190689848569826,0,0.997195737521032,0,0.888951205832866,0,0.946158160403814,0,0.0560852495793606,0,0.0375771172181716,0
"20197","San Juan Guelavía",985,0,3288,0,0.0446700507614213,0,0.989847715736041,0,0.937055837563452,0,0.911675126903553,0,0.0903553299492386,0,0.0730964467005076,0
"20180","San Juan Bautista Lo de Soto",749,0,2344,0,0.0854472630173565,0,0.974632843791722,0,0.969292389853137,0,0.926568758344459,0,0.0640854472630174,0,0.18958611481976,0
"20204","San Juan Lajarcia",219,0,634,0,0.123287671232877,0,0.986301369863014,0,0.995433789954338,0,0.858447488584475,0,0.141552511415525,0,0.123287671232877,0
"20181","San Juan Bautista Suchitepec",161,0,453,0,0.173913043478261,0,0.975155279503106,0,0.981366459627329,0,0.906832298136646,0,0.093167701863354,0,0.105590062111801,0
"20480","Santiago Nundiche",402,0,1351,0,0.383084577114428,0,0.880597014925373,0,0.835820895522388,0,0.796019900497512,0,0.203980099502488,0,0.114427860696517,0
"20182","San Juan Bautista Tlacoatzintepec",546,0,2181,0,0.269230769230769,0,0.981684981684982,0,0.866300366300366,0,0.847985347985348,0,0.152014652014652,0,0.0677655677655678,0
"20183","San Juan Bautista Tlachichilco",374,0,1475,0,0.13903743315508,0,0.991978609625668,0,0.890374331550802,0,0.943850267379679,0,0.053475935828877,0,0.0374331550802139,0
"20189","San Juan Comaltepec",697,0,3116,0,0.365853658536585,0,0.899569583931133,0,0.938307030129125,0,0.773314203730273,0,0.226685796269727,0,0.0473457675753228,0
"20192","San Juan Chilateca",450,0,1522,0,0.0222222222222222,0,1.00222222222222,0,0.971111111111111,0,0.928888888888889,0,0.0733333333333333,0,0.0488888888888889,0
"20193","San Juan del Estado",731,0,2807,0,0.0246238030095759,0,0.991792065663475,0,0.993160054719562,0,0.839945280437757,0,0.158686730506156,0,0.0574555403556772,0
"20464","Santiago Ihuitlán Plumas",115,0,341,0,0.165217391304348,0,1,0,0.947826086956522,0,0.921739130434783,0,0.0782608695652174,0,0.0608695652173913,0
"20194","San Juan del Río",443,0,1372,0,0.0428893905191874,0,0.993227990970655,0,0.997742663656885,0,0.981941309255079,0,0.0158013544018059,0,0.072234762979684,0
"20195","San Juan Diuxi",391,0,1056,0,0.161125319693095,0,0.982097186700767,0,0.710997442455243,0,0.833759590792839,0,0.166240409207161,0,0.0690537084398977,0
"20199","San Juan Ihualtepec",144,0,494,0,0.194444444444444,0,0.972222222222222,0,0.868055555555556,0,0.909722222222222,0,0.0763888888888889,0,0.152777777777778,0
"20200","San Juan Juquila Mixes",1072,0,3703,0,0.265858208955224,0,0.984141791044776,0,0.992537313432836,0,0.763992537313433,0,0.234141791044776,0,0.0382462686567164,0
"20201","San Juan Juquila Vijanos",562,0,1880,0,0.241992882562278,0,0.98220640569395,0,0.991103202846975,0,0.711743772241993,0,0.284697508896797,0,0.0533807829181495,0
"20202","San Juan Lachao",1089,0,4577,0,0.111111111111111,0,0.975206611570248,0,0.971533516988062,0,0.897153351698806,0,0.0964187327823691,0,0.0734618916437098,0
"20203","San Juan Lachigalla",831,0,3538,0,0.0926594464500602,0,0.978339350180505,0,0.779783393501805,0,0.79783393501805,0,0.200962695547533,0,0.0685920577617329,0
"20210","San Juan Ñumí",1679,0,5773,0,0.257891602144133,0,0.970815961882073,0,0.974985110184634,0,0.79630732578916,0,0.201905896366885,0,0.0303752233472305,0
"20208","San Juan Mixtepec",2326,0,6941,0,0.184436801375752,0,0.9664660361135,0,0.934651762682717,0,0.863284608770421,0,0.140584694754944,0,0.100171969045572,0
"20209","San Juan Mixtepec",199,0,607,0,0.477386934673367,0,0.989949748743719,0,1.00502512562814,0,0.738693467336683,0,0.266331658291457,0,0.050251256281407,0
"20566","San Mateo Yucutindoo",899,0,3144,0,0.324805339265851,0,0.972191323692992,0,0.907675194660734,0,0.78754171301446,0,0.212458286985539,0,0.0967741935483871,0
"20215","San Juan Sayultepec",235,0,879,0,0.025531914893617,0,0.982978723404255,0,0.991489361702128,0,0.914893617021277,0,0.0893617021276596,0,0.0893617021276596,0
"20218","San Juan Teita",166,0,544,0,0.234939759036145,0,0.975903614457831,0,0.987951807228916,0,0.94578313253012,0,0.0542168674698795,0,0.0903614457831325,0
"20284","San Miguel Tilquiápam",670,0,3141,0,0.201492537313433,0,0.988059701492537,0,0.986567164179105,0,0.804477611940299,0,0.222388059701493,0,0.102985074626866,0
"20216","San Juan Tabaá",331,0,1241,0,0.108761329305136,0,1,0,0.996978851963746,0,0.72809667673716,0,0.27190332326284,0,0.0120845921450151,0
"20217","San Juan Tamazola",930,0,3325,0,0.297849462365591,0,0.897849462365591,0,0.481720430107527,0,0.690322580645161,0,0.31505376344086,0,0.0806451612903226,0
"20219","San Juan Teitipac",755,0,2668,0,0.0821192052980132,0,0.989403973509934,0,0.956291390728477,0,0.814569536423841,0,0.184105960264901,0,0.0264900662251656,0
"20221","San Juan Teposcolula",430,0,1494,0,0.127906976744186,0,0.965116279069767,0,0.962790697674419,0,0.909302325581395,0,0.0930232558139535,0,0.0441860465116279,0
"20222","San Juan Yaeé",458,0,1426,0,0.240174672489083,0,0.980349344978166,0,0.978165938864629,0,0.877729257641921,0,0.117903930131004,0,0.0764192139737991,0
"20223","San Juan Yatzona",133,0,440,0,0.150375939849624,0,0.992481203007519,0,0.992481203007519,0,0.977443609022556,0,0.0150375939849624,0,0,0
"20541","Tanetze de Zaragoza",497,0,1558,0,0.126760563380282,0,0.997987927565392,0,1.00201207243461,0,0.762575452716298,0,0.23943661971831,0,0.0321931589537223,0
"20498","Santiago Yaveo",2069,0,7593,0,0.145964233929435,0,0.96906718221363,0,0.535041082648622,0,0.857902368293862,0,0.145964233929435,0,0.117448042532624,0
"20224","San Juan Yucuita",192,0,643,0,0.03125,0,0.994791666666667,0,0.817708333333333,0,0.947916666666667,0,0.0520833333333333,0,0.0520833333333333,0
"20225","San Lorenzo",1644,0,5903,0,0.307785888077859,0,0.938564476885645,0,0.727493917274939,0,0.814476885644769,0,0.1830900243309,0,0.153284671532847,0
"20016","Coicoyán de las Flores",1677,0,9563,0,0.588550983899821,0,0.911747167561121,0,0.964818127608825,0,0.604651162790698,0,0.383422778771616,0,0.201550387596899,0
"20226","San Lorenzo Albarradas",822,0,2971,0,0.0693430656934307,0,1.01459854014599,0,1,0,0.990267639902676,0,0.037712895377129,0,0.0815085158150852,0
"20228","San Lorenzo Cuaunecuiltitla",200,0,833,0,0.14,0,0.995,0,0.895,0,0.905,0,0.095,0,0.07,0
"20229","San Lorenzo Texmelúcan",1643,0,9148,0,0.317102860620816,0,0.972002434570907,0,0.951308581862447,0,0.642118076688984,0,0.358490566037736,0,0.0213024954351795,0
"20231","San Lucas Camotlán",799,0,3187,0,0.575719649561952,0,0.90738423028786,0,0.95369211514393,0,0.709637046307885,0,0.294117647058824,0,0.0575719649561952,0
"20232","San Lucas Ojitlán",5397,0,22185,0,0.13396331295164,0,0.942931258106355,0,0.810264962015935,0,0.707615341856587,0,0.289790624420975,0,0.156753752084491,0
"20234","San Lucas Zoquiápam",1950,0,7163,0,0.241025641025641,0,0.962564102564103,0,0.862564102564103,0,0.691282051282051,0,0.314871794871795,0,0.0682051282051282,0
"20235","San Luis Amatlán",1091,0,3829,0,0.108157653528873,0,0.980751604032997,0,0.900091659028414,0,0.922089825847846,0,0.078826764436297,0,0.0430797433547204,0
"20236","San Marcial Ozolotepec",339,0,1372,0,0.262536873156342,0,0.864306784660767,0,0.985250737463127,0,0.725663716814159,0,0.277286135693215,0,0.0324483775811209,0
"20239","San Martín Huamelúlpam",344,0,1000,0,0.104651162790698,0,0.976744186046512,0,0.781976744186046,0,0.843023255813954,0,0.156976744186047,0,0.0668604651162791,0
"20240","San Martín Itunyoso",608,0,2749,0,0.261513157894737,0,0.983552631578947,0,0.654605263157895,0,0.644736842105263,0,0.355263157894737,0,0.0427631578947368,0
"20241","San Martín Lachilá",323,0,1034,0,0.0712074303405573,0,0.981424148606811,0,0.987616099071207,0,0.86687306501548,0,0.126934984520124,0,0.0278637770897833,0
"20242","San Martín Peras",2314,0,12436,0,0.237683664649957,0,0.95980985306828,0,0.98876404494382,0,0.774416594641314,0,0.217372515125324,0,0.0717372515125324,0
"20243","San Martín Tilcajete",476,0,1975,0,0.0294117647058824,0,0.991596638655462,0,0.928571428571429,0,0.920168067226891,0,0.0777310924369748,0,0.069327731092437,0
"20244","San Martín Toxpalan",1049,0,3934,0,0.0695900857959962,0,0.976167778836988,0,0.98093422306959,0,0.86558627264061,0,0.132507149666349,0,0.0724499523355577,0
"20249","San Mateo Yoloxochitlán",977,0,3831,0,0.154554759467758,0,0.976458546571136,0,0.93654042988741,0,0.817809621289662,0,0.181166837256909,0,0.0972364380757421,0
"20525","Santo Domingo Zanatepec",3784,0,12483,0,0.0578752642706131,0,0.982029598308668,0,0.877906976744186,0,0.947674418604651,0,0.0470401691331924,0,0.121035940803383,0
"20526","Santos Reyes Nopala",4461,0,16688,0,0.14862138533961,0,0.96592692221475,0,0.968392737054472,0,0.848688634835239,0,0.148845550325039,0,0.154225509975342,0
"20245","San Martín Zacatepec",360,0,1324,0,0.105555555555556,0,0.986111111111111,0,0.513888888888889,0,0.947222222222222,0,0.0416666666666667,0,0.0555555555555556,0
"20269","San Miguel el Grande",1317,0,4313,0,0.195899772209567,0,0.951404707668945,0,0.965831435079727,0,0.779043280182232,0,0.218678815489749,0,0.0584662110858011,0
"20247","Capulálpam de Méndez",419,0,1619,0,0.00477326968973747,0,0.997613365155131,0,0.995226730310263,0,0.959427207637232,0,0.0381861575178998,0,0.0310262529832936,0
"20250","San Mateo Etlatongo",381,0,1239,0,0.026246719160105,0,0.99737532808399,0,0.981627296587926,0,0.800524934383202,0,0.196850393700787,0,0.10761154855643,0
"20255","San Mateo Sindihui",501,0,1977,0,0.153692614770459,0,0.992015968063872,0,0.978043912175649,0,0.872255489021956,0,0.125748502994012,0,0.0978043912175649,0
"20252","San Mateo Peñasco",609,0,2384,0,0.267651888341544,0,0.96551724137931,0,0.977011494252874,0,0.778325123152709,0,0.229885057471264,0,0.154351395730706,0
"20257","San Melchor Betaza",330,0,1052,0,0.215151515151515,0,0.987878787878788,0,0.993939393939394,0,0.851515151515152,0,0.148484848484848,0,0.0303030303030303,0
"20258","San Miguel Achiutla",251,0,698,0,0.151394422310757,0,0.964143426294821,0,0.97609561752988,0,0.784860557768924,0,0.211155378486056,0,0.0956175298804781,0
"20259","San Miguel Ahuehuetitlán",526,0,2142,0,0.112167300380228,0,0.988593155893536,0,0.973384030418251,0,0.88212927756654,0,0.11787072243346,0,0.144486692015209,0
"20260","San Miguel Aloápam",572,0,2191,0,0.0926573426573427,0,0.994755244755245,0,0.993006993006993,0,0.777972027972028,0,0.222027972027972,0,0.0314685314685315,0
"20268","San Miguel Ejutla",304,0,1149,0,0.0296052631578947,0,0.986842105263158,0,0.960526315789474,0,0.907894736842105,0,0.0953947368421053,0,0.0526315789473684,0
"20276","San Miguel Santa Flor",218,0,691,0,0.220183486238532,0,0.967889908256881,0,0.981651376146789,0,0.86697247706422,0,0.13302752293578,0,0.0321100917431193,0
"20281","San Miguel Tecomatlán",117,0,305,0,0.0256410256410256,0,0.982905982905983,0,0.982905982905983,0,0.982905982905983,0,0.00854700854700855,0,0.0256410256410256,0
"20274","San Miguel Piedras",351,0,1328,0,0.299145299145299,0,0.954415954415954,0,0.692307692307692,0,0.723646723646724,0,0.276353276353276,0,0.0826210826210826,0
"20532","Santo Tomás Ocotepec",978,0,4066,0,0.254601226993865,0,1.03783231083845,0,1.05112474437628,0,0.81799591002045,0,0.258691206543967,0,0.049079754601227,0
"20280","Villa Talea de Castro",709,0,2011,0,0.0662905500705219,0,0.992947813822285,0,0.991537376586742,0,0.867418899858956,0,0.126939351198872,0,0.0155148095909732,0
"20533","Santo Tomás Tamazulapan",746,0,2726,0,0.0509383378016086,0,0.967828418230563,0,0.954423592493298,0,0.907506702412869,0,0.0844504021447721,0,0.0616621983914209,0
"20368","Santa Catarina Minas",550,0,2067,0,0.0418181818181818,0,0.990909090909091,0,0.867272727272727,0,0.863636363636364,0,0.136363636363636,0,0.0527272727272727,0
"20282","San Miguel Tenango",226,0,653,0,0.084070796460177,0,0.951327433628319,0,0.946902654867257,0,0.893805309734513,0,0.106194690265487,0,0.0353982300884956,0
"20052","Magdalena Tequisistlán",1838,0,5996,0,0.0990206746463547,0,0.982045701849837,0,0.978237214363438,0,0.912948857453754,0,0.112078346028292,0,0.130032644178455,0
"20283","San Miguel Tequixtepec",318,0,1044,0,0.0786163522012579,0,0.993710691823899,0,0.981132075471698,0,0.924528301886792,0,0.0754716981132075,0,0.0534591194968553,0
"20535","San Vicente Lachixío",715,0,3227,0,0.146853146853147,0,0.981818181818182,0,0.962237762237762,0,0.833566433566434,0,0.163636363636364,0,0.0265734265734266,0
"20286","San Miguel Tlacotepec",909,0,3100,0,0.0902090209020902,0,0.977997799779978,0,0.958195819581958,0,0.8998899889989,0,0.0968096809680968,0,0.0935093509350935,0
"20285","San Miguel Tlacamama",1018,0,3668,0,0.111984282907662,0,0.972495088408644,0,0.87229862475442,0,0.87524557956778,0,0.12278978388998,0,0.229862475442043,0
"20288","San Miguel Yotao",178,0,585,0,0.432584269662921,0,0.98314606741573,0,0.98314606741573,0,0.786516853932584,0,0.196629213483146,0,0.0617977528089888,0
"20289","San Nicolás",374,0,1214,0,0.122994652406417,0,0.986631016042781,0,0.96524064171123,0,0.879679144385027,0,0.120320855614973,0,0.106951871657754,0
"20290","San Nicolás Hidalgo",269,0,1043,0,0.0631970260223048,0,0.992565055762082,0,0.970260223048327,0,0.962825278810409,0,0.0371747211895911,0,0.033457249070632,0
"20292","San Pablo Cuatro Venados",339,0,1510,0,0.106194690265487,0,0.991150442477876,0,0.761061946902655,0,0.781710914454277,0,0.23598820058997,0,0.0855457227138643,0
"20380","Santa Cruz Papalutla",645,0,2242,0,0.0511627906976744,0,0.995348837209302,0,0.962790697674419,0,0.916279069767442,0,0.0821705426356589,0,0.0852713178294574,0
"20294","San Pablo Huitzo",1898,0,7035,0,0.0184404636459431,0,0.991570073761855,0,0.898840885142255,0,0.944678609062171,0,0.0569020021074816,0,0.0421496311907271,0
"20043","Heroica Ciudad de Juchitán de Zaragoza",25127,0,113570,0,0.0403947944442233,0,1.11752298324511,0,1.09857921757472,0,1.07422294742707,0,0.0532494925777053,0,0.152266486249851,0
"20295","San Pablo Huixtepec",2683,0,10020,0,0.0160268356317555,0,0.987327618337682,0,0.986954901229966,0,0.887066716362281,0,0.111442415206858,0,0.0540439806187104,0
"20538","Sitio de Xitlapehua",203,0,713,0,0.0591133004926108,0,0.995073891625616,0,0.96551724137931,0,0.931034482758621,0,0.0689655172413793,0,0.113300492610837,0
"20296","San Pablo Macuiltianguis",306,0,955,0,0.0816993464052288,0,0.996732026143791,0,0.993464052287582,0,0.957516339869281,0,0.042483660130719,0,0.0261437908496732,0
"20297","San Pablo Tijaltepec",606,0,2751,0,0.420792079207921,0,0.886138613861386,0,0.887788778877888,0,0.740924092409241,0,0.262376237623762,0,0.0973597359735974,0
"20304","San Pedro Coxcaltepec Cántaros",231,0,716,0,0.194805194805195,0,0.987012987012987,0,0.861471861471861,0,0.813852813852814,0,0.186147186147186,0,0.051948051948052,0
"20299","San Pablo Yaganiza",323,0,1125,0,0.139318885448916,0,0.993808049535604,0,0.993808049535604,0,0.913312693498452,0,0.0835913312693498,0,0.139318885448916,0
"20300","San Pedro Amuzgos",1886,0,6632,0,0.193531283138918,0,0.95864262990456,0,0.924178154825027,0,0.855779427359491,0,0.135737009544008,0,0.15694591728526,0
"20308","San Pedro Huilotepec",869,0,3307,0,0.0448791714614499,0,0.979286536248562,0,0.965477560414269,0,0.800920598388953,0,0.199079401611047,0,0.294591484464902,0
"20301","San Pedro Apóstol",454,0,1594,0,0.039647577092511,0,0.982378854625551,0,0.982378854625551,0,0.737885462555066,0,0.262114537444934,0,0.0616740088105727,0
"20311","San Pedro Jaltepetongo",161,0,483,0,0.130434782608696,0,0.993788819875776,0,0.869565217391304,0,0.509316770186335,0,0.490683229813665,0,0.111801242236025,0
"20302","San Pedro Atoyac",1118,0,4559,0,0.198568872987478,0,0.971377459749553,0,0.910554561717352,0,0.804114490161002,0,0.195885509838998,0,0.200357781753131,0
"20303","San Pedro Cajonos",359,0,1081,0,0.108635097493036,0,1.00278551532033,0,1,0,0.774373259052925,0,0.228412256267409,0,0.122562674094708,0
"20305","San Pedro Comitancillo",1434,0,4333,0,0.0529986052998605,0,0.98465829846583,0,0.974198047419805,0,0.968619246861925,0,0.0299860529986053,0,0.101115760111576,0
"20321","San Pedro Nopala",201,0,751,0,0.134328358208955,0,0.985074626865672,0,0.965174129353234,0,0.880597014925373,0,0.114427860696517,0,0.0298507462686567,0
"20332","San Pedro Topiltepec",131,0,373,0,0.0763358778625954,0,0.99236641221374,0,1,0,0.916030534351145,0,0.083969465648855,0,0.0610687022900763,0
"20307","San Pedro Huamelula",3071,0,9735,0,0.123086942364051,0,0.970693585151416,0,0.908498860306089,0,0.920872679908824,0,0.085965483555845,0,0.192445457505698,0
"20312","San Pedro Jicayán",2674,0,11279,0,0.160807778608826,0,0.976813762154076,0,0.555721765145849,0,0.837322363500374,0,0.164547494390426,0,0.136125654450262,0
"20313","San Pedro Jocotipac",270,0,730,0,0.177777777777778,0,0.977777777777778,0,0.988888888888889,0,0.796296296296296,0,0.2,0,0.0777777777777778,0
"20314","San Pedro Juchatengo",492,0,1755,0,0.258130081300813,0,0.981707317073171,0,0.98780487804878,0,0.869918699186992,0,0.119918699186992,0,0.0833333333333333,0
"20079","Salina Cruz",25259,0,84438,0,0.0200720535254761,0,0.999524921810048,0,0.920820301674651,0,0.980482204362801,0,0.0277128944138723,0,0.13365533077319,0
"20331","San Pedro Tidaá",331,0,982,0,0.16012084592145,0,0.978851963746224,0,0.972809667673716,0,0.858006042296072,0,0.141993957703928,0,0.0574018126888218,0
"20315","San Pedro Mártir",491,0,1899,0,0.10183299389002,0,0.989816700610998,0,0.676171079429735,0,0.378818737270876,0,0.619144602851324,0,0.0753564154786151,0
"20316","San Pedro Mártir Quiechapa",218,0,738,0,0.215596330275229,0,0.963302752293578,0,0.995412844036697,0,0.779816513761468,0,0.215596330275229,0,0.0825688073394495,0
"20207","San Juan Mazatlán",5038,0,19032,0,0.19789599047241,0,0.958316792377928,0,0.884874950377134,0,0.826319968241366,0,0.169114728066693,0,0.0780071456927352,0
"20317","San Pedro Mártir Yucuxaco",431,0,1257,0,0.1415313225058,0,0.955916473317865,0,0.779582366589327,0,0.835266821345708,0,0.164733178654292,0,0.0696055684454756,0
"20356","Santa Ana del Valle",600,0,2179,0,0.05,0,0.995,0,0.903333333333333,0,0.883333333333333,0,0.118333333333333,0,0.0583333333333333,0
"20319","San Pedro Mixtepec",321,0,972,0,0.49221183800623,0,0.975077881619938,0,0.990654205607477,0,0.757009345794392,0,0.242990654205607,0,0.0996884735202492,0
"20320","San Pedro Molinos",225,0,706,0,0.191111111111111,0,0.991111111111111,0,0.96,0,0.808888888888889,0,0.195555555555556,0,0.0133333333333333,0
"20322","San Pedro Ocopetatillo",244,0,786,0,0.139344262295082,0,0.991803278688525,0,0.926229508196721,0,0.762295081967213,0,0.241803278688525,0,0.0614754098360656,0
"20323","San Pedro Ocotepec",556,0,2404,0,0.242805755395683,0,0.974820143884892,0,0.983812949640288,0,0.890287769784173,0,0.109712230215827,0,0.0251798561151079,0
"20325","San Pedro Quiatoni",3137,0,11930,0,0.153331208160663,0,0.948039528211667,0,0.880140261396238,0,0.760918074593561,0,0.226012113484221,0,0.190309212623526,0
"20326","San Pedro Sochiápam",1211,0,5052,0,0.290668868703551,0,0.960363336085879,0,0.844756399669695,0,0.86952931461602,0,0.127993393889348,0,0.127993393889348,0
"20328","San Pedro Taviche",359,0,1441,0,0.200557103064067,0,0.986072423398329,0,0.816155988857939,0,0.835654596100279,0,0.164345403899721,0,0.142061281337047,0
"20335","San Pedro Yaneri",252,0,867,0,0.238095238095238,0,0.992063492063492,0,0.976190476190476,0,0.75,0,0.25,0,0.0476190476190476,0
"20336","San Pedro Yólox",492,0,1697,0,0.0528455284552846,0,0.991869918699187,0,0.997967479674797,0,0.928861788617886,0,0.0711382113821138,0,0.0345528455284553,0
"20339","San Pedro y San Pablo Teposcolula",1225,0,4353,0,0.0726530612244898,0,0.980408163265306,0,0.962448979591837,0,0.936326530612245,0,0.0628571428571429,0,0.0653061224489796,0
"20340","San Pedro y San Pablo Tequixtepec",625,0,1747,0,0.112,0,0.9472,0,0.9376,0,0.8864,0,0.0944,0,0.0992,0
"20341","San Pedro Yucunama",69,0,241,0,0.0869565217391304,0,0.985507246376812,0,1.01449275362319,0,0.884057971014493,0,0.173913043478261,0,0.072463768115942,0
"20342","San Raymundo Jalpan",1290,0,4105,0,0.0155038759689922,0,0.992248062015504,0,0.937984496124031,0,0.908527131782946,0,0.0922480620155039,0,0.0410852713178295,0
"20343","San Sebastián Abasolo",566,0,1999,0,0.0265017667844523,0,0.984098939929329,0,0.962897526501767,0,0.901060070671378,0,0.100706713780919,0,0.0671378091872792,0
"20345","San Sebastián Ixcapa",1214,0,4188,0,0.132619439868204,0,0.981878088962109,0,0.85172981878089,0,0.903624382207578,0,0.0930807248764415,0,0.186161449752883,0
"20346","San Sebastián Nicananduta",482,0,1542,0,0.0829875518672199,0,0.989626556016598,0,0.99792531120332,0,0.902489626556017,0,0.0954356846473029,0,0.0954356846473029,0
"20347","San Sebastián Río Hondo",1014,0,4202,0,0.142011834319527,0,0.968441814595661,0,0.952662721893491,0,0.869822485207101,0,0.11439842209073,0,0.0325443786982249,0
"20539","Soledad Etla",1658,0,6348,0,0.0265379975874548,0,0.963208685162847,0,0.893244873341375,0,0.955971049457177,0,0.0464414957780458,0,0.0778045838359469,0
"20211","San Juan Ozolotepec",763,0,3411,0,0.385321100917431,0,0.942332896461337,0,0.982961992136304,0,0.791612057667104,0,0.205766710353866,0,0.0760157273918742,0
"20212","San Juan Petlapa",835,0,3117,0,0.534131736526946,0,0.978443113772455,0,0.908982035928144,0,0.718562874251497,0,0.276646706586826,0,0.102994011976048,0
"20213","San Juan Quiahije",889,0,4203,0,0.0247469066366704,0,0.962879640044994,0,0.971878515185602,0,0.895388076490439,0,0.0922384701912261,0,0.0224971878515186,0
"20348","San Sebastián Tecomaxtlahuaca",2295,0,8192,0,0.133333333333333,0,0.961655773420479,0,0.944226579520697,0,0.806100217864924,0,0.182135076252723,0,0.115904139433551,0
"20349","San Sebastián Teitipac",638,0,2189,0,0.0752351097178683,0,0.971786833855799,0,0.794670846394984,0,0.869905956112853,0,0.125391849529781,0,0.0517241379310345,0
"20540","Villa de Tamazulápam del Progreso",2233,0,8326,0,0.0367218987908643,0,0.978056426332288,0,0.976712942230184,0,0.891625615763547,0,0.107926556202418,0,0.0855351545006717,0
"20350","San Sebastián Tutla",4956,0,16878,0,0.00242130750605327,0,1.0135189669088,0,1.00625504439064,0,0.989911218724778,0,0.0240112994350282,0,0.0304681194511703,0
"20352","San Simón Zahuatlán",595,0,4940,0,0.129411764705882,0,0.984873949579832,0,0.921008403361344,0,0.979831932773109,0,0.0218487394957983,0,0.0873949579831933,0
"20353","Santa Ana",614,0,2406,0,0.0781758957654723,0,0.98371335504886,0,0.972312703583062,0,0.899022801302932,0,0.107491856677524,0,0.0374592833876222,0
"20354","Santa Ana Ateixtlahuaca",142,0,477,0,0.23943661971831,0,0.957746478873239,0,0.964788732394366,0,0.816901408450704,0,0.176056338028169,0,0.0704225352112676,0
"20355","Santa Ana Cuauhtémoc",225,0,681,0,0.231111111111111,0,1.01333333333333,0,1.02666666666667,0,0.933333333333333,0,0.102222222222222,0,0.0711111111111111,0
"20358","Santa Ana Tlapacoyan",614,0,1958,0,0.0863192182410423,0,0.980456026058632,0,0.949511400651466,0,0.884364820846905,0,0.117263843648208,0,0.0602605863192182,0
"20360","Santa Ana Zegache",1171,0,3981,0,0.0683176771989752,0,0.983774551665243,0,0.898377455166524,0,0.824935952177626,0,0.174210076857387,0,0.0939368061485909,0
"20361","Santa Catalina Quierí",252,0,825,0,0.353174603174603,0,0.944444444444444,0,0.988095238095238,0,0.821428571428571,0,0.178571428571429,0,0.0476190476190476,0
"20362","Santa Catarina Cuixtla",435,0,1495,0,0.032183908045977,0,0.96551724137931,0,0.979310344827586,0,0.882758620689655,0,0.114942528735632,0,0.0206896551724138,0
"20363","Santa Catarina Ixtepeji",772,0,2675,0,0.0479274611398964,0,0.990932642487047,0,0.990932642487047,0,0.854922279792746,0,0.145077720207254,0,0.0362694300518135,0
"20369","Santa Catarina Quiané",656,0,2193,0,0.0503048780487805,0,0.98780487804878,0,0.960365853658537,0,0.829268292682927,0,0.169207317073171,0,0.0426829268292683,0
"20370","Santa Catarina Tayata",208,0,662,0,0.0432692307692308,0,0.971153846153846,0,0.971153846153846,0,0.841346153846154,0,0.153846153846154,0,0.0528846153846154,0
"20381","Santa Cruz Tacache de Mina",791,0,2940,0,0.0467762326169406,0,0.996207332490518,0,0.993678887484197,0,0.978508217446271,0,0.0202275600505689,0,0.0328697850821745,0
"20372","Santa Catarina Yosonotú",404,0,1316,0,0.482673267326733,0,1.07178217821782,0,0.757425742574257,0,0.987623762376238,0,0.108910891089109,0,0.0495049504950495,0
"20373","Santa Catarina Zapoquila",127,0,403,0,0.173228346456693,0,0.952755905511811,0,0.976377952755906,0,0.779527559055118,0,0.21259842519685,0,0.094488188976378,0
"20374","Santa Cruz Acatepec",421,0,1645,0,0.142517814726841,0,0.973871733966746,0,0.912114014251782,0,0.560570071258907,0,0.441805225653207,0,0.0665083135391924,0
"20293","San Pablo Etla",5031,0,17116,0,0.00814947326575234,0,0.994832041343669,0,0.948916716358577,0,0.973961439077718,0,0.0254422580003975,0,0.0296163784535878,0
"20375","Santa Cruz Amilpas",3540,0,13200,0,0.00677966101694915,0,1.00310734463277,0,0.953389830508475,0,0.956214689265537,0,0.05,0,0.143502824858757,0
"20376","Santa Cruz de Bravo",100,0,365,0,0.14,0,0.99,0,0.99,0,0.95,0,0.05,0,0.02,0
"20382","Santa Cruz Tacahua",351,0,1182,0,0.301994301994302,0,0.974358974358974,0,0.988603988603989,0,0.9002849002849,0,0.0997150997150997,0,0.136752136752137,0
"20383","Santa Cruz Tayata",175,0,595,0,0.188571428571429,0,1,0,1,0,0.737142857142857,0,0.274285714285714,0,0.0285714285714286,0
"20384","Santa Cruz Xitla",1137,0,4794,0,0.0659630606860158,0,0.98504837291117,0,0.961301671064204,0,0.754617414248021,0,0.244503078276165,0,0.0448548812664908,0
"20386","Santa Cruz Zenzontepec",4465,0,19079,0,0.429115341545353,0,0.956998880179171,0,0.952743561030235,0,0.573124300111982,0,0.426203807390817,0,0.09003359462486,0
"20387","Santa Gertrudis",838,0,2891,0,0.035799522673031,0,0.997613365155131,0,0.968973747016706,0,0.941527446300716,0,0.058472553699284,0,0.0536992840095465,0
"20179","San Juan Bautista Jayacatlán",409,0,1447,0,0.141809290953545,0,0.982885085574572,0,0.987775061124694,0,0.838630806845966,0,0.161369193154034,0,0.0562347188264059,0
"20388","Santa Inés del Monte",643,0,2809,0,0.0513219284603421,0,0.94556765163297,0,0.839813374805599,0,0.841368584758942,0,0.157076205287714,0,0.0699844479004666,0
"20390","Santa Lucía del Camino",13903,0,50362,0,0.00618571531324175,0,1.01503272674962,0,0.998849169244048,0,0.985974250161836,0,0.0307847227217147,0,0.171114148025606,0
"20408","Santa María del Rosario",144,0,499,0,0.0763888888888889,0,0.979166666666667,0,0.944444444444444,0,0.875,0,0.125,0,0.0763888888888889,0
"20391","Santa Lucía Miahuatlán",820,0,3375,0,0.173170731707317,0,0.942682926829268,0,0.969512195121951,0,0.702439024390244,0,0.296341463414634,0,0.074390243902439,0
"20418","Santa María Jalapa del Marqués",3598,0,11735,0,0.0441912173429683,0,0.964980544747082,0,0.961367426347971,0,0.894663702056698,0,0.0997776542523624,0,0.140633685380767,0
"20392","Santa Lucía Monteverde",1875,0,6726,0,0.2672,0,0.9344,0,0.749333333333333,0,0.7088,0,0.287466666666667,0,0.0618666666666667,0
"20393","Santa Lucía Ocotlán",1027,0,4173,0,0.0749756572541383,0,0.992210321324245,0,0.962999026290166,0,0.84031158714703,0,0.15968841285297,0,0.113924050632911,0
"20394","Santa María Alotepec",794,0,2796,0,0.204030226700252,0,0.98992443324937,0,0.822418136020151,0,0.851385390428212,0,0.163727959697733,0,0.0390428211586902,0
"20395","Santa María Apazco",505,0,1629,0,0.237623762376238,0,0.936633663366337,0,0.845544554455446,0,0.79009900990099,0,0.205940594059406,0,0.0534653465346535,0
"20396","Santa María la Asunción",939,0,3259,0,0.272630457933972,0,0.964856230031949,0,0.818956336528222,0,0.839190628328009,0,0.15122470713525,0,0.15122470713525,0
"20397","Heroica Ciudad de Tlaxiaco",10565,0,40123,0,0.0574538570752485,0,0.980785612872693,0,0.876668244202556,0,0.824041646947468,0,0.171036441079035,0,0.101845716990062,0
"20398","Ayoquezco de Aldama",1380,0,4874,0,0.0594202898550725,0,0.978260869565217,0,0.961594202898551,0,0.867391304347826,0,0.121014492753623,0,0.072463768115942,0
"20399","Santa María Atzompa",11324,0,41921,0,0.0120098904980572,0,0.979600847756976,0,0.837336630166019,0,0.915930766513599,0,0.0830978452843518,0,0.102878841398799,0
"20400","Santa María Camotlán",529,0,1713,0,0.0623818525519849,0,0.97164461247637,0,0.956521739130435,0,0.960302457466919,0,0.0359168241965974,0,0.103969754253308,0
"20402","Santa María Cortijo",322,0,1067,0,0.0900621118012422,0,0.984472049689441,0,0.996894409937888,0,0.937888198757764,0,0.0745341614906832,0,0.316770186335404,0
"20154","San Ildefonso Amatlán",672,0,2329,0,0.267857142857143,0,0.970238095238095,0,0.967261904761905,0,0.897321428571429,0,0.0967261904761905,0,0.03125,0
"20155","San Ildefonso Sola",260,0,1060,0,0.138461538461538,0,0.926923076923077,0,0.826923076923077,0,0.8,0,0.196153846153846,0,0.0769230769230769,0
"20156","San Ildefonso Villa Alta",1098,0,3677,0,0.152094717668488,0,0.991803278688525,0,0.992714025500911,0,0.899817850637523,0,0.0974499089253188,0,0.0382513661202186,0
"20403","Santa María Coyotepec",1079,0,3751,0,0.0194624652455978,0,0.973123262279889,0,0.950880444856348,0,0.941612604263207,0,0.0454124189063948,0,0.142724745134384,0
"20419","Santa María Jaltianguis",176,0,592,0,0.0284090909090909,0,0.988636363636364,0,0.994318181818182,0,0.892045454545455,0,0.107954545454545,0,0.0170454545454545,0
"20405","Villa de Chilapa de Díaz",559,0,1815,0,0.0608228980322004,0,0.991055456171735,0,0.987477638640429,0,0.912343470483005,0,0.0876565295169946,0,0.0536672629695885,0
"20409","Santa María del Tule",2561,0,8939,0,0.0117141741507224,0,0.998438110113237,0,0.987504880905896,0,0.953924248340492,0,0.0464662241311988,0,0.0573994533385396,0
"20264","San Miguel Chicahua",629,0,2169,0,0.335453100158982,0,0.947535771065183,0,0.871224165341812,0,0.821939586645469,0,0.176470588235294,0,0.0556438791732909,0
"20411","Santa María Guelacé",251,0,908,0,0.0318725099601594,0,0.99203187250996,0,0.968127490039841,0,0.872509960159363,0,0.127490039840637,0,0.0637450199203187,0
"20106","San Antonio Acutla",83,0,249,0,0.132530120481928,0,1,0,1,0,0.975903614457831,0,0.0240963855421687,0,0.0843373493975904,0
"20198","San Juan Guichicovi",9080,0,29802,0,0.171035242290749,0,0.968502202643172,0,0.895704845814978,0,0.925881057268722,0,0.070374449339207,0,0.218061674008811,0
"20365","Santa Catarina Lachatao",373,0,1059,0,0.064343163538874,0,0.981233243967828,0,0.949061662198391,0,0.831099195710456,0,0.166219839142091,0,0.0616621983914209,0
"20002","Acatlán de Pérez Figueroa",12864,0,45167,0,0.0582245024875622,0,0.994325248756219,0,0.929259950248756,0,0.923585199004975,0,0.0869092039800995,0,0.105254975124378,0
"20006","Asunción Nochixtlán",5322,0,20464,0,0.049793310785419,0,0.959789552799699,0,0.870161593385945,0,0.870913190529876,0,0.125516723036452,0,0.0993987222848553,0
"20008","Asunción Tlacolulita",268,0,734,0,0.104477611940299,0,0.98134328358209,0,0.973880597014925,0,0.888059701492537,0,0.111940298507463,0,0.138059701492537,0
"20009","Ayotzintepec",1948,0,6857,0,0.157084188911704,0,0.981519507186858,0,0.93223819301848,0,0.912731006160164,0,0.0852156057494867,0,0.106776180698152,0
"20010","El Barrio de la Soledad",4283,0,13474,0,0.0343217371001634,0,1.00396918048097,0,0.988325939761849,0,0.993696007471399,0,0.0177445715619893,0,0.0908241886528134,0
"20055","Mariscala de Juárez",1075,0,3739,0,0.0586046511627907,0,0.993488372093023,0,0.933953488372093,0,0.976744186046512,0,0.0223255813953488,0,0.109767441860465,0
"20412","Santa María Guienagati",899,0,3178,0,0.172413793103448,0,0.938820912124583,0,0.992213570634038,0,0.847608453837597,0,0.152391546162403,0,0.232480533926585,0
"20414","Santa María Huazolotitlán",3582,0,11995,0,0.0798436627582356,0,0.977666108319375,0,0.914014517029592,0,0.929927414852038,0,0.0672808486878839,0,0.146286990508096,0
"20415","Santa María Ipalapa",1292,0,4878,0,0.0773993808049536,0,0.979876160990712,0,0.98374613003096,0,0.930340557275542,0,0.0657894736842105,0,0.0781733746130031,0
"20287","San Miguel Tulancingo",103,0,307,0,0.0776699029126214,0,0.990291262135922,0,0.970873786407767,0,0.951456310679612,0,0.0485436893203883,0,0.0388349514563107,0
"20291","San Pablo Coatlán",1102,0,4308,0,0.180580762250454,0,0.972776769509982,0,0.990925589836661,0,0.870235934664247,0,0.128856624319419,0,0.0372050816696915,0
"20298","San Pablo Villa de Mitla",3612,0,13587,0,0.0357142857142857,0,0.987541528239203,0,0.833056478405316,0,0.875968992248062,0,0.123477297895903,0,0.0894241417497231,0
"20385","Santa Cruz Xoxocotlán",27140,0,100402,0,0.00917464996315402,0,0.99686809137804,0,0.826713338246131,0,0.918496683861459,0,0.0874723655121592,0,0.081798084008843,0
"20416","Santa María Ixcatlán",161,0,461,0,0.118012422360248,0,1.00621118012422,0,0.937888198757764,0,0.714285714285714,0,0.298136645962733,0,0.0186335403726708,0
"20420","Santa María Lachixío",401,0,1679,0,0.316708229426434,0,0.950124688279302,0,0.985037406483791,0,0.72069825436409,0,0.269326683291771,0,0.0399002493765586,0
"20023","Cuilápam de Guerrero",6782,0,26882,0,0.0334709525213801,0,0.97758773223238,0,0.643025656148629,0,0.904158065467414,0,0.124152167502212,0,0.0785903863167207,0
"20306","San Pedro el Alto",999,0,4654,0,0.145145145145145,0,0.942942942942943,0,0.96996996996997,0,0.787787787787788,0,0.211211211211211,0,0.033033033033033,0
"20310","San Pedro Ixtlahuaca",3695,0,14552,0,0.0240866035182679,0,0.926116373477673,0,0.522056833558863,0,0.817320703653586,0,0.18105548037889,0,0.12638700947226,0
"20421","Santa María Mixtequilla",1505,0,4690,0,0.0478405315614618,0,0.979401993355482,0,0.968770764119601,0,0.92358803986711,0,0.0724252491694352,0,0.162790697674419,0
"20309","San Pedro Ixcatlán",2859,0,10368,0,0.212661769849598,0,0.956628191675411,0,0.753760055963624,0,0.685904162294509,0,0.303252885624344,0,0.305701294158797,0
"20324","San Pedro Pochutla",12693,0,48204,0,0.0698810367919326,0,0.964626171905775,0,0.905302135035059,0,0.849996060820925,0,0.147404080989522,0,0.184274797132278,0
"20337","San Pedro y San Pablo Ayutla",1603,0,5616,0,0.228945726762321,0,0.948222083593263,0,0.907049282595134,0,0.64504054897068,0,0.345601996257018,0,0.040548970679975,0
"20351","San Simón Almolongas",837,0,2802,0,0.0884109916367981,0,0.974910394265233,0,0.977299880525687,0,0.925925925925926,0,0.0752688172043011,0,0.0549581839904421,0
"20425","Santa María Pápalo",621,0,2058,0,0.215780998389694,0,0.996779388083736,0,0.998389694041868,0,0.861513687600644,0,0.15780998389694,0,0.112721417069243,0
"20426","Santa María Peñoles",1708,0,8967,0,0.376463700234192,0,0.925644028103044,0,0.950819672131147,0,0.720725995316159,0,0.279274004683841,0,0.0415690866510539,0
"20427","Santa María Petapa",4112,0,16706,0,0.064931906614786,0,1.06395914396887,0,0.952577821011673,0,1.02456225680934,0,0.0537451361867704,0,0.176070038910506,0
"20428","Santa María Quiegolani",529,0,2224,0,0.364839319470699,0,0.962192816635161,0,0.98109640831758,0,0.844990548204159,0,0.155009451795841,0,0.0718336483931947,0
"20432","Santa María Temaxcalapa",299,0,903,0,0.160535117056856,0,0.996655518394649,0,1,0,0.949832775919732,0,0.0501672240802676,0,0.0167224080267559,0
"20429","Santa María Sola",438,0,1516,0,0.0958904109589041,0,0.963470319634703,0,0.865296803652968,0,0.817351598173516,0,0.182648401826484,0,0.0799086757990868,0
"20430","Santa María Tataltepec",92,0,317,0,0.184782608695652,0,0.989130434782609,0,1,0,0.804347826086957,0,0.195652173913043,0,0.130434782608696,0
"20431","Santa María Tecomavaca",486,0,1830,0,0.088477366255144,0,0.993827160493827,0,0.965020576131687,0,0.849794238683128,0,0.146090534979424,0,0.104938271604938,0
"20021","Cosolapa",4120,0,14488,0,0.0400485436893204,0,0.98131067961165,0,0.956796116504854,0,0.916990291262136,0,0.0779126213592233,0,0.129854368932039,0
"20175","San Juan Bautista Atatlahuca",393,0,1424,0,0.178117048346056,0,0.979643765903308,0,0.994910941475827,0,0.913486005089059,0,0.089058524173028,0,0.0712468193384224,0
"20270","San Miguel Huautla",388,0,1311,0,0.314432989690722,0,0.938144329896907,0,0.737113402061856,0,0.778350515463918,0,0.224226804123711,0,0.0618556701030928,0
"20433","Santa María Temaxcaltepec",622,0,2694,0,0.263665594855305,0,0.937299035369775,0,0.983922829581994,0,0.802250803858521,0,0.196141479099678,0,0.0755627009646302,0
"20436","Santa María Texcatitlán",291,0,896,0,0.278350515463918,0,0.97594501718213,0,0.316151202749141,0,0.859106529209622,0,0.140893470790378,0,0.0996563573883162,0
"20452","Santiago Apóstol",1152,0,4421,0,0.0703125,0,0.989583333333333,0,0.967013888888889,0,0.510416666666667,0,0.487847222222222,0,0.0694444444444444,0
"20442","Santa María Yalina",83,0,250,0,0.108433734939759,0,1,0,0.975903614457831,0,0.891566265060241,0,0.108433734939759,0,0.072289156626506,0
"20438","Santa María Tlalixtac",470,0,1839,0,0.227659574468085,0,0.982978723404255,0,0.985106382978723,0,0.806382978723404,0,0.193617021276596,0,0.136170212765957,0
"20434","Santa María Teopoxco",1122,0,3985,0,0.204099821746881,0,0.998217468805704,0,0.986631016042781,0,0.859180035650624,0,0.144385026737968,0,0.0401069518716578,0
"20444","Santa María Yolotepec",155,0,481,0,0.270967741935484,0,0.967741935483871,0,0.954838709677419,0,0.92258064516129,0,0.0774193548387097,0,0.0580645161290323,0
"20443","Santa María Yavesía",146,0,434,0,0.0273972602739726,0,0.993150684931507,0,1,0,0.924657534246575,0,0.0753424657534247,0,0.0205479452054795,0
"20445","Santa María Yosoyúa",378,0,1699,0,0.148148148148148,0,0.989417989417989,0,0.986772486772487,0,0.880952380952381,0,0.119047619047619,0,0.0343915343915344,0
"20448","Santa María Zaniza",504,0,2469,0,0.311507936507937,0,0.970238095238095,0,0.994047619047619,0,0.561507936507937,0,0.438492063492063,0,0.0515873015873016,0
"20449","Santa María Zoquitlán",998,0,3294,0,0.282565130260521,0,1.01503006012024,0,0.971943887775551,0,0.87875751503006,0,0.153306613226453,0,0.181362725450902,0
"20462","Santiago Huajolotitlán",1248,0,4600,0,0.0793269230769231,0,0.989583333333333,0,0.975160256410256,0,0.950320512820513,0,0.0504807692307692,0,0.0817307692307692,0
"20453","Santiago Astata",1274,0,3918,0,0.127158555729984,0,0.934850863422292,0,0.923076923076923,0,0.90894819466248,0,0.0714285714285714,0,0.227629513343799,0
"20454","Santiago Atitlán",884,0,3556,0,0.290723981900453,0,0.96606334841629,0,0.970588235294118,0,0.746606334841629,0,0.252262443438914,0,0.0429864253393665,0
"20455","Santiago Ayuquililla",762,0,2904,0,0.114173228346457,0,0.985564304461942,0,0.887139107611549,0,0.923884514435696,0,0.0761154855643045,0,0.165354330708661,0
"20458","Santiago Comaltepec",341,0,1157,0,0.108504398826979,0,0.991202346041056,0,0.98533724340176,0,0.950146627565982,0,0.0469208211143695,0,0.032258064516129,0
"20461","Santiago del Río",188,0,527,0,0.271276595744681,0,0.968085106382979,0,0.98936170212766,0,0.829787234042553,0,0.170212765957447,0,0.138297872340426,0
"20465","Santiago Ixcuintepec",412,0,1636,0,0.327669902912621,0,0.966019417475728,0,0.997572815533981,0,0.79126213592233,0,0.20631067961165,0,0.0728155339805825,0
"20466","Santiago Ixtayutla",3151,0,13880,0,0.499206601079023,0,0.924468422722945,0,0.866391621707394,0,0.592510314185973,0,0.406537607108854,0,0.126626467788004,0
"20468","Santiago Jocotepec",3367,0,14198,0,0.317493317493317,0,0.980694980694981,0,0.954558954558955,0,0.824472824472824,0,0.177903177903178,0,0.0781110781110781,0
"20470","Santiago Lachiguiri",1401,0,4394,0,0.245538900785153,0,0.956459671663098,0,1.0028551034975,0,0.829407566024268,0,0.184154175588865,0,0.121341898643826,0
"20471","Santiago Lalopa",127,0,431,0,0.15748031496063,0,0.984251968503937,0,0.992125984251969,0,0.913385826771654,0,0.078740157480315,0,0.031496062992126,0
"20472","Santiago Laollaga",1090,0,3361,0,0.0605504587155963,0,1.01467889908257,0,0.976146788990826,0,0.976146788990826,0,0.0458715596330275,0,0.123853211009174,0
"20473","Santiago Laxopa",374,0,1291,0,0.120320855614973,0,0.997326203208556,0,1,0,0.839572192513369,0,0.160427807486631,0,0.0133689839572193,0
"20474","Santiago Llano Grande",1053,0,3440,0,0.107312440645774,0,0.963912630579297,0,0.969610636277303,0,0.911680911680912,0,0.0769230769230769,0,0.261158594491928,0
"20475","Santiago Matatlán",2531,0,10175,0,0.0395100750691426,0,0.977479257210589,0,0.92809166337416,0,0.828526274199921,0,0.167917819043856,0,0.0485973923350454,0
"20476","Santiago Miltepec",143,0,421,0,0.160839160839161,0,0.972027972027972,0,0.972027972027972,0,0.965034965034965,0,0.027972027972028,0,0.111888111888112,0
"20389","Santa Inés Yatzeche",231,0,908,0,0.0303030303030303,0,0.995670995670996,0,1,0,0.822510822510823,0,0.177489177489178,0,0.012987012987013,0
"20478","Santiago Nacaltepec",562,0,1599,0,0.161921708185053,0,0.98576512455516,0,0.914590747330961,0,0.871886120996441,0,0.129893238434164,0,0.0711743772241993,0
"20479","Santiago Nejapilla",67,0,174,0,0.0895522388059701,0,1,0,1,0,0.985074626865672,0,0.0298507462686567,0,0.0298507462686567,0
"20012","Candelaria Loxicha",2465,0,11166,0,0.143610547667343,0,0.905070993914807,0,0.832048681541582,0,0.742799188640974,0,0.249492900608519,0,0.106288032454361,0
"20028","Heroica Ciudad de Ejutla de Crespo",6070,0,23148,0,0.057166392092257,0,0.983031301482702,0,0.904448105436573,0,0.763920922570016,0,0.236079077429984,0,0.07166392092257,0
"20039","Heroica Ciudad de Huajuapan de León",20271,0,78313,0,0.0211139065660303,0,0.987124463519313,0,0.933451729071087,0,0.945340634403828,0,0.0507621725617878,0,0.0764639139657639,0
"20064","Nejapa de Madero",2380,0,8494,0,0.0920168067226891,0,0.951680672268908,0,0.943697478991597,0,0.839495798319328,0,0.141596638655462,0,0.122689075630252,0
"20066","Santiago Niltepec",1739,0,5342,0,0.101782633697527,0,0.965497412305923,0,0.951696377228292,0,0.955721679125934,0,0.0345025876940771,0,0.0897067280046003,0
"20067","Oaxaca de Juárez",72506,0,270955,0,0.00855101646760268,0,1.01130940887651,0,0.96750613742311,0,0.966954458941329,0,0.0495683115880065,0,0.102267398560119,0
"20068","Ocotlán de Morelos",6030,0,23751,0,0.0291873963515755,0,0.990049751243781,0,0.791708126036484,0,0.815422885572139,0,0.185903814262023,0,0.0741293532338309,0
"20073","Putla Villa de Guerrero",9360,0,34652,0,0.110683760683761,0,0.974465811965812,0,0.971901709401709,0,0.855555555555556,0,0.138034188034188,0,0.13974358974359,0
"20085","San Agustín Loxicha",5459,0,26194,0,0.170177688221286,0,0.915735482689137,0,0.952005861879465,0,0.487451914270013,0,0.505587103865177,0,0.0573365085180436,0
"20088","San Andrés Cabecera Nueva",805,0,2881,0,0.207453416149068,0,0.947826086956522,0,0.91055900621118,0,0.855900621118012,0,0.141614906832298,0,0.0906832298136646,0
"20483","Santiago Suchilquitongo",2857,0,10886,0,0.0290514525726286,0,0.984599229961498,0,0.857892894644732,0,0.92089604480224,0,0.0805040252012601,0,0.0829541477073854,0
"20486","Villa Tejúpam de la Unión",694,0,2419,0,0.0432276657060519,0,0.987031700288184,0,0.945244956772334,0,0.935158501440922,0,0.0648414985590778,0,0.100864553314121,0
"20093","San Andrés Lagunas",181,0,518,0,0.138121546961326,0,0.983425414364641,0,0.961325966850829,0,0.92817679558011,0,0.0718232044198895,0,0.0552486187845304,0
"20113","San Baltazar Loxicha",868,0,3169,0,0.0414746543778802,0,0.988479262672811,0,0.995391705069124,0,0.880184331797235,0,0.118663594470046,0,0.0449308755760369,0
"20487","Santiago Tenango",584,0,1966,0,0.126712328767123,0,0.948630136986301,0,0.950342465753425,0,0.75,0,0.251712328767123,0,0.113013698630137,0
"20488","Santiago Tepetlapa",41,0,130,0,0.121951219512195,0,1,0,1,0,0.951219512195122,0,0.048780487804878,0,0.048780487804878,0
"20496","Santiago Xiacuí",536,0,1893,0,0.0167910447761194,0,0.992537313432836,0,0.992537313432836,0,0.888059701492537,0,0.108208955223881,0,0.0242537313432836,0
"20509","Santo Domingo de Morelos",2484,0,11384,0,0.200080515297907,0,0.973832528180354,0,0.739533011272142,0,0.798711755233494,0,0.201288244766506,0,0.0946054750402577,0
"20557","Unión Hidalgo",4191,0,14542,0,0.0436649964209019,0,1.00763540921021,0,1.00978286805058,0,0.994273443092341,0,0.0226676210928179,0,0.12980195657361,0
"20560","Villa Díaz Ordaz",1724,0,6467,0,0.0388631090487239,0,0.990139211136891,0,0.983178654292343,0,0.818445475638051,0,0.183874709976798,0,0.0481438515081207,0
"20038","Villa Hidalgo Yalálag",523,0,1885,0,0.0975143403441683,0,0.988527724665392,0,0.990439770554493,0,0.850860420650096,0,0.158699808795411,0,0.0267686424474187,0
"20238","Heroico San Martín de los Cansecos",251,0,994,0,0.0318725099601594,0,0.98804780876494,0,0.972111553784861,0,0.856573705179283,0,0.147410358565737,0,0.0637450199203187,0
"21180","Tlahuapan",9871,0,41547,0,0.0202613716948637,0,1.00060784115085,0,0.998379090264411,0,0.959983790902644,0,0.0451828588795461,0,0.0713200283659204,0
"21080","Atlequizayan",677,0,2633,0,0.0945347119645495,0,0.982274741506647,0,0.977843426883309,0,0.954209748892171,0,0.0428360413589365,0,0.0561299852289513,0
"21087","Jolalpan",3325,0,13308,0,0.0842105263157895,0,0.992481203007519,0,0.975037593984962,0,0.836390977443609,0,0.180751879699248,0,0.103157894736842,0
"21088","Jonotla",1291,0,4457,0,0.0929512006196747,0,0.961270333075136,0,0.960495739736638,0,0.904725019364834,0,0.0875290472501936,0,0.0712625871417506,0
"21081","Ixcamilpa de Guerrero",1101,0,4065,0,0.125340599455041,0,0.975476839237057,0,0.832879200726612,0,0.905540417801998,0,0.0926430517711172,0,0.124432334241599,0
"21083","Ixtacamaxtitlán",6374,0,25319,0,0.0550674615625981,0,0.985095701286476,0,0.961719485409476,0,0.913711954816442,0,0.0925635393787261,0,0.036711641041732,0
"21197","Xicotepec",20913,0,80591,0,0.0463826328121264,0,1.00062162291398,0,0.92377946731698,0,0.960168316358246,0,0.0533161191603309,0,0.152632333954956,0
"21193","Tzicatlacoyan",1737,0,6476,0,0.0644789867587795,0,0.996545768566494,0,0.926885434657455,0,0.986183074265976,0,0.0201496833621186,0,0.0949913644214162,0
"21192","Tuzamapan de Galeana",1629,0,5924,0,0.0662983425414365,0,0.984039287906691,0,0.985267034990792,0,0.968078575813382,0,0.0429711479435236,0,0.106200122774708,0
"21215","Zongozotla",1155,0,4539,0,0.130735930735931,0,0.996536796536796,0,0.994805194805195,0,0.885714285714286,0,0.118614718614719,0,0.0138528138528139,0
"21191","Tulcingo",2781,0,9871,0,0.0363178712693276,0,0.980582524271845,0,0.85400934915498,0,0.938511326860841,0,0.050341603739662,0,0.0924128011506652,0
"21216","Zoquiapan",740,0,2452,0,0.0783783783783784,0,0.937837837837838,0,0.97027027027027,0,0.898648648648649,0,0.0932432432432432,0,0.0837837837837838,0
"21199","Xiutetelco",9757,0,42943,0,0.0363841344675618,0,1.0042021113047,0,0.998872604284104,0,0.949882135902429,0,0.0611868402172799,0,0.103515424823204,0
"21198","Xicotlán",347,0,1312,0,0.201729106628242,0,0.988472622478386,0,0.377521613832853,0,0.953890489913545,0,0.0432276657060519,0,0.0922190201729107,0
"21178","Tlacuilotepec",4433,0,15977,0,0.140536882472366,0,0.978569817279495,0,0.712384389803745,0,0.919016467403564,0,0.0832393413038574,0,0.0988044213850666,0
"21105","Ocotepec",1349,0,5077,0,0.0318754633061527,0,0.984432913269088,0,0.958487768717569,0,0.955522609340252,0,0.0474425500370645,0,0.0378057820607858,0
"21132","San Martín Texmelucan",37334,0,155738,0,0.010553382975304,0,1.0222049606257,0,1.01730326244174,0,0.990625167407725,0,0.0332940483205657,0,0.0384368136283281,0
"21143","San Salvador el Verde",8267,0,34880,0,0.0164509495584855,0,1.01463650659248,0,1.01112858352486,0,0.983065198983912,0,0.0373775250997944,0,0.0576992863191,0
"21176","Tilapa",2597,0,9664,0,0.0273392375818252,0,0.988448209472468,0,0.975741239892183,0,0.943396226415094,0,0.0562187139006546,0,0.0627647285329226,0
"21174","Teziutlán",27592,0,103583,0,0.010401565671209,0,1.01935343577849,0,1.01786749782546,0,1.00829950710351,0,0.015149318643085,0,0.0769788344447666,0
"21171","Tepeyahualco de Cuauhtémoc",1017,0,3851,0,0.0334316617502458,0,0.990167158308751,0,0.986234021632252,0,0.987217305801377,0,0.0147492625368732,0,0.063913470993117,0
"21103","Nicolás Bravo",1566,0,6644,0,0.0472541507024266,0,0.980204342273308,0,0.931673052362708,0,0.905491698595147,0,0.09514687100894,0,0.0772669220945083,0
"21102","Nealtican",3106,0,14075,0,0.0193174500965873,0,1.00450740502254,0,1.00708306503542,0,0.975209272376046,0,0.0334835801674179,0,0.0624597553122988,0
"21142","San Salvador el Seco",7316,0,30639,0,0.0236468015308912,0,1.00779114270093,0,1.00314379442318,0,0.974712957900492,0,0.0392290869327501,0,0.0840623291416074,0
"21101","Nauzontla",986,0,3317,0,0.0851926977687627,0,0.979716024340771,0,0.927991886409736,0,0.956389452332657,0,0.0436105476673428,0,0.0578093306288032,0
"21100","Naupan",2341,0,9310,0,0.162750961127723,0,0.999572832123024,0,0.98035027765912,0,0.853481418197352,0,0.155916275096113,0,0.106364801366937,0
"21099","Cañada Morelos",5286,0,20659,0,0.048429814604616,0,0.989027620128642,0,0.957623912220961,0,0.9474082482028,0,0.0522133938706016,0,0.0749148694665153,0
"21098","Molcaxac",1830,0,6668,0,0.0797814207650273,0,0.980874316939891,0,0.973224043715847,0,0.954644808743169,0,0.040983606557377,0,0.102732240437158,0
"21001","Acajete",15055,0,72894,0,0.0257057455994686,0,0.994420458319495,0,0.87944204583195,0,0.973430753902358,0,0.035469943540352,0,0.0731318498837596,0
"21182","Tlanepantla",1121,0,5390,0,0.0410347903657449,0,0.991079393398751,0,0.925066904549509,0,0.935771632471008,0,0.064228367528992,0,0.0990187332738626,0
"21201","Xochiltepec",872,0,3375,0,0.0355504587155963,0,0.990825688073395,0,0.993119266055046,0,0.912844036697248,0,0.0871559633027523,0,0.0504587155963303,0
"21110","Palmar de Bravo",12067,0,50226,0,0.0464075578022707,0,0.985746250103588,0,0.962708212480318,0,0.954504019225988,0,0.0445015331068203,0,0.0961299411618464,0
"21109","Pahuatlán",5327,0,20274,0,0.11544959639572,0,0.981790876666041,0,0.989487516425756,0,0.889055753707528,0,0.115637319316689,0,0.117139102684438,0
"21067","Guadalupe Victoria",4636,0,18784,0,0.0224331320103538,0,0.998274374460742,0,1.00172562553926,0,0.96786022433132,0,0.0383951682484901,0,0.0785159620362381,0
"21147","Santa Inés Ahuatempan",1815,0,6341,0,0.0826446280991736,0,0.983471074380165,0,0.83305785123967,0,0.84297520661157,0,0.156473829201102,0,0.0853994490358127,0
"21204","Yaonáhuac",1965,0,7926,0,0.0407124681933842,0,1.0030534351145,0,1.00203562340967,0,0.934860050890585,0,0.0809160305343511,0,0.0697201017811705,0
"21108","Oriental",4709,0,19903,0,0.017413463580378,0,0.99235506476959,0,0.985347207475048,0,0.980887661923975,0,0.0193246973879805,0,0.0745381184964961,0
"21066","Guadalupe",1855,0,6451,0,0.044743935309973,0,0.985983827493261,0,0.928840970350404,0,0.958490566037736,0,0.0377358490566038,0,0.114285714285714,0
"21167","Tepetzintla",2545,0,10373,0,0.207858546168959,0,0.979960707269155,0,0.945776031434185,0,0.754813359528487,0,0.252652259332024,0,0.102161100196464,0
"21166","Tepeojuma",2257,0,8918,0,0.026140894993354,0,0.994683207797962,0,0.98980948161276,0,0.920248116969428,0,0.0806380150642446,0,0.0527248560035445,0
"21065","General Felipe Ángeles",5302,0,22694,0,0.0262165220671445,0,0.991135420596001,0,0.981516408902301,0,0.954545454545455,0,0.0424368162957375,0,0.0771407016220294,0
"21181","Tlaltenango",1736,0,7425,0,0.0190092165898618,0,0.995391705069124,0,0.987327188940092,0,0.964285714285714,0,0.0380184331797235,0,0.0408986175115207,0
"21064","Francisco Z. Mena",5092,0,17824,0,0.0642183817753339,0,0.979379418695994,0,0.775923016496465,0,0.854084838963079,0,0.144933228593873,0,0.0928908091123331,0
"21148","Santa Isabel Cholula",2593,0,11498,0,0.0285383725414578,0,0.991901272657154,0,0.780563054377169,0,0.946008484381026,0,0.0539915156189742,0,0.116081758580794,0
"21063","Esperanza",3644,0,14766,0,0.0282656421514819,0,1.00686059275521,0,0.996981339187706,0,0.981613611416026,0,0.0318331503841932,0,0.0771130625686059,0
"21217","Zoquitlán",4696,0,20335,0,0.123935264054514,0,0.98679727427598,0,0.942291311754685,0,0.720187393526405,0,0.284497444633731,0,0.0362010221465077,0
"21207","Zacapoaxtla",14249,0,57887,0,0.0395817250333357,0,1.01614148361289,0,1.00343883781318,0,0.948136711348165,0,0.0889185205979367,0,0.0711628886237631,0
"21214","Zinacatepec",4189,0,18359,0,0.0219622821675818,0,1.04344712341848,0,1.0391501551683,0,0.924086894246837,0,0.123179756505132,0,0.145858200047744,0
"21059","Chinantla",796,0,2846,0,0.0452261306532663,0,0.971105527638191,0,0.853015075376884,0,0.956030150753769,0,0.0414572864321608,0,0.0804020100502513,0
"21058","Chilchotla",4301,0,21002,0,0.0730062776098582,0,0.992559869797721,0,0.987444780283655,0,0.929318763078354,0,0.077423854917461,0,0.0490583585212741,0
"21057","Honey",1660,0,6687,0,0.0867469879518072,0,0.992771084337349,0,0.965060240963855,0,0.969879518072289,0,0.0421686746987952,0,0.0457831325301205,0
"21056","Chila de la Sal",423,0,1317,0,0.066193853427896,0,0.995271867612293,0,0.940898345153664,0,0.985815602836879,0,0.0118203309692671,0,0.115839243498818,0
"21107","Olintla",2778,0,11993,0,0.149388048956084,0,0.950683945284377,0,0.575953923686105,0,0.839452843772498,0,0.159107271418287,0,0.140748740100792,0
"21106","Ocoyucan",9856,0,42669,0,0.028612012987013,0,1.08289366883117,0,0.964793019480519,0,1.05631087662338,0,0.0307426948051948,0,0.0605722402597403,0
"21055","Chila",1423,0,5082,0,0.0997891777933942,0,0.981026001405481,0,0.865776528460998,0,0.91988756148981,0,0.0773014757554462,0,0.139142656359803,0
"21200","Xochiapulco",1016,0,3443,0,0.093503937007874,0,0.942913385826772,0,0.950787401574803,0,0.880905511811024,0,0.117125984251969,0,0.0492125984251969,0
"21051","Chietla",10225,0,37030,0,0.0215158924205379,0,0.993154034229829,0,0.968899755501223,0,0.92880195599022,0,0.0726650366748166,0,0.0512469437652812,0
"21050","Chichiquila",5309,0,26928,0,0.0887172725560369,0,0.983424373705029,0,0.854398191749859,0,0.759276699943492,0,0.23639103409305,0,0.0582030514221134,0
"21096","Mazapiltepec de Juárez",770,0,3176,0,0.0246753246753247,0,0.992207792207792,0,0.996103896103896,0,0.985714285714286,0,0.0142857142857143,0,0.0636363636363636,0
"21095","La Magdalena Tlatlauquitepec",169,0,650,0,0.0591715976331361,0,1,0,0.976331360946746,0,0.976331360946746,0,0.0236686390532544,0,0.0946745562130177,0
"21094","Libres",8904,0,37257,0,0.0179694519317161,0,0.998539982030548,0,0.98607367475292,0,0.97181042228212,0,0.0352650494159928,0,0.0786163522012579,0
"21093","Lafragua",1903,0,7650,0,0.0367840252233316,0,1.01523909616395,0,1.01629006831319,0,0.966368891224383,0,0.0546505517603783,0,0.0373095112979506,0
"21092","Juan N. Méndez",1475,0,5293,0,0.106440677966102,0,0.986440677966102,0,0.940338983050848,0,0.923389830508475,0,0.0766101694915254,0,0.12135593220339,0
"21091","Juan Galindo",2715,0,9828,0,0.0158379373848987,0,1.03057090239411,0,1.02651933701657,0,0.995211786372007,0,0.0360957642725599,0,0.0806629834254144,0
"21208","Zacatlán",22198,0,87361,0,0.0231552392107397,0,1.02112802955221,0,0.995179745923056,0,0.951842508334084,0,0.0777998017839445,0,0.0558158392647986,0
"21090","Juan C. Bonilla",5606,0,23783,0,0.0121298608633607,0,1.03300035676061,0,0.970032108455227,0,1.01409204423832,0,0.0212272565108812,0,0.0413842311808776,0
"21037","Coyotepec",767,0,2334,0,0.0404172099087353,0,0.992177314211212,0,0.981747066492829,0,0.940026075619296,0,0.061277705345502,0,0.0860495436766623,0
"21035","Coxcatlán",5023,0,20653,0,0.0416086004379853,0,1.00915787378061,0,0.973720883933904,0,0.849293251045192,0,0.16842524387816,0,0.0553454111088991,0
"21034","Coronango",10881,0,46836,0,0.0217810862972153,0,1.02334344269828,0,0.917746530649756,0,1.00551419906259,0,0.0214134730263763,0,0.0333609043286463,0
"21033","Cohuecan",1344,0,5403,0,0.052827380952381,0,0.988839285714286,0,0.916666666666667,0,0.894345238095238,0,0.10639880952381,0,0.0818452380952381,0
"21032","Cohetzala",418,0,1382,0,0.062200956937799,0,0.990430622009569,0,0.935406698564593,0,0.930622009569378,0,0.0669856459330144,0,0.0550239234449761,0
"21031","Coatzingo",787,0,2820,0,0.0749682337992376,0,0.986022871664549,0,0.975857687420585,0,0.937738246505718,0,0.0635324015247776,0,0.101651842439644,0
"21030","Coatepec",224,0,772,0,0.111607142857143,0,0.991071428571429,0,1,0,0.924107142857143,0,0.0758928571428571,0,0.0580357142857143,0
"21029","Caxhuacan",953,0,3811,0,0.0734522560335782,0,0.973767051416579,0,0.982161594963274,0,0.907660020986359,0,0.0923399790136411,0,0.171038824763903,0
"21028","Camocuautla",724,0,2758,0,0.262430939226519,0,0.980662983425414,0,0.990331491712707,0,0.867403314917127,0,0.132596685082873,0,0.069060773480663,0
"21020","Atoyatempan",1830,0,7704,0,0.0355191256830601,0,0.99672131147541,0,0.968852459016393,0,0.930601092896175,0,0.0688524590163934,0,0.0754098360655738,0
"21077","Hueytlalpan",1438,0,5951,0,0.219054242002782,0,0.933240611961057,0,0.789290681502086,0,0.834492350486787,0,0.165507649513213,0,0.0639777468706537,0
"21074","Huejotzingo",22253,0,90794,0,0.0136161416438233,0,1.01020087179257,0,1.00292095447805,0,0.965757425965038,0,0.0471846492607738,0,0.0362647732889947,0
"21022","Atzitzihuacán",3235,0,12857,0,0.0516228748068006,0,0.990726429675425,0,0.982689335394127,0,0.914064914992272,0,0.085935085007728,0,0.072952086553323,0
"21025","Ayotoxco de Guerrero",2302,0,8208,0,0.052997393570808,0,0.976107732406603,0,0.972632493483927,0,0.885751520417029,0,0.11989574283232,0,0.0838401390095569,0
"21177","Tlacotepec de Benito Juárez",12704,0,54757,0,0.0554943324937028,0,1.01023299748111,0,0.98213161209068,0,0.913334382871537,0,0.115475440806045,0,0.0869017632241814,0
"21075","Hueyapan",3262,0,13080,0,0.0631514408338443,0,0.996014714898835,0,0.997547516860822,0,0.8408951563458,0,0.165236051502146,0,0.103004291845494,0
"21078","Huitzilan de Serdán",3907,0,15928,0,0.171743025339135,0,0.980803685692347,0,0.981827489122089,0,0.856923470693627,0,0.145891988738162,0,0.0793447658049655,0
"21079","Huitziltepec",1574,0,5782,0,0.0419313850063532,0,0.989834815756036,0,0.864675984752224,0,0.94853875476493,0,0.0495552731893266,0,0.0673443456162643,0
"21187","Tlaxco",1425,0,4934,0,0.145964912280702,0,0.954385964912281,0,0.851228070175439,0,0.877894736842105,0,0.124210526315789,0,0.0919298245614035,0
"21188","Tochimilco",4768,0,19315,0,0.0562080536912752,0,0.988674496644295,0,0.97378355704698,0,0.898070469798658,0,0.10130033557047,0,0.0715184563758389,0
"21189","Tochtepec",5224,0,22454,0,0.0434532924961715,0,1.00478560490046,0,0.952909647779479,0,0.960375191424196,0,0.0516845329249617,0,0.0580015313935681,0
"21190","Totoltepec de Guerrero",420,0,1187,0,0.114285714285714,0,0.971428571428571,0,0.928571428571429,0,0.966666666666667,0,0.0333333333333333,0,0.114285714285714,0
"21194","Venustiano Carranza",7774,0,28395,0,0.042191921790584,0,0.990352456907641,0,0.758682788783123,0,0.938512992024698,0,0.0701054798044765,0,0.136737844095704,0
"21184","Tlapacoya",1704,0,6422,0,0.100352112676056,0,0.994131455399061,0,0.931924882629108,0,0.834507042253521,0,0.165492957746479,0,0.0592723004694836,0
"21185","Tlapanalá",2506,0,10344,0,0.0367118914604948,0,1.00678371907422,0,0.990023942537909,0,0.920989624900239,0,0.0909816440542698,0,0.0678371907422187,0
"21082","Ixcaquixtla",2412,0,8804,0,0.0335820895522388,0,0.990049751243781,0,0.980514096185738,0,0.940713101160862,0,0.0597014925373134,0,0.106135986733002,0
"21085","Izúcar de Matamoros",20982,0,82809,0,0.0222095129158326,0,1.02344867028882,0,0.994900390811171,0,0.980364121628062,0,0.0486130969402345,0,0.0644838432942522,0
"21104","Nopalucan",7203,0,32772,0,0.0224906289046231,0,0.994307927252534,0,0.992780785783701,0,0.977648202137998,0,0.0242954324586978,0,0.087463556851312,0
"21122","San Felipe Teotlalcingo",2618,0,11063,0,0.0221543162719633,0,0.998472116119175,0,0.993124522536287,0,0.912528647822765,0,0.0920550038197097,0,0.0550038197097021,0
"21123","San Felipe Tepatlán",1073,0,3793,0,0.168685927306617,0,0.971109040074557,0,0.96551724137931,0,0.744641192917055,0,0.252562907735322,0,0.0931966449207828,0
"21012","Aljojuca",1698,0,6591,0,0.0159010600706714,0,0.999411071849234,0,0.995877502944641,0,0.956419316843345,0,0.0482921083627797,0,0.0441696113074205,0
"21013","Altepexi",4705,0,22629,0,0.0229543039319872,0,0.996599362380446,0,0.977470775770457,0,0.9394261424017,0,0.0607863974495218,0,0.0981934112646121,0
"21007","Ahuatlán",789,0,3162,0,0.124207858048162,0,0.989860583016477,0,0.929024081115336,0,0.961977186311787,0,0.0380228136882129,0,0.0861850443599493,0
"21011","Albino Zertuche",510,0,1885,0,0.147058823529412,0,0.97843137254902,0,0.962745098039216,0,0.947058823529412,0,0.0529411764705882,0,0.0745098039215686,0
"21018","Atexcal",1107,0,3859,0,0.103884372177055,0,0.977416440831075,0,0.931345980126468,0,0.912375790424571,0,0.0822041553748871,0,0.0975609756097561,0
"21054","Chignautla",7696,0,35223,0,0.0227390852390852,0,1.00259875259875,0,0.978560291060291,0,0.949714137214137,0,0.0667879417879418,0,0.0917359667359667,0
"21127","San Jerónimo Xayacatlán",1150,0,3606,0,0.0904347826086957,0,0.98695652173913,0,0.895652173913044,0,0.95304347826087,0,0.0469565217391304,0,0.0773913043478261,0
"21129","San José Miahuatlán",3528,0,14018,0,0.0337301587301587,0,0.994047619047619,0,0.990362811791383,0,0.880102040816326,0,0.119331065759637,0,0.11281179138322,0
"21130","San Juan Atenco",964,0,3604,0,0.0363070539419087,0,0.992738589211618,0,0.982365145228216,0,0.965767634854772,0,0.0342323651452282,0,0.0529045643153527,0
"21213","Zihuateutla",3161,0,11967,0,0.129389433723505,0,0.975640620056944,0,0.927554571338184,0,0.866497943688706,0,0.134451123062322,0,0.0879468522619424,0
"21124","San Gabriel Chilac",3892,0,15954,0,0.0357142857142857,0,0.992034943473792,0,0.992291880781089,0,0.862795477903392,0,0.135405960945529,0,0.141058581706064,0
"21169","Tepexi de Rodríguez",6042,0,22331,0,0.0584243627937769,0,0.990235021516054,0,0.822740814299901,0,0.915756372062231,0,0.0849056603773585,0,0.136378682555445,0
"21159","Teopantlán",1161,0,3836,0,0.217915590008613,0,0.988802756244617,0,0.968130921619294,0,0.819982773471146,0,0.179155900086133,0,0.176571920757967,0
"21156","Tehuacán",82267,0,327312,0,0.0131158301627627,0,1.02991478964834,0,1.00987030036345,0,0.977755357555277,0,0.0576780483061252,0,0.0872281716848797,0
"21155","Tecomatlán",1855,0,6830,0,0.0533692722371968,0,0.995687331536388,0,0.919137466307278,0,0.942857142857143,0,0.0598382749326146,0,0.252291105121294,0
"21154","Tecamachalco",19893,0,80771,0,0.0249836625948826,0,0.998793545468255,0,0.924596591765948,0,0.968280299602875,0,0.0353893329311818,0,0.080480571055145,0
"21172","Tetela de Ocampo",7616,0,27216,0,0.0614495798319328,0,0.988707983193277,0,0.957326680672269,0,0.910845588235294,0,0.101102941176471,0,0.0434611344537815,0
"21179","Tlachichuca",7190,0,31639,0,0.0318497913769124,0,0.994993045897079,0,0.991655076495132,0,0.951182197496523,0,0.0538247566063978,0,0.0709318497913769,0
"21153","Tecali de Herrera",5992,0,23625,0,0.0216955941255007,0,0.994993324432577,0,0.96562082777036,0,0.962283044058745,0,0.039218958611482,0,0.0672563417890521,0
"21151","Santo Tomás Hueyotlipan",2252,0,9315,0,0.0319715808170515,0,0.989786856127886,0,0.981349911190053,0,0.951598579040853,0,0.0484014209591474,0,0.0603907637655417,0
"21121","San Diego la Mesa Tochimiltzingo",363,0,1270,0,0.0964187327823691,0,1,0,0.964187327823691,0,0.96969696969697,0,0.0330578512396694,0,0.112947658402204,0
"21202","Xochitlán de Vicente Suárez",3365,0,13025,0,0.0927191679049034,0,0.971768202080238,0,0.920059435364042,0,0.921545319465082,0,0.0882615156017831,0,0.0835066864784547,0
"21203","Xochitlán Todos Santos",1880,0,7178,0,0.050531914893617,0,0.990957446808511,0,0.945212765957447,0,0.925531914893617,0,0.0723404255319149,0,0.0925531914893617,0
"21073","Huehuetlán el Chico",2561,0,9760,0,0.0777040218664584,0,0.978524014057009,0,0.95314330339711,0,0.943771964076533,0,0.0562280359234674,0,0.0929324482623975,0
"21097","Mixtla",621,0,2668,0,0.035426731078905,0,0.98389694041868,0,0.979066022544283,0,0.946859903381642,0,0.0466988727858293,0,0.0386473429951691,0
"21036","Coyomeapan",3497,0,14806,0,0.148412925364598,0,0.977123248498713,0,0.909350872176151,0,0.827566485559051,0,0.169859879897055,0,0.0466113811838719,0
"21044","Cuyoaco",4082,0,17139,0,0.0230279274865262,0,0.996325330720235,0,0.993630573248408,0,0.970602645761881,0,0.035031847133758,0,0.0583047525722685,0
"21060","Domingo Arenas",1855,0,7982,0,0.0377358490566038,0,0.983827493261456,0,0.953099730458221,0,0.911051212938005,0,0.0824797843665768,0,0.0743935309973046,0
"21061","Eloxochitlán",3366,0,14461,0,0.221330956625074,0,0.9708853238265,0,0.725787284610814,0,0.655080213903743,0,0.342840166369578,0,0.107546048722519,0
"21062","Epatlán",1327,0,4943,0,0.0301431801055011,0,0.989449886963075,0,0.953278070836473,0,0.913338357196684,0,0.0828937452901281,0,0.0602863602110023,0
"21068","Hermenegildo Galeana",1993,0,7011,0,0.175614651279478,0,0.985449071751129,0,0.97842448569995,0,0.846462619167085,0,0.154039136979428,0,0.112895132965379,0
"21072","Huehuetla",3876,0,17082,0,0.119711042311662,0,0.964138286893705,0,0.891382868937049,0,0.890866873065015,0,0.118163054695562,0,0.135964912280702,0
"21160","Teotlalco",1011,0,3689,0,0.0326409495548961,0,0.977250247279921,0,0.923837784371909,0,0.928783382789317,0,0.0593471810089021,0,0.0731948565776459,0
"21161","Tepanco de López",5329,0,22218,0,0.0290861324826421,0,1.03115030962657,0,1.02026646650403,0,0.96228185400638,0,0.0827547382248077,0,0.0673672358791518,0
"21024","Axutla",300,0,976,0,0.0466666666666667,0,0.986666666666667,0,0.926666666666667,0,0.983333333333333,0,0.0166666666666667,0,0.1,0
"21186","Tlatlauquitepec",14354,0,55576,0,0.0337884910129581,0,0.984951929775672,0,0.983697923923645,0,0.946913752264177,0,0.0530165807440435,0,0.0391528493799638,0
"21170","Tepeyahualco",4672,0,19200,0,0.0241866438356164,0,0.996147260273973,0,0.998501712328767,0,0.983090753424658,0,0.0235445205479452,0,0.0622859589041096,0
"21196","Xayacatlán de Bravo",480,0,1570,0,0.0958333333333333,0,0.985416666666667,0,0.945833333333333,0,0.983333333333333,0,0.01875,0,0.075,0
"21117","Rafael Lara Grajales",3697,0,15952,0,0.0124425209629429,0,1.00027048958615,0,1.00216391668921,0,0.983770624830944,0,0.0192047606167163,0,0.0595077089532053,0
"21017","Atempan",6831,0,29742,0,0.0393793002488655,0,0.998389694041868,0,0.992387644561558,0,0.926365100278144,0,0.0827111696676914,0,0.0524081393646611,0
"21019","Atlixco",36397,0,141793,0,0.0204412451575679,0,1.02494711102563,0,0.99857131082232,0,0.987251696568399,0,0.0430529988735335,0,0.0620106052696651,0
"21173","Teteles de Ávila Castillo",1753,0,6653,0,0.0136908157444381,0,0.988020536223617,0,0.994295493439817,0,0.971477467199087,0,0.026811180832858,0,0.0519110096976612,0
"21175","Tianguismanalco",3588,0,14432,0,0.0264771460423634,0,0.994704570791527,0,0.983835005574136,0,0.915273132664437,0,0.084726867335563,0,0.0911371237458194,0
"21052","Chigmecatitlán",383,0,1215,0,0.0992167101827676,0,0.997389033942559,0,0.989556135770235,0,0.934725848563969,0,0.0704960835509138,0,0.148825065274151,0
"21069","Huaquechula",7202,0,29233,0,0.034018328242155,0,0.996112191058039,0,0.987225770619272,0,0.928492085531797,0,0.0773396278811441,0,0.0812274368231047,0
"21168","Tepexco",1781,0,7523,0,0.0932060640089837,0,0.984839977540708,0,0.878158338012353,0,0.905109489051095,0,0.0976979225154408,0,0.171252105558675,0
"21157","Tehuitzingo",3376,0,12672,0,0.0639810426540284,0,0.976599526066351,0,0.824348341232227,0,0.944905213270142,0,0.0518364928909953,0,0.071978672985782,0
"21162","Tepango de Rodríguez",1045,0,4155,0,0.092822966507177,0,0.971291866028708,0,0.905263157894737,0,0.727272727272727,0,0.2688995215311,0,0.0976076555023923,0
"21209","Zapotitlán",2255,0,8595,0,0.109090909090909,0,0.992461197339246,0,0.939689578713969,0,0.921064301552106,0,0.093569844789357,0,0.0749445676274945,0
"21118","Los Reyes de Juárez",6449,0,30021,0,0.0347340672972554,0,1.00108543960304,0,0.977826019537913,0,0.957822918281904,0,0.0500852845402388,0,0.0800124050240347,0
"21119","San Andrés Cholula",37155,0,154448,0,0.00667474095007401,0,1.18721571793837,0,1.15537612703539,0,1.17507737854932,0,0.0126227963934867,0,0.0445700444085587,0
"21120","San Antonio Cañada",1380,0,5938,0,0.0739130434782609,0,0.97463768115942,0,0.947826086956522,0,0.9,0,0.1,0,0.118115942028986,0
"21125","San Gregorio Atzompa",2211,0,9671,0,0.0199004975124378,0,1.11397557666214,0,1.10673903211217,0,1.08638625056535,0,0.0280416101311624,0,0.0248756218905473,0
"21126","San Jerónimo Tecuanipan",1348,0,6597,0,0.0311572700296736,0,1.06973293768546,0,1.01928783382789,0,1.03115727002967,0,0.0489614243323442,0,0.077893175074184,0
"21128","San José Chiapa",2501,0,10443,0,0.0143942423030788,0,0.992802878848461,0,0.991603358656537,0,0.987205117952819,0,0.0111955217912835,0,0.0567772890843663,0
"21158","Tenampulco",2066,0,6743,0,0.0537270087124879,0,0.974346563407551,0,0.621490803484995,0,0.898354307841239,0,0.105517909002904,0,0.0716360116166505,0
"21053","Chignahuapan",16886,0,66464,0,0.0258202060878835,0,1.00361246002606,0,0.980279521497098,0,0.970863437166884,0,0.0428757550633661,0,0.0450076986853014,0
"21002","Acateno",2609,0,9170,0,0.0502108087389804,0,0.9658873131468,0,0.865465695668839,0,0.847834419317746,0,0.146032962821004,0,0.118436182445381,0
"21003","Acatlán",9895,0,37955,0,0.0430520464881253,0,1.01465386558868,0,0.87145022738757,0,0.96644770085902,0,0.0565942395149065,0,0.100454775138959,0
"21004","Acatzingo",13440,0,63743,0,0.0286458333333333,0,0.991369047619048,0,0.888541666666667,0,0.963318452380952,0,0.0377232142857143,0,0.0817708333333333,0
"21005","Acteopan",850,0,3070,0,0.0729411764705882,0,0.972941176470588,0,0.621176470588235,0,0.861176470588235,0,0.124705882352941,0,0.135294117647059,0
"21006","Ahuacatlán",3627,0,14542,0,0.100358422939068,0,0.99200441135925,0,0.967741935483871,0,0.755169561621175,0,0.246208988144472,0,0.086848635235732,0
"21008","Ahuazotepec",2852,0,11439,0,0.0168302945301543,0,1.01893408134642,0,1.00245441795231,0,0.981065918653576,0,0.0420757363253857,0,0.0427769985974755,0
"21133","San Martín Totoltepec",194,0,692,0,0.0309278350515464,0,0.994845360824742,0,0.984536082474227,0,0.93298969072165,0,0.0670103092783505,0,0.0309278350515464,0
"21134","San Matías Tlalancaleca",5058,0,20974,0,0.0197706603400554,0,1.01126927639383,0,1.00830367734282,0,0.979636219849743,0,0.034994068801898,0,0.0476472914195334,0
"21135","San Miguel Ixitlán",180,0,526,0,0.1,0,0.983333333333333,0,0.977777777777778,0,0.955555555555556,0,0.0333333333333333,0,0.172222222222222,0
"21137","San Nicolás Buenos Aires",2443,0,10464,0,0.0171919770773639,0,0.997544003274662,0,0.997544003274662,0,0.975849365534179,0,0.0306999590667212,0,0.0724519033974621,0
"21138","San Nicolás de los Ranchos",2583,0,11780,0,0.0414246999612853,0,1.01626016260163,0,1.00580720092915,0,0.924893534649632,0,0.0940766550522648,0,0.083623693379791,0
"21139","San Pablo Anicano",1023,0,3759,0,0.0488758553274682,0,0.978494623655914,0,0.900293255131965,0,0.95307917888563,0,0.0420332355816227,0,0.130009775171065,0
"21140","San Pedro Cholula",33686,0,138433,0,0.00756991034851274,0,1.07724277147777,0,1.05491895743039,0,1.06192483524313,0,0.0168022323814047,0,0.0380870391260464,0
"21141","San Pedro Yeloixtlahuaca",1036,0,3488,0,0.0540540540540541,0,0.973938223938224,0,0.914092664092664,0,0.974903474903475,0,0.0250965250965251,0,0.102316602316602,0
"21205","Yehualtepec",6523,0,26392,0,0.0288210945883796,0,0.987122489652001,0,0.905105013030814,0,0.949869691859574,0,0.0469109305534263,0,0.0705196995247585,0
"21023","Atzitzintla",2072,0,9051,0,0.0632239382239382,0,0.991795366795367,0,0.974903474903475,0,0.920849420849421,0,0.0834942084942085,0,0.0916988416988417,0
"21116","Quimixtlán",4787,0,22855,0,0.0601629412993524,0,0.987883852099436,0,0.919991644035931,0,0.883225402130771,0,0.11301441403802,0,0.0317526634635471,0
"21115","Quecholac",13436,0,57992,0,0.0360970526942542,0,0.991887466507889,0,0.917162846085144,0,0.960256028579935,0,0.0398928252456088,0,0.0847722536469187,0
"21114","Puebla",453782,0,1692181,0,0.00641497459132359,0,1.04809798537624,0,1.02679039715105,0,1.03758412629853,0,0.0125809309315927,0,0.0414406036378702,0
"21144","San Salvador Huixcolotla",3597,0,16790,0,0.0236308034473172,0,0.984431470670003,0,0.747289407839867,0,0.906866833472338,0,0.0842368640533778,0,0.0511537392271337,0
"21145","San Sebastián Tlacotepec",3261,0,13189,0,0.21343146274149,0,0.954921803127875,0,0.885311254216498,0,0.685065930696105,0,0.319227230910764,0,0.105795768169273,0
"21146","Santa Catarina Tlaltempan",256,0,749,0,0.1015625,0,0.984375,0,0.984375,0,0.94921875,0,0.05078125,0,0.18359375,0
"21149","Santiago Miahuatlán",7319,0,30309,0,0.0256865692034431,0,0.98838639158355,0,0.950676321901899,0,0.85735756250854,0,0.153982784533406,0,0.123787402650635,0
"21150","Huehuetlán el Grande",1701,0,6105,0,0.107583774250441,0,0.995884773662551,0,0.951793062904174,0,0.970017636684303,0,0.0364491475602587,0,0.142269253380365,0
"21010","Ajalpan",15284,0,74768,0,0.0759617901073018,0,0.997906307249411,0,0.82550379481811,0,0.776890866265376,0,0.238746401465585,0,0.0792331850300968,0
"21014","Amixtlán",1352,0,4812,0,0.144970414201183,0,0.976331360946746,0,0.936390532544379,0,0.820266272189349,0,0.179733727810651,0,0.0665680473372781,0
"21015","Amozoc",30560,0,125876,0,0.0118455497382199,0,1.02248036649215,0,0.912663612565445,0,0.99342277486911,0,0.0334751308900524,0,0.0666884816753927,0
"21016","Aquixtla",2475,0,9021,0,0.0468686868686869,0,0.982222222222222,0,0.936565656565657,0,0.911111111111111,0,0.0945454545454545,0,0.0363636363636364,0
"21021","Atzala",393,0,1512,0,0.0279898218829517,0,1.01781170483461,0,1.00254452926209,0,0.954198473282443,0,0.0661577608142494,0,0.0916030534351145,0
"21026","Calpan",3599,0,15271,0,0.0366768546818561,0,0.992497916087802,0,0.96499027507641,0,0.907752153375938,0,0.0911364267852181,0,0.0530702973048069,0
"21027","Caltepec",1242,0,4128,0,0.156199677938808,0,0.943639291465378,0,0.9170692431562,0,0.873590982286634,0,0.128019323671498,0,0.070048309178744,0
"21165","Tepemaxalco",264,0,1216,0,0.0795454545454545,0,0.96969696969697,0,0.96969696969697,0,0.924242424242424,0,0.0681818181818182,0,0.0454545454545455,0
"21152","Soltepec",2948,0,12631,0,0.0288331071913161,0,0.984735413839891,0,0.965739484396201,0,0.96438263229308,0,0.0356173677069199,0,0.0427408412483039,0
"21206","Zacapala",1299,0,4647,0,0.092378752886836,0,0.979214780600462,0,0.858352578906851,0,0.928406466512702,0,0.063125481139338,0,0.0831408775981524,0
"21211","Zaragoza",4084,0,16752,0,0.0166503428011753,0,1.07198824681685,0,1.07370225269344,0,1.04407443682664,0,0.0355044074436827,0,0.0617042115572968,0
"21212","Zautla",5089,0,20717,0,0.0754568677539792,0,0.984476321477697,0,0.959520534486147,0,0.81784240518766,0,0.189821182943604,0,0.063273727647868,0
"21163","Tepatlaxco de Hidalgo",4080,0,18854,0,0.0245098039215686,0,0.992156862745098,0,0.932843137254902,0,0.959803921568627,0,0.0428921568627451,0,0.0607843137254902,0
"21049","Chiconcuautla",4069,0,17382,0,0.124600638977636,0,0.99385598427132,0,0.983779798476284,0,0.740722536249693,0,0.260997788154338,0,0.112558368149422,0
"21048","Chiautzingo",4904,0,22039,0,0.024673735725938,0,1.01101141924959,0,1.00958401305057,0,0.924755301794454,0,0.0935970636215334,0,0.0426182707993475,0
"21047","Chiautla",5816,0,21699,0,0.046767537826685,0,0.992778541953232,0,0.915405777166437,0,0.922283356258597,0,0.0816712517193948,0,0.077544704264099,0
"21195","Vicente Guerrero",5958,0,26559,0,0.0861027190332326,0,0.981705270224908,0,0.80093991272239,0,0.797079556898288,0,0.203423967774421,0,0.0278616985565626,0
"21164","Tepeaca",18116,0,84270,0,0.0251711194524178,0,1.01744314418194,0,0.997184809008611,0,0.985592846102892,0,0.0369286818282182,0,0.0533782291896666,0
"21046","Chapulco",1876,0,8193,0,0.035181236673774,0,1.00959488272921,0,0.993603411513859,0,0.946695095948827,0,0.0724946695095949,0,0.0911513859275053,0
"21210","Zapotitlán de Méndez",1454,0,5675,0,0.0804676753782669,0,0.988995873452545,0,0.979367262723521,0,0.898211829436039,0,0.0990371389270977,0,0.108665749656121,0
"21136","San Miguel Xoxtla",2729,0,12461,0,0.00622938805423232,0,1.03994137046537,0,1.03481128618542,0,1.02821546353976,0,0.0120923415170392,0,0.0589959692194943,0
"21045","Chalchicomula de Sesma",11353,0,47410,0,0.0192900554919405,0,1.02651281599577,0,1.01171496520743,0,0.994450805954373,0,0.0368184620805074,0,0.0721395225931472,0
"21043","Cuetzalan del Progreso",12463,0,49864,0,0.0686833025756238,0,0.97063307389874,0,0.940945197785445,0,0.909652571611971,0,0.098531653694937,0,0.105833266468747,0
"21084","Ixtepec",1733,0,6950,0,0.156953260242354,0,0.954991344489325,0,0.926716676283901,0,0.846508944027698,0,0.152336987882285,0,0.11598384304674,0
"21086","Jalpan",3291,0,12050,0,0.0884229717411121,0,0.977210574293528,0,0.730780917654208,0,0.840170161045275,0,0.166818596171376,0,0.112731692494682,0
"21042","Cuayuca de Andrade",949,0,3315,0,0.174920969441517,0,0.982086406743941,0,0.849315068493151,0,0.934668071654373,0,0.0611169652265543,0,0.141201264488936,0
"21113","Piaxtla",1412,0,4627,0,0.075070821529745,0,0.988668555240793,0,0.902266288951841,0,0.971671388101983,0,0.0276203966005666,0,0.0764872521246459,0
"21131","San Juan Atzompa",273,0,975,0,0.0293040293040293,0,1,0,0.981684981684982,0,0.996336996336996,0,0.00366300366300366,0,0.131868131868132,0
"21089","Jopala",3180,0,12131,0,0.107547169811321,0,0.989622641509434,0,0.95125786163522,0,0.892452830188679,0,0.109433962264151,0,0.0767295597484277,0
"21041","Cuautlancingo",38335,0,137435,0,0.0052954219381766,0,1.06964914568932,0,1.06409286552759,0,1.05824964131994,0,0.0119733924611973,0,0.0268683970262163,0
"21040","Cuautinchán",2905,0,12340,0,0.0282271944922547,0,0.9776247848537,0,0.831325301204819,0,0.939070567986231,0,0.0602409638554217,0,0.0984509466437177,0
"21039","Cuautempan",2848,0,9837,0,0.0811095505617977,0,0.981741573033708,0,0.979283707865168,0,0.877457865168539,0,0.124648876404494,0,0.0568820224719101,0
"21038","Cuapiaxtla de Madero",2354,0,10542,0,0.032285471537808,0,0.99660152931181,0,0.85089209855565,0,0.949872557349193,0,0.0526762956669499,0,0.105777400169924,0
"21112","Petlalcingo",2580,0,9350,0,0.0833333333333333,0,0.986434108527132,0,0.933333333333333,0,0.943410852713178,0,0.0550387596899225,0,0.0918604651162791,0
"21009","Ahuehuetitla",617,0,2207,0,0.0437601296596434,0,0.970826580226904,0,0.896272285251216,0,0.965964343598055,0,0.0226904376012966,0,0.119935170178282,0
"21076","Hueytamalco",7549,0,27600,0,0.0434494635051,0,0.975758378593191,0,0.961716783679958,0,0.895217909656908,0,0.106239236985031,0,0.0973638892568552,0
"21183","Tlaola",5004,0,20433,0,0.154476418864908,0,0.988609112709832,0,0.939048760991207,0,0.7414068745004,0,0.257993605115907,0,0.0931254996003197,0
"21071","Huauchinango",26988,0,103946,0,0.0442418852823477,0,1.01615532829406,0,0.966688898769824,0,0.93530457981325,0,0.085297169112198,0,0.102193567511487,0
"21070","Huatlatlauca",1744,0,6111,0,0.0946100917431193,0,1,0,0.979357798165138,0,0.981651376146789,0,0.033256880733945,0,0.114678899082569,0
"21111","Pantepec",5226,0,18528,0,0.133180252583238,0,0.966513585916571,0,0.827401454267126,0,0.843857634902411,0,0.153654802908534,0,0.0845771144278607,0
"22002","Pinal de Amoles",6727,0,27365,0,0.134829790396908,0,0.952579158614538,0,0.864724245577523,0,0.938902928497101,0,0.0698676973390813,0,0.0453396759328081,0
"22010","Landa de Matamoros",5326,0,18794,0,0.0720991363124296,0,0.981787457754412,0,0.732256853173113,0,0.977656778069846,0,0.0221554637626737,0,0.028914757791964,0
"22006","Corregidora",59554,0,212567,0,0.00628001477650536,0,1.07485643281728,0,1.06577224031971,0,1.063404641166,0,0.0129294421869228,0,0.0213251838667428,0
"22003","Arroyo Seco",3790,0,13142,0,0.0638522427440633,0,0.986543535620053,0,0.910026385224274,0,0.969393139841689,0,0.0340369393139842,0,0.0414248021108179,0
"22011","El Marqués",62779,0,231668,0,0.00719985982573791,0,1.07590117714522,0,1.04514248395164,0,1.05262906385893,0,0.0271587632807149,0,0.0398063046560155,0
"22012","Pedro Escobedo",18948,0,77404,0,0.0151467173316445,0,0.999050031665611,0,0.996041798606713,0,0.969970445429597,0,0.0347266202237703,0,0.0613785096052354,0
"22015","San Joaquín",2257,0,8359,0,0.0562693841382366,0,0.97075764288879,0,0.889676561807709,0,0.968542312804608,0,0.0332299512627382,0,0.0460788657509969,0
"22016","San Juan del Río",82083,0,297804,0,0.00889343713070916,0,1.01108633943691,0,1.00364265438641,0,1.00336245020284,0,0.0119513175688023,0,0.0426154014838639,0
"22017","Tequisquiapan",18722,0,72201,0,0.0139942313855357,0,1.00261724174768,0,0.996261083217605,0,0.981572481572482,0,0.0288430723213332,0,0.0658583484670441,0
"22018","Tolimán",6986,0,27916,0,0.0671342685370741,0,0.973375322072717,0,0.929430289149728,0,0.947036931004867,0,0.0549670770111652,0,0.12038362439164,0
"22007","Ezequiel Montes",10523,0,45141,0,0.0170103582628528,0,1.02214197472204,0,1,0,1.00114035921315,0,0.0274636510500808,0,0.0540720326902974,0
"22001","Amealco de Bonfil",16974,0,66841,0,0.0616825733474726,0,0.978025215034759,0,0.97289972899729,0,0.969895133733946,0,0.0371155885471898,0,0.0614469188170143,0
"22014","Querétaro",284214,0,1049777,0,0.00579844764860281,0,1.0668404793571,0,1.05848058153363,0,1.05379397214775,0,0.014249825835462,0,0.0335732933634515,0
"22005","Colón",15940,0,67121,0,0.0233375156838143,0,1.00081555834379,0,0.988331242158093,0,0.952572145545797,0,0.0587202007528231,0,0.0979297365119197,0
"22004","Cadereyta de Montes",17224,0,69075,0,0.0464468183929401,0,0.978576405016256,0,0.965106827682304,0,0.970796562935439,0,0.0304807245703669,0,0.0584068741291222,0
"22013","Peñamiller",4858,0,19141,0,0.07739810621655,0,0.979621243310004,0,0.901193906957596,0,0.962124331000412,0,0.038699053108275,0,0.0722519555372581,0
"22008","Huimilpan",9619,0,36808,0,0.0208961430502131,0,1.02193575215719,0,1.01975257303254,0,1.01382680112278,0,0.0144505665869633,0,0.0471982534567003,0
"22009","Jalpan de Serra",7436,0,27343,0,0.0498924152770307,0,0.987358795051103,0,0.913797740720818,0,0.976734803657881,0,0.0387305002689618,0,0.0960193652501345,0
"23001","Cozumel",25524,0,88626,0,0.0150054850336938,0,1.02605391004545,0,1.02601473123335,0,1.02154834665413,0,0.0086585174737502,0,0.260539100454474,0
"23003","Isla Mujeres",6216,0,22686,0,0.0213963963963964,0,1.0498712998713,0,1.01962676962677,0,1.0472972972973,0,0.0323359073359073,0,0.436454311454311,0
"23002","Felipe Carrillo Puerto",20828,0,83990,0,0.0948722873055502,0,0.99500672172076,0,0.997599385442673,0,0.927453428077588,0,0.0974169387363165,0,0.194689840599193,0
"23005","Benito Juárez",249998,0,911503,0,0.00994407955263642,0,1.13068904551236,0,1.1187329498636,0,1.12004896039168,0,0.0148841190729526,0,0.127929023432187,0
"23004","Othón P. Blanco",69365,0,233648,0,0.0213075758667916,0,0.998024940531969,0,0.99107619116269,0,0.984401355150292,0,0.0270453398688099,0,0.150508181359475,0
"23011","Puerto Morelos",7837,0,26921,0,0.032665560801327,0,1.09225468929437,0,1.08842669388797,0,1.07298711241547,0,0.0356003572795713,0,0.203266556080133,0
"23008","Solidaridad",90727,0,333800,0,0.0171283080009259,0,1.1697069229667,0,1.16669789588546,0,1.16055859887354,0,0.0182084715685518,0,0.243301332569136,0
"23010","Bacalar",11069,0,41754,0,0.134971542144729,0,0.971813171921583,0,0.987623091516849,0,0.941548468696359,0,0.0638720751648749,0,0.249525702412142,0
"23007","Lázaro Cárdenas",7545,0,29171,0,0.0950298210735586,0,1.01166335321405,0,1.01007289595759,0,1.00132538104705,0,0.0469184890656064,0,0.231146454605699,0
"23006","José María Morelos",10386,0,39165,0,0.0918544194107452,0,0.968322742152898,0,0.960138648180243,0,0.926150587329097,0,0.0725014442518775,0,0.165414981706143,0
"23009","Tulum",12700,0,46721,0,0.0636220472440945,0,1.06748031496063,0,1.06007874015748,0,1.0140157480315,0,0.0795275590551181,0,0.53748031496063,0
"24050","Villa de Reyes",12049,0,52912,0,0.0239853929786704,0,0.994107394804548,0,0.963980413312308,0,0.940326998091128,0,0.0658145904224417,0,0.0448999917005561,0
"24052","Villa Juárez",2961,0,10304,0,0.0516717325227964,0,0.976697061803445,0,0.934481594056062,0,0.886187098953056,0,0.114826072272881,0,0.0509962850388382,0
"24053","Axtla de Terrazas",8411,0,32544,0,0.066817263107835,0,0.992272024729521,0,0.937581738199976,0,0.872666745927951,0,0.137082392105576,0,0.043157769587445,0
"24054","Xilitla",12591,0,49741,0,0.0957032801207211,0,0.96314828051783,0,0.66642840123898,0,0.877849257406084,0,0.127869112858391,0,0.0566277499801445,0
"24055","Zaragoza",6272,0,27386,0,0.0373086734693878,0,1.01307397959184,0,0.922991071428571,0,0.956473214285714,0,0.0693558673469388,0,0.038265306122449,0
"24048","Villa de la Paz",1325,0,5298,0,0.0233962264150943,0,0.995471698113208,0,0.982641509433962,0,0.98188679245283,0,0.0211320754716981,0,0.030188679245283,0
"24015","Charcas",5883,0,21814,0,0.0423253442121367,0,0.981472038075812,0,0.878633350331464,0,0.956994730579636,0,0.0639129695733469,0,0.0241373448920619,0
"24013","Ciudad Valles",50854,0,179371,0,0.0164195540173831,0,1.02782475321509,0,1.01240807016164,0,0.982361269516655,0,0.063377512093444,0,0.0595036771935344,0
"24009","Cerro de San Pedro",1356,0,5050,0,0.0250737463126844,0,0.971976401179941,0,0.949852507374631,0,0.962389380530973,0,0.0390855457227139,0,0.0427728613569322,0
"24043","Tierra Nueva",2157,0,7966,0,0.0950394065832174,0,0.974038015762633,0,0.92814093648586,0,0.939267501159017,0,0.0700046360686138,0,0.0458970792767733,0
"24042","Tanquián de Escobedo",3696,0,13448,0,0.0338203463203463,0,0.976731601731602,0,0.954004329004329,0,0.913690476190476,0,0.0819805194805195,0,0.0462662337662338,0
"24012","Tancanhuitz",5187,0,20300,0,0.0967804125698863,0,0.940042413726624,0,0.610757663389242,0,0.807788702525545,0,0.192211297474455,0,0.0975515712357818,0
"24011","Ciudad Fernández",12698,0,48106,0,0.0166955426051347,0,0.997794928335171,0,0.990943455662309,0,0.945503228854938,0,0.0611119861395495,0,0.036698692707513,0
"24010","Ciudad del Maíz",7920,0,30320,0,0.0626262626262626,0,0.99469696969697,0,0.833459595959596,0,0.956313131313131,0,0.0570707070707071,0,0.0362373737373737,0
"24008","Cerritos",6306,0,22075,0,0.0344116714240406,0,0.994291151284491,0,0.957025055502696,0,0.97383444338725,0,0.034570250555027,0,0.0374246749127815,0
"24007","Cedral",5026,0,19840,0,0.0157182650218862,0,1,0,0.957222443294867,0,0.982292081177875,0,0.0282530839633904,0,0.0340230799840828,0
"24035","Soledad de Graciano Sánchez",87812,0,332072,0,0.00469184166173188,0,1.04013118935909,0,1.03453969844668,0,1.0323076572678,0,0.00998724547897782,0,0.0118093199107184,0
"24041","Tanlajás",4931,0,18208,0,0.122693165686473,0,0.962482255120665,0,0.941796795781789,0,0.839586290813222,0,0.163861285743257,0,0.101196511863719,0
"24040","Tamuín",10350,0,36968,0,0.0293719806763285,0,0.986376811594203,0,0.924927536231884,0,0.915942028985507,0,0.0940096618357488,0,0.0742028985507246,0
"24039","Tampamolón Corona",3524,0,13603,0,0.083427922814983,0,0.95516458569807,0,0.881384790011351,0,0.738649262202043,0,0.259931895573212,0,0.065266742338252,0
"24038","Tampacán",3851,0,14348,0,0.0828356271098416,0,0.970656972215009,0,0.696961828096598,0,0.797714879252142,0,0.199688392625292,0,0.0399896130875097,0
"24037","Tamazunchale",24159,0,95037,0,0.0791837410488845,0,0.99101784014239,0,0.842584544062254,0,0.869820770727265,0,0.139658098431226,0,0.089531851483919,0
"24036","Tamasopo",8257,0,29184,0,0.101368535787816,0,0.959307254450769,0,0.830568002906625,0,0.922247789754148,0,0.0882887247184207,0,0.0868354123773768,0
"24006","Catorce",2610,0,9579,0,0.0888888888888889,0,0.961685823754789,0,0.804980842911877,0,0.923754789272031,0,0.075095785440613,0,0.0647509578544061,0
"24028","San Luis Potosí",237974,0,911908,0,0.00571911217191794,0,1.08441258288721,0,1.07042786186726,0,1.07341138107524,0,0.0136191348634725,0,0.0133501979207813,0
"24031","Santa Catarina",2945,0,12163,0,0.351782682512733,0,0.917147707979627,0,0.514431239388795,0,0.887945670628183,0,0.111375212224109,0,0.101528013582343,0
"24030","San Nicolás Tolentino",1489,0,4779,0,0.061114842175957,0,0.981867024848892,0,0.922766957689725,0,0.975151108126259,0,0.0322364002686367,0,0.0147750167897918,0
"24029","San Martín Chalchicuautla",5228,0,18468,0,0.102524866105585,0,0.981254781943382,0,0.637528691660291,0,0.804131599081867,0,0.200841622035195,0,0.0411247130833971,0
"24026","San Antonio",2390,0,9382,0,0.110460251046025,0,0.94979079497908,0,0.778242677824268,0,0.877824267782427,0,0.121757322175732,0,0.0757322175732218,0
"24005","Cárdenas",5213,0,18317,0,0.0280069058123921,0,0.981200844043737,0,0.931133704201036,0,0.934011126031076,0,0.0657970458469212,0,0.0362555150585076,0
"24024","Rioverde",26787,0,97943,0,0.0228842348900586,0,0.99257102325755,0,0.938850935155113,0,0.928584761264793,0,0.0810094448799791,0,0.0428566095494083,0
"24023","Rayón",4455,0,15301,0,0.0671156004489338,0,0.961840628507295,0,0.808978675645342,0,0.918069584736251,0,0.0819304152637486,0,0.0556677890011223,0
"24022","Moctezuma",5120,0,19036,0,0.047265625,0,0.9890625,0,0.9197265625,0,0.9689453125,0,0.0419921875,0,0.029296875,0
"24021","Mexquitic de Carmona",13212,0,58469,0,0.0292158643657281,0,1.02520435967302,0,0.939297608234938,0,1.01475930971844,0,0.032016348773842,0,0.0317135937026945,0
"24017","Guadalcázar",6395,0,25119,0,0.0931978107896794,0,0.982329945269742,0,0.503674745895231,0,0.941829554339328,0,0.0697419859265051,0,0.0400312744331509,0
"24016","Ebano",11570,0,40899,0,0.0213483146067416,0,0.995764909248055,0,0.955315471045808,0,0.967761452031115,0,0.043647363872083,0,0.0729472774416595,0
"24014","Coxcatlán",4199,0,15660,0,0.136222910216718,0,0.957370802572041,0,0.643486544415337,0,0.872112407716123,0,0.127411288402,0,0.0469159323648488,0
"24033","Santo Domingo",2875,0,10785,0,0.0274782608695652,0,0.995826086956522,0,0.900521739130435,0,0.959652173913043,0,0.048695652173913,0,0.0264347826086957,0
"24001","Ahualulco del Sonido 13",4620,0,18974,0,0.0417748917748918,0,0.992640692640693,0,0.854761904761905,0,0.934415584415584,0,0.0852813852813853,0,0.0422077922077922,0
"24057","Matlapa",7195,0,28996,0,0.101320361362057,0,0.983599722029187,0,0.860458651841557,0,0.867824878387769,0,0.132870048644892,0,0.0685198054204309,0
"24051","Villa Hidalgo",4211,0,15458,0,0.0410828781762052,0,0.982426976965091,0,0.88815008311565,0,0.975777725005937,0,0.0244597482783187,0,0.0273094276893849,0
"24058","El Naranjo",5869,0,20959,0,0.0352700630431079,0,0.981257454421537,0,0.977168171749872,0,0.969159993184529,0,0.029817686147555,0,0.0817856534332936,0
"24032","Santa María del Río",10195,0,39880,0,0.0616969102501226,0,0.960863168219716,0,0.863756743501716,0,0.941539970573811,0,0.0595389897008337,0,0.0362923001471309,0
"24027","San Ciro de Acosta",3023,0,10215,0,0.0337413165729408,0,0.97816738339398,0,0.944426066821039,0,0.939464108501489,0,0.0602050942772081,0,0.0363876943433675,0
"24025","Salinas",7728,0,31107,0,0.0195393374741201,0,0.997670807453416,0,0.91796066252588,0,0.974767080745342,0,0.0375258799171843,0,0.0270445134575569,0
"24056","Villa de Arista",4266,0,17258,0,0.0433661509610877,0,0.988279418659165,0,0.958274730426629,0,0.974449132676981,0,0.0330520393811533,0,0.0522737927801219,0
"24047","Villa de Guadalupe",2496,0,9277,0,0.0625,0,0.97636217948718,0,0.685496794871795,0,0.944711538461538,0,0.0564903846153846,0,0.0364583333333333,0
"24059","Villa de Pozos",0,1,0,1,0,1,0,1,0,1,0,1,0,1,0,1
"24034","San Vicente Tancuayalab",4161,0,14945,0,0.0552751742369623,0,0.968757510213891,0,0.894015861571738,0,0.867099254986782,0,0.130016822879116,0,0.0766642633982216,0
"24002","Alaquines",2179,0,7785,0,0.0853602569986232,0,0.973841211564938,0,0.715006883891693,0,0.928407526388252,0,0.0725103258375402,0,0.0357962368058743,0
"24003","Aquismón",12445,0,48359,0,0.148814785054239,0,0.921333869023704,0,0.72575331458417,0,0.799276817999196,0,0.2,0,0.0925672961028526,0
"24004","Armadillo de los Infante",1162,0,4013,0,0.072289156626506,0,0.969018932874355,0,0.862306368330465,0,0.966437177280551,0,0.0352839931153184,0,0.0258175559380379,0
"24046","Villa de Arriaga",4521,0,18206,0,0.0327361203273612,0,0.999778809997788,0,0.914399469143995,0,0.990046449900465,0,0.0316301703163017,0,0.0360539703605397,0
"24018","Huehuetlán",4043,0,15334,0,0.12663863467722,0,0.9436062329953,0,0.735839722977987,0,0.848379915904032,0,0.153351471679446,0,0.0818698985901558,0
"24019","Lagunillas",1712,0,5453,0,0.0882009345794393,0,0.95911214953271,0,0.880257009345794,0,0.938084112149533,0,0.0490654205607477,0,0.0327102803738318,0
"24020","Matehuala",26307,0,102199,0,0.00752651385562778,0,1.03044816968868,0,0.9734671380241,0,1.02193332573079,0,0.0160793705097503,0,0.0168396244345611,0
"24044","Vanegas",1960,0,7557,0,0.0530612244897959,0,0.99234693877551,0,0.805612244897959,0,0.954081632653061,0,0.0474489795918367,0,0.0428571428571429,0
"24045","Venado",3937,0,14188,0,0.031242062484125,0,0.961391922783846,0,0.892303784607569,0,0.97739395478791,0,0.0330200660401321,0,0.0233680467360935,0
"24049","Villa de Ramos",9944,0,38389,0,0.0229283990345937,0,0.993061142397426,0,0.896520514883347,0,0.96973049074819,0,0.0328841512469831,0,0.0299678197908286,0
"25010","El Fuerte",26341,0,96593,0,0.0389886488743783,0,0.988117383546562,0,0.961998405527505,0,0.949280589195551,0,0.0553509737671311,0,0.0965035495994837,0
"25008","Elota",11922,0,55339,0,0.029105854722362,0,1.00838785438685,0,1.00201308505284,0,0.980624056366382,0,0.0361516524073142,0,0.073980875691998,0
"25016","San Ignacio",5469,0,19505,0,0.0590601572499543,0,0.986652038763942,0,0.984092155787164,0,0.966538672517828,0,0.0453464984457853,0,0.0590601572499543,0
"25018","Navolato",37533,0,149122,0,0.0217408680361282,0,0.996349878773346,0,0.97972450909866,0,0.976047744651373,0,0.0250446273945595,0,0.087443050115898,0
"25003","Badiraguato",7136,0,26542,0,0.0986547085201794,0,0.978839686098655,0,0.941844170403587,0,0.859585201793722,0,0.154568385650224,0,0.0522701793721973,0
"25014","Rosario",14660,0,52345,0,0.0289904502046385,0,0.994133697135061,0,0.984993178717599,0,0.97162346521146,0,0.0366302864938608,0,0.0746930422919509,0
"25001","Ahome",133070,0,459310,0,0.0110468174644924,0,0.999150822875178,0,0.993018711956113,0,0.990801833621402,0,0.0135492597880815,0,0.037649357481025,0
"25002","Angostura",12919,0,44093,0,0.0181902624042109,0,0.998374487189411,0,0.990324328508398,0,0.989859896276802,0,0.0118430219057203,0,0.0369997677838842,0
"25020","Juan José Ríos",0,1,0,1,0,1,0,1,0,1,0,1,0,1,0,1
"25019","Eldorado",0,1,0,1,0,1,0,1,0,1,0,1,0,1,0,1
"25009","Escuinapa",16215,0,59988,0,0.0308973172987974,0,0.987850755473327,0,0.95781683626272,0,0.965217391304348,0,0.033672525439408,0,0.091150169596053,0
"25004","Concordia",7202,0,24899,0,0.0397111913357401,0,0.986114968064427,0,0.983754512635379,0,0.959455706748126,0,0.0416550958067204,0,0.0573451818939184,0
"25005","Cosalá",4155,0,17012,0,0.0551143200962696,0,0.996389891696751,0,0.943200962695548,0,0.940794223826715,0,0.0623345367027677,0,0.0457280385078219,0
"25012","Mazatlán",149700,0,501441,0,0.00808951235804943,0,1.01552438209753,0,1.01182364729459,0,1.00313961255845,0,0.0158383433533734,0,0.0414629258517034,0
"25007","Choix",8138,0,29334,0,0.0544359793561072,0,0.974072253624969,0,0.957974932415827,0,0.925165888424674,0,0.0766773162939297,0,0.092774637503072,0
"25013","Mocorito",11346,0,40358,0,0.0356072624713555,0,1.01092896174863,0,0.97047417592103,0,0.974792878547506,0,0.0434514366296492,0,0.0486515071390799,0
"25015","Salvador Alvarado",23179,0,79492,0,0.00694594244790543,0,0.997325165020061,0,0.992665775055007,0,0.988567237585746,0,0.0106561974200785,0,0.0167392898744553,0
"25006","Culiacán",270235,0,1003530,0,0.00650544896108942,0,1.03681980498455,0,1.02948174736803,0,1.02175883952856,0,0.0167409846985032,0,0.0254297185782745,0
"25017","Sinaloa",20959,0,78670,0,0.0503363710100673,0,0.9760007633952,0,0.948566248389713,0,0.92175199198435,0,0.0817787108163557,0,0.0599742354119948,0
"25011","Guasave",77628,0,289370,0,0.0161410831143402,0,0.995697428762818,0,0.982609367753903,0,0.978564435512959,0,0.0224918843716185,0,0.0466197763693513,0
"26066","Ures",2863,0,8548,0,0.0136220747467691,0,1.01117708697171,0,1.01676563045756,0,1.01222493887531,0,0.0115263709395739,0,0.036325532658051,0
"26038","Moctezuma",1653,0,5173,0,0.00786448880822747,0,1.0302480338778,0,1.03206291591047,0,1.02722323049002,0,0.00604960677555959,0,0.029038112522686,0
"26033","Huatabampo",21319,0,77682,0,0.0358365777006426,0,0.981987898119049,0,0.967775223978611,0,0.957596510155261,0,0.0469534218302922,0,0.0898728833434964,0
"26056","San Miguel de Horcasitas",2680,0,10729,0,0.0645522388059701,0,1.00746268656716,0,1.02798507462687,0,0.943283582089552,0,0.0906716417910448,0,0.354850746268657,0
"26031","Huachinera",391,0,1186,0,0.0153452685421995,0,1,0,0.994884910485934,0,0.989769820971867,0,0.0179028132992327,0,0.0460358056265985,0
"26032","Huásabas",298,0,888,0,0.0134228187919463,0,0.996644295302013,0,1,0,1.00335570469799,0,0,0,0.023489932885906,0
"26070","General Plutarco Elías Calles",4038,0,13627,0,0.0143635463100545,0,0.989598811292719,0,0.988112927191679,0,0.986379395740466,0,0.0180782565626548,0,0.0700842000990589,0
"26064","Trincheras",477,0,1381,0,0.0335429769392034,0,0.974842767295597,0,0.985324947589098,0,0.987421383647799,0,0.0125786163522013,0,0.0482180293501048,0
"26062","Suaqui Grande",350,0,1114,0,0.0114285714285714,0,0.985714285714286,0,1,0,0.994285714285714,0,0.00857142857142857,0,0.0342857142857143,0
"26052","Sahuaripa",1722,0,5257,0,0.0400696864111498,0,0.986062717770035,0,1.00696864111498,0,0.955865272938444,0,0.0563298490127758,0,0.0226480836236934,0
"26051","Rosario",1498,0,4830,0,0.0594125500667557,0,0.974632843791722,0,0.987983978638184,0,0.939919893190921,0,0.0634178905206943,0,0.0654205607476635,0
"26037","Mazatán",397,0,1101,0,0.0201511335012594,0,0.984886649874055,0,0.979848866498741,0,0.98992443324937,0,0.0201511335012594,0,0.0428211586901763,0
"26021","La Colorada",675,0,1848,0,0.0385185185185185,0,0.965925925925926,0,0.994074074074074,0,0.968888888888889,0,0.0325925925925926,0,0.08,0
"26041","Nacozari de García",4007,0,14369,0,0.00673820813576242,0,1.07237334664337,0,1.0718742201148,0,1.05889693037185,0,0.0237085101073122,0,0.078362864986274,0
"26043","Nogales",71518,0,264782,0,0.00662770211694958,0,1.08767023686345,0,1.04586258004978,0,1.07844179087782,0,0.0146816186134959,0,0.0402136525070612,0
"26034","Huépac",327,0,943,0,0.0244648318042813,0,0.99388379204893,0,1,0,0.996941896024465,0,0.00305810397553517,0,0.0152905198776758,0
"26016","Benjamín Hill",1462,0,4988,0,0.0253077975376197,0,1.03146374829001,0,1.03830369357045,0,1.04035567715458,0,0.0143638850889193,0,0.0341997264021888,0
"26014","Baviácora",1034,0,3191,0,0.0261121856866538,0,1.00193423597679,0,1.00193423597679,0,0.995164410058027,0,0.00967117988394584,0,0.0183752417794971,0
"26015","Bavispe",387,0,1169,0,0.0155038759689922,0,0.997416020671835,0,0.994832041343669,0,1,0,0,0,0.0439276485788114,0
"26069","Yécora",1498,0,4793,0,0.0834445927903872,0,0.97196261682243,0,0.948598130841122,0,0.891855807743658,0,0.120827770360481,0,0.0420560747663551,0
"26009","Bacanora",254,0,759,0,0.047244094488189,0,1.00787401574803,0,1.00787401574803,0,1.00787401574803,0,0.0078740157480315,0,0.0275590551181102,0
"26029","Guaymas",46083,0,156863,0,0.0161230822646095,0,1.00796389123972,0,1.00360219603758,0,0.964498839051277,0,0.0550094394896166,0,0.0649046286049085,0
"26002","Agua Prieta",24578,0,91929,0,0.00703881520058589,0,1.08597119375051,0,1.09016193343641,0,1.08816828057613,0,0.0103344454390105,0,0.0477662950606233,0
"26057","San Pedro de la Cueva",547,0,1458,0,0.0383912248628885,0,1.0109689213894,0,1.0127970749543,0,1.0109689213894,0,0.0146252285191956,0,0.0420475319926874,0
"26055","San Luis Río Colorado",56173,0,199021,0,0.0141883111103199,0,1.03982340270237,0,1.0449148167269,0,1.02736189984512,0,0.0249052035675502,0,0.0523205098534883,0
"26024","Divisaderos",241,0,753,0,0.00829875518672199,0,1.00414937759336,0,1.00414937759336,0,1.00414937759336,0,0,0,0.012448132780083,0
"26023","Cumpas",1803,0,5829,0,0.0177481974486966,0,1.02662229617304,0,1.02717692734332,0,1.02052135330006,0,0.0110926234054354,0,0.0133111480865225,0
"26001","Aconchi",787,0,2563,0,0.0228716645489199,0,0.992376111817027,0,0.993646759847522,0,1,0,0.00381194409148666,0,0.0406607369758577,0
"26003","Álamos",7099,0,24976,0,0.074235807860262,0,0.952669390054937,0,0.943654035779687,0,0.885476827722214,0,0.117340470488801,0,0.109452035497957,0
"26030","Hermosillo",260719,0,936263,0,0.00892915360982514,0,1.05981535676341,0,1.05810853831136,0,1.04498329619245,0,0.0193925260529536,0,0.0346004702380724,0
"26022","Cucurpe",314,0,863,0,0.0732484076433121,0,0.923566878980892,0,0.993630573248408,0,0.987261146496815,0,0.0159235668789809,0,0.035031847133758,0
"26025","Empalme",14667,0,51431,0,0.014522397218245,0,0.999795459194109,0,0.997886411672462,0,0.977091429740233,0,0.0302038590032045,0,0.0477261880411809,0
"26027","Fronteras",2639,0,9041,0,0.00985221674876847,0,1.00416824554756,0,1.01364153088291,0,1.00075786282683,0,0.0200833649109511,0,0.0428192497158014,0
"26005","Arivechi",394,0,1177,0,0.0532994923857868,0,0.967005076142132,0,0.989847715736041,0,0.972081218274112,0,0.0203045685279188,0,0.0126903553299492,0
"26006","Arizpe",961,0,2788,0,0.0166493236212279,0,0.991675338189386,0,0.99687825182102,0,0.987513007284079,0,0.0176899063475546,0,0.0249739854318418,0
"26035","Imuris",3195,0,12536,0,0.0156494522691706,0,1.08951486697966,0,1.08888888888889,0,1.08513302034429,0,0.0187793427230047,0,0.0610328638497653,0
"26068","Villa Pesqueira",374,0,1043,0,0.0347593582887701,0,0.975935828877005,0,0.973262032085562,0,0.983957219251337,0,0.018716577540107,0,0.0213903743315508,0
"26046","Oquitoa",155,0,496,0,0,0,0.993548387096774,0,1,0,1,0,0.00645161290322581,0,0.0129032258064516,0
"26026","Etchojoa",15453,0,61309,0,0.0555879117323497,0,0.964861192001553,0,0.980262732155568,0,0.930498932246166,0,0.0740309325050152,0,0.125412541254125,0
"26049","Quiriego",930,0,3090,0,0.0849462365591398,0,0.894623655913979,0,0.882795698924731,0,0.91505376344086,0,0.0838709677419355,0,0.126881720430108,0
"26071","Benito Juárez",5849,0,21692,0,0.0323132159343478,0,1.00444520430843,0,1.00393229611899,0,0.999658061207044,0,0.0196614805949735,0,0.0902718413404001,0
"26004","Altar",2570,0,9492,0,0.0151750972762646,0,1.01789883268482,0,1.01789883268482,0,1.01867704280156,0,0.0120622568093385,0,0.0708171206225681,0
"26063","Tepache",396,0,1178,0,0.0151515151515152,0,0.992424242424242,0,1.00252525252525,0,1.00252525252525,0,0,0,0.0101010101010101,0
"26028","Granados",340,0,1009,0,0.0117647058823529,0,1.00588235294118,0,1.00588235294118,0,1.00588235294118,0,0,0,0.0205882352941176,0
"26048","Puerto Peñasco",18406,0,62689,0,0.00874714766923829,0,1.01418015864392,0,1.0146147995219,0,1.01363685754645,0,0.0127132456807563,0,0.0458546126263175,0
"26017","Caborca",25270,0,89122,0,0.0142065690542145,0,1.02421844083894,0,1.02477245745944,0,1.01096161456272,0,0.0259200633161852,0,0.0577760189948556,0
"26012","Bácum",6355,0,23151,0,0.0223446105428796,0,0.990086546026751,0,0.986939417781275,0,0.942564909520063,0,0.0629425649095201,0,0.0774193548387097,0
"26044","Ónavas",113,0,365,0,0.0442477876106195,0,1.04424778761062,0,1.05309734513274,0,1.05309734513274,0,0,0,0.0353982300884956,0
"26036","Magdalena",9469,0,33049,0,0.00559721195479987,0,1.03178793959235,0,1.03474495722885,0,1.027986059774,0,0.0120392860914563,0,0.0448833034111311,0
"26013","Banámichi",533,0,1825,0,0.0187617260787993,0,1.046904315197,0,1.05440900562852,0,1.04878048780488,0,0.00938086303939963,0,0.026266416510319,0
"26010","Bacerac",374,0,1221,0,0.018716577540107,0,0.991978609625668,0,1.00534759358289,0,1.00267379679144,0,0.0106951871657754,0,0.0374331550802139,0
"26050","Rayón",540,0,1496,0,0.0407407407407407,0,0.975925925925926,0,0.988888888888889,0,0.983333333333333,0,0.012962962962963,0,0.0666666666666667,0
"26072","San Ignacio Río Muerto",3875,0,14279,0,0.0392258064516129,0,0.974967741935484,0,0.949935483870968,0,0.94141935483871,0,0.0663225806451613,0,0.142451612903226,0
"26061","Soyopa",449,0,1368,0,0.0757238307349666,0,1.04231625835189,0,1.02895322939866,0,1.03340757238307,0,0.0311804008908686,0,0.0801781737193764,0
"26011","Bacoachi",505,0,1475,0,0.0099009900990099,0,0.998019801980198,0,1.00990099009901,0,1.00990099009901,0,0.00396039603960396,0,0.0158415841584158,0
"26018","Cajeme",133297,0,436484,0,0.0109904949098629,0,1.00985768621949,0,1.00687187258528,0,0.999647403917568,0,0.0168946037795299,0,0.0277050496260231,0
"26047","Pitiquito",2716,0,9122,0,0.0364506627393225,0,0.963181148748159,0,0.969072164948454,0,0.983431516936672,0,0.03240058910162,0,0.0603829160530191,0
"26019","Cananea",11051,0,39451,0,0.00389105058365759,0,1.04062980725726,0,1.04289204596869,0,1.03854854764275,0,0.00687720568274364,0,0.028323228667089,0
"26020","Carbó",1394,0,4946,0,0.0308464849354376,0,0.966284074605452,0,0.989239598278336,0,0.979196556671449,0,0.0200860832137733,0,0.0667144906743185,0
"26053","San Felipe de Jesús",124,0,369,0,0.0161290322580645,0,1.00806451612903,0,1.01612903225806,0,1.01612903225806,0,0,0,0.0403225806451613,0
"26042","Navojoa",46251,0,164387,0,0.0203022637348382,0,1.00006486346241,0,0.991459644115803,0,0.96895202265897,0,0.0441720179023156,0,0.0630472854640981,0
"26008","Bacadéhuachi",346,0,979,0,0.00867052023121387,0,0.997109826589595,0,0.997109826589595,0,0.982658959537572,0,0.0173410404624277,0,0.0433526011560694,0
"26060","Sáric",629,0,2058,0,0.0174880763116057,0,0.97456279809221,0,0.977742448330684,0,0.987281399046105,0,0.0111287758346582,0,0.0333863275039746,0
"26039","Naco",1655,0,5774,0,0.0151057401812689,0,0.989123867069486,0,0.995166163141994,0,1.00181268882175,0,0.00845921450151057,0,0.0368580060422961,0
"26059","Santa Cruz",533,0,1835,0,0.00562851782363977,0,1.02063789868668,0,1.02063789868668,0,1.0281425891182,0,0.00938086303939963,0,0.0375234521575985,0
"26040","Nácori Chico",501,0,1531,0,0.0518962075848303,0,0.936127744510978,0,1,0,0.970059880239521,0,0.031936127744511,0,0.0239520958083832,0
"26067","Villa Hidalgo",494,0,1429,0,0.034412955465587,0,0.983805668016194,0,0.983805668016194,0,0.987854251012146,0,0.0121457489878543,0,0.0323886639676113,0
"26065","Tubutama",481,0,1473,0,0.0228690228690229,0,0.983367983367983,0,0.993762993762994,0,1.01039501039501,0,0.00207900207900208,0,0.0166320166320166,0
"26007","Atil",191,0,626,0,0.0209424083769634,0,0.994764397905759,0,0.989528795811518,0,0.989528795811518,0,0.0104712041884817,0,0.0261780104712042,0
"26045","Opodepe",801,0,2438,0,0.0449438202247191,0,0.980024968789014,0,1.00374531835206,0,0.997503121098627,0,0.0299625468164794,0,0.0461922596754057,0
"26054","San Javier",154,0,537,0,0.0194805194805195,0,1.01298701298701,0,0.993506493506494,0,0.954545454545455,0,0.0584415584415584,0,0.0909090909090909,0
"26058","Santa Ana",4613,0,16203,0,0.0110557121179276,0,1.05853024062432,0,1.06156514199003,0,1.06113158465207,0,0.0062865814003902,0,0.039453717754173,0
"27006","Cunduacán",37482,0,137257,0,0.046555680059762,0,0.996478309588603,0,0.91945467157569,0,0.963289045408463,0,0.0385251587428632,0,0.107358198601996,0
"27001","Balancán",16997,0,58524,0,0.0584220744837324,0,0.974877919632876,0,0.925751603224098,0,0.9556980643643,0,0.044419603459434,0,0.178443254692004,0
"27016","Teapa",16015,0,58718,0,0.0447080861692164,0,1.00043709022791,0,0.959288167343116,0,0.977396191070871,0,0.0302216671870122,0,0.169403684046207,0
"27015","Tacotalpa",12751,0,47905,0,0.112697043369148,0,0.988863618539722,0,0.953493843620108,0,0.948082503333072,0,0.0512900948945181,0,0.131911222649204,0
"27014","Paraíso",26205,0,96741,0,0.0314443808433505,0,1.00801373783629,0,0.979164281625644,0,0.997137950772753,0,0.0148063346689563,0,0.0903262736119061,0
"27012","Macuspana",43145,0,158601,0,0.0646424846448024,0,0.989987252288794,0,0.781226098041488,0,0.949727662533318,0,0.0509444895121103,0,0.189036968362499,0
"27002","Cárdenas",67221,0,243229,0,0.0415197631692477,0,0.992383332589518,0,0.945686615789709,0,0.953422293628479,0,0.0458041385876437,0,0.0988084080867586,0
"27003","Centla",28407,0,107731,0,0.0582602879571937,0,0.9888055760904,0,0.829901080719541,0,0.936036892315274,0,0.0647375646847608,0,0.179603618826346,0
"27004","Centro",187213,0,683607,0,0.0152233018006228,0,1.05170046951868,0,1.04016815071603,0,1.03438329603179,0,0.0195606074364494,0,0.113175901246174,0
"27005","Comalcalco",58188,0,214877,0,0.0431704131436035,0,0.996236337389152,0,0.972210765106208,0,0.964133498315804,0,0.0359524300543067,0,0.101567333470819,0
"27007","Emiliano Zapata",9486,0,32181,0,0.0342610162344508,0,0.996099515074847,0,0.992304448661185,0,0.988403963736032,0,0.0134935694707991,0,0.138098250052709,0
"27008","Huimanguillo",51016,0,190885,0,0.057805394386075,0,0.998471067900267,0,0.858181746902932,0,0.960659400972244,0,0.0501411321938215,0,0.107985729967069,0
"27009","Jalapa",10550,0,37749,0,0.0448341232227488,0,0.992227488151659,0,0.962085308056872,0,0.97563981042654,0,0.0249289099526066,0,0.0966824644549763,0
"27010","Jalpa de Méndez",23656,0,91185,0,0.045020290835306,0,0.995561379776801,0,0.940099763273588,0,0.969014203584714,0,0.0324230639161312,0,0.0950710179235712,0
"27011","Jonuta",8672,0,30798,0,0.0797970479704797,0,0.982587638376384,0,0.935654981549816,0,0.88929889298893,0,0.110009225092251,0,0.199031365313653,0
"27013","Nacajuca",41355,0,150300,0,0.0231169145206142,0,1.00976907266352,0,0.998839318099383,0,0.987764478297667,0,0.0247370330068915,0,0.0930238181598356,0
"27017","Tenosique",18109,0,62310,0,0.0529570931580982,0,0.977083218289248,0,0.907670219228008,0,0.958915456402894,0,0.0393174664531448,0,0.175548070020432,0
"28003","Altamira",76991,0,269790,0,0.0111701367692328,0,1.03840708654258,0,1.03115948617371,0,1.02996454131002,0,0.0155992258835448,0,0.0466158382148563,0
"28041","Victoria",96666,0,349688,0,0.00558624542238222,0,1.04356236939565,0,1.02990710280761,0,1.02994848240333,0,0.0187242670639108,0,0.0334554031407113,0
"28010","Cruillas",561,0,1671,0,0.0623885918003565,0,0.973262032085562,0,0.951871657754011,0,0.985739750445633,0,0.0249554367201426,0,0.119429590017825,0
"28024","Mier",2980,0,6385,0,0.0110738255033557,0,0.991610738255034,0,0.980872483221476,0,0.992281879194631,0,0.00805369127516779,0,0.0201342281879195,0
"28015","Gustavo Díaz Ordaz",4747,0,15677,0,0.0088476932799663,0,1.02991362966084,0,1.0145354961028,0,1.02612176111228,0,0.00716241836949652,0,0.0343374763008216,0
"28025","Miguel Alemán",11495,0,26237,0,0.0114832535885167,0,1.00278381905176,0,1.00226185297956,0,0.999826011309265,0,0.00478468899521531,0,0.0250543714658547,0
"28040","Valle Hermoso",17533,0,60055,0,0.0076427308503964,0,1.01403068499401,0,1.00707237780186,0,1.02019049791821,0,0.00758569554554269,0,0.0491073974790395,0
"28023","Méndez",1389,0,4280,0,0.0165586753059755,0,0.955363570914327,0,0.879049676025918,0,0.980561555075594,0,0.0237580993520518,0,0.0676745860331174,0
"28031","Palmillas",594,0,1917,0,0.0791245791245791,0,0.930976430976431,0,0.919191919191919,0,0.952861952861953,0,0.0303030303030303,0,0.0521885521885522,0
"28039","Tula",7699,0,28230,0,0.0668918041304065,0,0.988310170151968,0,0.834783738147811,0,0.949344070658527,0,0.0596181322249643,0,0.0616963241979478,0
"28038","Tampico",89732,0,297562,0,0.00543841661837472,0,1.03987429233718,0,1.03729995988053,0,1.03639727187625,0,0.00453572861409531,0,0.05549859581866,0
"28037","Soto la Marina",7499,0,23673,0,0.0390718762501667,0,0.985998133084411,0,0.936258167755701,0,0.983464461928257,0,0.0381384184557941,0,0.130817442325643,0
"28007","Camargo",6366,0,16546,0,0.0300031416902293,0,0.991988689915174,0,0.994030788564248,0,0.993088281495445,0,0.0061262959472196,0,0.0372290292177191,0
"28005","Burgos",1417,0,4256,0,0.0289343683839097,0,0.968948482709951,0,0.911785462244178,0,0.980239943542696,0,0.0119971771347918,0,0.0381086803105152,0
"28032","Reynosa",204464,0,704767,0,0.0102707567102277,0,1.05113858674388,0,1.04900618201737,0,1.03960110337272,0,0.013107441896862,0,0.0332723609046091,0
"28033","Río Bravo",36327,0,132484,0,0.012470063589066,0,1.06072618162799,0,1.05497288518182,0,1.05271561097806,0,0.0157458639579376,0,0.0496325047485341,0
"28029","Ocampo",3998,0,13190,0,0.0340170085042521,0,0.962731365682841,0,0.932216108054027,0,0.945472736368184,0,0.0435217608804402,0,0.0702851425712856,0
"28030","Padilla",4029,0,13618,0,0.0181186398610077,0,1.01116902457185,0,1.0042194092827,0,0.988086373790022,0,0.030776867709109,0,0.0910896003971209,0
"28034","San Carlos",2347,0,7411,0,0.0945888368129527,0,0.963357477631018,0,0.87942053685556,0,0.935236472092032,0,0.0707285896889646,0,0.0830847890924585,0
"28035","San Fernando",14910,0,51405,0,0.0188464118041583,0,1.01623071763917,0,0.964654594232059,0,1.00871898054997,0,0.0303822937625755,0,0.0949027498323273,0
"28022","Matamoros",150362,0,541979,0,0.00875886194650244,0,1.04956039424855,0,1.03331958872587,0,1.04259719876033,0,0.0158750216145037,0,0.0514624705710219,0
"28036","San Nicolás",278,0,926,0,0.23021582733813,0,0.852517985611511,0,0.205035971223022,0,0.974820143884892,0,0.0215827338129496,0,0.115107913669065,0
"28028","Nuevo Morelos",1134,0,3810,0,0.0149911816578483,0,0.984126984126984,0,0.976190476190476,0,0.969135802469136,0,0.0291005291005291,0,0.0537918871252205,0
"28021","El Mante",33491,0,106144,0,0.0131079991639545,0,1.0244543310143,0,1.02152817174763,0,1.01236152996327,0,0.0177062494401481,0,0.0646740915469828,0
"28011","Gómez Farías",2584,0,8288,0,0.0205108359133127,0,0.994582043343653,0,0.948529411764706,0,0.977167182662539,0,0.028250773993808,0,0.0952012383900929,0
"28012","González",12068,0,41470,0,0.0245276764998343,0,1.00513755386145,0,0.988399071925754,0,0.97895260192244,0,0.0391945641365595,0,0.087421279416639,0
"28027","Nuevo Laredo",109890,0,425058,0,0.00621530621530621,0,1.08915278915279,0,1.08648648648649,0,1.07851487851488,0,0.0136591136591137,0,0.0301301301301301,0
"28013","Güémez",4504,0,15032,0,0.0224245115452931,0,0.999333925399645,0,0.963143872113677,0,0.97291296625222,0,0.0366341030195382,0,0.0885879218472469,0
"28004","Antiguo Morelos",2725,0,8850,0,0.0242201834862385,0,1.00880733944954,0,0.924403669724771,0,0.99045871559633,0,0.0304587155963303,0,0.0792660550458716,0
"28006","Bustamante",1852,0,7542,0,0.105831533477322,0,0.98488120950324,0,0.565334773218143,0,0.938984881209503,0,0.0718142548596112,0,0.0464362850971922,0
"28016","Hidalgo",5422,0,17012,0,0.0237919586868314,0,0.9926226484692,0,0.968277388417558,0,0.961453338251568,0,0.0444485429730727,0,0.0510881593507931,0
"28019","Llera",4679,0,14645,0,0.0431716178670656,0,0.982688608677068,0,0.952767685402864,0,0.958965590938235,0,0.0506518486856166,0,0.0829237016456508,0
"28017","Jaumave",4303,0,15994,0,0.0673948408087381,0,0.996514059958169,0,0.9628166395538,0,0.954682779456193,0,0.0634441087613293,0,0.0657680687892168,0
"28020","Mainero",687,0,2048,0,0.0407569141193595,0,0.976710334788937,0,0.981077147016012,0,0.944687045123726,0,0.049490538573508,0,0.0509461426491994,0
"28008","Casas",1174,0,4143,0,0.0442930153321976,0,0.988926746166951,0,0.770868824531516,0,0.986371379897785,0,0.0357751277683135,0,0.0647359454855196,0
"28043","Xicoténcatl",7003,0,22229,0,0.0182778809081822,0,0.994716550049979,0,0.978866200199914,0,0.980294159645866,0,0.0235613308582036,0,0.0826788519206055,0
"28042","Villagrán",1668,0,5361,0,0.0311750599520384,0,0.980815347721823,0,0.985011990407674,0,0.965827338129496,0,0.0407673860911271,0,0.0533573141486811,0
"28014","Guerrero",1910,0,3803,0,0.0643979057591623,0,0.915706806282722,0,0.90890052356021,0,0.975916230366492,0,0.0167539267015707,0,0.043455497382199,0
"28009","Ciudad Madero",61911,0,205933,0,0.00623475634378382,0,1.05335077772932,0,1.04777826234433,0,1.04863432992522,0,0.0083668491867358,0,0.0515255770380062,0
"28026","Miquihuana",1004,0,3704,0,0.103585657370518,0,0.961155378486056,0,0.754980079681275,0,0.929282868525896,0,0.0597609561752988,0,0.0537848605577689,0
"28001","Abasolo",3030,0,9822,0,0.0217821782178218,0,1.0042904290429,0,0.981848184818482,0,1.00726072607261,0,0.00858085808580858,0,0.0495049504950495,0
"28002","Aldama",9001,0,28725,0,0.0302188645706033,0,0.982779691145428,0,0.972558604599489,0,0.998666814798356,0,0.0165537162537496,0,0.0817686923675147,0
"28018","Jiménez",1973,0,6375,0,0.0288900152052712,0,0.999493157627978,0,1.00354789660416,0,1.00354789660416,0,0.00963000506842372,0,0.0684237202230106,0
"29019","Tepetitla de Lardizábal",5428,0,22274,0,0.0186072218128224,0,1.04163596168018,0,1.03979366249079,0,0.99834193072955,0,0.0473470891672808,0,0.0539793662490788,0
"29045","Benito Juárez",1521,0,6211,0,0.012491781722551,0,1.00591715976331,0,1.00920447074293,0,1.00394477317554,0,0.00591715976331361,0,0.0604865220249836,0
"29047","Lázaro Cárdenas",906,0,3534,0,0.0253863134657837,0,0.987858719646799,0,0.985651214128035,0,0.990066225165563,0,0.0033112582781457,0,0.0298013245033113,0
"29033","Tlaxcala",27484,0,99896,0,0.00611264735846311,0,1.04468054140591,0,1.04486246543443,0,1.04122398486392,0,0.00658564983262989,0,0.0239048173482754,0
"29059","Santa Cruz Quilehtla",1649,0,7750,0,0.00727713765918739,0,1.03638568829594,0,1.03820497271073,0,1.02850212249848,0,0.0121285627653123,0,0.0309278350515464,0
"29004","Atltzayanca",4522,0,18111,0,0.0221141088014153,0,0.994913754975674,0,0.984520123839009,0,0.983856700574967,0,0.0181335692171605,0,0.0687748783724016,0
"29054","San Lorenzo Axocomanitla",1309,0,5689,0,0.0137509549274255,0,1.01451489686784,0,1.01375095492743,0,1.01298701298701,0,0.00381970970206264,0,0.0343773873185638,0
"29042","Xicohtzinco",3541,0,14197,0,0.015249929398475,0,1.01892120869811,0,1.01920361479808,0,0.992092629200791,0,0.03049985879695,0,0.0310646709968935,0
"29044","Zacatelco",11017,0,45717,0,0.0134337841517655,0,1.02432604157212,0,1.02123990196968,0,0.992103113370246,0,0.0356721430516475,0,0.0405736588908051,0
"29053","San Juan Huactzinco",1583,0,7688,0,0.0221099178774479,0,1.07012002526848,0,1.06506632975363,0,1.05495893872394,0,0.0189513581806696,0,0.0600126342387871,0
"29008","Cuapiaxtla",3823,0,16222,0,0.0211875490452524,0,1.00523149359142,0,1.00444676955271,0,0.99738425320429,0,0.0120324352602668,0,0.0714098875228878,0
"29029","Tepeyanco",3228,0,13328,0,0.0123915737298637,0,0.99814126394052,0,0.995972738537794,0,0.983271375464684,0,0.0179677819083024,0,0.0377942998760843,0
"29046","Emiliano Zapata",1237,0,4951,0,0.0323362974939369,0,0.987065481002425,0,0.992724333063864,0,0.987873888439774,0,0.0113177041228779,0,0.089733225545675,0
"29025","San Pablo del Monte",17907,0,82688,0,0.0217233484112358,0,1.01049868766404,0,0.993131177751717,0,0.98129223208801,0,0.0374713799072988,0,0.0949907857262523,0
"29058","Santa Catarina Ayometla",2149,0,9463,0,0.0139599813866915,0,1.02605863192182,0,1.02605863192182,0,1.01535597952536,0,0.0153559795253606,0,0.0237319683573755,0
"29014","Hueyotlipan",3854,0,15190,0,0.0173845355474831,0,0.990918526206539,0,0.990659055526726,0,0.985210171250649,0,0.0129735339906591,0,0.0417747794499222,0
"29028","Teolocholco",5763,0,25257,0,0.0244664237376366,0,0.991150442477876,0,0.988374110706229,0,0.972410203019261,0,0.0256810688877321,0,0.0383480825958702,0
"29040","Xaltocan",2809,0,10601,0,0.02812388750445,0,1.03809184763261,0,1.03666785332859,0,1.02954788180847,0,0.019935920256319,0,0.0498398006407974,0
"29060","Santa Isabel Xiloxoxtla",1225,0,5443,0,0.0228571428571429,0,1.00571428571429,0,1.00163265306122,0,0.998367346938775,0,0.0106122448979592,0,0.0326530612244898,0
"29015","Ixtacuixtla de Mariano Matamoros",10083,0,38970,0,0.0237032629177824,0,1.0011901219875,0,0.98442923733016,0,0.98095804819994,0,0.0257859763959139,0,0.0319349399980165,0
"29057","Santa Apolonia Teacalco",1098,0,4636,0,0.0400728597449909,0,1.0264116575592,0,1.01639344262295,0,0.991803278688525,0,0.0364298724954463,0,0.0236794171220401,0
"29056","Santa Ana Nopalucan",1817,0,7952,0,0.0253164556962025,0,1.03082003302146,0,1.03082003302146,0,0.974683544303797,0,0.0610897083104018,0,0.0220143093010457,0
"29051","San Jerónimo Zacualpan",1028,0,4092,0,0.0204280155642023,0,1.00194552529183,0,0.999027237354086,0,0.998054474708171,0,0.0107003891050584,0,0.0321011673151751,0
"29041","Papalotla de Xicohténcatl",8285,0,33499,0,0.015811707905854,0,0.996982498491249,0,0.997223898611949,0,0.974411587205794,0,0.0269161134580567,0,0.0491249245624623,0
"29038","Tzompantepec",4902,0,18006,0,0.0142798857609139,0,1.02203182374541,0,0.995512035903713,0,1.02509179926561,0,0.00611995104039168,0,0.039983680130559,0
"29023","Natívitas",6246,0,26309,0,0.0257764969580532,0,1.01841178354147,0,1.01072686519372,0,0.996637848222863,0,0.0292987512007685,0,0.0505923791226385,0
"29020","Sanctórum de Lázaro Cárdenas",2338,0,9432,0,0.0119760479041916,0,1.0158254918734,0,1.01497005988024,0,1.00128314798973,0,0.0179640718562874,0,0.0479041916167665,0
"29017","Mazatecochco de José María Morelos",2386,0,11592,0,0.0440067057837385,0,1.03520536462699,0,1.04149203688181,0,0.930008382229673,0,0.115255658005029,0,0.0607711651299246,0
"29022","Acuamanala de Miguel Hidalgo",1509,0,6432,0,0.0145791915175613,0,0.993373094764745,0,0.993373094764745,0,0.976805831676607,0,0.0185553346587144,0,0.0397614314115308,0
"29001","Amaxac de Guerrero",2976,0,11403,0,0.00974462365591398,0,1.00604838709677,0,1.00504032258065,0,0.999327956989247,0,0.00907258064516129,0,0.0500672043010753,0
"29006","Calpulalpan",12271,0,51172,0,0.00937168934887132,0,1.03895363051096,0,1.03235270149132,0,1.03251568739304,0,0.0148317170564746,0,0.0422948414962106,0
"29016","Ixtenco",1949,0,7504,0,0.017444843509492,0,0.999486916367368,0,1.00256541816316,0,0.970241149307337,0,0.0384812724474089,0,0.0708055413032324,0
"29049","San Damián Texóloc",1468,0,5884,0,0.0061307901907357,0,0.98841961852861,0,0.986376021798365,0,0.987057220708447,0,0.00817438692098093,0,0.0347411444141689,0
"29043","Yauhquemehcan",11174,0,42242,0,0.00850187936280651,0,1.06935743690711,0,1.06980490424199,0,1.06640415249687,0,0.00698049042419903,0,0.0247896903526043,0
"29013","Huamantla",23174,0,98764,0,0.0182100630016398,0,1.02524380771554,0,1.01997928713213,0,1.01091740743937,0,0.0217916630706827,0,0.0733580737032882,0
"29002","Apetatitlán de Antonio Carvajal",3874,0,16003,0,0.00903458957150232,0,1.08311822405782,0,1.07976251935983,0,1.07718120805369,0,0.00826019617965927,0,0.031491997934951,0
"29005","Apizaco",21780,0,80725,0,0.00670339761248852,0,1.03145087235996,0,1.02832874196511,0,1.02800734618916,0,0.00537190082644628,0,0.0263544536271809,0
"29018","Contla de Juan Cuamatzi",9062,0,38579,0,0.0203045685279188,0,1.01125579342309,0,1.00971088060031,0,0.987530346501876,0,0.0272566762304127,0,0.0688589715294637,0
"29003","Atlangatepec",1901,0,7087,0,0.011572856391373,0,0.983166754339821,0,0.99158337716991,0,0.990531299316149,0,0.0105207785376118,0,0.0720673329826407,0
"29011","Muñoz de Domingo Arenas",1194,0,4755,0,0.0142378559463987,0,1.03266331658291,0,1.01758793969849,0,1.03182579564489,0,0.0050251256281407,0,0.0435510887772194,0
"29009","Cuaxomulco",1519,0,5928,0,0.0184331797235023,0,0.988150098749177,0,0.983541803818301,0,0.988808426596445,0,0.00526662277814352,0,0.053982883475971,0
"29010","Chiautempan",17644,0,73215,0,0.0128655633643165,0,1.03247562910905,0,1.03196554069372,0,1.02102697800952,0,0.0135456812514169,0,0.0515189299478576,0
"29007","El Carmen Tequexquitla",4060,0,17332,0,0.0258620689655172,0,1.01625615763547,0,0.948275862068966,0,1.00665024630542,0,0.0165024630541872,0,0.104679802955665,0
"29021","Nanacamilpa de Mariano Arista",4669,0,18686,0,0.0102805739987149,0,1.01777682587278,0,1.01863354037267,0,1.00663953737417,0,0.0179910044977511,0,0.0396230456200471,0
"29012","Españita",2435,0,9416,0,0.0316221765913758,0,0.988911704312115,0,0.988911704312115,0,0.984394250513347,0,0.0172484599589322,0,0.068993839835729,0
"29031","Tetla de la Solidaridad",9309,0,35284,0,0.015468901063487,0,1.01084971532925,0,1.00666022129122,0,1.00945321731658,0,0.00848641100010742,0,0.0388870985068214,0
"29032","Tetlatlahuca",3290,0,13561,0,0.0224924012158055,0,1.01519756838906,0,1.01155015197568,0,1.00820668693009,0,0.0130699088145897,0,0.0297872340425532,0
"29034","Tlaxco",11714,0,45438,0,0.0233054464743043,0,1.00136588697285,0,0.999317056513573,0,0.991804678162882,0,0.017500426839679,0,0.0555745262079563,0
"29035","Tocatlán",1464,0,6294,0,0.00887978142076503,0,0.990437158469945,0,0.991803278688525,0,0.989754098360656,0,0.00614754098360656,0,0.0327868852459016,0
"29030","Terrenate",3761,0,15475,0,0.0239298059026855,0,0.986971550119649,0,0.992821058229194,0,0.987237436851901,0,0.0138261100771072,0,0.0510502525923956,0
"29026","Santa Cruz Tlaxcala",6335,0,24116,0,0.0119968429360695,0,1.0232044198895,0,1.02715074980268,0,1.017363851618,0,0.0123125493291239,0,0.0475138121546961,0
"29050","San Francisco Tetlanohcan",2583,0,11761,0,0.0301974448315912,0,1.05458768873403,0,1.05691056910569,0,1.02516453735966,0,0.0336817653890825,0,0.0623306233062331,0
"29052","San José Teacalco",1384,0,6436,0,0.0216763005780347,0,0.997832369942196,0,1.0007225433526,0,0.996387283236994,0,0.0130057803468208,0,0.0736994219653179,0
"29027","Tenancingo",2880,0,12974,0,0.0239583333333333,0,0.9875,0,0.9875,0,0.965625,0,0.0243055555555556,0,0.0326388888888889,0
"29055","San Lucas Tecopilco",783,0,3077,0,0.0268199233716475,0,0.987228607918263,0,0.992337164750958,0,0.991060025542784,0,0.00893997445721584,0,0.016602809706258,0
"29024","Panotla",7205,0,28357,0,0.0252602359472588,0,1.05648854961832,0,1.05482303955586,0,1.03650242886884,0,0.0269257460097155,0,0.03705759888966,0
"29037","Ziltlaltépec de Trinidad Sánchez Santos",2081,0,9207,0,0.0225852955309947,0,1.06102835175396,0,1.02739067755887,0,0.99663623258049,0,0.074963959634791,0,0.145603075444498,0
"29048","La Magdalena Tlaltelulco",395,0,19036,0,0,0,0.954430379746835,0,0.951898734177215,0,0.949367088607595,0,0.010126582278481,0,0.0253164556962025,0
"29039","Xaloztoc",5981,0,25607,0,0.0145460625313493,0,0.9919745861896,0,0.9913058017054,0,0.985955525831801,0,0.0127069051997994,0,0.0382879117204481,0
"29036","Totolac",5690,0,22529,0,0.00966608084358524,0,1.03093145869947,0,1.0274165202109,0,1.02478031634446,0,0.00931458699472759,0,0.0504393673110721,0
"30162","Tenampa",1703,0,6448,0,0.0833822665883735,0,0.961244862008221,0,0.905460951262478,0,0.927187316500294,0,0.0722254844392249,0,0.0733998825601879,0
"30169","José Azueta",7300,0,22709,0,0.0546575342465753,0,0.984383561643836,0,0.803835616438356,0,0.968493150684931,0,0.0280821917808219,0,0.0765753424657534,0
"30185","Tlilapan",1358,0,5548,0,0.114874815905744,0,0.977908689248895,0,0.955817378497791,0,0.929307805596465,0,0.0706921944035346,0,0.184830633284242,0
"30187","Tonayán",1392,0,6105,0,0.0718390804597701,0,0.966235632183908,0,0.951867816091954,0,0.925287356321839,0,0.055316091954023,0,0.0380747126436782,0
"30188","Totutla",4483,0,17217,0,0.0403747490519741,0,1.0062458175329,0,1.00289984385456,0,0.955833147445907,0,0.0695962525094803,0,0.0432745929065358,0
"30189","Tuxpan",43491,0,154600,0,0.0197282196316479,0,1.05626451449725,0,0.91405118300338,0,1.02290128992205,0,0.0435262468096848,0,0.130279828010393,0
"30190","Tuxtilla",753,0,2258,0,0.050464807436919,0,1.08100929614874,0,0.926958831341301,0,1.07038512616202,0,0.0239043824701195,0,0.0664010624169987,0
"30078","Ixcatepec",3375,0,12379,0,0.0764444444444444,0,1.07555555555556,0,0.90162962962963,0,0.905185185185185,0,0.198222222222222,0,0.0797037037037037,0
"30191","Ursulo Galván",9439,0,30097,0,0.0151499099480877,0,1.04523784299184,0,1.04513189956563,0,1.03633859519017,0,0.0119716071617756,0,0.0729950206589681,0
"30079","Ixhuacán de los Reyes",2875,0,11387,0,0.0674782608695652,0,1.0535652173913,0,1.05704347826087,0,0.946086956521739,0,0.121391304347826,0,0.0462608695652174,0
"30192","Vega de Alatorre",6255,0,20204,0,0.0442845723421263,0,1.02925659472422,0,1.02989608313349,0,1.01454836131095,0,0.0303756994404476,0,0.112549960031974,0
"30194","Villa Aldama",2932,0,12492,0,0.0211459754433834,0,0.985675306957708,0,0.972032742155525,0,0.95600272851296,0,0.0422919508867667,0,0.100272851296044,0
"30031","Carrillo Puerto",5047,0,18888,0,0.0447790766792154,0,0.980582524271845,0,0.959976223499108,0,0.925302159698831,0,0.0735090152565881,0,0.0576580146621756,0
"30195","Xoxocotla",1499,0,5900,0,0.254169446297532,0,0.977318212141428,0,0.905937291527685,0,0.666444296197465,0,0.33422281521014,0,0.122081387591728,0
"30199","Zaragoza",3045,0,11899,0,0.0889983579638752,0,1.0256157635468,0,0.946141215106732,0,0.963546798029557,0,0.0738916256157636,0,0.286699507389163,0
"30206","Nanchital de Lázaro Cárdenas del Río",8243,0,29209,0,0.0143151765134053,0,1.07982530632051,0,1.02790246269562,0,1.06914958146306,0,0.0156496421205872,0,0.143515710299648,0
"30210","Uxpanapa",7452,0,30891,0,0.162640901771337,0,0.987251744498121,0,0.958266237251745,0,0.893183038110574,0,0.144256575415996,0,0.108829844337091,0
"30211","San Rafael",9351,0,30351,0,0.0265212276761844,0,0.991765586568282,0,0.958614051973051,0,0.95925569457812,0,0.0411720671585927,0,0.0703668056892311,0
"30212","Santiago Sochiapan",3363,0,13062,0,0.16116562592923,0,1.03984537615225,0,0.897115670532263,0,0.88373476063039,0,0.185548617305977,0,0.101694915254237,0
"30103","Mecatlán",2995,0,12799,0,0.180300500834725,0,0.996994991652755,0,0.863439065108514,0,0.929549248747913,0,0.11686143572621,0,0.226377295492487,0
"30141","San Andrés Tuxtla",42540,0,162428,0,0.0477433004231312,0,1.03288669487541,0,1.02193229901269,0,0.940996708979784,0,0.109261871180066,0,0.167254348848143,0
"30140","San Andrés Tenejapan",742,0,3134,0,0.109164420485175,0,0.993261455525607,0,0.826145552560647,0,0.902964959568733,0,0.0970350404312668,0,0.196765498652291,0
"30138","Río Blanco",11387,0,41795,0,0.0113287081759902,0,1.07930095723193,0,1.07772020725389,0,1.0728023184333,0,0.00948449986827084,0,0.0725388601036269,0
"30136","Rafael Lucio",2108,0,8343,0,0.0298861480075901,0,0.98292220113852,0,0.968690702087287,0,0.978178368121442,0,0.0218216318785579,0,0.0749525616698292,0
"30131","Poza Rica de Hidalgo",52750,0,189457,0,0.0174597156398104,0,1.06011374407583,0,1.00371563981043,0,1.02836018957346,0,0.0487772511848341,0,0.125990521327014,0
"30116","Oluta",4613,0,17027,0,0.0685020593973553,0,1.06980273141123,0,0.915456319098201,0,1.0463906351615,0,0.0398872750921309,0,0.196618252763928,0
"30109","Misantla",18539,0,65761,0,0.0467123361562112,0,1.0322563245051,0,0.989805275365446,0,0.98689249689843,0,0.0637035438804682,0,0.104212740708776,0
"30107","Las Minas",720,0,2934,0,0.1125,0,0.975,0,0.9875,0,0.929166666666667,0,0.0694444444444444,0,0.0652777777777778,0
"30203","Zozocolco de Hidalgo",3336,0,14524,0,0.0878297362110312,0,1.00179856115108,0,0.780575539568345,0,0.920863309352518,0,0.158872901678657,0,0.144184652278177,0
"30205","El Higo",5573,0,19402,0,0.0355284406962139,0,0.983850708774448,0,0.973802260900772,0,0.938632693342903,0,0.0597523775345415,0,0.0475506908307913,0
"30071","Huatusco",16066,0,59920,0,0.029565542138678,0,0.987364620938628,0,0.961969376322669,0,0.935267023527947,0,0.065417652184738,0,0.103323789368853,0
"30069","Gutiérrez Zamora",7324,0,24085,0,0.0222555980338613,0,1.03372474057892,0,0.857318405243037,0,0.993582741671218,0,0.054205352266521,0,0.150600764609503,0
"30098","Magdalena",854,0,3299,0,0.156908665105386,0,0.992974238875878,0,0.982435597189696,0,0.901639344262295,0,0.0995316159250585,0,0.114754098360656,0
"30075","Ignacio de la Llave",5661,0,16525,0,0.0688924218335983,0,0.978802331743508,0,0.80127186009539,0,0.970146617205441,0,0.0268503797915563,0,0.0899134428546193,0
"30074","Huiloapan de Cuauhtémoc",1945,0,7293,0,0.0231362467866324,0,1.02416452442159,0,1.01285347043702,0,0.986118251928021,0,0.0442159383033419,0,0.141388174807198,0
"30073","Hueyapan de Ocampo",11805,0,41670,0,0.104786107581533,0,1.04743752647183,0,1.01499364675985,0,0.96560779330792,0,0.102668360864041,0,0.145955103769589,0
"30072","Huayacocotla",5919,0,21796,0,0.0542321338063862,0,0.982598411893901,0,0.946274708565636,0,0.983781044095286,0,0.0510221321169116,0,0.0495016050008447,0
"30149","Soteapan",9058,0,34385,0,0.171340251711195,0,1.01192316184588,0,1.0135791565467,0,0.802605431662619,0,0.228196069772577,0,0.21097372488408,0
"30150","Tamalín",3336,0,11631,0,0.0575539568345324,0,1.02967625899281,0,0.864508393285372,0,0.955035971223022,0,0.098621103117506,0,0.103717026378897,0
"30148","Soledad de Doblado",8497,0,28130,0,0.0395433682476168,0,0.989761092150171,0,0.986701188654819,0,0.974461574673414,0,0.0249499823467106,0,0.110038837236672,0
"30147","Soledad Atzompa",5590,0,24578,0,0.0996422182468694,0,0.989982110912343,0,0.952057245080501,0,0.620751341681574,0,0.373703041144902,0,0.0919499105545617,0
"30146","Sochiapa",940,0,3925,0,0.025531914893617,0,0.981914893617021,0,0.993617021276596,0,0.974468085106383,0,0.0265957446808511,0,0.0436170212765957,0
"30145","Soconusco",4537,0,16574,0,0.0471677319814856,0,1.08618029534935,0,0.965395635882742,0,1.072735287635,0,0.0275512453162883,0,0.145250165307472,0
"30004","Actopan",13091,0,41742,0,0.0208540218470705,0,1.01947903139562,0,1.01443739974028,0,1.00443052478802,0,0.0207776334886563,0,0.0702772897410435,0
"30070","Hidalgotitlán",4957,0,18275,0,0.0958240871494856,0,1.02904982852532,0,0.655638491022796,0,1.00504337300787,0,0.0560823078474884,0,0.161387936251765,0
"30068","Fortín",18890,0,66372,0,0.0150873478030704,0,1.0494441503441,0,1.02588671254632,0,1.01948120698782,0,0.0364743250397035,0,0.0786130227633669,0
"30067","Filomeno Mata",3427,0,19179,0,0.180040852057193,0,1.03063904289466,0,0.915669681937555,0,0.959731543624161,0,0.0980449372629122,0,0.22468631456084,0
"30066","Espinal",7274,0,26830,0,0.067088259554578,0,0.990239208138576,0,0.744844652185867,0,0.911877921363761,0,0.0921088809458345,0,0.110530657135001,0
"30065","Emiliano Zapata",25298,0,85489,0,0.0135583840619812,0,1.06632935409914,0,1.05881887896276,0,1.05707961103645,0,0.0186971302079216,0,0.0564076211558226,0
"30064","Chumatlán",1051,0,4008,0,0.126546146527117,0,1.00951474785918,0,0.497621313035205,0,0.978116079923882,0,0.0799238820171266,0,0.274024738344434,0
"30173","Tezonapa",14560,0,54537,0,0.120398351648352,0,1.03042582417582,0,0.597252747252747,0,0.923145604395604,0,0.134478021978022,0,0.114972527472527,0
"30209","Tatahuicapan de Juárez",4047,0,15044,0,0.217692117617989,0,1.05040770941438,0,1.05584383493946,0,0.854460093896714,0,0.21077341240425,0,0.306646898937485,0
"30032","Catemaco",13135,0,49451,0,0.0542824514655501,0,1.02040350209364,0,0.988503996954701,0,0.971221926151504,0,0.0704986676817663,0,0.12797868290826,0
"30040","Coatzintla",14450,0,55016,0,0.0276124567474048,0,1.10588235294118,0,1.05176470588235,0,1.01889273356401,0,0.0957093425605536,0,0.109688581314879,0
"30039","Coatzacoalcos",92471,0,310698,0,0.0127823858290707,0,1.05163781077311,0,1.02943625569097,0,1.04241329714181,0,0.0148587124612041,0,0.132668620432352,0
"30038","Coatepec",26987,0,93911,0,0.0154148293622855,0,1.00122281098307,0,0.988587097491385,0,0.976618371808649,0,0.032460073368659,0,0.0809278541519991,0
"30037","Coahuitlán",1888,0,8176,0,0.107521186440678,0,1.00423728813559,0,0.962923728813559,0,0.93114406779661,0,0.11281779661017,0,0.194915254237288,0
"30036","Coacoatzintla",2868,0,11018,0,0.0327754532775453,0,0.988145048814505,0,0.97489539748954,0,0.951882845188284,0,0.0495118549511855,0,0.0871687587168759,0
"30035","Citlaltépetl",2995,0,11165,0,0.0838063439065109,0,1.07479131886477,0,1.07245409015025,0,0.985308848080134,0,0.125542570951586,0,0.0921535893155259,0
"30034","Cerro Azul",7266,0,25011,0,0.0211946050096339,0,1.05339939443986,0,1.04156344618772,0,1.03303055326177,0,0.0348197082301129,0,0.111478117258464,0
"30033","Cazones de Herrera",7039,0,24421,0,0.0636454041767296,0,0.974286120187527,0,0.776672822844154,0,0.928398920301179,0,0.0708907515272056,0,0.118056542122461,0
"30030","Camerino Z. Mendoza",10942,0,41835,0,0.0349113507585451,0,1.06762931822336,0,0.996709925059404,0,0.99131785779565,0,0.0801498811917383,0,0.0993419850118808,0
"30029","Calcahualco",3093,0,13701,0,0.0653087617200129,0,0.977691561590689,0,0.949563530552861,0,0.848043970255415,0,0.143873262204979,0,0.0446168768186227,0
"30028","Boca del Río",43982,0,144550,0,0.00836705925151198,0,1.08307944158974,0,1.079759901778,0,1.07600836705925,0,0.00761675230776227,0,0.0822381883497795,0
"30027","Benito Juárez",4007,0,16120,0,0.23134514599451,0,1.03543798352882,0,0.786373845769903,0,0.944097828799601,0,0.148240578986773,0,0.0544047916146743,0
"30026","Banderilla",7402,0,25993,0,0.0114833828694947,0,1.02337206160497,0,1.0090516076736,0,1.01148338286949,0,0.0152661442853283,0,0.0987570926776547,0
"30025","Ayahualulco",5704,0,27217,0,0.0760869565217391,0,1.10571528751753,0,1.1132538569425,0,1.02962833099579,0,0.0953716690042076,0,0.0497896213183731,0
"30024","Tlaltetela",4272,0,16485,0,0.0493913857677903,0,0.981507490636704,0,0.987125468164794,0,0.93937265917603,0,0.06062734082397,0,0.047752808988764,0
"30023","Atzalan",13581,0,49180,0,0.0659008909505927,0,1.00191443929018,0,0.983432736911862,0,0.949782784772844,0,0.0848980192916575,0,0.0908622340033871,0
"30022","Atzacan",5623,0,22651,0,0.0697136759736795,0,0.979370442824115,0,0.964253956962476,0,0.866619242397297,0,0.132313711541882,0,0.136759736795305,0
"30168","Tequila",4103,0,16343,0,0.152571289300512,0,0.976846210090178,0,0.718011211308798,0,0.731659761150378,0,0.267121618328053,0,0.111869363880088,0
"30166","Tepetlán",2794,0,9405,0,0.0336435218324982,0,0.992483894058697,0,0.984251968503937,0,0.971009305654975,0,0.0279169649248389,0,0.0418754473872584,0
"30165","Tepatlaxco",2373,0,8925,0,0.0745891276864728,0,0.960809102402023,0,0.4551201011378,0,0.892119679730299,0,0.102402022756005,0,0.067425200168563,0
"30164","Teocelo",4701,0,16957,0,0.0236119974473516,0,1.03233354605403,0,1.03594979791534,0,0.961072112316528,0,0.080195703041906,0,0.076366730482876,0
"30126","Paso de Ovejas",10286,0,33442,0,0.039471125802061,0,1.0043748784756,0,1.01837448959751,0,1.00349990278048,0,0.0286797588955862,0,0.107622010499708,0
"30050","Coxquihui",3656,0,16333,0,0.0929978118161926,0,1.0519693654267,0,0.694474835886214,0,0.913019693654267,0,0.184080962800875,0,0.12800875273523,0
"30046","Cosautlán de Carvajal",4194,0,16167,0,0.0512637100619933,0,1.03981878874583,0,1.04196471149261,0,0.985455412494039,0,0.0758226037195994,0,0.0517405817835002,0
"30021","Atoyac",6879,0,23461,0,0.0324175025439744,0,1.01628143625527,0,0.884576246547463,0,0.989242622474197,0,0.0407035906381742,0,0.110917284489025,0
"30128","Perote",19071,0,77432,0,0.0128991662733994,0,0.992606575428661,0,0.98987992239526,0,0.976246657228252,0,0.0231765507839127,0,0.0734623249960673,0
"30020","Atlahuilco",2953,0,11577,0,0.153064679986454,0,0.992888587876736,0,0.892990179478496,0,0.703013884185574,0,0.295970199796817,0,0.0802573653911277,0
"30101","Mariano Escobedo",9838,0,38670,0,0.0752185403537304,0,1.03537304330148,0,1.02093921528766,0,0.959951209595446,0,0.0859930880260216,0,0.0967676356983127,0
"30018","Aquila",445,0,1978,0,0.132584269662921,0,1.07640449438202,0,1.05168539325843,0,1.01348314606742,0,0.0764044943820225,0,0.11685393258427,0
"30009","Alto Lucero de Gutiérrez Barrios",8476,0,28184,0,0.0349221330816423,0,1.03209060877773,0,1.02336007550731,0,1.0217083529967,0,0.0154554034922133,0,0.0489617744218971,0
"30112","Naolinco",6598,0,22835,0,0.0239466505001516,0,0.98696574719612,0,0.977417399211882,0,0.981357987268869,0,0.0177326462564413,0,0.0733555622916035,0
"30008","Alpatláhuac",2375,0,10338,0,0.0846315789473684,0,1.02568421052632,0,0.927578947368421,0,0.978947368421053,0,0.0778947368421053,0,0.0345263157894737,0
"30007","Camarón de Tejeda",1848,0,6538,0,0.0303030303030303,0,1.02922077922078,0,1.02489177489177,0,1.02164502164502,0,0.0221861471861472,0,0.073051948051948,0
"30006","Acultzingo",5988,0,23100,0,0.0861723446893788,0,0.985470941883767,0,0.770374081496326,0,0.835838343353373,0,0.163159652638611,0,0.103707414829659,0
"30111","Moloacán",4603,0,16493,0,0.0464914186400174,0,1.04562242016076,0,0.958070823376059,0,1.01281772756898,0,0.0534434064740387,0,0.174451444709972,0
"30110","Mixtla de Altamirano",3194,0,12125,0,0.26299311208516,0,0.934564809016907,0,0.566374452097683,0,0.642767689417658,0,0.356919223544145,0,0.126800250469631,0
"30005","Acula",1637,0,5253,0,0.0452046426389737,0,1.02260232131949,0,0.824068417837508,0,1.01649358582773,0,0.0232131948686622,0,0.062919975565058,0
"30051","Coyutla",5810,0,23096,0,0.0910499139414802,0,1.01617900172117,0,0.952839931153184,0,0.91170395869191,0,0.129776247848537,0,0.189500860585198,0
"30045","Cosamaloapan de Carpio",17559,0,54737,0,0.0336010023349849,0,1.03718890597414,0,0.98747081268865,0,1.00045560681132,0,0.0463010422005809,0,0.0944814624978643,0
"30013","Naranjos Amatlán",7890,0,26843,0,0.0216730038022814,0,1.04613434727503,0,0.99277566539924,0,1.01863117870722,0,0.04106463878327,0,0.0806083650190114,0
"30014","Amatlán de los Reyes",13290,0,46955,0,0.027313769751693,0,0.987885628291949,0,0.921444695259594,0,0.951617757712566,0,0.0479307750188111,0,0.108577878103837,0
"30002","Acatlán",862,0,3441,0,0.031322505800464,0,0.988399071925754,0,0.995359628770302,0,0.994199535962877,0,0.00464037122969838,0,0.0301624129930394,0
"30001","Acajete",2588,0,9701,0,0.0548686244204019,0,0.993044822256569,0,0.981066460587326,0,0.961360123647604,0,0.053323029366306,0,0.079984544049459,0
"30003","Acayucan",22867,0,80815,0,0.0496348449731054,0,1.02553898631215,0,0.9672016442909,0,0.976341452748502,0,0.0623606069882363,0,0.147111558140552,0
"30120","Oteapan",2892,0,10343,0,0.0369986168741355,0,1.04011065006916,0,0.884163208852005,0,0.989972337482711,0,0.0570539419087137,0,0.19536652835408,0
"30127","La Perla",6346,0,28258,0,0.183422628427356,0,0.981563189410652,0,0.977308540813111,0,0.828710999054523,0,0.170501103057044,0,0.215411282697762,0
"30048","Cosoleacaque",36794,0,130903,0,0.028347013099962,0,1.09159102027504,0,0.981545904223515,0,1.07908898189922,0,0.0228026308637278,0,0.13559275968908,0
"30059","Chinameca",6654,0,22638,0,0.0541027953110911,0,1.04989480012023,0,0.912233243162008,0,0.987225728884881,0,0.0772467688608356,0,0.181094078749624,0
"30100","Manlio Fabio Altamirano",7355,0,23918,0,0.039292997960571,0,1.02787219578518,0,1.0267845003399,0,1.00312712440517,0,0.0334466349422162,0,0.128212100611829,0
"30087","Xalapa",143824,0,488531,0,0.00702247191011236,0,1.0452358438091,0,1.03852625431082,0,1.03155245299811,0,0.0179316386694849,0,0.0871759928801869,0
"30097","Lerdo de Tejada",6370,0,19123,0,0.0317111459968603,0,1.02025117739403,0,1.01522762951334,0,1.01805337519623,0,0.0103610675039246,0,0.0901098901098901,0
"30010","Altotonga",16646,0,64234,0,0.0618166526492851,0,0.98329929112099,0,0.946834074252073,0,0.912171092154271,0,0.0887900997236573,0,0.0850654811966839,0
"30108","Minatitlán",44420,0,144776,0,0.0421656911301216,0,0.99781629896443,0,0.904524988743809,0,0.960490769923458,0,0.0492796037820801,0,0.117852318775326,0
"30011","Alvarado",18181,0,57035,0,0.0267312029041307,0,1.00748033661515,0,0.963643363951378,0,0.988009460425719,0,0.0248061162752324,0,0.075408393377702,0
"30012","Amatitlán",2656,0,7866,0,0.0500753012048193,0,1.01280120481928,0,0.913403614457831,0,0.998117469879518,0,0.0289909638554217,0,0.0636295180722892,0
"30015","Angel R. Cabada",10390,0,33839,0,0.0495668912415784,0,1.01405197305101,0,0.99172281039461,0,1.01414821944177,0,0.0276227141482194,0,0.0784408084696824,0
"30016","La Antigua",9030,0,28682,0,0.0157253599114064,0,1.00841638981174,0,1.00797342192691,0,0.999778516057586,0,0.0135105204872647,0,0.100664451827243,0
"30017","Apazapan",1286,0,4709,0,0.0404354587869362,0,1.17496111975117,0,1.17262830482115,0,1.15007776049767,0,0.0303265940902022,0,0.0668740279937792,0
"30117","Omealca",6459,0,23773,0,0.0727666821489395,0,1.01517262734169,0,0.998296949992259,0,0.948134386127884,0,0.0901068276823038,0,0.107601795943645,0
"30113","Naranjal",1223,0,4614,0,0.0670482420278005,0,0.983646770237122,0,0.927228127555192,0,0.875715453802126,0,0.116925592804579,0,0.145543744889616,0
"30114","Nautla",3174,0,10130,0,0.0683679899180844,0,1.03402646502836,0,0.989918084436043,0,1.00220541902962,0,0.0598613736609956,0,0.077189666036547,0
"30115","Nogales",9929,0,37314,0,0.0363581428139793,0,1.06848625239198,0,1.02245946218149,0,1.00966864739652,0,0.068184107160842,0,0.130123879544768,0
"30163","Tenochtitlán",1295,0,5040,0,0.0756756756756757,0,0.974517374517375,0,0.990733590733591,0,0.905791505791506,0,0.0957528957528958,0,0.0424710424710425,0
"30019","Astacinga",1693,0,6909,0,0.115180153573538,0,0.988186650915535,0,0.953337271116361,0,0.775546367395156,0,0.225044300059067,0,0.0383933845245127,0
"30042","Colipa",1787,0,5743,0,0.0889759373251259,0,0.992165640738668,0,0.954672635702294,0,0.974818130945719,0,0.0514829322887521,0,0.104085058757694,0
"30043","Comapa",5362,0,19876,0,0.0598657217456173,0,0.97053338306602,0,0.833644162625886,0,0.945542707944797,0,0.051473330846699,0,0.0764640059679224,0
"30044","Córdoba",60355,0,204721,0,0.0164857923949963,0,1.01844089139259,0,0.985021953442134,0,0.992494408085494,0,0.031960898020048,0,0.129483887001905,0
"30047","Coscomatepec",14320,0,59471,0,0.0666201117318436,0,0.981354748603352,0,0.952513966480447,0,0.915083798882682,0,0.0824720670391061,0,0.108310055865922,0
"30049","Cotaxtla",6530,0,22050,0,0.0367534456355283,0,0.988667687595712,0,0.985451761102603,0,0.961715160796325,0,0.0393568147013783,0,0.122358346094946,0
"30052","Cuichapa",3390,0,11869,0,0.0474926253687316,0,0.987315634218289,0,0.993215339233038,0,0.945427728613569,0,0.0545722713864307,0,0.113569321533923,0
"30099","Maltrata",4353,0,18327,0,0.0588100160808638,0,1.01562141052148,0,0.833448196645991,0,0.936595451412819,0,0.096714909257983,0,0.0824718584883988,0
"30105","Medellín de Bravo",32989,0,95202,0,0.0159447088423414,0,1.00042438388554,0,0.96914122889448,0,0.984449361908515,0,0.0212798205462427,0,0.0687198763224105,0
"30184","Tlaquilpa",1897,0,7933,0,0.152345809172377,0,0.989457037427517,0,0.885608856088561,0,0.749077490774908,0,0.250395361096468,0,0.0395361096468108,0
"30175","Tihuatlán",23819,0,92726,0,0.0460556698434023,0,1.07750115454049,0,0.818800117553214,0,1.00549981107519,0,0.0922372895587556,0,0.168352995507788,0
"30178","Tlacotalpan",4395,0,12898,0,0.0286689419795222,0,0.991126279863481,0,0.908532423208191,0,0.968373151308305,0,0.0379977246871445,0,0.088509670079636,0
"30180","Tlachichilco",2791,0,10900,0,0.198495163024006,0,1.04192045861698,0,0.761734145467574,0,0.932282336080258,0,0.155499820852741,0,0.0419204586169832,0
"30137","Los Reyes",1638,0,6308,0,0.143467643467643,0,0.964590964590965,0,0.86019536019536,0,0.678266178266178,0,0.321733821733822,0,0.0982905982905983,0
"30196","Yanga",5348,0,17902,0,0.0351533283470456,0,1.018698578908,0,0.942595362752431,0,1.0056095736724,0,0.0265519820493642,0,0.06282722513089,0
"30197","Yecuatla",3035,0,11205,0,0.0652388797364086,0,1.04349258649094,0,1.04777594728171,0,1.02174629324547,0,0.0494233937397035,0,0.0649093904448105,0
"30198","Zacualpan",1886,0,6788,0,0.136797454931071,0,0.951219512195122,0,0.989925768822906,0,0.952279957582185,0,0.104453870625663,0,0.0604453870625663,0
"30139","Saltabarranca",1914,0,6126,0,0.054858934169279,0,1.05067920585162,0,0.967084639498433,0,1.0564263322884,0,0.0177638453500522,0,0.0689655172413793,0
"30186","Tomatlán",2091,0,7197,0,0.0329985652797704,0,0.983739837398374,0,0.9818268770923,0,0.964610234337637,0,0.0339550454328073,0,0.0655188904830225,0
"30200","Zentla",3485,0,12581,0,0.0286944045911047,0,0.981635581061693,0,0.976757532281205,0,0.959827833572453,0,0.0378766140602583,0,0.0436154949784792,0
"30202","Zontecomatlán de López y Fuentes",3676,0,14644,0,0.350108813928183,0,0.990478781284004,0,0.826441784548422,0,0.914036996735582,0,0.161044613710555,0,0.0894994559303591,0
"30204","Agua Dulce",12469,0,44104,0,0.0269468281337718,0,1.09046435159195,0,0.940091426738311,0,1.07346218622183,0,0.0238190712968161,0,0.135135135135135,0
"30207","Tres Valles",13862,0,44978,0,0.0423459818208051,0,1.00504977636705,0,0.864305295051219,0,0.968763526186697,0,0.0502813446833069,0,0.110229404126389,0
"30208","Carlos A. Carrillo",7247,0,23376,0,0.0256657927418242,0,1.06664826824893,0,1.0147647302332,0,1.05077963295157,0,0.0267696978059887,0,0.0752035324962053,0
"30201","Zongolica",12229,0,45028,0,0.153324065745359,0,0.961893858860087,0,0.775615340583858,0,0.733338784855671,0,0.264780439937853,0,0.0964919453757462,0
"30181","Tlalixcoyan",12108,0,37795,0,0.0462504129501156,0,1.0186653452263,0,0.939461513049224,0,1.000660720185,0,0.0316319788569541,0,0.115378262305913,0
"30182","Tlalnelhuayocan",4585,0,19664,0,0.0281352235550709,0,1.07655398037077,0,1.07568157033806,0,1.0423118865867,0,0.0399127589967285,0,0.110359869138495,0
"30183","Tlapacoyan",17038,0,61377,0,0.0274093203427632,0,1.01097546660406,0,0.995539382556638,0,0.959913135344524,0,0.0612161051766639,0,0.134288061979106,0
"30076","Ilamatlán",3625,0,13377,0,0.259862068965517,0,1.00524137931034,0,0.572965517241379,0,0.897655172413793,0,0.125793103448276,0,0.0962758620689655,0
"30077","Isla",12528,0,42807,0,0.0668103448275862,0,1.04150702426565,0,1.0249840357599,0,0.997525542784163,0,0.0596264367816092,0,0.106641123882503,0
"30080","Ixhuatlán del Café",5962,0,23132,0,0.0432740691043274,0,0.982556189198256,0,0.903220395840322,0,0.916638711841664,0,0.082690372358269,0,0.0617242536061724,0
"30081","Ixhuatlancillo",7317,0,27295,0,0.027743610769441,0,1.06327729943966,0,1.01530681973486,0,0.984693180265136,0,0.0877408774087741,0,0.171928385950526,0
"30082","Ixhuatlán del Sureste",4761,0,15831,0,0.0325561856752783,0,0.984247006931317,0,0.828817475320311,0,0.952110901071204,0,0.0485192186515438,0,0.158580130224743,0
"30083","Ixhuatlán de Madero",13059,0,50836,0,0.12435867983766,0,1.03583735354928,0,0.849146182709243,0,0.8615514204763,0,0.20491614978176,0,0.0779539015238533,0
"30084","Ixmatlahuacan",1921,0,5574,0,0.0666319625195211,0,0.982300884955752,0,0.884955752212389,0,0.969807391983342,0,0.0317542946382093,0,0.0728787090057262,0
"30085","Ixtaczoquitlán",20025,0,74004,0,0.0214731585518102,0,1.03420724094881,0,1.0136329588015,0,0.986416978776529,0,0.0542821473158552,0,0.0877403245942572,0
"30086","Jalacingo",11171,0,46794,0,0.0330319577477397,0,1.02121564765912,0,0.99543460746576,0,0.96499865723749,0,0.0708083430310626,0,0.108405693313043,0
"30088","Jalcomulco",1630,0,5054,0,0.0441717791411043,0,0.986503067484663,0,0.986503067484663,0,0.95521472392638,0,0.0429447852760736,0,0.047239263803681,0
"30089","Jáltipan",11420,0,38669,0,0.0399299474605954,0,1.0553415061296,0,0.848248686514886,0,1.04133099824869,0,0.0300350262697023,0,0.148248686514886,0
"30090","Jamapa",3606,0,11132,0,0.0318912922906267,0,0.990293954520244,0,0.9312257348863,0,0.959511924570161,0,0.0424292845257903,0,0.118968386023295,0
"30091","Jesús Carranza",7710,0,28524,0,0.0692607003891051,0,1.03774319066148,0,0.914267185473411,0,0.984306095979248,0,0.0730220492866407,0,0.143839169909209,0
"30092","Xico",9916,0,39623,0,0.0444735780556676,0,1.02369907220653,0,1.02652279144816,0,0.97529245663574,0,0.0561718434852763,0,0.0873336022589754,0
"30041","Coetzala",640,0,2355,0,0.1640625,0,0.98125,0,0.6515625,0,0.7421875,0,0.259375,0,0.115625,0
"30053","Cuitláhuac",7851,0,28075,0,0.0240733664501337,0,1.01566679403898,0,0.970449624251688,0,0.997452553814801,0,0.0245828556871736,0,0.0746401732263406,0
"30054","Chacaltianguis",3678,0,11461,0,0.0543773790103317,0,1.06498096791735,0,1.0168569874932,0,1.06416530723219,0,0.0212071778140294,0,0.0522022838499184,0
"30055","Chalma",3552,0,13527,0,0.0681306306306306,0,1.04617117117117,0,0.793637387387387,0,0.984234234234234,0,0.0884009009009009,0,0.045045045045045,0
"30056","Chiconamel",1601,0,6610,0,0.10368519675203,0,1.05871330418488,0,0.92317301686446,0,0.968144909431605,0,0.112429731417864,0,0.0480949406620862,0
"30057","Chiconquiaco",3330,0,13881,0,0.0942942942942943,0,0.971471471471472,0,0.912612612612613,0,0.941741741741742,0,0.0603603603603604,0,0.0462462462462462,0
"30058","Chicontepec",14108,0,53858,0,0.0729373405160193,0,1.05358661752197,0,0.887935922880635,0,0.951729515168699,0,0.123192514885172,0,0.0590445137510632,0
"30060","Chinampa de Gorostiza",4325,0,16283,0,0.063121387283237,0,1.04184971098266,0,0.854104046242775,0,0.963005780346821,0,0.107976878612717,0,0.137109826589595,0
"30061","Las Choapas",20357,0,81080,0,0.0977550719654173,0,1.06651274745788,0,0.907157243208724,0,0.993270128211426,0,0.104877928967923,0,0.142064154836174,0
"30062","Chocamán",5203,0,20839,0,0.0513165481453008,0,0.97924274457044,0,0.956755717855084,0,0.912358254852969,0,0.0866807610993657,0,0.121660580434365,0
"30063","Chontla",3638,0,13359,0,0.0764156129741616,0,1.10830126443101,0,1.06184716877405,0,0.981858163826278,0,0.15475536008796,0,0.0574491478834524,0
"30093","Jilotepec",4455,0,16585,0,0.0307519640852974,0,1.02738496071829,0,0.962065095398429,0,1.01840628507295,0,0.0206509539842873,0,0.0945005611672278,0
"30094","Juan Rodríguez Clara",11123,0,38367,0,0.0589768947226468,0,1.03695046300459,0,1.0023374988762,0,1.02400431538254,0,0.0288591207408073,0,0.0966465881506788,0
"30095","Juchique de Ferrer",4386,0,15059,0,0.0809393524851801,0,1.01823985408117,0,1.02576379388965,0,0.978796169630643,0,0.0665754673962608,0,0.0718194254445964,0
"30096","Landero y Coss",423,0,1543,0,0.0472813238770686,0,0.973995271867612,0,0.969267139479905,0,0.971631205673759,0,0.0118203309692671,0,0.0118203309692671,0
"30104","Mecayapan",4818,0,17134,0,0.151930261519303,0,1.01618929016189,0,1.01349107513491,0,0.880448318804483,0,0.15483603154836,0,0.275840597758406,0
"30118","Orizaba",35876,0,123182,0,0.00825064109711228,0,1.04693945813357,0,1.04763630282083,0,1.04155981714795,0,0.00752592262236593,0,0.0852380421451667,0
"30119","Otatitlán",1821,0,5651,0,0.0406370126304228,0,0.988467874794069,0,0.906095551894563,0,0.970895112575508,0,0.028006589785832,0,0.071938495332235,0
"30121","Ozuluama de Mascareñas",6800,0,22756,0,0.0389705882352941,0,1.00441176470588,0,0.688088235294118,0,0.949558823529412,0,0.100441176470588,0,0.0723529411764706,0
"30123","Pánuco",26701,0,96185,0,0.0180892101419423,0,1.04112205535373,0,0.960376015879555,0,1.00842665068724,0,0.0501104827534549,0,0.0852402531740384,0
"30124","Papantla",43498,0,159910,0,0.03781783070486,0,1.02749551703527,0,0.741367419191687,0,0.861257988873052,0,0.181617545634282,0,0.139845510138397,0
"30125","Paso del Macho",9003,0,31894,0,0.0346551149616794,0,0.994446295679218,0,0.90092191491725,0,0.996778851493947,0,0.0145507053204487,0,0.111851605020549,0
"30129","Platón Sánchez",4777,0,18053,0,0.0697090223989952,0,1.05065940967134,0,0.983043751308353,0,0.959807410508687,0,0.126229851371153,0,0.0500314004605401,0
"30130","Playa Vicente",11589,0,39327,0,0.07222366036759,0,0.980239882647338,0,0.882474760548796,0,0.945206661489343,0,0.0505651911295194,0,0.0777461385796876,0
"30122","Pajapan",5421,0,18051,0,0.134292565947242,0,1.00221361372441,0,0.975465781221177,0,0.960892824202177,0,0.0627190555248109,0,0.248847076185206,0
"30132","Las Vigas de Ramírez",5068,0,20300,0,0.0244672454617206,0,0.986779794790845,0,0.902131018153118,0,0.970797158642463,0,0.0272296764009471,0,0.0714285714285714,0
"30133","Pueblo Viejo",15372,0,57909,0,0.0156128024980484,0,1.03935727296383,0,0.91016133229248,0,1.0167837626854,0,0.0562711423367161,0,0.128090033827739,0
"30134","Puente Nacional",7131,0,23544,0,0.0290281867900715,0,1.04305146543262,0,1.02930865236292,0,1.01921189174029,0,0.0336558687421119,0,0.0890478193801711,0
"30135","Rafael Delgado",5869,0,24127,0,0.0446413358323394,0,1.01192707445902,0,0.921792468904413,0,0.929800647469756,0,0.0928607940023854,0,0.175498381325609,0
"30106","Miahuatlán",1202,0,4841,0,0.0607321131447587,0,0.934276206322795,0,0.935108153078203,0,0.91846921797005,0,0.0232945091514143,0,0.0657237936772047,0
"30102","Martínez de la Torre",32268,0,108842,0,0.0254121730507004,0,0.991260691706954,0,0.92085037808355,0,0.960332217676956,0,0.0498946324532044,0,0.125821247055907,0
"30170","Texcatepec",2740,0,10824,0,0.216423357664234,0,0.961678832116788,0,0.776277372262774,0,0.898175182481752,0,0.133211678832117,0,0.0467153284671533,0
"30171","Texhuacán",1448,0,5575,0,0.0780386740331492,0,0.970303867403315,0,0.859116022099447,0,0.852209944751381,0,0.146408839779006,0,0.0704419889502762,0
"30172","Texistepec",5319,0,19925,0,0.0962586952434668,0,1.05414551607445,0,0.68377514570408,0,1.01748448956571,0,0.0612897161120511,0,0.181989095694679,0
"30174","Tierra Blanca",29881,0,95602,0,0.0362103008600783,0,1.01526053344935,0,0.989424718048258,0,0.960476557009471,0,0.0667648338409022,0,0.10100063585556,0
"30176","Tlacojalpan",1459,0,4489,0,0.0562028786840302,0,0.995887594242632,0,0.866346812885538,0,0.962302947224126,0,0.0445510623714873,0,0.0788211103495545,0
"30179","Tlacotepec de Mejía",1216,0,4284,0,0.0304276315789474,0,0.983552631578947,0,0.967105263157895,0,0.970394736842105,0,0.03125,0,0.0682565789473684,0
"30177","Tlacolulan",2814,0,11685,0,0.0600568585643213,0,0.985074626865672,0,0.947050461975835,0,0.920753375977257,0,0.0806680881307747,0,0.0700071073205402,0
"30193","Veracruz",195682,0,607209,0,0.00978117558078924,0,1.02772866180844,0,1.02342065187396,0,1.01286270581862,0,0.0167107858668656,0,0.086783659202175,0
"30143","Santiago Tuxtla",15834,0,57085,0,0.0678918782367058,0,1.02816723506379,0,1.01124163193129,0,0.991410887962612,0,0.0623342175066313,0,0.127826196791714,0
"30144","Sayula de Alemán",8521,0,32400,0,0.0717051989203145,0,1.02194578101162,0,0.888980166647107,0,0.9897899307593,0,0.0498767750264053,0,0.16793803544185,0
"30142","San Juan Evangelista",9150,0,32631,0,0.0686338797814208,0,1.01027322404372,0,0.917704918032787,0,0.995300546448087,0,0.0421857923497268,0,0.0786885245901639,0
"30151","Tamiahua",6916,0,21902,0,0.0511856564488143,0,1.04699248120301,0,0.626518218623482,0,1.03253325621747,0,0.0397628687102371,0,0.145315211104685,0
"30152","Tampico Alto",3565,0,11561,0,0.0415147265077139,0,1.02328190743338,0,0.805610098176718,0,1.02776998597475,0,0.041234221598878,0,0.114165497896213,0
"30153","Tancoco",1658,0,5795,0,0.0464414957780458,0,1.08443908323281,0,1,0,1.04342581423402,0,0.0597104945717732,0,0.121230398069964,0
"30154","Tantima",3406,0,11991,0,0.0825014679976512,0,1.04726952436876,0,0.938050499119201,0,0.981796829125073,0,0.100117439812096,0,0.0833822665883735,0
"30155","Tantoyuca",25355,0,99959,0,0.0732399921120095,0,1.02468941037271,0,0.512995464405443,0,0.882390061131927,0,0.19270360875567,0,0.0669295996844804,0
"30156","Tatatila",1472,0,6041,0,0.110733695652174,0,0.974864130434783,0,0.971467391304348,0,0.89741847826087,0,0.10258152173913,0,0.0699728260869565,0
"30157","Castillo de Teayo",5320,0,20145,0,0.0584586466165414,0,1.0359022556391,0,0.393233082706767,0,0.966165413533835,0,0.0881578947368421,0,0.106015037593985,0
"30158","Tecolutla",7378,0,24551,0,0.0363242071021957,0,1.00230414746544,0,0.747492545405259,0,0.963946869070209,0,0.0588235294117647,0,0.136080238547032,0
"30159","Tehuipango",5682,0,29686,0,0.181626187961985,0,0.984336501231961,0,0.62935586061246,0,0.499120028159099,0,0.502287926786343,0,0.054030271031327,0
"30160","Álamo Temapache",29416,0,107270,0,0.0339611096002176,0,0.995920587435409,0,0.803780255643187,0,0.958016045689421,0,0.0583695947783519,0,0.116773184661409,0
"30161","Tempoal",9439,0,34408,0,0.0634601123000318,0,1.02521453543808,0,0.880177984956033,0,0.946392626337536,0,0.113677296323763,0,0.0541370907935163,0
"30167","Tepetzintla",3927,0,14619,0,0.0488922841864018,0,1.05322128851541,0,1.00865800865801,0,0.930735930735931,0,0.142347848230201,0,0.166539343009931,0
"31009","Cansahcab",1314,0,4466,0,0.0243531202435312,0,0.990106544901065,0,0.994672754946728,0,0.989345509893455,0,0.0106544901065449,0,0.140030441400304,0
"31007","Cacalchén",2011,0,7490,0,0.0218796618597713,0,1.01143709597215,0,1.01243162605669,0,1.01143709597215,0,0.00546991546494281,0,0.132272501243163,0
"31019","Chemax",8509,0,38934,0,0.111058878834176,0,0.957574333059114,0,0.9786108825949,0,0.88764837231167,0,0.106710541779293,0,0.235750381948525,0
"31101","Umán",18964,0,69147,0,0.0132356043028897,0,1.01376291921536,0,1.01434296561907,0,1.01518666947901,0,0.0045876397384518,0,0.0765133937987766,0
"31106","Yobaín",681,0,2215,0,0.0323054331864905,0,0.99265785609398,0,0.95007342143906,0,0.988252569750367,0,0.0102790014684288,0,0.18942731277533,0
"31105","Yaxkukul",907,0,3293,0,0.0330760749724366,0,0.979051819184123,0,0.976846747519294,0,0.98787210584344,0,0.00441014332965821,0,0.081587651598677,0
"31103","Xocchel",900,0,3451,0,0.06,0,0.985555555555556,0,0.996666666666667,0,0.982222222222222,0,0.0166666666666667,0,0.236666666666667,0
"31097","Tunkás",1093,0,3684,0,0.0622140896614822,0,0.963403476669716,0,0.978956999085087,0,0.951509606587374,0,0.0338517840805123,0,0.235132662397072,0
"31095","Tixpéhual",1526,0,5690,0,0.0209698558322412,0,0.998689384010485,0,1.00065530799476,0,1,0,0.00524246395806029,0,0.115989515072084,0
"31081","Tekom",799,0,3355,0,0.100125156445557,0,0.967459324155194,0,0.97747183979975,0,0.95369211514393,0,0.0362953692115144,0,0.236545682102628,0
"31090","Timucuy",1800,0,7503,0,0.0461111111111111,0,0.986666666666667,0,0.995555555555556,0,0.991666666666667,0,0.0111111111111111,0,0.238888888888889,0
"31088","Teya",570,0,1917,0,0.0666666666666667,0,0.987719298245614,0,0.940350877192982,0,0.994736842105263,0,0.00526315789473684,0,0.247368421052632,0
"31087","Tetiz",1485,0,5464,0,0.0390572390572391,0,0.986531986531986,0,0.981144781144781,0,0.987205387205387,0,0.0127946127946128,0,0.224915824915825,0
"31066","Santa Elena",1124,0,4220,0,0.0587188612099644,0,0.981316725978648,0,0.981316725978648,0,0.990213523131673,0,0.00711743772241993,0,0.23932384341637,0
"31086","Tepakán",682,0,2133,0,0.092375366568915,0,0.979472140762463,0,0.956011730205279,0,0.980938416422287,0,0.0146627565982405,0,0.346041055718475,0
"31083","Telchac Puerto",553,0,1915,0,0.0198915009041591,0,0.998191681735985,0,1.00904159132007,0,0.998191681735985,0,0.0162748643761302,0,0.142857142857143,0
"31082","Telchac Pueblo",1117,0,3512,0,0.0223813786929275,0,0.994628469113697,0,0.979409131602507,0,0.99373321396598,0,0.0080572963294539,0,0.113697403760072,0
"31080","Tekit",2784,0,11020,0,0.0283764367816092,0,0.998563218390805,0,0.991020114942529,0,0.994612068965517,0,0.00754310344827586,0,0.160201149425287,0
"31102","Valladolid",21830,0,85460,0,0.0354099862574439,0,0.992075125973431,0,0.99445716903344,0,0.974163994502978,0,0.0328447091158956,0,0.147045350435181,0
"31071","Sudzal",571,0,1949,0,0.0858143607705779,0,0.985989492119089,0,0.989492119089317,0,0.980735551663748,0,0.0297723292469352,0,0.357267950963222,0
"31069","Sotuta",2382,0,8967,0,0.0764063811922754,0,0.979429051217464,0,0.979848866498741,0,0.975230898404702,0,0.0302267002518892,0,0.251049538203191,0
"31078","Tekantó",1081,0,3747,0,0.061054579093432,0,0.98427382053654,0,0.983348751156337,0,0.989824236817761,0,0.00925069380203515,0,0.209990749306198,0
"31037","Huhí",1565,0,5250,0,0.0415335463258786,0,0.989776357827476,0,1,0,0.993610223642173,0,0.00958466453674121,0,0.193610223642173,0
"31027","Dzidzantún",2487,0,8345,0,0.0301568154402895,0,0.98994772818657,0,0.981905910735826,0,0.990751909931645,0,0.00683554483313229,0,0.109368717330117,0
"31058","Peto",6354,0,25954,0,0.0816808309726157,0,0.97906830343091,0,0.99087189172175,0,0.957507082152975,0,0.0478438778722065,0,0.143531633616619,0
"31055","Opichén",1866,0,7080,0,0.0439442658092176,0,1.010718113612,0,1.0117899249732,0,1.0005359056806,0,0.0230439442658092,0,0.173633440514469,0
"31036","Homún",2216,0,8090,0,0.0388086642599278,0,0.984657039711191,0,0.947653429602888,0,0.986913357400722,0,0.0153429602888087,0,0.207129963898917,0
"31032","Espita",4235,0,16779,0,0.0557260920897285,0,0.965761511216057,0,0.986540731995277,0,0.956080283353011,0,0.0391971664698937,0,0.141440377804014,0
"31077","Tekal de Venegas",775,0,2683,0,0.0580645161290323,0,0.972903225806452,0,0.978064516129032,0,0.983225806451613,0,0.00903225806451613,0,0.251612903225806,0
"31074","Tahmek",1080,0,3774,0,0.0462962962962963,0,0.997222222222222,0,1.00185185185185,0,0.998148148148148,0,0.0101851851851852,0,0.176851851851852,0
"31026","Dzemul",1091,0,3622,0,0.0146654445462878,0,0.996333638863428,0,0.978001833180568,0,0.995417048579285,0,0.00274977085242896,0,0.102658111824015,0
"31025","Dzan",1472,0,6003,0,0.0339673913043478,0,0.985054347826087,0,0.987092391304348,0,0.987771739130435,0,0.00747282608695652,0,0.144701086956522,0
"31001","Abalá",1822,0,6550,0,0.0428100987925357,0,0.98463227222832,0,0.993413830954994,0,0.993413830954994,0,0.00493962678375412,0,0.21569703622393,0
"31050","Mérida",284682,0,995129,0,0.00498802172248333,0,1.06086791577971,0,1.05607660477304,0,1.05809991499287,0,0.00517419436423799,0,0.0423735958016313,0
"31023","Chocholá",1455,0,4863,0,0.0254295532646048,0,0.990378006872852,0,0.995876288659794,0,0.994501718213058,0,0.00343642611683849,0,0.132646048109966,0
"31035","Hoctún",1827,0,6384,0,0.0476190476190476,0,0.985221674876847,0,0.984126984126984,0,0.972085385878489,0,0.0257252326217843,0,0.238095238095238,0
"31034","Hocabá",1667,0,6514,0,0.0467906418716257,0,1,0,0.993401319736053,0,1.00299940011998,0,0.00839832033593281,0,0.26874625074985,0
"31016","Chacsinkín",723,0,3104,0,0.131396957123098,0,0.986168741355463,0,0.990318118948824,0,0.980636237897649,0,0.0193637621023513,0,0.0636237897648686,0
"31015","Cuzamá",1493,0,5560,0,0.0488948425987944,0,0.997990622906899,0,0.995981245813798,0,1.00334896182184,0,0.0087073007367716,0,0.271935699933021,0
"31013","Conkal",4637,0,16671,0,0.00862626698296312,0,1.06836316583998,0,1.06448134569765,0,1.06836316583998,0,0.00323485011861117,0,0.0590899288332974,0
"31049","Mayapán",945,0,3965,0,0.0687830687830688,0,0.961904761904762,0,0.957671957671958,0,0.976719576719577,0,0.0126984126984127,0,0.173544973544974,0
"31065","San Felipe",632,0,2118,0,0.00632911392405063,0,0.993670886075949,0,0.990506329113924,0,0.995253164556962,0,0.00316455696202532,0,0.153481012658228,0
"31064","Sanahcat",483,0,1701,0,0.0476190476190476,0,0.987577639751553,0,0.987577639751553,0,0.995859213250518,0,0.0062111801242236,0,0.238095238095238,0
"31073","Tahdziú",1276,0,5854,0,0.13871473354232,0,0.971786833855799,0,0.974921630094044,0,0.974921630094044,0,0.0227272727272727,0,0.141849529780564,0
"31072","Suma",571,0,1857,0,0.0472854640980736,0,0.989492119089317,0,0.989492119089317,0,0.996497373029772,0,0.00525394045534151,0,0.133099824868651,0
"31093","Tixkokob",5109,0,18420,0,0.0199647680563711,0,0.995498140536308,0,0.996476805637111,0,0.998825601879037,0,0.00332746134272852,0,0.1015854374633,0
"31061","Río Lagartos",1099,0,3974,0,0.0227479526842584,0,0.975432211101001,0,0.976342129208371,0,0.981801637852593,0,0.0163785259326661,0,0.212010919017288,0
"31014","Cuncunul",440,0,1714,0,0.075,0,0.979545454545454,0,1,0,0.965909090909091,0,0.0363636363636364,0,0.163636363636364,0
"31089","Ticul",9966,0,40495,0,0.032008830022075,0,0.996086694762191,0,0.991671683724664,0,0.983042343969496,0,0.0195665261890427,0,0.151715833835039,0
"31070","Sucilá",1177,0,3971,0,0.0271877655055225,0,0.987255734919286,0,0.977060322854715,0,0.988105352591334,0,0.0101954120645709,0,0.126593033135089,0
"31068","Sinanché",993,0,3206,0,0.0342396777442095,0,0.985901309164149,0,0.981873111782477,0,0.986908358509567,0,0.00604229607250755,0,0.195367573011078,0
"31012","Cenotillo",1188,0,3736,0,0.0513468013468013,0,0.968855218855219,0,0.987373737373737,0,0.984848484848485,0,0.0126262626262626,0,0.133838383838384,0
"31010","Cantamayec",746,0,2755,0,0.164879356568365,0,0.924932975871314,0,0.966487935656836,0,0.955764075067024,0,0.0402144772117962,0,0.264075067024129,0
"31002","Acanceh",4175,0,16772,0,0.0277844311377246,0,1.01053892215569,0,1.01173652694611,0,1.00311377245509,0,0.0141317365269461,0,0.178682634730539,0
"31063","Samahil",1436,0,5631,0,0.0264623955431755,0,0.995821727019499,0,0.995125348189415,0,0.992339832869081,0,0.00766016713091922,0,0.190807799442897,0
"31060","Quintana Roo",305,0,976,0,0.0786885245901639,0,0.970491803278689,0,0.980327868852459,0,0.950819672131147,0,0.039344262295082,0,0.173770491803279,0
"31054","Muxupip",866,0,2990,0,0.035796766743649,0,0.98729792147806,0,0.988452655889146,0,0.986143187066975,0,0.0069284064665127,0,0.170900692840647,0
"31053","Muna",3355,0,13494,0,0.0423248882265276,0,1.00238450074516,0,1.00685543964232,0,1.00089418777943,0,0.0143070044709389,0,0.122503725782414,0
"31076","Tecoh",4633,0,17939,0,0.0498597021368444,0,0.995898985538528,0,1.00431685732787,0,1.00129505719836,0,0.0164040578458882,0,0.236132095834233,0
"31098","Tzucacab",3963,0,15346,0,0.0628311884935655,0,0.98965430229624,0,0.990411304567247,0,0.97300025233409,0,0.0358314408276558,0,0.145596770123644,0
"31042","Kantunil",1556,0,5553,0,0.0379177377892031,0,0.98586118251928,0,0.997429305912596,0,0.986503856041131,0,0.0160668380462725,0,0.20694087403599,0
"31052","Motul",10038,0,37804,0,0.0294879458059374,0,0.991532177724646,0,0.988942020322773,0,0.990436341900777,0,0.015142458657103,0,0.128412034269775,0
"31006","Buctzotz",2681,0,9159,0,0.0525923162998881,0,0.977620290936218,0,0.977247295785155,0,0.986945169712794,0,0.0138008205893323,0,0.135397239835882,0
"31056","Oxkutzcab",8466,0,33854,0,0.0607134420033073,0,0.98665249232223,0,0.982282069454288,0,0.988424285376801,0,0.0190172454523978,0,0.145641389085755,0
"31057","Panabá",2215,0,7766,0,0.0352144469525959,0,0.989164785553047,0,0.988713318284424,0,0.981941309255079,0,0.017607223476298,0,0.12686230248307,0
"31028","Dzilam de Bravo",871,0,2936,0,0.0309988518943743,0,0.99540757749713,0,0.975889781859931,0,0.987370838117107,0,0.0172215843857635,0,0.173363949483352,0
"31062","Sacalum",1373,0,4962,0,0.0436999271667881,0,0.986161689730517,0,0.988346686088857,0,0.98761835396941,0,0.00946831755280408,0,0.19373634377276,0
"31051","Mocochá",1003,0,3430,0,0.0119641076769691,0,0.994017946161516,0,0.990029910269192,0,0.997008973080758,0,0.00199401794616152,0,0.106679960119641,0
"31040","Izamal",7857,0,28555,0,0.0313096601756396,0,0.989436171566756,0,0.990836197021764,0,0.98638157057401,0,0.0117093038055237,0,0.158330151457299,0
"31085","Temozón",4258,0,16680,0,0.060826679192109,0,0.977689055894786,0,0.979802724283701,0,0.937764208548614,0,0.0584781587599812,0,0.176139032409582,0
"31104","Yaxcabá",4147,0,16350,0,0.147576561369665,0,0.960212201591512,0,0.981914637087051,0,0.955871714492404,0,0.0530503978779841,0,0.204485170002411,0
"31091","Tinum",3217,0,12700,0,0.0500466272925085,0,0.975132110662108,0,0.978862294062791,0,0.952440161641281,0,0.0366801367733914,0,0.190861050668325,0
"31048","Maxcanú",6319,0,23991,0,0.0599778445956639,0,0.984174711188479,0,0.984649469852825,0,0.967558157936382,0,0.0284855198607375,0,0.205570501661655,0
"31096","Tizimín",21159,0,80672,0,0.0484900042535091,0,0.977550923956709,0,0.976747483340422,0,0.959733446760244,0,0.0422515241741103,0,0.162673094191597,0
"31099","Uayma",1002,0,4191,0,0.060878243512974,0,0.98502994011976,0,1.00099800399202,0,0.973053892215569,0,0.031936127744511,0,0.174650698602794,0
"31005","Bokobá",631,0,2167,0,0.0427892234548336,0,0.995245641838352,0,0.992076069730586,0,0.992076069730586,0,0.0110935023771791,0,0.164817749603803,0
"31047","Maní",1555,0,5968,0,0.0520900321543408,0,0.983922829581994,0,0.985852090032154,0,0.983279742765273,0,0.0109324758842444,0,0.164630225080386,0
"31046","Mama",865,0,3296,0,0.0323699421965318,0,0.989595375722543,0,0.95028901734104,0,0.989595375722543,0,0.0104046242774566,0,0.122543352601156,0
"31045","Kopomá",787,0,2677,0,0.0508259212198221,0,0.979669631512071,0,0.992376111817027,0,0.987293519695044,0,0.00762388818297332,0,0.165184243964422,0
"31044","Kinchil",2011,0,7530,0,0.0387866732968672,0,0.991049229239184,0,0.988562904027847,0,0.988065638985579,0,0.00895077076081552,0,0.187966185977126,0
"31100","Ucú",1134,0,4049,0,0.0141093474426808,0,0.986772486772487,0,0.937389770723104,0,0.991181657848324,0,0.000881834215167548,0,0.099647266313933,0
"31043","Kaua",845,0,3405,0,0.0781065088757396,0,0.971597633136095,0,0.977514792899408,0,0.959763313609467,0,0.0402366863905325,0,0.202366863905325,0
"31020","Chicxulub Pueblo",1302,0,4497,0,0.032258064516129,0,1,0,0.99615975422427,0,0.997695852534562,0,0.00844854070660522,0,0.152073732718894,0
"31067","Seyé",2682,0,10053,0,0.0320656226696495,0,0.992170022371365,0,0.982475764354959,0,0.991424310216257,0,0.0134228187919463,0,0.185682326621924,0
"31075","Teabo",1674,0,6921,0,0.0579450418160096,0,0.983273596176822,0,0.985663082437276,0,0.973118279569892,0,0.022700119474313,0,0.191756272401434,0
"31004","Baca",1734,0,6195,0,0.0184544405997693,0,0.996539792387543,0,0.989042675893887,0,0.993656286043829,0,0.00749711649365629,0,0.103806228373702,0
"31003","Akil",3275,0,12285,0,0.0870229007633588,0,0.980763358778626,0,0.986564885496183,0,0.968549618320611,0,0.0305343511450382,0,0.234809160305344,0
"31022","Chikindzonot",1014,0,4363,0,0.109467455621302,0,0.976331360946746,0,0.979289940828402,0,0.965483234714004,0,0.0305719921104536,0,0.102564102564103,0
"31033","Halachó",5765,0,21255,0,0.0532523850823938,0,0.988551604509974,0,0.953512575888985,0,0.975195143104944,0,0.019774501300954,0,0.21266261925412,0
"31079","Tekax",11445,0,45062,0,0.0778505897771953,0,0.985670598514635,0,0.980777632153779,0,0.975797291393622,0,0.0301441677588467,0,0.159021406727829,0
"31059","Progreso",16545,0,66008,0,0.0116651556361438,0,1.09761257177395,0,1.0897552130553,0,1.09676639468117,0,0.0158960411000302,0,0.159262617104866,0
"31094","Tixméhuac",1419,0,5444,0,0.14446793516561,0,0.976744186046512,0,0.976039464411557,0,0.957011980267794,0,0.0443974630021142,0,0.181818181818182,0
"31084","Temax",1877,0,7037,0,0.0426212040490144,0,0.990942994139584,0,0.977623867874267,0,0.987213638785296,0,0.0101225359616409,0,0.166755460841769,0
"31029","Dzilam González",1921,0,6240,0,0.0515356585111921,0,0.977095262883915,0,0.980218636127017,0,0.993753253513795,0,0.00468505986465383,0,0.134825611660593,0
"31041","Kanasín",38536,0,141939,0,0.0112102968652688,0,1.02929728046502,0,1.02161615113141,0,1.02652065600996,0,0.00916026572555532,0,0.0633433672410214,0
"31038","Hunucmá",8936,0,35137,0,0.0266338406445837,0,0.991606982990152,0,0.975716204118174,0,0.990711727842435,0,0.00772157564905998,0,0.154767233661594,0
"31030","Dzitás",1079,0,4015,0,0.0658016682113068,0,0.959221501390176,0,0.935125115848007,0,0.932344763670065,0,0.0556070435588508,0,0.232622798887859,0
"31021","Chichimilá",2058,0,9406,0,0.117589893100097,0,0.948007774538387,0,0.960155490767736,0,0.93731778425656,0,0.0495626822157434,0,0.186103012633625,0
"31039","Ixil",1115,0,4186,0,0.0170403587443946,0,0.997309417040359,0,0.991031390134529,0,1.00089686098655,0,0.00358744394618834,0,0.0708520179372197,0
"31092","Tixcacalcupul",1933,0,7888,0,0.122090015519917,0,0.93585100879462,0,0.970512157268495,0,0.904811174340403,0,0.0951888256595965,0,0.218313502327988,0
"31018","Chapab",965,0,3385,0,0.0725388601036269,0,0.97720207253886,0,0.974093264248705,0,0.981347150259067,0,0.016580310880829,0,0.29119170984456,0
"31017","Chankom",1236,0,4686,0,0.140776699029126,0,0.961974110032362,0,0.97168284789644,0,0.967637540453074,0,0.0283171521035599,0,0.174757281553398,0
"31024","Chumayel",893,0,3244,0,0.0671892497200448,0,0.979843225083987,0,0.992161254199328,0,0.984322508398656,0,0.0111982082866741,0,0.166853303471445,0
"31031","Dzoncauich",790,0,2818,0,0.0569620253164557,0,0.982278481012658,0,0.989873417721519,0,0.992405063291139,0,0.010126582278481,0,0.186075949367089,0
"31011","Celestún",2369,0,8389,0,0.0481215702828198,0,0.982693119459688,0,0.974672857745884,0,0.96707471506965,0,0.0282819755170958,0,0.195018995356691,0
"31008","Calotmul",1157,0,3949,0,0.0726015557476232,0,0.971477960242005,0,0.980985306828003,0,0.969749351771824,0,0.0267934312878133,0,0.245462402765774,0
"32027","Melchor Ocampo",721,0,2736,0,0.0638002773925104,0,0.976421636615811,0,0.934812760055479,0,0.979195561719834,0,0.0180305131761442,0,0.0513176144244105,0
"32019","Jalpa",7065,0,25296,0,0.0086341118188252,0,0.996886058032555,0,0.990092002830856,0,0.991224345364473,0,0.0113234253361642,0,0.0246284501061571,0
"32003","Atolinga",766,0,2277,0,0.0221932114882507,0,0.994778067885117,0,0.990861618798956,0,0.989556135770235,0,0.00913838120104439,0,0.010443864229765,0
"32058","Santa María de la Paz",858,0,2767,0,0.0372960372960373,0,0.990675990675991,0,0.991841491841492,0,0.974358974358974,0,0.0256410256410256,0,0.0174825174825175,0
"32036","Ojocaliente",10417,0,44144,0,0.0110396467313046,0,1.03657482960545,0,1.02467121052126,0,1.01996736104445,0,0.0232312565997888,0,0.0324469616972257,0
"32035","Noria de Ángeles",4108,0,16284,0,0.0170399221032132,0,0.996592015579357,0,0.976387536514119,0,0.983933787731256,0,0.0192307692307692,0,0.0338364167478092,0
"32037","Pánuco",4676,0,17577,0,0.0198887938408896,0,1.00855431993157,0,0.976475620188195,0,1.00213857998289,0,0.0117621899059025,0,0.044054747647562,0
"32040","Sain Alto",5479,0,21844,0,0.0200766563241467,0,0.998174849425078,0,0.991604307355357,0,0.98777149114802,0,0.0155137798868407,0,0.033765285636065,0
"32033","Moyahua de Estrada",1434,0,4530,0,0.0292887029288703,0,1.00348675034868,0,0.996513249651325,0,1.00697350069735,0,0.00836820083682008,0,0.0244072524407252,0
"32020","Jerez",17671,0,59910,0,0.00831871427763002,0,1.00548921962537,0,1.00390470262011,0,0.996661196310339,0,0.0123365966838323,0,0.0157885801595835,0
"32010","Fresnillo",61983,0,240532,0,0.0087766000354936,0,1.02626526628269,0,1.01516544859074,0,1.01834373941242,0,0.0129712985818692,0,0.0254263265734153,0
"32034","Nochistlán de Mejía",8445,0,27945,0,0.0104203670811131,0,0.995737122557727,0,0.989698046181172,0,0.993368857312019,0,0.00769686204854944,0,0.0113676731793961,0
"32005","Calera",11817,0,45759,0,0.00981636625200982,0,1.00947787086401,0,1.00575442159601,0,1.003638825421,0,0.00888550393500889,0,0.0216637048320217,0
"32045","Tepechitlán",2552,0,8321,0,0.0207680250783699,0,0.988244514106583,0,0.987068965517241,0,0.984717868338558,0,0.0144984326018809,0,0.0160658307210031,0
"32038","Pinos",19024,0,72241,0,0.0275441547518923,0,0.999842304457527,0,0.928090832632464,0,0.993166526492851,0,0.0183978132884777,0,0.0237594617325484,0
"32051","Villa de Cos",9069,0,34623,0,0.0238173999338406,0,1.00407983239607,0,1.00044106296174,0,0.982908810232661,0,0.0267945749255706,0,0.0460910795015989,0
"32050","Vetagrande",2539,0,10276,0,0.00748326112642773,0,1.03544702638834,0,1.01890508074045,0,1.03190232374951,0,0.00866482867270579,0,0.0232374950768019,0
"32049","Valparaíso",8933,0,32461,0,0.0388447330124258,0,0.972013881114967,0,0.954886376357327,0,0.96630471286242,0,0.0380611216836449,0,0.0229486174857271,0
"32048","Tlaltenango de Sánchez Román",7724,0,27302,0,0.0165717244950803,0,1.02369238736406,0,1.02187985499741,0,1.0152770585189,0,0.0168306576903159,0,0.0293889176592439,0
"32046","Tepetongo",2060,0,6490,0,0.0121359223300971,0,0.998058252427184,0,0.998058252427184,0,0.992718446601942,0,0.00970873786407767,0,0.0087378640776699,0
"32025","Luis Moya",3163,0,13184,0,0.0101169775529561,0,1.03098324375593,0,1.02971862156181,0,1.01612393297502,0,0.0158077774264938,0,0.020550110654442,0
"32044","Tabasco",4524,0,16588,0,0.0108311229000884,0,0.996905393457118,0,0.992926613616269,0,0.992042440318302,0,0.0103890362511052,0,0.0369142351900973,0
"32043","Susticacán",403,0,1365,0,0.0347394540942928,0,0.965260545905707,0,0.987593052109181,0,0.987593052109181,0,0.0148883374689826,0,0.0297766749379653,0
"32054","Villa Hidalgo",4823,0,19446,0,0.0165871863985072,0,1.0188679245283,0,1.00476881608957,0,1.01119635081899,0,0.0145137880986938,0,0.0290275761973875,0
"32042","Sombrerete",17032,0,63665,0,0.0097463597933302,0,1.00311178957257,0,0.985086895255989,0,0.991310474401127,0,0.0169680601221231,0,0.0209018318459371,0
"32041","El Salvador",733,0,2509,0,0.096862210095498,0,0.956343792633015,0,0.930422919508868,0,0.961800818553888,0,0.0368349249658936,0,0.0491132332878581,0
"32016","General Pánfilo Natera",5894,0,23526,0,0.0123854767560231,0,1.01747539871055,0,1.00627757041059,0,1.00305395317272,0,0.0206990159484221,0,0.0242619613165931,0
"32014","General Francisco R. Murguía",5396,0,20191,0,0.0177909562638992,0,0.995737583395108,0,0.991289844329133,0,0.980726464047443,0,0.0198295033358043,0,0.0155670867309118,0
"32013","General Enrique Estrada",1807,0,6644,0,0.00885445489762036,0,0.998339789706696,0,0.996126175982291,0,0.990592141671278,0,0.0110680686220255,0,0.0215827338129496,0
"32009","Chalchihuites",2633,0,10086,0,0.0159513862514242,0,1.00531712875047,0,1.00341815419673,0,1.00265856437524,0,0.0121534371439423,0,0.015571591340676,0
"32017","Guadalupe",58362,0,211740,0,0.00359823172612316,0,1.02983105445324,0,1.0191734347692,0,1.0254960419451,0,0.00656248929097701,0,0.0128165587197149,0
"32057","Trancoso",4459,0,20455,0,0.0132316662928908,0,1.03790087463557,0,1.01054047992823,0,1.02937878448083,0,0.0145772594752187,0,0.0385736712267324,0
"32030","Momax",787,0,2446,0,0.00635324015247776,0,0.998729351969504,0,1.0012706480305,0,1.00254129606099,0,0.00127064803049555,0,0.0241423125794155,0
"32032","Morelos",3613,0,13207,0,0.00498200941046222,0,0.996401882092444,0,0.987821754774426,0,0.993910877387213,0,0.00442845280929975,0,0.0207583725435926,0
"32056","Zacatecas",41332,0,149607,0,0.00312106842156199,0,1.02206522791058,0,1.01258105100165,0,1.01896835381787,0,0.0049114487564115,0,0.0153392044904674,0
"32018","Huanusco",1351,0,4547,0,0.0155440414507772,0,0.997039230199852,0,0.998519615099926,0,0.998519615099926,0,0.00518134715025907,0,0.0296076980014804,0
"32022","Juan Aldama",5392,0,19749,0,0.0077893175074184,0,0.996661721068249,0,0.989057863501484,0,0.983679525222552,0,0.0163204747774481,0,0.0248516320474777,0
"32002","Apulco",1345,0,4942,0,0.0230483271375465,0,0.985130111524164,0,0.969516728624535,0,0.98364312267658,0,0.012639405204461,0,0.0200743494423792,0
"32001","Apozol",1810,0,6260,0,0.0132596685082873,0,0.989502762430939,0,0.989502762430939,0,0.974033149171271,0,0.0259668508287293,0,0.0232044198895028,0
"32015","El Plateado de Joaquín Amaro",527,0,1579,0,0.0246679316888046,0,0.996204933586338,0,0.98292220113852,0,0.971537001897533,0,0.032258064516129,0,0.0132827324478178,0
"32028","Mezquital del Oro",731,0,2451,0,0.0533515731874145,0,0.995896032831737,0,0.965800273597811,0,0.984952120383037,0,0.0205198358413133,0,0.0478796169630643,0
"32026","Mazapil",4562,0,17774,0,0.0657606313020605,0,1.00350723366944,0,0.898947829899167,0,0.982902235861464,0,0.0333187198597107,0,0.0407715914072775,0
"32052","Villa García",4929,0,19525,0,0.0115642118076689,0,0.994116453641712,0,0.976262933657943,0,0.985392574558734,0,0.0144045445323595,0,0.0350983972408196,0
"32024","Loreto",12818,0,53709,0,0.0113902324855672,0,1.00569511624278,0,1.00382274925885,0,0.99656732719613,0,0.0139647370884693,0,0.0325323763457638,0
"32004","Benito Juárez",1267,0,4493,0,0.0244672454617206,0,0.991318074191002,0,0.988950276243094,0,0.990528808208366,0,0.0118389897395422,0,0.015785319652723,0
"32029","Miguel Auza",5871,0,23713,0,0.0126043263498552,0,0.997615397717595,0,0.996934082779765,0,0.9863737012434,0,0.0141372849599727,0,0.0209504343382729,0
"32053","Villa González Ortega",3455,0,13208,0,0.0141823444283647,0,1,0,0.981765557163531,0,0.998552821997106,0,0.0104196816208394,0,0.0199710564399421,0
"32023","Juchipila",3817,0,12251,0,0.0141472360492533,0,1.01545716531307,0,0.998428084883416,0,1.00052397170553,0,0.0175530521351847,0,0.0186009955462405,0
"32039","Río Grande",17277,0,64535,0,0.00931874746773167,0,1.02228396133588,0,1.01788504948776,0,1.01192336632517,0,0.0127336921919315,0,0.030676622098744,0
"32055","Villanueva",9001,0,31558,0,0.0112209754471725,0,0.995000555493834,0,0.990556604821687,0,0.992445283857349,0,0.0107765803799578,0,0.0173314076213754,0
"32031","Monte Escobedo",2783,0,8683,0,0.019403521379806,0,0.984189723320158,0,0.984189723320158,0,0.988860941430111,0,0.0111390585698886,0,0.0118577075098814,0
"32021","Jiménez del Teul",1080,0,4465,0,0.0777777777777778,0,0.960185185185185,0,0.939814814814815,0,0.925925925925926,0,0.0722222222222222,0,0.0333333333333333,0
"32008","Cuauhtémoc",3227,0,13466,0,0.0164239231484351,0,0.991013325069724,0,0.988844127672761,0,0.955066625348621,0,0.0443136039665324,0,0.0350170436938333,0
"32007","Concepción del Oro",3034,0,12115,0,0.0273566249176005,0,1.05636123928807,0,1.02175346077785,0,1.05207646671061,0,0.0161502966381015,0,0.040210942649967,0
"32047","Teúl de González Ortega",1649,0,5356,0,0.0133414190418435,0,0.995755003032141,0,0.996967859308672,0,0.983626440266828,0,0.0175864160097029,0,0.0127349909035779,0
"32012","Genaro Codina",2051,0,8168,0,0.0292540224280839,0,0.975621647976597,0,0.962944904924427,0,0.983422720624086,0,0.0180399804973184,0,0.0316918576304242,0
"32006","Cañitas de Felipe Pescador",2218,0,8255,0,0.00586113615870153,0,0.991433724075744,0,0.988277727682597,0,0.98692515779982,0,0.0108205590622182,0,0.0261496844003607,0
"32011","Trinidad García de la Cadena",1077,0,3362,0,0.0167130919220056,0,0.985143918291551,0,0.997214484679666,0,0.990714948932219,0,0.00835654596100279,0,0.0157845868152275,0
