CVEGEO,state_num,state_name,own_capital,capital_cvegeo,dist_cap_own,dist_capmun_own,dist_cap_nearest,nearest_cap,nearest_cap_state,same_state_cap,is_capital,near_own_cap,excess_dist_own_cap,log_dist_cap_own,n_caps_100km,n_caps_200km
01005,01,Aguascalientes,Aguascalientes,01001,17.471018606097406,21.14835783790544,17.471018606097406,Aguascalientes,Aguascalientes,TRUE,FALSE,TRUE,0,2.916202941910703,2,5
01008,01,Aguascalientes,Aguascalientes,01001,38.561497994877065,44.999609313848616,38.561497994877065,Aguascalientes,Aguascalientes,TRUE,FALSE,TRUE,0,3.67785637243995,2,5
01001,01,Aguascalientes,Aguascalientes,01001,8.148608935197197,0,8.148608935197197,Aguascalientes,Aguascalientes,TRUE,TRUE,TRUE,0,2.2136018387896623,1,5
01004,01,Aguascalientes,Aguascalientes,01001,52.34944220300367,60.48536598018722,52.34944220300367,Aguascalientes,Aguascalientes,TRUE,FALSE,FALSE,0,3.9768635222667434,2,4
01011,01,Aguascalientes,Aguascalientes,01001,17.429607740512,25.29119846141631,17.429607740512,Aguascalientes,Aguascalientes,TRUE,FALSE,TRUE,0,2.913958487706559,2,5
01006,01,Aguascalientes,Aguascalientes,01001,24.145109958706374,32.264112770528676,24.145109958706374,Aguascalientes,Aguascalientes,TRUE,FALSE,TRUE,0,3.224663442599309,2,5
01003,01,Aguascalientes,Aguascalientes,01001,42.37497166511752,43.133071771754686,42.37497166511752,Aguascalientes,Aguascalientes,TRUE,FALSE,TRUE,0,3.7698825850130353,2,5
01010,01,Aguascalientes,Aguascalientes,01001,26.58534888244279,29.34096908253831,26.58534888244279,Aguascalientes,Aguascalientes,TRUE,FALSE,TRUE,0,3.3172847941862957,1,5
01002,01,Aguascalientes,Aguascalientes,01001,36.62242909039802,43.13527526498845,36.62242909039802,Aguascalientes,Aguascalientes,TRUE,FALSE,TRUE,0,3.6276003909111427,2,4
01009,01,Aguascalientes,Aguascalientes,01001,40.06867769892746,48.072702599420154,40.06867769892746,Aguascalientes,Aguascalientes,TRUE,FALSE,TRUE,0,3.7152457311737366,2,4
01007,01,Aguascalientes,Aguascalientes,01001,42.45857043667534,50.507907023909496,42.45857043667534,Aguascalientes,Aguascalientes,TRUE,FALSE,TRUE,0,3.77180808051542,2,4
02003,02,Baja California,Mexicali,02002,82.0887326371742,95.84572999399388,82.0887326371742,Mexicali,Baja California,TRUE,FALSE,FALSE,0,4.419909104668208,1,1
02004,02,Baja California,Mexicali,02002,134.12581572934027,146.4725137184332,134.12581572934027,Mexicali,Baja California,TRUE,FALSE,FALSE,0,4.906206312791032,0,1
02001,02,Baja California,Mexicali,02002,136.64154578915785,100.69767085073558,136.64154578915785,Mexicali,Baja California,TRUE,FALSE,FALSE,0,4.924652811534321,0,1
02006,02,Baja California,Mexicali,02002,371.5897063739353,319.3665517460829,346.95724227694933,Hermosillo,Sonora,FALSE,FALSE,FALSE,24.632464096985984,5.920477831306899,0,0
02007,02,Baja California,Mexicali,02002,222.96567117369182,170.73960539928817,222.96567117369182,Mexicali,Baja California,TRUE,FALSE,FALSE,0,5.411492786421618,0,0
02002,02,Baja California,Mexicali,02002,52.240332499845124,0,52.240332499845124,Mexicali,Baja California,TRUE,TRUE,FALSE,0,3.9748162388087827,1,1
02005,02,Baja California,Mexicali,02002,142.3730245215724,148.3547543928767,142.3730245215724,Mexicali,Baja California,TRUE,FALSE,FALSE,0,4.965449796952327,0,1
03002,03,Baja California Sur,La Paz,03003,452.76460962711343,431.59800837790766,297.0673905399603,Hermosillo,Sonora,FALSE,FALSE,FALSE,155.69721908715314,6.1175785825860505,0,0
03009,03,Baja California Sur,La Paz,03003,230.6855850741693,214.59859495738806,230.6855850741693,La Paz,Baja California Sur,TRUE,FALSE,FALSE,0,5.445381215753166,0,0
03008,03,Baja California Sur,La Paz,03003,112.2146002606725,132.96178238888905,112.2146002606725,La Paz,Baja California Sur,TRUE,FALSE,FALSE,0,4.729285135019969,0,1
03003,03,Baja California Sur,La Paz,03003,31.104333331303657,0,31.104333331303657,La Paz,Baja California Sur,TRUE,TRUE,TRUE,0,3.468991015769662,1,1
03001,03,Baja California Sur,La Paz,03003,214.26036772554548,191.80988096403092,214.26036772554548,La Paz,Baja California Sur,TRUE,FALSE,FALSE,0,5.371848308120233,0,0
04003,04,Campeche,San Francisco de Campeche,04002,175.19090007796905,175.74107457131194,163.6379487855525,Villahermosa,Tabasco,FALSE,FALSE,FALSE,11.552951292416537,5.171568066753931,0,2
04007,04,Campeche,San Francisco de Campeche,04002,228.82235039039637,232.78230902971572,105.68772802357354,Villahermosa,Tabasco,FALSE,FALSE,FALSE,123.13462236682282,5.437306620869682,0,1
04013,04,Campeche,San Francisco de Campeche,04002,74.30469373769355,75.34673722832193,74.30469373769355,San Francisco de Campeche,Campeche,TRUE,FALSE,FALSE,0,4.321542466697087,2,2
04005,04,Campeche,San Francisco de Campeche,04002,52.84593457401904,57.62561130340871,52.84593457401904,San Francisco de Campeche,Campeche,TRUE,FALSE,FALSE,0,3.9861269053767874,1,2
04004,04,Campeche,San Francisco de Campeche,04002,79.10859921298977,60.347537665992,79.10859921298977,San Francisco de Campeche,Campeche,TRUE,FALSE,FALSE,0,4.383383204279487,1,1
04011,04,Campeche,San Francisco de Campeche,04002,192.04550786387878,174.1568258667835,192.04550786387878,San Francisco de Campeche,Campeche,TRUE,FALSE,FALSE,0,5.262925953151134,0,1
04012,04,Campeche,San Francisco de Campeche,04002,27.626348423044707,39.22012780484801,27.626348423044707,San Francisco de Campeche,Campeche,TRUE,FALSE,TRUE,0,3.3543275672468393,1,2
04002,04,Campeche,San Francisco de Campeche,04002,36.56108674933842,0,36.56108674933842,San Francisco de Campeche,Campeche,TRUE,TRUE,TRUE,0,3.6259685876099477,1,2
04006,04,Campeche,San Francisco de Campeche,04002,104.52703473225948,70.65874901619145,104.52703473225948,San Francisco de Campeche,Campeche,TRUE,FALSE,FALSE,0,4.658967173475176,0,3
04001,04,Campeche,San Francisco de Campeche,04002,70.14394855748999,87.95372068048879,70.14394855748999,San Francisco de Campeche,Campeche,TRUE,FALSE,FALSE,0,4.264705269021203,2,2
04010,04,Campeche,San Francisco de Campeche,04002,182.35932790349884,148.46251456496663,144.46921011745124,Chetumal,Quintana Roo,FALSE,FALSE,FALSE,37.8901177860476,5.211447768071897,0,2
04009,04,Campeche,San Francisco de Campeche,04002,141.37908546231648,119.7569670719369,141.37908546231648,San Francisco de Campeche,Campeche,TRUE,FALSE,FALSE,0,4.958493116437768,0,1
04008,04,Campeche,San Francisco de Campeche,04002,35.06528921466062,39.05123773332227,35.06528921466062,San Francisco de Campeche,Campeche,TRUE,FALSE,TRUE,0,3.585330885184833,1,2
05005,05,Coahuila,Saltillo,05030,158.69177543200135,203.71595515533969,137.2903889424459,Monterrey,Nuevo León,FALSE,FALSE,FALSE,21.40138648955545,5.073245553782088,0,2
05017,05,Coahuila,Saltillo,05030,221.6129182395112,217.4455954726903,221.6129182395112,Saltillo,Coahuila,TRUE,FALSE,FALSE,0,5.405434470578555,0,0
05018,05,Coahuila,Saltillo,05030,163.22363830627938,206.00389876517437,159.40196589831118,Monterrey,Nuevo León,FALSE,FALSE,FALSE,3.821672407968208,5.101229147109388,0,2
05014,05,Coahuila,Saltillo,05030,395.08996326402985,439.13586726398944,371.6393336316479,Monterrey,Nuevo León,FALSE,FALSE,FALSE,23.450629632381947,5.981641365412693,0,0
05035,05,Coahuila,Saltillo,05030,226.56328785403372,213.6892232737176,189.41175457638815,Victoria de Durango,Durango,FALSE,FALSE,FALSE,37.15153327764557,5.427428388073174,0,1
05013,05,Coahuila,Saltillo,05030,282.7027776382123,327.9752210336649,239.10316591615174,Monterrey,Nuevo León,FALSE,FALSE,FALSE,43.59961172206056,5.647927132525467,0,0
05015,05,Coahuila,Saltillo,05030,248.1512750452266,293.11617657367213,220.69088267620194,Monterrey,Nuevo León,FALSE,FALSE,FALSE,27.460392369024675,5.518060242294999,0,0
05020,05,Coahuila,Saltillo,05030,340.40737310379245,380.2706200769245,338.36775076113355,Monterrey,Nuevo León,FALSE,FALSE,FALSE,2.0396223426589017,5.833076406799052,0,0
05024,05,Coahuila,Saltillo,05030,111.33286600723793,112.10527772295302,111.33286600723793,Saltillo,Coahuila,TRUE,FALSE,FALSE,0,4.721466481502643,0,2
05026,05,Coahuila,Saltillo,05030,220.18248614012444,264.1228715004942,203.84376768275996,Monterrey,Nuevo León,FALSE,FALSE,FALSE,16.33871845736448,5.398988089931833,0,0
05027,05,Coahuila,Saltillo,05030,60.40075102424723,98.73331923623684,60.40075102424723,Saltillo,Coahuila,TRUE,FALSE,FALSE,0,4.117422066743555,2,2
05025,05,Coahuila,Saltillo,05030,372.398199078286,417.2071531026467,342.937227739536,Monterrey,Nuevo León,FALSE,FALSE,FALSE,29.46097133874997,5.9226454080597994,0,0
05028,05,Coahuila,Saltillo,05030,275.87435572613106,319.2860297928624,260.03938753342703,Monterrey,Nuevo León,FALSE,FALSE,FALSE,15.834968192704025,5.623563813848182,0,0
05030,05,Coahuila,Saltillo,05030,45.36680811665335,0,45.36680811665335,Saltillo,Coahuila,TRUE,TRUE,TRUE,0,3.836583860939309,1,2
05031,05,Coahuila,Saltillo,05030,282.91882244825035,321.17282768939714,282.91882244825035,Saltillo,Coahuila,TRUE,FALSE,FALSE,0,5.6486883608523595,0,0
05016,05,Coahuila,Saltillo,05030,210.63932994204183,246.85637389374548,210.63932994204183,Saltillo,Coahuila,TRUE,FALSE,FALSE,0,5.3548835520039,0,0
05004,05,Coahuila,Saltillo,05030,37.41912332041111,59.325988663309154,37.41912332041111,Saltillo,Coahuila,TRUE,FALSE,TRUE,0,3.64855533876698,2,2
05002,05,Coahuila,Saltillo,05030,453.7158950691257,494.3009303940933,406.70096316055174,Chihuahua,Chihuahua,FALSE,FALSE,FALSE,47.01493190857394,6.119672817486579,0,0
05032,05,Coahuila,Saltillo,05030,293.671095692059,335.9603932057608,283.1679687863856,Monterrey,Nuevo León,FALSE,FALSE,FALSE,10.503126905673412,5.685859804485735,0,0
05033,05,Coahuila,Saltillo,05030,185.76823143111773,197.21466292480622,185.76823143111773,Saltillo,Coahuila,TRUE,FALSE,FALSE,0,5.229868444046424,0,1
05009,05,Coahuila,Saltillo,05030,238.36777242845386,249.87693795748882,238.36777242845386,Saltillo,Coahuila,TRUE,FALSE,FALSE,0,5.478001165968702,0,0
05012,05,Coahuila,Saltillo,05030,301.0032948984508,346.27891249030756,266.21956937918355,Monterrey,Nuevo León,FALSE,FALSE,FALSE,34.78372551926725,5.710437927575124,0,0
05006,05,Coahuila,Saltillo,05030,133.43689748011982,173.6272372436817,133.43689748011982,Saltillo,Coahuila,TRUE,FALSE,FALSE,0,4.901094925233581,0,2
05003,05,Coahuila,Saltillo,05030,314.9263570993601,359.14331191115633,292.18570798048006,Monterrey,Nuevo León,FALSE,FALSE,FALSE,22.740649118880015,5.755509139273281,0,0
05023,05,Coahuila,Saltillo,05030,336.8425802832932,368.33701383542797,321.5842006015075,Chihuahua,Chihuahua,FALSE,FALSE,FALSE,15.258379681785698,5.82258004818619,0,0
05008,05,Coahuila,Saltillo,05030,209.17662503347364,251.61202380420426,202.63401187428445,Monterrey,Nuevo León,FALSE,FALSE,FALSE,6.542613159189187,5.347948248802931,0,0
05022,05,Coahuila,Saltillo,05030,341.1099943683141,385.9762917252039,311.71036610136787,Monterrey,Nuevo León,FALSE,FALSE,FALSE,29.39962826694625,5.835132306313654,0,0
05019,05,Coahuila,Saltillo,05030,320.4940303954032,364.17087958799664,301.3666637172926,Monterrey,Nuevo León,FALSE,FALSE,FALSE,19.127366678110548,5.772978975528314,0,0
05007,05,Coahuila,Saltillo,05030,190.5616591013758,218.22070077561318,190.5616591013758,Saltillo,Coahuila,TRUE,FALSE,FALSE,0,5.255209736438029,0,1
05034,05,Coahuila,Saltillo,05030,343.8658715158472,366.26985052706635,274.6911974175053,Chihuahua,Chihuahua,FALSE,FALSE,FALSE,69.17467409834188,5.84315556322258,0,0
05037,05,Coahuila,Saltillo,05030,295.83774566033225,340.46626186842747,270.19830052932434,Monterrey,Nuevo León,FALSE,FALSE,FALSE,25.639445131007903,5.693185678612551,0,0
05029,05,Coahuila,Saltillo,05030,183.04548546852052,220.01004427635806,183.04548546852052,Saltillo,Coahuila,TRUE,FALSE,FALSE,0,5.215182930692466,0,2
05001,05,Coahuila,Saltillo,05030,188.70325817313042,231.22558022211535,183.47339166466628,Monterrey,Nuevo León,FALSE,FALSE,FALSE,5.229866508464141,5.245461052192157,0,2
05038,05,Coahuila,Saltillo,05030,375.9110727598613,418.5295786012794,361.2621076495548,Monterrey,Nuevo León,FALSE,FALSE,FALSE,14.648965110306506,5.93200927835007,0,0
05021,05,Coahuila,Saltillo,05030,212.642788994722,250.7461313884448,212.642788994722,Saltillo,Coahuila,TRUE,FALSE,FALSE,0,5.364305410033063,0,0
05010,05,Coahuila,Saltillo,05030,175.7512099294072,215.40292754358168,175.7512099294072,Saltillo,Coahuila,TRUE,FALSE,FALSE,0,5.174743150181299,0,2
05011,05,Coahuila,Saltillo,05030,55.60940656635709,69.03796093470945,55.60940656635709,Saltillo,Coahuila,TRUE,FALSE,FALSE,0,4.036175165152377,1,2
05036,05,Coahuila,Saltillo,05030,193.64980524955564,181.83949696670885,193.64980524955564,Saltillo,Coahuila,TRUE,FALSE,FALSE,0,5.271202073539938,0,1
06006,06,Colima,Colima,06002,30.935175689766144,17.158688727947315,30.935175689766144,Colima,Colima,TRUE,FALSE,TRUE,0,3.463708088478493,1,2
06002,06,Colima,Colima,06002,17.226337463007035,0,17.226337463007035,Colima,Colima,TRUE,TRUE,TRUE,0,2.9028676613753137,1,2
06005,06,Colima,Colima,06002,16.205322307086128,23.593958414923375,16.205322307086128,Colima,Colima,TRUE,FALSE,TRUE,0,2.8452187724123164,1,2
06008,06,Colima,Colima,06002,35.083132722725516,50.48403193079915,35.083132722725516,Colima,Colima,TRUE,FALSE,TRUE,0,3.585825518551705,1,2
06001,06,Colima,Colima,06002,38.71406260575817,40.015850937311775,38.71406260575817,Colima,Colima,TRUE,FALSE,TRUE,0,3.681705346778922,1,2
06004,06,Colima,Colima,06002,20.605356671788673,30.268510243596655,20.605356671788673,Colima,Colima,TRUE,FALSE,TRUE,0,3.072941278008965,1,2
06010,06,Colima,Colima,06002,14.839437915551219,31.08357865312398,14.839437915551219,Colima,Colima,TRUE,FALSE,TRUE,0,2.7625029006273256,1,2
06003,06,Colima,Colima,06002,17.31634082493288,34.04625518640851,17.31634082493288,Colima,Colima,TRUE,FALSE,TRUE,0,2.9077936026656657,1,2
06007,06,Colima,Colima,06002,60.32837313799389,69.19473269884595,60.32837313799389,Colima,Colima,TRUE,FALSE,FALSE,0,4.116242592920399,1,2
06009,06,Colima,Colima,06002,40.092109877042155,32.64465010943657,40.092109877042155,Colima,Colima,TRUE,FALSE,TRUE,0,3.7158161292782665,1,1
07019,07,Chiapas,Tuxtla Gutiérrez,07101,110.91631766449014,113.62002559759226,110.91631766449014,Tuxtla Gutiérrez,Chiapas,TRUE,FALSE,FALSE,0,4.717751428319267,0,1
07090,07,Chiapas,Tuxtla Gutiérrez,07101,51.73963263047262,53.200850542670366,51.73963263047262,Tuxtla Gutiérrez,Chiapas,TRUE,FALSE,FALSE,0,3.965367215229144,2,2
07020,07,Chiapas,Tuxtla Gutiérrez,07101,94.63681487443706,94.81529190711927,94.63681487443706,Tuxtla Gutiérrez,Chiapas,TRUE,FALSE,FALSE,0,4.560557838756982,1,1
07021,07,Chiapas,Tuxtla Gutiérrez,07101,41.16253947054913,41.206840895729165,41.16253947054913,Tuxtla Gutiérrez,Chiapas,TRUE,FALSE,TRUE,0,3.741532136540289,1,2
07079,07,Chiapas,Tuxtla Gutiérrez,07101,21.05852738583778,20.6212922422863,21.05852738583778,Tuxtla Gutiérrez,Chiapas,TRUE,FALSE,TRUE,0,3.0936992566487223,1,2
07109,07,Chiapas,Tuxtla Gutiérrez,07101,95.82707424617924,99.72515130372543,95.82707424617924,Tuxtla Gutiérrez,Chiapas,TRUE,FALSE,FALSE,0,4.572926647801659,1,2
07108,07,Chiapas,Tuxtla Gutiérrez,07101,53.63732406815239,50.502215361125,53.63732406815239,Tuxtla Gutiérrez,Chiapas,TRUE,FALSE,FALSE,0,4.000717240200765,1,2
07107,07,Chiapas,Tuxtla Gutiérrez,07101,76.04159366486812,74.07996211257756,76.04159366486812,Tuxtla Gutiérrez,Chiapas,TRUE,FALSE,FALSE,0,4.3443454534761745,1,1
07106,07,Chiapas,Tuxtla Gutiérrez,07101,71.59753632495656,73.48246065079121,71.59753632495656,Tuxtla Gutiérrez,Chiapas,TRUE,FALSE,FALSE,0,4.284930986336994,1,2
07104,07,Chiapas,Tuxtla Gutiérrez,07101,115.08521087853545,117.24178465735568,115.08521087853545,Tuxtla Gutiérrez,Chiapas,TRUE,FALSE,FALSE,0,4.754324497976171,0,1
07103,07,Chiapas,Tuxtla Gutiérrez,07101,193.6345230005683,193.80970560903515,193.6345230005683,Tuxtla Gutiérrez,Chiapas,TRUE,FALSE,FALSE,0,5.271123558953627,0,1
07102,07,Chiapas,Tuxtla Gutiérrez,07101,227.91794172114052,228.2763109483875,227.91794172114052,Tuxtla Gutiérrez,Chiapas,TRUE,FALSE,FALSE,0,5.433363606242139,0,0
07101,07,Chiapas,Tuxtla Gutiérrez,07101,3.951178780805263,0,3.951178780805263,Tuxtla Gutiérrez,Chiapas,TRUE,TRUE,TRUE,0,1.5996256857667734,1,2
07120,07,Chiapas,Tuxtla Gutiérrez,07101,143.3954768919199,143.5097725320972,143.3954768919199,Tuxtla Gutiérrez,Chiapas,TRUE,FALSE,FALSE,0,4.972555902504977,0,1
07074,07,Chiapas,Tuxtla Gutiérrez,07101,123.9001162422106,124.94795152499957,34.76488913916428,Villahermosa,Tabasco,FALSE,FALSE,FALSE,89.13522710304632,4.827514347813329,1,2
07075,07,Chiapas,Tuxtla Gutiérrez,07101,89.74327141001031,92.3810823095511,89.74327141001031,Tuxtla Gutiérrez,Chiapas,TRUE,FALSE,FALSE,0,4.50803432615383,1,2
07057,07,Chiapas,Tuxtla Gutiérrez,07101,179.7883094382581,180.30388684187815,179.7883094382581,Tuxtla Gutiérrez,Chiapas,TRUE,FALSE,FALSE,0,5.1973267856808905,0,1
07007,07,Chiapas,Tuxtla Gutiérrez,07101,80.00572480668487,83.0843727045751,80.00572480668487,Tuxtla Gutiérrez,Chiapas,TRUE,FALSE,FALSE,0,4.394519828800703,1,2
07111,07,Chiapas,Tuxtla Gutiérrez,07101,34.436696000501804,38.02590146438886,34.436696000501804,Tuxtla Gutiérrez,Chiapas,TRUE,FALSE,TRUE,0,3.567747893414071,1,2
07054,07,Chiapas,Tuxtla Gutiérrez,07101,217.81814579457063,217.63665020546418,217.81814579457063,Tuxtla Gutiérrez,Chiapas,TRUE,FALSE,FALSE,0,5.3882410003566354,0,0
07076,07,Chiapas,Tuxtla Gutiérrez,07101,81.90627057835884,85.36637364983507,81.44245289702602,Villahermosa,Tabasco,FALSE,FALSE,FALSE,0.4638176813328272,4.417710699550377,2,2
07081,07,Chiapas,Tuxtla Gutiérrez,07101,66.5747663174004,70.30951845168882,66.5747663174004,Tuxtla Gutiérrez,Chiapas,TRUE,FALSE,FALSE,0,4.2132346340344515,2,2
07063,07,Chiapas,Tuxtla Gutiérrez,07101,16.068508815349148,18.26335598098964,16.068508815349148,Tuxtla Gutiérrez,Chiapas,TRUE,FALSE,TRUE,0,2.8372351759517866,1,2
07110,07,Chiapas,Tuxtla Gutiérrez,07101,43.06644210129465,46.160131110351394,43.06644210129465,Tuxtla Gutiérrez,Chiapas,TRUE,FALSE,TRUE,0,3.785698542699305,1,2
07051,07,Chiapas,Tuxtla Gutiérrez,07101,145.05369491500048,144.30618709872812,145.05369491500048,Tuxtla Gutiérrez,Chiapas,TRUE,FALSE,FALSE,0,4.983974327486694,0,1
07070,07,Chiapas,Tuxtla Gutiérrez,07101,171.8226481906588,172.6236975088307,171.8226481906588,Tuxtla Gutiérrez,Chiapas,TRUE,FALSE,FALSE,0,5.152265913699733,0,1
07112,07,Chiapas,Tuxtla Gutiérrez,07101,78.4874546207291,82.41840294937806,78.4874546207291,Tuxtla Gutiérrez,Chiapas,TRUE,FALSE,FALSE,0,4.375599205695161,1,2
07050,07,Chiapas,Tuxtla Gutiérrez,07101,172.23459772777886,176.08812499754342,131.701384325914,Villahermosa,Tabasco,FALSE,FALSE,FALSE,40.533213401864856,5.154646732113833,0,2
07022,07,Chiapas,Tuxtla Gutiérrez,07101,60.3902237759529,64.29563999800588,60.3902237759529,Tuxtla Gutiérrez,Chiapas,TRUE,FALSE,FALSE,0,4.117250600585928,1,2
07053,07,Chiapas,Tuxtla Gutiérrez,07101,181.92809457039087,182.80501179121464,181.92809457039087,Tuxtla Gutiérrez,Chiapas,TRUE,FALSE,FALSE,0,5.209093149780975,0,1
07080,07,Chiapas,Tuxtla Gutiérrez,07101,157.14644477147226,157.88178014217118,157.14644477147226,Tuxtla Gutiérrez,Chiapas,TRUE,FALSE,FALSE,0,5.06352146939447,0,1
07049,07,Chiapas,Tuxtla Gutiérrez,07101,39.70932360504088,43.62439065769129,39.70932360504088,Tuxtla Gutiérrez,Chiapas,TRUE,FALSE,TRUE,0,3.706457147418392,1,2
07065,07,Chiapas,Tuxtla Gutiérrez,07101,157.41898810566104,161.3258136949649,132.82705776500845,Villahermosa,Tabasco,FALSE,FALSE,FALSE,24.591930340652596,5.065243346600389,0,2
07086,07,Chiapas,Tuxtla Gutiérrez,07101,18.869057738652085,17.132405769061148,18.869057738652085,Tuxtla Gutiérrez,Chiapas,TRUE,FALSE,TRUE,0,2.989163634133416,1,2
07062,07,Chiapas,Tuxtla Gutiérrez,07101,81.7110843307658,81.67488426099027,79.27764810279015,Villahermosa,Tabasco,FALSE,FALSE,FALSE,2.4334362279756476,4.41535362365011,2,2
07077,07,Chiapas,Tuxtla Gutiérrez,07101,123.6571419546403,127.43415506633804,99.59796070777047,Villahermosa,Tabasco,FALSE,FALSE,FALSE,24.059181246869827,4.825567104394318,1,2
07082,07,Chiapas,Tuxtla Gutiérrez,07101,86.48564824379258,90.43633651663731,86.48564824379258,Tuxtla Gutiérrez,Chiapas,TRUE,FALSE,FALSE,0,4.471474759839864,1,2
07024,07,Chiapas,Tuxtla Gutiérrez,07101,95.96675883022627,99.41468323047889,95.96675883022627,Tuxtla Gutiérrez,Chiapas,TRUE,FALSE,FALSE,0,4.574368227299005,1,2
07121,07,Chiapas,Tuxtla Gutiérrez,07101,54.71823863519409,57.33533962744943,54.71823863519409,Tuxtla Gutiérrez,Chiapas,TRUE,FALSE,FALSE,0,4.0203075374140145,2,2
07042,07,Chiapas,Tuxtla Gutiérrez,07101,61.99936805494086,64.23678017413548,61.99936805494086,Tuxtla Gutiérrez,Chiapas,TRUE,FALSE,FALSE,0,4.143124695467269,2,2
07025,07,Chiapas,Tuxtla Gutiérrez,07101,63.73938484686882,65.07223496893332,63.73938484686882,Tuxtla Gutiérrez,Chiapas,TRUE,FALSE,FALSE,0,4.170369746551021,2,2
07018,07,Chiapas,Tuxtla Gutiérrez,07101,40.95191517789889,42.298916906011065,40.95191517789889,Tuxtla Gutiérrez,Chiapas,TRUE,FALSE,TRUE,0,3.736524085694684,2,2
07052,07,Chiapas,Tuxtla Gutiérrez,07101,151.3055363409461,154.52004283040193,151.3055363409461,Tuxtla Gutiérrez,Chiapas,TRUE,FALSE,FALSE,0,5.025888610789634,0,1
07026,07,Chiapas,Tuxtla Gutiérrez,07101,60.976808241660166,64.92781305587991,60.976808241660166,Tuxtla Gutiérrez,Chiapas,TRUE,FALSE,FALSE,0,4.126760254448583,1,2
07083,07,Chiapas,Tuxtla Gutiérrez,07101,105.74702691146648,107.58885392523639,105.74702691146648,Tuxtla Gutiérrez,Chiapas,TRUE,FALSE,FALSE,0,4.670461800774439,0,1
07084,07,Chiapas,Tuxtla Gutiérrez,07101,71.15718561930461,73.16507837973911,67.11511072628213,Villahermosa,Tabasco,FALSE,FALSE,FALSE,4.0420748930224875,4.278846873044003,2,2
07089,07,Chiapas,Tuxtla Gutiérrez,07101,219.4094443663709,219.61438560780056,219.4094443663709,Tuxtla Gutiérrez,Chiapas,TRUE,FALSE,FALSE,0,5.395486927387772,0,0
07068,07,Chiapas,Tuxtla Gutiérrez,07101,86.84792028861642,87.88811588772596,58.273673983518286,Villahermosa,Tabasco,FALSE,FALSE,FALSE,28.574246305098136,4.475607140916534,2,2
07027,07,Chiapas,Tuxtla Gutiérrez,07101,21.1240987574601,22.74073846358328,21.1240987574601,Tuxtla Gutiérrez,Chiapas,TRUE,FALSE,TRUE,0,3.0966674559382388,1,2
07048,07,Chiapas,Tuxtla Gutiérrez,07101,105.4295912625386,106.55138840128492,42.62088733013561,Villahermosa,Tabasco,FALSE,FALSE,FALSE,62.808703932402985,4.6674836516109135,1,2
07046,07,Chiapas,Tuxtla Gutiérrez,07101,65.98783107228753,62.03874110269045,65.98783107228753,Tuxtla Gutiérrez,Chiapas,TRUE,FALSE,FALSE,0,4.204510977108252,1,2
07105,07,Chiapas,Tuxtla Gutiérrez,07101,216.41097473026838,217.0823023039183,216.41097473026838,Tuxtla Gutiérrez,Chiapas,TRUE,FALSE,FALSE,0,5.381789455152914,0,0
07100,07,Chiapas,Tuxtla Gutiérrez,07101,107.65934991064698,111.49919742875309,103.34897360235237,Villahermosa,Tabasco,FALSE,FALSE,FALSE,4.310376308294607,4.688217758321079,0,2
07045,07,Chiapas,Tuxtla Gutiérrez,07101,80.53889792267117,82.60585830125655,57.83206890694998,Villahermosa,Tabasco,FALSE,FALSE,FALSE,22.70682901572119,4.4010801815120715,2,2
07114,07,Chiapas,Tuxtla Gutiérrez,07101,276.6868175262053,280.0789441261193,276.6868175262053,Tuxtla Gutiérrez,Chiapas,TRUE,FALSE,FALSE,0,5.6264939229886926,0,0
07028,07,Chiapas,Tuxtla Gutiérrez,07101,45.90646828976434,48.579011616898796,45.90646828976434,Tuxtla Gutiérrez,Chiapas,TRUE,FALSE,TRUE,0,3.8481555825687157,1,2
07029,07,Chiapas,Tuxtla Gutiérrez,07101,27.143986575234816,28.6747336041357,27.143986575234816,Tuxtla Gutiérrez,Chiapas,TRUE,FALSE,TRUE,0,3.337333710992346,1,2
07091,07,Chiapas,Tuxtla Gutiérrez,07101,56.64479057111167,58.79977458370953,56.64479057111167,Tuxtla Gutiérrez,Chiapas,TRUE,FALSE,FALSE,0,4.054299879598461,2,2
07073,07,Chiapas,Tuxtla Gutiérrez,07101,49.924815769745344,52.21310671686187,49.924815769745344,Tuxtla Gutiérrez,Chiapas,TRUE,FALSE,TRUE,0,3.9303503444282764,2,2
07030,07,Chiapas,Tuxtla Gutiérrez,07101,130.25156782704954,131.3467767856844,130.25156782704954,Tuxtla Gutiérrez,Chiapas,TRUE,FALSE,FALSE,0,4.877115846749337,0,1
07044,07,Chiapas,Tuxtla Gutiérrez,07101,23.151428605018186,27.10023596738016,23.151428605018186,Tuxtla Gutiérrez,Chiapas,TRUE,FALSE,TRUE,0,3.1843435338362602,1,2
07008,07,Chiapas,Tuxtla Gutiérrez,07101,119.132875459304,119.31971808949878,119.132875459304,Tuxtla Gutiérrez,Chiapas,TRUE,FALSE,FALSE,0,4.788598425676768,0,1
07009,07,Chiapas,Tuxtla Gutiérrez,07101,105.27755875427347,101.40330316895576,105.27755875427347,Tuxtla Gutiérrez,Chiapas,TRUE,FALSE,FALSE,0,4.666054150683063,0,1
07031,07,Chiapas,Tuxtla Gutiérrez,07101,120.5894534550697,124.53964387013103,120.5894534550697,Tuxtla Gutiérrez,Chiapas,TRUE,FALSE,FALSE,0,4.800650234315658,0,2
07043,07,Chiapas,Tuxtla Gutiérrez,07101,74.19282283725576,75.70490144066315,65.3490904745624,Villahermosa,Tabasco,FALSE,FALSE,FALSE,8.843732362693359,4.320055785407074,2,2
07017,07,Chiapas,Tuxtla Gutiérrez,07101,81.78654084071647,78.03546489026411,81.78654084071647,Tuxtla Gutiérrez,Chiapas,TRUE,FALSE,FALSE,0,4.4162654979456,1,2
07119,07,Chiapas,Tuxtla Gutiérrez,07101,46.11249564634794,50.03230787812697,46.11249564634794,Tuxtla Gutiérrez,Chiapas,TRUE,FALSE,TRUE,0,3.852538266183548,1,2
07116,07,Chiapas,Tuxtla Gutiérrez,07101,258.5158771513496,261.8475240126989,258.5158771513496,Tuxtla Gutiérrez,Chiapas,TRUE,FALSE,FALSE,0,5.558817884361853,0,0
07060,07,Chiapas,Tuxtla Gutiérrez,07101,52.54442629377445,53.53930287804746,52.54442629377445,Tuxtla Gutiérrez,Chiapas,TRUE,FALSE,FALSE,0,3.9805117073267566,2,2
07058,07,Chiapas,Tuxtla Gutiérrez,07101,63.099095736885324,65.49538495997159,63.099095736885324,Tuxtla Gutiérrez,Chiapas,TRUE,FALSE,FALSE,0,4.160430256758247,1,2
07041,07,Chiapas,Tuxtla Gutiérrez,07101,152.49783218628485,155.3707323200036,152.49783218628485,Tuxtla Gutiérrez,Chiapas,TRUE,FALSE,FALSE,0,5.033686444362608,0,1
07040,07,Chiapas,Tuxtla Gutiérrez,07101,193.17067362266343,193.03277130775174,193.17067362266343,Tuxtla Gutiérrez,Chiapas,TRUE,FALSE,FALSE,0,5.268737533242057,0,1
07056,07,Chiapas,Tuxtla Gutiérrez,07101,59.355950297403915,63.27770646409144,59.355950297403915,Tuxtla Gutiérrez,Chiapas,TRUE,FALSE,FALSE,0,4.100259539160509,1,2
07039,07,Chiapas,Tuxtla Gutiérrez,07101,69.6805937525567,73.10228396298871,69.6805937525567,Tuxtla Gutiérrez,Chiapas,TRUE,FALSE,FALSE,0,4.258171047990018,2,2
07099,07,Chiapas,Tuxtla Gutiérrez,07101,151.98147411121505,154.4174594372605,151.98147411121505,Tuxtla Gutiérrez,Chiapas,TRUE,FALSE,FALSE,0,5.030316829820722,0,1
07097,07,Chiapas,Tuxtla Gutiérrez,07101,104.73135285141207,101.41146965285625,104.73135285141207,Tuxtla Gutiérrez,Chiapas,TRUE,FALSE,FALSE,0,4.660901470003653,0,1
07096,07,Chiapas,Tuxtla Gutiérrez,07101,95.63948469626004,99.2048388709296,82.16437547555805,Villahermosa,Tabasco,FALSE,FALSE,FALSE,13.475109220701995,4.570987401972992,2,2
07118,07,Chiapas,Tuxtla Gutiérrez,07101,54.786466616418295,58.11499190559101,54.786466616418295,Tuxtla Gutiérrez,Chiapas,TRUE,FALSE,FALSE,0,4.021531306215253,2,2
07122,07,Chiapas,Tuxtla Gutiérrez,07101,47.64099786786876,47.42576500860256,47.64099786786876,Tuxtla Gutiérrez,Chiapas,TRUE,FALSE,TRUE,0,3.8844667528230654,1,2
07038,07,Chiapas,Tuxtla Gutiérrez,07101,75.4502189256402,79.03654143192193,75.4502189256402,Tuxtla Gutiérrez,Chiapas,TRUE,FALSE,FALSE,0,4.336639796015709,1,2
07001,07,Chiapas,Tuxtla Gutiérrez,07101,155.10876898977094,154.9088658024212,155.10876898977094,Tuxtla Gutiérrez,Chiapas,TRUE,FALSE,FALSE,0,5.050553001406582,0,1
07036,07,Chiapas,Tuxtla Gutiérrez,07101,166.9935641566244,167.99885682292577,166.9935641566244,Tuxtla Gutiérrez,Chiapas,TRUE,FALSE,FALSE,0,5.123925670077945,0,1
07002,07,Chiapas,Tuxtla Gutiérrez,07101,37.93883738371636,40.25864345682723,37.93883738371636,Tuxtla Gutiérrez,Chiapas,TRUE,FALSE,TRUE,0,3.661992142891155,1,2
07003,07,Chiapas,Tuxtla Gutiérrez,07101,172.38881445670003,171.82708442204077,172.38881445670003,Tuxtla Gutiérrez,Chiapas,TRUE,FALSE,FALSE,0,5.155536555095638,0,1
07011,07,Chiapas,Tuxtla Gutiérrez,07101,155.79779024175266,156.91806268645374,155.79779024175266,Tuxtla Gutiérrez,Chiapas,TRUE,FALSE,FALSE,0,5.054957014971038,0,1
07012,07,Chiapas,Tuxtla Gutiérrez,07101,26.39075090225101,24.029005567751398,26.39075090225101,Tuxtla Gutiérrez,Chiapas,TRUE,FALSE,TRUE,0,3.3102053980963864,1,2
07072,07,Chiapas,Tuxtla Gutiérrez,07101,57.68130695938799,60.638550616231285,57.68130695938799,Tuxtla Gutiérrez,Chiapas,TRUE,FALSE,FALSE,0,4.072121225681623,2,2
07037,07,Chiapas,Tuxtla Gutiérrez,07101,206.7273872264015,206.77175320909294,206.7273872264015,Tuxtla Gutiérrez,Chiapas,TRUE,FALSE,FALSE,0,5.33622658172909,0,0
07023,07,Chiapas,Tuxtla Gutiérrez,07101,45.74534380278291,49.6279915140949,45.74534380278291,Tuxtla Gutiérrez,Chiapas,TRUE,FALSE,TRUE,0,3.8447146529730705,1,2
07010,07,Chiapas,Tuxtla Gutiérrez,07101,172.51157248466896,173.59820495373725,172.51157248466896,Tuxtla Gutiérrez,Chiapas,TRUE,FALSE,FALSE,0,5.156244297362376,0,1
07004,07,Chiapas,Tuxtla Gutiérrez,07101,132.88441970955867,136.482275730038,132.88441970955867,Tuxtla Gutiérrez,Chiapas,TRUE,FALSE,FALSE,0,4.896976888268787,0,2
07005,07,Chiapas,Tuxtla Gutiérrez,07101,74.90387642629177,77.55590788455706,67.20864070769677,Villahermosa,Tabasco,FALSE,FALSE,FALSE,7.695235718595001,4.329467755907581,2,2
07035,07,Chiapas,Tuxtla Gutiérrez,07101,242.06697484690798,242.28961029718616,242.06697484690798,Tuxtla Gutiérrez,Chiapas,TRUE,FALSE,FALSE,0,5.493337022019198,0,0
07032,07,Chiapas,Tuxtla Gutiérrez,07101,164.73936738645045,164.80136750960003,164.73936738645045,Tuxtla Gutiérrez,Chiapas,TRUE,FALSE,FALSE,0,5.1104164785103325,0,1
07013,07,Chiapas,Tuxtla Gutiérrez,07101,32.81823784750336,35.88161714343792,32.81823784750336,Tuxtla Gutiérrez,Chiapas,TRUE,FALSE,TRUE,0,3.521000238254417,1,2
07014,07,Chiapas,Tuxtla Gutiérrez,07101,49.53626752400379,53.30450134315716,49.53626752400379,Tuxtla Gutiérrez,Chiapas,TRUE,FALSE,TRUE,0,3.922691247313664,1,2
07069,07,Chiapas,Tuxtla Gutiérrez,07101,120.45914632054922,118.8234165083114,120.45914632054922,Tuxtla Gutiérrez,Chiapas,TRUE,FALSE,FALSE,0,4.799577961962506,0,1
07094,07,Chiapas,Tuxtla Gutiérrez,07101,66.86650548279226,69.98144942720215,66.86650548279226,Tuxtla Gutiérrez,Chiapas,TRUE,FALSE,FALSE,0,4.217542620997465,1,2
07092,07,Chiapas,Tuxtla Gutiérrez,07101,56.17617474064489,55.42128092579003,56.17617474064489,Tuxtla Gutiérrez,Chiapas,TRUE,FALSE,FALSE,0,4.046137286101704,1,2
07015,07,Chiapas,Tuxtla Gutiérrez,07101,210.58256721659498,211.1751109023419,210.58256721659498,Tuxtla Gutiérrez,Chiapas,TRUE,FALSE,FALSE,0,5.354615311035424,0,0
07016,07,Chiapas,Tuxtla Gutiérrez,07101,163.64549044551904,167.2740040707851,101.22251449112632,Villahermosa,Tabasco,FALSE,FALSE,FALSE,62.422975954392726,5.10379461971677,0,2
07047,07,Chiapas,Tuxtla Gutiérrez,07101,44.67356255103227,47.91296056561504,44.67356255103227,Tuxtla Gutiérrez,Chiapas,TRUE,FALSE,TRUE,0,3.821519630527073,2,2
07006,07,Chiapas,Tuxtla Gutiérrez,07101,170.91093403718406,172.21490193871276,170.91093403718406,Tuxtla Gutiérrez,Chiapas,TRUE,FALSE,FALSE,0,5.146976517330388,0,1
07078,07,Chiapas,Tuxtla Gutiérrez,07101,55.36769202477815,58.85209888099034,55.36769202477815,Tuxtla Gutiérrez,Chiapas,TRUE,FALSE,FALSE,0,4.031896157930432,1,2
07033,07,Chiapas,Tuxtla Gutiérrez,07101,62.75327028609991,63.129180341307425,62.75327028609991,Tuxtla Gutiérrez,Chiapas,TRUE,FALSE,FALSE,0,4.155020481328296,2,2
07117,07,Chiapas,Tuxtla Gutiérrez,07101,128.695769529715,128.8083575435714,128.695769529715,Tuxtla Gutiérrez,Chiapas,TRUE,FALSE,FALSE,0,4.865191473440518,0,1
07115,07,Chiapas,Tuxtla Gutiérrez,07101,207.61263528121393,210.76077321822783,207.61263528121393,Tuxtla Gutiérrez,Chiapas,TRUE,FALSE,FALSE,0,5.340479112550174,0,0
07071,07,Chiapas,Tuxtla Gutiérrez,07101,183.6116667086279,183.36495658391416,183.6116667086279,Tuxtla Gutiérrez,Chiapas,TRUE,FALSE,FALSE,0,5.218254520010116,0,1
07066,07,Chiapas,Tuxtla Gutiérrez,07101,76.24193969651219,80.1721346254608,76.24193969651219,Tuxtla Gutiérrez,Chiapas,TRUE,FALSE,FALSE,0,4.346942569835782,1,2
07113,07,Chiapas,Tuxtla Gutiérrez,07101,47.94281106325133,51.89024817033751,47.94281106325133,Tuxtla Gutiérrez,Chiapas,TRUE,FALSE,TRUE,0,3.8906524953361874,1,2
07098,07,Chiapas,Tuxtla Gutiérrez,07101,54.09292785749671,56.72981142103029,54.09292785749671,Tuxtla Gutiérrez,Chiapas,TRUE,FALSE,FALSE,0,4.009021356877552,1,2
07093,07,Chiapas,Tuxtla Gutiérrez,07101,67.85443049345973,71.71157252975352,67.85443049345973,Tuxtla Gutiérrez,Chiapas,TRUE,FALSE,FALSE,0,4.231994573045613,1,2
07064,07,Chiapas,Tuxtla Gutiérrez,07101,88.35478394031857,92.1128924094275,88.35478394031857,Tuxtla Gutiérrez,Chiapas,TRUE,FALSE,FALSE,0,4.492614781753767,1,2
07059,07,Chiapas,Tuxtla Gutiérrez,07101,188.66231007048646,192.33097892132756,188.66231007048646,Tuxtla Gutiérrez,Chiapas,TRUE,FALSE,FALSE,0,5.245245175443023,0,1
07061,07,Chiapas,Tuxtla Gutiérrez,07101,42.21293214800424,38.92327367020061,42.21293214800424,Tuxtla Gutiérrez,Chiapas,TRUE,FALSE,TRUE,0,3.7661398057300897,1,2
07088,07,Chiapas,Tuxtla Gutiérrez,07101,83.21560143693485,83.97681301538779,65.06824577756416,Villahermosa,Tabasco,FALSE,FALSE,FALSE,18.14735565937069,4.433380194309047,2,2
07087,07,Chiapas,Tuxtla Gutiérrez,07101,252.84373953855047,252.96691232742478,252.84373953855047,Tuxtla Gutiérrez,Chiapas,TRUE,FALSE,FALSE,0,5.536718879039065,0,0
07085,07,Chiapas,Tuxtla Gutiérrez,07101,22.790333709328227,26.062655516711665,22.790333709328227,Tuxtla Gutiérrez,Chiapas,TRUE,FALSE,TRUE,0,3.1692793515106517,1,2
07124,07,Chiapas,Tuxtla Gutiérrez,07101,76.28130839877137,74.57891778253693,76.28130839877137,Tuxtla Gutiérrez,Chiapas,TRUE,FALSE,FALSE,0,4.347452120386865,1,2
07067,07,Chiapas,Tuxtla Gutiérrez,07101,48.777549805957776,50.662870299912676,48.777549805957776,Tuxtla Gutiérrez,Chiapas,TRUE,FALSE,TRUE,0,3.907564075277252,2,2
07125,07,Chiapas,Tuxtla Gutiérrez,07101,148.12181532457745,148.64861220626088,148.12181532457745,Tuxtla Gutiérrez,Chiapas,TRUE,FALSE,FALSE,0,5.004763524445382,0,1
07055,07,Chiapas,Tuxtla Gutiérrez,07101,235.27651511810276,235.57069034163794,235.27651511810276,Tuxtla Gutiérrez,Chiapas,TRUE,FALSE,FALSE,0,5.465002793380305,0,0
07123,07,Chiapas,Tuxtla Gutiérrez,07101,36.73881770419056,38.22947629862572,36.73881770419056,Tuxtla Gutiérrez,Chiapas,TRUE,FALSE,TRUE,0,3.630689212056754,1,2
07034,07,Chiapas,Tuxtla Gutiérrez,07101,154.46698249402996,156.13124977031958,154.46698249402996,Tuxtla Gutiérrez,Chiapas,TRUE,FALSE,FALSE,0,5.046433377845719,0,1
08067,08,Chihuahua,Chihuahua,08019,129.89638934321385,172.37059658833059,129.89638934321385,Chihuahua,Chihuahua,TRUE,FALSE,FALSE,0,4.874406089213914,0,1
08043,08,Chihuahua,Chihuahua,08019,160.6071523561378,146.3791562897614,160.6071523561378,Chihuahua,Chihuahua,TRUE,FALSE,FALSE,0,5.085168404737132,0,1
08058,08,Chihuahua,Chihuahua,08019,136.42504839529252,178.34364647243584,136.42504839529252,Chihuahua,Chihuahua,TRUE,FALSE,FALSE,0,4.923078665904512,0,1
08056,08,Chihuahua,Chihuahua,08019,152.67313322947908,191.57823293501144,152.67313322947908,Chihuahua,Chihuahua,TRUE,FALSE,FALSE,0,5.034827835196786,0,1
08054,08,Chihuahua,Chihuahua,08019,54.84221138474268,43.2126249449496,54.84221138474268,Chihuahua,Chihuahua,TRUE,FALSE,FALSE,0,4.0225300598322695,1,1
08018,08,Chihuahua,Chihuahua,08019,91.84054755384518,108.73752447632786,91.84054755384518,Chihuahua,Chihuahua,TRUE,FALSE,FALSE,0,4.530883479211391,1,1
08007,08,Chihuahua,Chihuahua,08019,212.7325662916039,250.2221339577141,212.7325662916039,Chihuahua,Chihuahua,TRUE,FALSE,FALSE,0,5.364725543281702,0,0
08001,08,Chihuahua,Chihuahua,08019,203.03848068588815,161.34779550398946,203.03848068588815,Chihuahua,Chihuahua,TRUE,FALSE,FALSE,0,5.318308606868839,0,0
08041,08,Chihuahua,Chihuahua,08019,204.63395152952089,213.48977327784857,204.63395152952089,Chihuahua,Chihuahua,TRUE,FALSE,FALSE,0,5.3260976538463565,0,0
08057,08,Chihuahua,Chihuahua,08019,103.73434184973793,132.06035917097236,103.73434184973793,Chihuahua,Chihuahua,TRUE,FALSE,FALSE,0,4.65142706648074,0,1
08053,08,Chihuahua,Chihuahua,08019,289.2081762086691,250.175196648574,289.2081762086691,Chihuahua,Chihuahua,TRUE,FALSE,FALSE,0,5.670598514445579,0,0
08051,08,Chihuahua,Chihuahua,08019,213.68402129150937,214.20962937127803,213.68402129150937,Chihuahua,Chihuahua,TRUE,FALSE,FALSE,0,5.369167278694166,0,0
08050,08,Chihuahua,Chihuahua,08019,263.60245600438316,223.3046389596367,263.60245600438316,Chihuahua,Chihuahua,TRUE,FALSE,FALSE,0,5.57822853358934,0,0
08031,08,Chihuahua,Chihuahua,08019,146.2275317097003,146.204052128062,146.2275317097003,Chihuahua,Chihuahua,TRUE,FALSE,FALSE,0,4.991979224877044,0,1
08055,08,Chihuahua,Chihuahua,08019,58.14850479462028,99.89827446610074,58.14850479462028,Chihuahua,Chihuahua,TRUE,FALSE,FALSE,0,4.080051311907438,1,1
08025,08,Chihuahua,Chihuahua,08019,178.30364140696094,151.02895966600826,178.30364140696094,Chihuahua,Chihuahua,TRUE,FALSE,FALSE,0,5.189080689423049,0,1
08023,08,Chihuahua,Chihuahua,08019,226.65488724636862,187.88170633474445,226.65488724636862,Chihuahua,Chihuahua,TRUE,FALSE,FALSE,0,5.427830829797084,0,0
08022,08,Chihuahua,Chihuahua,08019,79.12199997095675,112.84909473369768,79.12199997095675,Chihuahua,Chihuahua,TRUE,FALSE,FALSE,0,4.383550472679736,1,1
08014,08,Chihuahua,Chihuahua,08019,242.85961533159835,285.3861526243764,242.85961533159835,Chihuahua,Chihuahua,TRUE,FALSE,FALSE,0,5.496592712715958,0,0
08003,08,Chihuahua,Chihuahua,08019,186.8685680548876,229.41111160960062,186.8685680548876,Chihuahua,Chihuahua,TRUE,FALSE,FALSE,0,5.235742612250307,0,1
08021,08,Chihuahua,Chihuahua,08019,81.61645870445435,121.27902980173761,81.61645870445435,Chihuahua,Chihuahua,TRUE,FALSE,FALSE,0,4.4142089186008855,1,1
08020,08,Chihuahua,Chihuahua,08019,271.50365706153906,281.48891392038644,271.50365706153906,Chihuahua,Chihuahua,TRUE,FALSE,FALSE,0,5.607652034422563,0,0
08017,08,Chihuahua,Chihuahua,08019,84.46598557177559,76.26801861206545,84.46598557177559,Chihuahua,Chihuahua,TRUE,FALSE,FALSE,0,4.448118467217661,1,1
08016,08,Chihuahua,Chihuahua,08019,130.81181074879086,168.37941779956805,130.81181074879086,Chihuahua,Chihuahua,TRUE,FALSE,FALSE,0,4.881375229197657,0,1
08015,08,Chihuahua,Chihuahua,08019,150.92171139639078,130.1136129816904,150.92171139639078,Chihuahua,Chihuahua,TRUE,FALSE,FALSE,0,5.023365331556369,0,1
08052,08,Chihuahua,Chihuahua,08019,172.33628611727823,170.80752123897165,172.33628611727823,Chihuahua,Chihuahua,TRUE,FALSE,FALSE,0,5.155233558054254,0,1
08013,08,Chihuahua,Chihuahua,08019,268.09822729741006,232.29267486782268,268.09822729741006,Chihuahua,Chihuahua,TRUE,FALSE,FALSE,0,5.595076470187602,0,0
08012,08,Chihuahua,Chihuahua,08019,132.0519544180579,154.69992923832694,132.0519544180579,Chihuahua,Chihuahua,TRUE,FALSE,FALSE,0,4.890739686666114,0,1
08011,08,Chihuahua,Chihuahua,08019,175.96835541611492,206.48251218308587,175.96835541611492,Chihuahua,Chihuahua,TRUE,FALSE,FALSE,0,5.175970933630448,0,1
08010,08,Chihuahua,Chihuahua,08019,186.80789420490925,145.5651009686771,186.80789420490925,Chihuahua,Chihuahua,TRUE,FALSE,FALSE,0,5.23541960106062,0,1
08009,08,Chihuahua,Chihuahua,08019,172.41581113657094,186.5199996075819,172.41581113657094,Chihuahua,Chihuahua,TRUE,FALSE,FALSE,0,5.155692243214729,0,1
08008,08,Chihuahua,Chihuahua,08019,244.44693232691947,268.62556151835963,237.47541553825485,Culiacán Rosales,Sinaloa,FALSE,FALSE,FALSE,6.971516788664616,5.503080762267146,0,0
08006,08,Chihuahua,Chihuahua,08019,119.9148235231261,104.42435925086191,119.9148235231261,Chihuahua,Chihuahua,TRUE,FALSE,FALSE,0,4.795086359890771,0,1
08004,08,Chihuahua,Chihuahua,08019,26.540181824210567,60.96815102017795,26.540181824210567,Chihuahua,Chihuahua,TRUE,FALSE,TRUE,0,3.3156460954650098,1,1
08005,08,Chihuahua,Chihuahua,08019,329.6879879583107,287.211922723749,329.6879879583107,Chihuahua,Chihuahua,TRUE,FALSE,FALSE,0,5.801175296250669,0,0
08032,08,Chihuahua,Chihuahua,08019,170.83152670884868,213.34620006592618,170.83152670884868,Chihuahua,Chihuahua,TRUE,FALSE,FALSE,0,5.146514500915101,0,1
08042,08,Chihuahua,Chihuahua,08019,223.21484331362277,234.58571076663944,223.21484331362277,Chihuahua,Chihuahua,TRUE,FALSE,FALSE,0,5.412604714127304,0,0
08040,08,Chihuahua,Chihuahua,08019,231.17384798584737,207.09812537870366,231.17384798584737,Chihuahua,Chihuahua,TRUE,FALSE,FALSE,0,5.447486435814282,0,0
08039,08,Chihuahua,Chihuahua,08019,216.59636888005957,258.7004107739769,216.59636888005957,Chihuahua,Chihuahua,TRUE,FALSE,FALSE,0,5.382641827710477,0,0
08038,08,Chihuahua,Chihuahua,08019,101.55065396784084,125.56068525677911,101.55065396784084,Chihuahua,Chihuahua,TRUE,FALSE,FALSE,0,4.630356861561351,0,1
08035,08,Chihuahua,Chihuahua,08019,335.3659320378762,296.6734954496634,312.1719143879249,Hermosillo,Sonora,FALSE,FALSE,FALSE,23.194017649951263,5.818199650788125,0,0
08034,08,Chihuahua,Chihuahua,08019,199.373388907961,165.44070010437423,199.373388907961,Chihuahua,Chihuahua,TRUE,FALSE,FALSE,0,5.300182570512919,0,1
08033,08,Chihuahua,Chihuahua,08019,173.1165998984578,214.0665250233205,173.1165998984578,Chihuahua,Chihuahua,TRUE,FALSE,FALSE,0,5.15972518914711,0,1
08063,08,Chihuahua,Chihuahua,08019,195.01988740723303,183.32902452753123,195.01988740723303,Chihuahua,Chihuahua,TRUE,FALSE,FALSE,0,5.278216120446587,0,1
08061,08,Chihuahua,Chihuahua,08019,95.29809521011474,135.1531835703948,95.29809521011474,Chihuahua,Chihuahua,TRUE,FALSE,FALSE,0,4.567448538858871,1,1
08062,08,Chihuahua,Chihuahua,08019,101.21247044366399,140.55393611711492,101.21247044366399,Chihuahua,Chihuahua,TRUE,FALSE,FALSE,0,4.627053690322482,0,1
08030,08,Chihuahua,Chihuahua,08019,254.7813209121427,267.7887192307641,254.7813209121427,Chihuahua,Chihuahua,TRUE,FALSE,FALSE,0,5.5443228642429245,0,0
08028,08,Chihuahua,Chihuahua,08019,246.99884474623468,210.71101538091258,246.99884474623468,Chihuahua,Chihuahua,TRUE,FALSE,FALSE,0,5.513424087872821,0,0
08027,08,Chihuahua,Chihuahua,08019,199.72893108164988,227.47578435654842,199.72893108164988,Chihuahua,Chihuahua,TRUE,FALSE,FALSE,0,5.301955396293722,0,1
08026,08,Chihuahua,Chihuahua,08019,59.888079009167924,84.23755002705164,59.888079009167924,Chihuahua,Chihuahua,TRUE,FALSE,FALSE,0,4.109037408579016,1,1
08019,08,Chihuahua,Chihuahua,08019,42.698757489293996,0,42.698757489293996,Chihuahua,Chihuahua,TRUE,TRUE,TRUE,0,3.7773196689580586,1,1
08064,08,Chihuahua,Chihuahua,08019,176.95022786073272,216.21162584799637,176.95022786073272,Chihuahua,Chihuahua,TRUE,FALSE,FALSE,0,5.181503892431542,0,1
08024,08,Chihuahua,Chihuahua,08019,43.12487731798938,76.01089183004437,43.12487731798938,Chihuahua,Chihuahua,TRUE,FALSE,TRUE,0,3.787023734920743,1,1
08037,08,Chihuahua,Chihuahua,08019,315.71412700071284,273.88593072932326,315.71412700071284,Chihuahua,Chihuahua,TRUE,FALSE,FALSE,0,5.757999559435473,0,0
08059,08,Chihuahua,Chihuahua,08019,193.9363701549784,235.46679801153857,193.9363701549784,Chihuahua,Chihuahua,TRUE,FALSE,FALSE,0,5.27267319841652,0,1
08066,08,Chihuahua,Chihuahua,08019,251.67642505769936,255.52228617536508,251.67642505769936,Chihuahua,Chihuahua,TRUE,FALSE,FALSE,0,5.5321097178288605,0,0
08065,08,Chihuahua,Chihuahua,08019,242.07639468777657,260.20400753281626,242.07639468777657,Chihuahua,Chihuahua,TRUE,FALSE,FALSE,0,5.493375775364241,0,0
08060,08,Chihuahua,Chihuahua,08019,204.6266895699077,246.7305708392694,204.6266895699077,Chihuahua,Chihuahua,TRUE,FALSE,FALSE,0,5.32606233823923,0,0
08044,08,Chihuahua,Chihuahua,08019,218.3101837058969,260.9156122404021,218.3101837058969,Chihuahua,Chihuahua,TRUE,FALSE,FALSE,0,5.390487091673054,0,0
08045,08,Chihuahua,Chihuahua,08019,65.42467971608306,101.16261859645363,65.42467971608306,Chihuahua,Chihuahua,TRUE,FALSE,FALSE,0,4.1960686698967,1,1
08046,08,Chihuahua,Chihuahua,08019,279.3467163069589,306.03722639880334,197.1719037357954,Culiacán Rosales,Sinaloa,FALSE,FALSE,FALSE,82.1748125711635,5.636027109666982,0,1
08047,08,Chihuahua,Chihuahua,08019,264.4866528704435,262.03224115991327,239.39921329710052,Hermosillo,Sonora,FALSE,FALSE,FALSE,25.087439573342976,5.581564567743918,0,0
08048,08,Chihuahua,Chihuahua,08019,125.78455179941835,94.16610828102125,125.78455179941835,Chihuahua,Chihuahua,TRUE,FALSE,FALSE,0,4.842489203346227,0,1
08029,08,Chihuahua,Chihuahua,08019,288.02084899288513,322.70067805114445,154.09063560392613,Culiacán Rosales,Sinaloa,FALSE,FALSE,FALSE,133.930213388959,5.666498827354228,0,1
08036,08,Chihuahua,Chihuahua,08019,239.39933332780754,278.55266643302076,239.39933332780754,Chihuahua,Chihuahua,TRUE,FALSE,FALSE,0,5.48230142947837,0,0
08049,08,Chihuahua,Chihuahua,08019,146.0788152683432,179.79332877245835,146.0788152683432,Chihuahua,Chihuahua,TRUE,FALSE,FALSE,0,4.990968601385285,0,1
08002,08,Chihuahua,Chihuahua,08019,68.83768847836406,63.25786892440738,68.83768847836406,Chihuahua,Chihuahua,TRUE,FALSE,FALSE,0,4.246173813594785,1,1
09012,09,Ciudad de México,Ciudad de México,09015,26.90455998149803,26.247589987524357,26.90455998149803,Ciudad de México,Ciudad de México,TRUE,FALSE,TRUE,0,3.328790115669488,3,8
09009,09,Ciudad de México,Ciudad de México,09015,33.330658331763914,33.59700260843419,30.03760543494287,Cuernavaca,Morelos,FALSE,FALSE,TRUE,3.2930528968210453,3.536038783859106,5,7
09015,09,Ciudad de México,Ciudad de México,09015,1.714627217349162,0,1.714627217349162,Ciudad de México,Ciudad de México,TRUE,TRUE,TRUE,0,0.9986546391149548,5,7
09007,09,Ciudad de México,Ciudad de México,09015,12.211942643033549,13.228379425957044,12.211942643033549,Ciudad de México,Ciudad de México,TRUE,FALSE,TRUE,0,2.581121166241005,6,7
09008,09,Ciudad de México,Ciudad de México,09015,22.8738966885184,21.675614980880166,22.8738966885184,Ciudad de México,Ciudad de México,TRUE,FALSE,TRUE,0,3.1727856732997575,3,8
09010,09,Ciudad de México,Ciudad de México,09015,15.96979422964305,14.572235841618532,15.96979422964305,Ciudad de México,Ciudad de México,TRUE,FALSE,TRUE,0,2.83143495363597,4,8
09003,09,Ciudad de México,Ciudad de México,09015,11.741508142646857,11.359674196317563,11.741508142646857,Ciudad de México,Ciudad de México,TRUE,FALSE,TRUE,0,2.54486502168154,5,8
09016,09,Ciudad de México,Ciudad de México,09015,7.6636573193249955,5.951589389228737,7.6636573193249955,Ciudad de México,Ciudad de México,TRUE,FALSE,TRUE,0,2.159136956668671,4,7
09004,09,Ciudad de México,Ciudad de México,09015,22.142499111805023,20.597602219860054,22.142499111805023,Ciudad de México,Ciudad de México,TRUE,FALSE,TRUE,0,3.141670715579841,3,8
09006,09,Ciudad de México,Ciudad de México,09015,5.717855628218488,6.89322850253759,5.717855628218488,Ciudad de México,Ciudad de México,TRUE,FALSE,TRUE,0,1.904769000667203,5,7
09011,09,Ciudad de México,Ciudad de México,09015,21.960360507597365,22.884836668485796,21.960360507597365,Ciudad de México,Ciudad de México,TRUE,FALSE,TRUE,0,3.1337692728785056,6,7
09013,09,Ciudad de México,Ciudad de México,09015,21.125406225559633,21.32563095425445,21.125406225559633,Ciudad de México,Ciudad de México,TRUE,FALSE,TRUE,0,3.096726551202713,5,7
09005,09,Ciudad de México,Ciudad de México,09015,8.025174883182428,8.77355240901641,8.025174883182428,Ciudad de México,Ciudad de México,TRUE,FALSE,TRUE,0,2.200017881669143,5,7
09002,09,Ciudad de México,Ciudad de México,09015,7.696209386914967,6.907700940773045,7.696209386914967,Ciudad de México,Ciudad de México,TRUE,FALSE,TRUE,0,2.162887228061105,4,7
09017,09,Ciudad de México,Ciudad de México,09015,4.317474739848516,6.007622151214298,4.317474739848516,Ciudad de México,Ciudad de México,TRUE,FALSE,TRUE,0,1.670998517699875,5,7
09014,09,Ciudad de México,Ciudad de México,09015,6.4325308568139885,5.634603430284842,6.4325308568139885,Ciudad de México,Ciudad de México,TRUE,FALSE,TRUE,0,2.00586642748782,5,7
10006,10,Durango,Victoria de Durango,10005,166.40622749096477,186.37167230035905,166.40622749096477,Victoria de Durango,Durango,TRUE,FALSE,FALSE,0,5.120423358623669,0,1
10008,10,Durango,Victoria de Durango,10005,72.35181322851145,91.89182866224817,72.35181322851145,Victoria de Durango,Durango,TRUE,FALSE,FALSE,0,4.295267224508556,1,1
10009,10,Durango,Victoria de Durango,10005,259.2778663468617,254.80485291789253,186.49765273331494,Culiacán Rosales,Sinaloa,FALSE,FALSE,FALSE,72.78021361354675,5.561749777063069,0,1
10010,10,Durango,Victoria de Durango,10005,227.91760798522301,233.6323820744142,227.91760798522301,Victoria de Durango,Durango,TRUE,FALSE,FALSE,0,5.433362148356583,0,0
10029,10,Durango,Victoria de Durango,10005,152.55586294790032,163.98438233027608,152.55586294790032,Victoria de Durango,Durango,TRUE,FALSE,FALSE,0,5.03406442882087,0,1
10031,10,Durango,Victoria de Durango,10005,135.45310511009563,155.7146020469357,135.45310511009563,Victoria de Durango,Durango,TRUE,FALSE,FALSE,0,4.915981003290409,0,1
10011,10,Durango,Victoria de Durango,10005,190.28360960595495,194.04019665285045,190.28360960595495,Victoria de Durango,Durango,TRUE,FALSE,FALSE,0,5.253757193768521,0,1
10038,10,Durango,Victoria de Durango,10005,78.12292777311244,94.12900594308067,78.12292777311244,Victoria de Durango,Durango,TRUE,FALSE,FALSE,0,4.371002690840036,1,2
10030,10,Durango,Victoria de Durango,10005,177.54402814453658,187.42390417315966,177.54402814453658,Victoria de Durango,Durango,TRUE,FALSE,FALSE,0,5.184835227076951,0,1
10023,10,Durango,Victoria de Durango,10005,95.38202898842029,77.84643182386809,95.38202898842029,Victoria de Durango,Durango,TRUE,FALSE,FALSE,0,4.568319762955945,1,1
10025,10,Durango,Victoria de Durango,10005,258.7197357781996,257.7165195788147,229.4371019540093,Culiacán Rosales,Sinaloa,FALSE,FALSE,FALSE,29.2826338241903,5.559603110306485,0,0
10032,10,Durango,Victoria de Durango,10005,148.5309892446506,140.62400940209062,148.5309892446506,Victoria de Durango,Durango,TRUE,FALSE,FALSE,0,5.007503657267379,0,2
10027,10,Durango,Victoria de Durango,10005,206.87288740633085,227.18613331453474,192.23392773973876,Saltillo,Coahuila,FALSE,FALSE,FALSE,14.638959666592086,5.336926774653661,0,1
10007,10,Durango,Victoria de Durango,10005,220.8597172016293,236.7255827960145,220.8597172016293,Victoria de Durango,Durango,TRUE,FALSE,FALSE,0,5.402045277639321,0,0
10015,10,Durango,Victoria de Durango,10005,146.27818318940953,160.40412661877045,146.27818318940953,Victoria de Durango,Durango,TRUE,FALSE,FALSE,0,4.992323201089703,0,1
10035,10,Durango,Victoria de Durango,10005,211.30566379099878,203.94550541866158,151.25217078962967,Culiacán Rosales,Sinaloa,FALSE,FALSE,FALSE,60.053493001369105,5.358027046596399,0,1
10022,10,Durango,Victoria de Durango,10005,63.97088559254685,83.32956829544541,63.97088559254685,Victoria de Durango,Durango,TRUE,FALSE,FALSE,0,4.173939255591397,1,2
10028,10,Durango,Victoria de Durango,10005,87.83199343446117,99.58426855358378,87.83199343446117,Victoria de Durango,Durango,TRUE,FALSE,FALSE,0,4.486746871534668,1,1
10017,10,Durango,Victoria de Durango,10005,289.367518938042,289.17374027213714,241.31518252507774,Chihuahua,Chihuahua,FALSE,FALSE,FALSE,48.05233641296425,5.671147427308124,0,0
10001,10,Durango,Victoria de Durango,10005,60.45467564932249,60.29267693590668,60.45467564932249,Victoria de Durango,Durango,TRUE,FALSE,FALSE,0,4.118299921796414,1,1
10005,10,Durango,Victoria de Durango,10005,20.320919943322707,0,20.320919943322707,Victoria de Durango,Durango,TRUE,TRUE,TRUE,0,3.059688747678311,1,1
10037,10,Durango,Victoria de Durango,10005,237.3865260203363,225.79326214755648,94.69166325658624,Culiacán Rosales,Sinaloa,FALSE,FALSE,FALSE,142.69486276375005,5.473893415222899,1,1
10033,10,Durango,Victoria de Durango,10005,82.7638665132862,91.78203482584892,82.7638665132862,Victoria de Durango,Durango,TRUE,FALSE,FALSE,0,4.42800172730782,1,2
10036,10,Durango,Victoria de Durango,10005,275.4584705018635,288.8803332229315,275.4584705018635,Victoria de Durango,Durango,TRUE,FALSE,FALSE,0,5.622060612581724,0,0
10012,10,Durango,Victoria de Durango,10005,187.05639300953112,202.86983303471047,187.05639300953112,Victoria de Durango,Durango,TRUE,FALSE,FALSE,0,5.236741880666753,0,1
10014,10,Durango,Victoria de Durango,10005,113.47656832881461,110.7858713731782,113.47656832881461,Victoria de Durango,Durango,TRUE,FALSE,FALSE,0,4.740370158635507,0,2
10026,10,Durango,Victoria de Durango,10005,112.39609765338044,95.27071771057543,112.39609765338044,Victoria de Durango,Durango,TRUE,FALSE,FALSE,0,4.730886978473852,0,2
10019,10,Durango,Victoria de Durango,10005,149.26861469698204,136.53408624537076,147.1495484225387,Culiacán Rosales,Sinaloa,FALSE,FALSE,FALSE,2.1190662744433553,5.012424457235457,0,2
10034,10,Durango,Victoria de Durango,10005,230.8222849866745,216.77428396286774,70.32558748694437,Culiacán Rosales,Sinaloa,FALSE,FALSE,FALSE,160.49669749973015,5.445971065139976,1,1
10013,10,Durango,Victoria de Durango,10005,239.16027238963903,250.10585889718368,239.16027238963903,Victoria de Durango,Durango,TRUE,FALSE,FALSE,0,5.4813065020852045,0,0
10016,10,Durango,Victoria de Durango,10005,50.524064582445696,66.33646970841261,50.524064582445696,Victoria de Durango,Durango,TRUE,FALSE,FALSE,0,3.9420489719769987,1,1
10018,10,Durango,Victoria de Durango,10005,176.82314290512443,177.80066749295537,176.82314290512443,Victoria de Durango,Durango,TRUE,FALSE,FALSE,0,5.1807894771803955,0,1
10020,10,Durango,Victoria de Durango,10005,59.65341421258271,76.05505007395882,59.65341421258271,Victoria de Durango,Durango,TRUE,FALSE,FALSE,0,4.105175927500315,1,1
10002,10,Durango,Victoria de Durango,10005,214.68651625803858,202.45686857335312,99.10747233180119,Culiacán Rosales,Sinaloa,FALSE,FALSE,FALSE,115.57904392623739,5.373826039888278,1,1
10039,10,Durango,Victoria de Durango,10005,98.24186739384803,98.48954670156284,98.24186739384803,Victoria de Durango,Durango,TRUE,FALSE,FALSE,0,4.597559975593843,1,1
10021,10,Durango,Victoria de Durango,10005,101.48314801030627,118.24785837234172,101.48314801030627,Victoria de Durango,Durango,TRUE,FALSE,FALSE,0,4.629698375406165,0,1
10003,10,Durango,Victoria de Durango,10005,111.67192736460449,117.3427287284837,111.67192736460449,Victoria de Durango,Durango,TRUE,FALSE,FALSE,0,4.724480298310091,0,1
10024,10,Durango,Victoria de Durango,10005,128.92009375230623,137.8560233692651,128.92009375230623,Victoria de Durango,Durango,TRUE,FALSE,FALSE,0,4.866919598028765,0,1
10004,10,Durango,Victoria de Durango,10005,121.0194835430208,140.33195399784532,121.0194835430208,Victoria de Durango,Durango,TRUE,FALSE,FALSE,0,4.804180733154683,0,1
11019,11,Guanajuato,Guanajuato,11015,119.49959909509528,118.07848723362545,44.96728578057658,Santiago de Querétaro,Querétaro,FALSE,FALSE,FALSE,74.53231331451869,4.791646425913518,2,7
11020,11,Guanajuato,Guanajuato,11015,39.50691744828806,41.53724800479687,39.50691744828806,Guanajuato,Guanajuato,TRUE,FALSE,TRUE,0,3.7014727607199283,1,6
11021,11,Guanajuato,Guanajuato,11015,103.08398765705324,102.99790061438311,42.759140921388756,Morelia,Michoacán,FALSE,FALSE,FALSE,60.32484673566449,4.645198146854758,1,4
11023,11,Guanajuato,Guanajuato,11015,89.36709764395096,90.68322203112477,89.36709764395096,Guanajuato,Guanajuato,TRUE,FALSE,FALSE,0,4.503880237031529,1,5
11038,11,Guanajuato,Guanajuato,11015,135.16521317063837,133.92975970079524,66.13606479009422,Santiago de Querétaro,Querétaro,FALSE,FALSE,FALSE,69.02914838054414,4.913868951185539,2,7
11039,11,Guanajuato,Guanajuato,11015,95.95275548064174,94.72667909501791,48.65693244847473,Santiago de Querétaro,Querétaro,FALSE,FALSE,FALSE,47.295823032167014,4.574223802952042,3,5
11040,11,Guanajuato,Guanajuato,11015,113.95457094515474,111.8592036728998,54.592401335849125,Santiago de Querétaro,Querétaro,FALSE,FALSE,FALSE,59.36216960930562,4.744537015056743,1,6
11041,11,Guanajuato,Guanajuato,11015,99.81555726724677,99.52604985517377,46.27590335850035,Morelia,Michoacán,FALSE,FALSE,FALSE,53.53965390874642,4.613292681697107,3,4
11002,11,Guanajuato,Guanajuato,11015,118.85586048169432,117.86758809424722,59.509346338585594,Morelia,Michoacán,FALSE,FALSE,FALSE,59.34651414310873,4.786289858155443,2,5
11012,11,Guanajuato,Guanajuato,11015,61.58668020560821,62.99738569422888,61.58668020560821,Guanajuato,Guanajuato,TRUE,FALSE,FALSE,0,4.136552479197731,1,6
11013,11,Guanajuato,Guanajuato,11015,93.86166027737731,91.80003660593724,61.009414547513465,Santiago de Querétaro,Querétaro,FALSE,FALSE,FALSE,32.852245729863846,4.5524196226932485,2,4
11014,11,Guanajuato,Guanajuato,11015,36.259687042606515,34.37133698243875,36.259687042606515,Guanajuato,Guanajuato,TRUE,FALSE,TRUE,0,3.617911965852245,2,5
11022,11,Guanajuato,Guanajuato,11015,65.64611629806195,66.46111020786242,65.64611629806195,Guanajuato,Guanajuato,TRUE,FALSE,FALSE,0,4.199396774830355,3,5
11024,11,Guanajuato,Guanajuato,11015,52.80428616568499,53.19130313165369,52.80428616568499,Guanajuato,Guanajuato,TRUE,FALSE,FALSE,0,3.985353132501528,2,5
11030,11,Guanajuato,Guanajuato,11015,53.42799846538589,53.4554927143711,53.42799846538589,Guanajuato,Guanajuato,TRUE,FALSE,FALSE,0,3.9968786991333056,2,6
11036,11,Guanajuato,Guanajuato,11015,98.88156692054515,98.23420707089235,54.35977082267365,Morelia,Michoacán,FALSE,FALSE,FALSE,44.5217960978715,4.603985153319606,3,4
11007,11,Guanajuato,Guanajuato,11015,72.0550757136715,70.59002917365102,41.643945356242064,Santiago de Querétaro,Querétaro,FALSE,FALSE,FALSE,30.411130357429435,4.291213618516249,2,5
11027,11,Guanajuato,Guanajuato,11015,44.444926581486456,43.958815949865915,44.444926581486456,Guanajuato,Guanajuato,TRUE,FALSE,TRUE,0,3.816501188022866,2,5
11035,11,Guanajuato,Guanajuato,11015,46.84077318105812,45.58068010878457,46.84077318105812,Guanajuato,Guanajuato,TRUE,FALSE,TRUE,0,3.867878271323191,2,5
11011,11,Guanajuato,Guanajuato,11015,72.97736477844042,71.97648808044708,59.6725406163615,Santiago de Querétaro,Querétaro,FALSE,FALSE,FALSE,13.304824162078916,4.303759165040494,3,5
11031,11,Guanajuato,Guanajuato,11015,55.99485503798848,58.03823117750429,55.99485503798848,Guanajuato,Guanajuato,TRUE,FALSE,FALSE,0,4.042961001269216,1,6
11025,11,Guanajuato,Guanajuato,11015,70.1451306711709,72.21073746684675,70.1451306711709,Guanajuato,Guanajuato,TRUE,FALSE,FALSE,0,4.264721884684012,1,6
11026,11,Guanajuato,Guanajuato,11015,40.96791434951137,42.73195451189406,40.96791434951137,Guanajuato,Guanajuato,TRUE,FALSE,TRUE,0,3.7369053822701517,1,6
11028,11,Guanajuato,Guanajuato,11015,96.25485977576702,95.42213947721878,62.58237075429561,Morelia,Michoacán,FALSE,FALSE,FALSE,33.67248902147141,4.577334953237319,3,4
11029,11,Guanajuato,Guanajuato,11015,63.023139445673664,61.69651139842649,63.023139445673664,Guanajuato,Guanajuato,TRUE,FALSE,FALSE,0,4.159244571853484,2,5
11032,11,Guanajuato,Guanajuato,11015,89.90358709390061,87.80536564268441,45.53285046183643,Santiago de Querétaro,Querétaro,FALSE,FALSE,FALSE,44.37073663206418,4.509799462383935,2,5
11033,11,Guanajuato,Guanajuato,11015,90.96694060272752,89.15247757775312,89.82613070067727,Santiago de Querétaro,Querétaro,FALSE,FALSE,FALSE,1.1408099020502505,4.521429171195793,3,4
11034,11,Guanajuato,Guanajuato,11015,123.48898523359888,121.41794273621151,70.21461027330973,Santiago de Querétaro,Querétaro,FALSE,FALSE,FALSE,53.27437496028915,4.824217239971596,1,5
11037,11,Guanajuato,Guanajuato,11015,19.66429350772265,21.642548726930734,19.66429350772265,Guanajuato,Guanajuato,TRUE,FALSE,TRUE,0,3.028407259511997,1,5
11042,11,Guanajuato,Guanajuato,11015,70.60760326859132,70.59996121221256,70.60760326859132,Guanajuato,Guanajuato,TRUE,FALSE,FALSE,0,4.271201259230859,3,5
11043,11,Guanajuato,Guanajuato,11015,114.38521318380775,112.44128835259843,87.55658112513383,Santiago de Querétaro,Querétaro,FALSE,FALSE,FALSE,26.828632058673918,4.748276210541677,1,3
11045,11,Guanajuato,Guanajuato,11015,137.31851557899193,135.32611997004597,94.71833552479256,Santiago de Querétaro,Querétaro,FALSE,FALSE,FALSE,42.60018005419937,4.9295591095287845,1,4
11044,11,Guanajuato,Guanajuato,11015,59.36393203451949,58.346741501720274,59.36393203451949,Guanajuato,Guanajuato,TRUE,FALSE,FALSE,0,4.100391774828288,3,6
11046,11,Guanajuato,Guanajuato,11015,92.18430552898634,92.05006470059703,53.41062946885583,Morelia,Michoacán,FALSE,FALSE,FALSE,38.77367606013051,4.5345793118996784,3,4
11001,11,Guanajuato,Guanajuato,11015,60.94651103504858,61.899782046924656,60.94651103504858,Guanajuato,Guanajuato,TRUE,FALSE,FALSE,0,4.126271287442339,2,6
11003,11,Guanajuato,Guanajuato,11015,54.817584226827236,52.74334411970356,51.69278360134045,Santiago de Querétaro,Querétaro,FALSE,FALSE,FALSE,3.1248006254867846,4.022088949257422,2,5
11004,11,Guanajuato,Guanajuato,11015,96.84221728356121,95.25632762378336,26.490837205418792,Santiago de Querétaro,Querétaro,FALSE,FALSE,FALSE,70.35138007814243,4.583356153464334,2,7
11005,11,Guanajuato,Guanajuato,11015,82.08200874253897,80.35600948078215,24.106110316869028,Santiago de Querétaro,Querétaro,FALSE,FALSE,FALSE,57.975898425669946,4.419828177128461,2,6
11006,11,Guanajuato,Guanajuato,11015,152.60228392410087,150.55587931748997,96.03404137736675,Santiago de Querétaro,Querétaro,FALSE,FALSE,FALSE,56.568242546734126,5.034366689900557,1,4
11008,11,Guanajuato,Guanajuato,11015,72.71403012582459,74.54434569843038,72.71403012582459,Guanajuato,Guanajuato,TRUE,FALSE,FALSE,0,4.3001931491349135,1,6
11009,11,Guanajuato,Guanajuato,11015,57.13706456709574,55.33141842883711,44.955566397201736,Santiago de Querétaro,Querétaro,FALSE,FALSE,FALSE,12.181498169894006,4.062803404814074,2,6
11010,11,Guanajuato,Guanajuato,11015,126.63914018753931,125.08488925820319,41.00213523779764,Santiago de Querétaro,Querétaro,FALSE,FALSE,FALSE,85.63700494974168,4.849207065156857,1,7
11015,11,Guanajuato,Guanajuato,11015,2.0986762404333246,0,2.0986762404333246,Guanajuato,Guanajuato,TRUE,TRUE,TRUE,0,1.1309750010773756,2,5
11016,11,Guanajuato,Guanajuato,11015,76.11080137322291,76.75378570904822,76.11080137322291,Guanajuato,Guanajuato,TRUE,FALSE,FALSE,0,4.345243366388751,2,5
11017,11,Guanajuato,Guanajuato,11015,37.07193175617014,37.700845112910116,37.07193175617014,Guanajuato,Guanajuato,TRUE,FALSE,TRUE,0,3.6394773113232475,1,5
11018,11,Guanajuato,Guanajuato,11015,75.80779896276735,75.16905615351064,73.44486884666964,Santiago de Querétaro,Querétaro,FALSE,FALSE,FALSE,2.362930116097715,4.341306183992243,3,5
12033,12,Guerrero,Chilpancingo de los Bravo,12029,105.30646835274744,130.5343748131957,105.30646835274744,Chilpancingo de los Bravo,Guerrero,TRUE,FALSE,FALSE,0,4.666326133475427,0,5
12031,12,Guerrero,Chilpancingo de los Bravo,12029,117.23703713068953,123.87244754147228,105.17858302909633,Toluca de Lerdo,México,FALSE,FALSE,FALSE,12.058454101593199,4.772691398789599,0,5
12083,12,Guerrero,Chilpancingo de los Bravo,12029,90.8038014923797,93.82761481284194,90.8038014923797,Chilpancingo de los Bravo,Guerrero,TRUE,FALSE,FALSE,0,4.519653707361422,1,1
12082,12,Guerrero,Chilpancingo de los Bravo,12029,95.74818092871551,88.45791055495276,95.74818092871551,Chilpancingo de los Bravo,Guerrero,TRUE,FALSE,FALSE,0,4.572111529962753,1,1
12073,12,Guerrero,Chilpancingo de los Bravo,12029,201.7805431995132,192.645615970233,149.80676348255204,Morelia,Michoacán,FALSE,FALSE,FALSE,51.97377971696116,5.31212432628361,0,2
12065,12,Guerrero,Chilpancingo de los Bravo,12029,116.12443755827628,138.2619505399881,116.12443755827628,Chilpancingo de los Bravo,Guerrero,TRUE,FALSE,FALSE,0,4.763236938483247,0,5
12047,12,Guerrero,Chilpancingo de los Bravo,12029,116.63612378051033,128.96759861847397,80.00109275903597,Cuernavaca,Morelos,FALSE,FALSE,FALSE,36.63503102147436,4.767596163300284,2,7
12054,12,Guerrero,Chilpancingo de los Bravo,12029,92.27018482684849,82.58214427807718,92.27018482684849,Chilpancingo de los Bravo,Guerrero,TRUE,FALSE,FALSE,0,4.53550049436915,1,3
12053,12,Guerrero,Chilpancingo de los Bravo,12029,81.15702075527496,69.06836361049155,81.15702075527496,Chilpancingo de los Bravo,Guerrero,TRUE,FALSE,FALSE,0,4.408632303464238,1,1
12066,12,Guerrero,Chilpancingo de los Bravo,12029,94.08146576486226,116.32545337334119,94.08146576486226,Chilpancingo de los Bravo,Guerrero,TRUE,FALSE,FALSE,0,4.554734058494982,1,4
12048,12,Guerrero,Chilpancingo de los Bravo,12029,176.1313647956643,157.482941847639,176.1313647956643,Chilpancingo de los Bravo,Guerrero,TRUE,FALSE,FALSE,0,5.176891631285713,0,1
12007,12,Guerrero,Chilpancingo de los Bravo,12029,107.12746823354065,109.21098294624448,107.12746823354065,Chilpancingo de los Bravo,Guerrero,TRUE,FALSE,FALSE,0,4.683310792584938,0,5
12012,12,Guerrero,Chilpancingo de los Bravo,12029,75.05396209045162,76.52327915685501,75.05396209045162,Chilpancingo de los Bravo,Guerrero,TRUE,FALSE,FALSE,0,4.3314431158419975,1,1
12006,12,Guerrero,Chilpancingo de los Bravo,12029,78.40281822487563,83.12719290502007,78.40281822487563,Chilpancingo de los Bravo,Guerrero,TRUE,FALSE,FALSE,0,4.374533861639258,1,4
12010,12,Guerrero,Chilpancingo de los Bravo,12029,63.73038986382725,85.38272375827586,63.73038986382725,Chilpancingo de los Bravo,Guerrero,TRUE,FALSE,FALSE,0,4.170230795462612,1,3
12011,12,Guerrero,Chilpancingo de los Bravo,12029,92.42162289597599,68.91129314943552,92.42162289597599,Chilpancingo de los Bravo,Guerrero,TRUE,FALSE,FALSE,0,4.537122826963061,1,1
12032,12,Guerrero,Chilpancingo de los Bravo,12029,59.218070787928276,51.64878093529324,59.218070787928276,Chilpancingo de los Bravo,Guerrero,TRUE,FALSE,FALSE,0,4.0979724864714795,1,3
12028,12,Guerrero,Chilpancingo de los Bravo,12029,41.582671969708784,63.84322997840107,41.582671969708784,Chilpancingo de los Bravo,Guerrero,TRUE,FALSE,TRUE,0,3.7514474092510754,1,3
12029,12,Guerrero,Chilpancingo de los Bravo,12029,27.17737788928902,0,27.17737788928902,Chilpancingo de los Bravo,Guerrero,TRUE,TRUE,TRUE,0,3.338519453499971,1,2
12004,12,Guerrero,Chilpancingo de los Bravo,12029,122.22435233527162,141.42505176919326,122.22435233527162,Chilpancingo de los Bravo,Guerrero,TRUE,FALSE,FALSE,0,4.814006696625278,0,4
12068,12,Guerrero,Chilpancingo de los Bravo,12029,254.61869576053667,239.12498651217626,198.95111132503993,Morelia,Michoacán,FALSE,FALSE,FALSE,55.667584435496735,5.543686864431482,0,1
12039,12,Guerrero,Chilpancingo de los Bravo,12029,45.31153588760176,36.45084531637821,45.31153588760176,Chilpancingo de los Bravo,Guerrero,TRUE,FALSE,TRUE,0,3.8353910852979554,1,2
12038,12,Guerrero,Chilpancingo de los Bravo,12029,207.10674951625103,190.45536134530357,207.10674951625103,Chilpancingo de los Bravo,Guerrero,TRUE,FALSE,FALSE,0,5.338051166877707,0,0
12043,12,Guerrero,Chilpancingo de los Bravo,12029,111.00534245626692,124.67517299783617,111.00534245626692,Chilpancingo de los Bravo,Guerrero,TRUE,FALSE,FALSE,0,4.718546570659845,0,2
12030,12,Guerrero,Chilpancingo de los Bravo,12029,102.83838195595317,97.90031882368523,102.83838195595317,Chilpancingo de los Bravo,Guerrero,TRUE,FALSE,FALSE,0,4.642835670746099,0,1
12064,12,Guerrero,Chilpancingo de los Bravo,12029,138.39853849974696,138.79629829464724,125.82965887636549,Toluca de Lerdo,México,FALSE,FALSE,FALSE,12.568879623381477,4.937337014051571,0,5
12067,12,Guerrero,Chilpancingo de los Bravo,12029,129.0043137422467,126.85907589243358,129.0043137422467,Chilpancingo de los Bravo,Guerrero,TRUE,FALSE,FALSE,0,4.8675676325377175,0,5
12001,12,Guerrero,Chilpancingo de los Bravo,12029,69.46192012958505,48.04403486418561,69.46192012958505,Chilpancingo de los Bravo,Guerrero,TRUE,FALSE,FALSE,0,4.255072423884174,1,1
12019,12,Guerrero,Chilpancingo de los Bravo,12029,67.5125279805199,94.62942325208901,67.5125279805199,Chilpancingo de los Bravo,Guerrero,TRUE,FALSE,FALSE,0,4.227016618772369,1,6
12045,12,Guerrero,Chilpancingo de los Bravo,12029,85.22881316115112,111.80652567563293,85.22881316115112,Chilpancingo de los Bravo,Guerrero,TRUE,FALSE,FALSE,0,4.457004381227522,1,6
12008,12,Guerrero,Chilpancingo de los Bravo,12029,80.04684393489279,106.56090642810177,80.04684393489279,Chilpancingo de los Bravo,Guerrero,TRUE,FALSE,FALSE,0,4.395027307693629,2,6
12009,12,Guerrero,Chilpancingo de los Bravo,12029,102.53805243776641,119.21036966021971,102.53805243776641,Chilpancingo de los Bravo,Guerrero,TRUE,FALSE,FALSE,0,4.639939201539909,0,4
12046,12,Guerrero,Chilpancingo de los Bravo,12029,157.063910185162,164.38595505135274,157.063910185162,Chilpancingo de los Bravo,Guerrero,TRUE,FALSE,FALSE,0,5.062999446083779,0,2
12036,12,Guerrero,Chilpancingo de los Bravo,12029,135.63618278510918,143.77324009171028,135.63618278510918,Chilpancingo de los Bravo,Guerrero,TRUE,FALSE,FALSE,0,4.917321793358386,0,2
12044,12,Guerrero,Chilpancingo de los Bravo,12029,27.450746569761776,35.17845546276337,27.450746569761776,Chilpancingo de los Bravo,Guerrero,TRUE,FALSE,TRUE,0,3.3481744016959394,1,2
12042,12,Guerrero,Chilpancingo de los Bravo,12029,34.796083136199314,60.726408297432215,34.796083136199314,Chilpancingo de los Bravo,Guerrero,TRUE,FALSE,TRUE,0,3.5778384778176164,1,5
12040,12,Guerrero,Chilpancingo de los Bravo,12029,32.49381302826198,28.676042554279697,32.49381302826198,Chilpancingo de los Bravo,Guerrero,TRUE,FALSE,TRUE,0,3.5113607360509893,1,3
12076,12,Guerrero,Chilpancingo de los Bravo,12029,69.76282226306833,80.35316305641315,69.76282226306833,Chilpancingo de los Bravo,Guerrero,TRUE,FALSE,FALSE,0,4.259333753502817,1,2
12075,12,Guerrero,Chilpancingo de los Bravo,12029,29.93998759535397,46.34673469712962,29.93998759535397,Chilpancingo de los Bravo,Guerrero,TRUE,FALSE,TRUE,0,3.432049444218982,1,4
12074,12,Guerrero,Chilpancingo de los Bravo,12029,40.15260578826623,67.19805334295383,40.15260578826623,Chilpancingo de los Bravo,Guerrero,TRUE,FALSE,TRUE,0,3.7172872492558873,1,5
12072,12,Guerrero,Chilpancingo de los Bravo,12029,75.75186372893084,92.5001116699282,75.75186372893084,Chilpancingo de los Bravo,Guerrero,TRUE,FALSE,FALSE,0,4.340577669285582,1,2
12071,12,Guerrero,Chilpancingo de los Bravo,12029,163.81688199579781,176.4050904153625,150.0489162157011,Oaxaca de Juárez,Oaxaca,FALSE,FALSE,FALSE,13.767965780096716,5.104835051523715,0,2
12070,12,Guerrero,Chilpancingo de los Bravo,12029,115.37407784425122,141.04683410653365,115.37407784425122,Chilpancingo de los Bravo,Guerrero,TRUE,FALSE,FALSE,0,4.7568098115636985,0,6
12069,12,Guerrero,Chilpancingo de los Bravo,12029,108.78999178651216,128.73260241131428,108.78999178651216,Chilpancingo de los Bravo,Guerrero,TRUE,FALSE,FALSE,0,4.6985693754357465,0,4
12052,12,Guerrero,Chilpancingo de los Bravo,12029,109.40944855447967,115.72936484083063,109.40944855447967,Chilpancingo de los Bravo,Guerrero,TRUE,FALSE,FALSE,0,4.704195714913436,0,1
12041,12,Guerrero,Chilpancingo de los Bravo,12029,95.03331617927348,108.9751041632076,95.03331617927348,Chilpancingo de los Bravo,Guerrero,TRUE,FALSE,FALSE,0,4.564695174796257,1,1
12062,12,Guerrero,Chilpancingo de los Bravo,12029,146.8508325327307,159.14598818534353,146.8508325327307,Chilpancingo de los Bravo,Guerrero,TRUE,FALSE,FALSE,0,4.9962038772108075,0,2
12023,12,Guerrero,Chilpancingo de los Bravo,12029,149.5314085823876,150.83726717399773,149.5314085823876,Chilpancingo de los Bravo,Guerrero,TRUE,FALSE,FALSE,0,5.014171757314765,0,1
12013,12,Guerrero,Chilpancingo de los Bravo,12029,138.09029593631337,143.30425012593184,138.09029593631337,Chilpancingo de los Bravo,Guerrero,TRUE,FALSE,FALSE,0,4.935123333277379,0,1
12024,12,Guerrero,Chilpancingo de los Bravo,12029,90.652178211875,115.51612122125081,90.652178211875,Chilpancingo de los Bravo,Guerrero,TRUE,FALSE,FALSE,0,4.518000740635862,1,5
12027,12,Guerrero,Chilpancingo de los Bravo,12029,170.14625013195186,170.83210192874668,122.81927897770716,Toluca de Lerdo,México,FALSE,FALSE,FALSE,47.3269711542447,5.14251845490241,0,5
12037,12,Guerrero,Chilpancingo de los Bravo,12029,104.70650436998176,118.83415650357196,76.64701724221031,Cuernavaca,Morelos,FALSE,FALSE,FALSE,28.059487127771447,4.660666427122767,2,6
12055,12,Guerrero,Chilpancingo de los Bravo,12029,107.62161624428865,125.26481482856491,59.71696452351094,Cuernavaca,Morelos,FALSE,FALSE,FALSE,47.90465172077771,4.687870432299795,2,7
12025,12,Guerrero,Chilpancingo de los Bravo,12029,108.64048067721984,108.00738676627647,108.64048067721984,Chilpancingo de los Bravo,Guerrero,TRUE,FALSE,FALSE,0,4.697206655565981,0,1
12026,12,Guerrero,Chilpancingo de los Bravo,12029,71.57317724650095,82.0991468234308,71.57317724650095,Chilpancingo de los Bravo,Guerrero,TRUE,FALSE,FALSE,0,4.2845953941492185,1,5
12059,12,Guerrero,Chilpancingo de los Bravo,12029,61.00178494366166,82.19573141872752,61.00178494366166,Chilpancingo de los Bravo,Guerrero,TRUE,FALSE,FALSE,0,4.127163174044582,2,6
12077,12,Guerrero,Chilpancingo de los Bravo,12029,125.9201302306232,126.87439641550922,125.9201302306232,Chilpancingo de los Bravo,Guerrero,TRUE,FALSE,FALSE,0,4.843557992798798,0,1
12078,12,Guerrero,Chilpancingo de los Bravo,12029,125.3896249681412,139.49814304823022,125.3896249681412,Chilpancingo de los Bravo,Guerrero,TRUE,FALSE,FALSE,0,4.839369397395681,0,2
12061,12,Guerrero,Chilpancingo de los Bravo,12029,15.407746993070832,41.99160110244816,15.407746993070832,Chilpancingo de los Bravo,Guerrero,TRUE,FALSE,TRUE,0,2.797753600921235,1,3
12018,12,Guerrero,Chilpancingo de los Bravo,12029,120.99748510117325,119.23851165008912,120.99748510117325,Chilpancingo de los Bravo,Guerrero,TRUE,FALSE,FALSE,0,4.804000430595977,0,1
12056,12,Guerrero,Chilpancingo de los Bravo,12029,66.85924881483986,62.38383158783887,66.85924881483986,Chilpancingo de los Bravo,Guerrero,TRUE,FALSE,FALSE,0,4.217435689663808,1,1
12003,12,Guerrero,Chilpancingo de los Bravo,12029,124.12091078735149,112.97165207566493,124.12091078735149,Chilpancingo de los Bravo,Guerrero,TRUE,FALSE,FALSE,0,4.829280556081181,0,3
12002,12,Guerrero,Chilpancingo de los Bravo,12029,62.50291963646423,88.58012288340616,62.50291963646423,Chilpancingo de los Bravo,Guerrero,TRUE,FALSE,FALSE,0,4.151085883368662,1,6
12035,12,Guerrero,Chilpancingo de los Bravo,12029,71.6220360564198,89.08942478245945,71.6220360564198,Chilpancingo de los Bravo,Guerrero,TRUE,FALSE,FALSE,0,4.2852684027236965,2,6
12016,12,Guerrero,Chilpancingo de los Bravo,12029,241.29567944134718,229.16945986984084,164.04952524379792,Morelia,Michoacán,FALSE,FALSE,FALSE,77.24615419754926,5.490158796220441,0,1
12017,12,Guerrero,Chilpancingo de los Bravo,12029,68.07596507211295,82.00294816391525,68.07596507211295,Chilpancingo de los Bravo,Guerrero,TRUE,FALSE,FALSE,0,4.235206842077976,1,5
12020,12,Guerrero,Chilpancingo de los Bravo,12029,86.09017235593338,105.88172636795717,86.09017235593338,Chilpancingo de los Bravo,Guerrero,TRUE,FALSE,FALSE,0,4.466944045758074,1,3
12057,12,Guerrero,Chilpancingo de los Bravo,12029,132.86737188915174,111.33386381835268,132.86737188915174,Chilpancingo de los Bravo,Guerrero,TRUE,FALSE,FALSE,0,4.896849547791787,0,1
12021,12,Guerrero,Chilpancingo de los Bravo,12029,74.46911855643006,47.361021279936246,74.46911855643006,Chilpancingo de los Bravo,Guerrero,TRUE,FALSE,FALSE,0,4.323723546838484,1,1
12022,12,Guerrero,Chilpancingo de los Bravo,12029,162.24656376541597,151.430330854286,162.24656376541597,Chilpancingo de los Bravo,Guerrero,TRUE,FALSE,FALSE,0,5.095261719024847,0,3
12060,12,Guerrero,Chilpancingo de los Bravo,12029,122.69409041358199,139.09919395564694,56.231915625952745,Cuernavaca,Morelos,FALSE,FALSE,FALSE,66.46217478762924,4.8178115047211305,2,8
12063,12,Guerrero,Chilpancingo de los Bravo,12029,83.98541765609544,98.47927773932429,83.98541765609544,Chilpancingo de los Bravo,Guerrero,TRUE,FALSE,FALSE,0,4.442479684785621,1,2
12058,12,Guerrero,Chilpancingo de los Bravo,12029,99.36827961706226,109.43016472477316,96.08307169371342,Cuernavaca,Morelos,FALSE,FALSE,FALSE,3.2852079233488354,4.608846217268949,2,6
12051,12,Guerrero,Chilpancingo de los Bravo,12029,42.774760424149115,55.058634388579534,42.774760424149115,Chilpancingo de los Bravo,Guerrero,TRUE,FALSE,TRUE,0,3.779057405264857,1,2
12050,12,Guerrero,Chilpancingo de los Bravo,12029,146.69024775167674,143.32950943168635,144.9954900479802,Toluca de Lerdo,México,FALSE,FALSE,FALSE,1.6947577036965242,4.995117159948334,0,5
12081,12,Guerrero,Chilpancingo de los Bravo,12029,107.56319588922909,118.99912654983382,107.56319588922909,Chilpancingo de los Bravo,Guerrero,TRUE,FALSE,FALSE,0,4.687332454013978,0,1
12080,12,Guerrero,Chilpancingo de los Bravo,12029,137.66995736266063,140.0012859599474,137.66995736266063,Chilpancingo de los Bravo,Guerrero,TRUE,FALSE,FALSE,0,4.932096702292304,0,1
12005,12,Guerrero,Chilpancingo de los Bravo,12029,105.72311525789918,128.97146012382444,105.72311525789918,Chilpancingo de los Bravo,Guerrero,TRUE,FALSE,FALSE,0,4.670237772688598,0,5
12014,12,Guerrero,Chilpancingo de los Bravo,12029,110.51473077759918,84.34522307212191,110.51473077759918,Chilpancingo de los Bravo,Guerrero,TRUE,FALSE,FALSE,0,4.714156696771111,0,1
12015,12,Guerrero,Chilpancingo de los Bravo,12029,101.09255479552242,121.9689997180371,55.22815160244585,Cuernavaca,Morelos,FALSE,FALSE,FALSE,45.86440319307657,4.625879801801907,2,7
12049,12,Guerrero,Chilpancingo de los Bravo,12029,128.08303600515907,145.58515712835882,47.283611029079054,Cuernavaca,Morelos,FALSE,FALSE,FALSE,80.79942497608002,4.86045588724462,3,8
12079,12,Guerrero,Chilpancingo de los Bravo,12029,55.091179870203234,74.67900447879667,55.091179870203234,Chilpancingo de los Bravo,Guerrero,TRUE,FALSE,FALSE,0,4.02697857860304,1,3
12034,12,Guerrero,Chilpancingo de los Bravo,12029,79.60191402661307,104.00469874536881,76.82532774551986,Cuernavaca,Morelos,FALSE,FALSE,FALSE,2.7765862810932163,4.389522396459071,2,6
12085,12,Guerrero,Chilpancingo de los Bravo,12029,161.42856627612818,163.3461175911167,161.42856627612818,Chilpancingo de los Bravo,Guerrero,TRUE,FALSE,FALSE,0,5.090238312973936,0,1
12084,12,Guerrero,Chilpancingo de los Bravo,12029,101.56180138035023,110.54521377208322,101.56180138035023,Chilpancingo de los Bravo,Guerrero,TRUE,FALSE,FALSE,0,4.630465557179093,0,1
13004,13,Hidalgo,Pachuca de Soto,13048,49.764281328891656,51.77567343588677,49.764281328891656,Pachuca de Soto,Hidalgo,TRUE,FALSE,TRUE,0,3.927192983830199,1,7
13010,13,Hidalgo,Pachuca de Soto,13048,48.45519681216485,46.00977980405896,48.45519681216485,Pachuca de Soto,Hidalgo,TRUE,FALSE,TRUE,0,3.901067144805053,3,7
13081,13,Hidalgo,Pachuca de Soto,13048,63.23726877679101,63.94171053915689,63.23726877679101,Pachuca de Soto,Hidalgo,TRUE,FALSE,FALSE,0,4.162583552806768,1,6
13034,13,Hidalgo,Pachuca de Soto,13048,95.03589468531491,95.12804378620928,95.03589468531491,Pachuca de Soto,Hidalgo,TRUE,FALSE,FALSE,0,4.56472202455557,1,4
13080,13,Hidalgo,Pachuca de Soto,13048,98.08828523892666,99.05991727428096,98.08828523892666,Pachuca de Soto,Hidalgo,TRUE,FALSE,FALSE,0,4.596011222834048,1,3
13079,13,Hidalgo,Pachuca de Soto,13048,77.58200579027033,77.97935035845293,77.58200579027033,Pachuca de Soto,Hidalgo,TRUE,FALSE,FALSE,0,4.364142739259754,1,6
13041,13,Hidalgo,Pachuca de Soto,13048,46.05180767360349,43.693991066350364,46.05180767360349,Pachuca de Soto,Hidalgo,TRUE,FALSE,TRUE,0,3.8512492855612233,2,7
13032,13,Hidalgo,Pachuca de Soto,13048,117.91418792275958,118.40330454563265,117.91418792275958,Pachuca de Soto,Hidalgo,TRUE,FALSE,FALSE,0,4.778402123093954,0,2
13019,13,Hidalgo,Pachuca de Soto,13048,57.189396945820825,54.96002832845617,57.189396945820825,Pachuca de Soto,Hidalgo,TRUE,FALSE,FALSE,0,4.063703155078544,2,7
13082,13,Hidalgo,Pachuca de Soto,13048,15.59277331724207,14.172667902546566,15.59277331724207,Pachuca de Soto,Hidalgo,TRUE,FALSE,TRUE,0,2.8089672582386966,3,7
13050,13,Hidalgo,Pachuca de Soto,13048,49.58460973430755,47.41477868660919,49.58460973430755,Pachuca de Soto,Hidalgo,TRUE,FALSE,TRUE,0,3.9236473745803027,2,7
13083,13,Hidalgo,Pachuca de Soto,13048,21.622402060121846,22.793958618291597,21.622402060121846,Pachuca de Soto,Hidalgo,TRUE,FALSE,TRUE,0,3.118940656921009,3,8
13018,13,Hidalgo,Pachuca de Soto,13048,114.95237158550735,114.52113334637448,114.95237158550735,Pachuca de Soto,Hidalgo,TRUE,FALSE,FALSE,0,4.7531795170111915,0,3
13035,13,Hidalgo,Pachuca de Soto,13048,46.66119842904496,48.94720414776272,46.66119842904496,Pachuca de Soto,Hidalgo,TRUE,FALSE,TRUE,0,3.864117616739369,1,7
13036,13,Hidalgo,Pachuca de Soto,13048,49.22704226840547,50.0465847836868,49.22704226840547,Pachuca de Soto,Hidalgo,TRUE,FALSE,TRUE,0,3.916553572261672,1,7
13037,13,Hidalgo,Pachuca de Soto,13048,51.520261201827815,51.29221566349371,51.520261201827815,Pachuca de Soto,Hidalgo,TRUE,FALSE,FALSE,0,3.9611990228005185,1,7
13020,13,Hidalgo,Pachuca de Soto,13048,71.7250116654717,71.3023775397477,71.7250116654717,Pachuca de Soto,Hidalgo,TRUE,FALSE,FALSE,0,4.286685364786501,1,5
13022,13,Hidalgo,Pachuca de Soto,13048,14.242920023133754,16.392855980707143,14.242920023133754,Pachuca de Soto,Hidalgo,TRUE,FALSE,TRUE,0,2.724115134472904,3,8
13023,13,Hidalgo,Pachuca de Soto,13048,36.53250852614244,34.27635304488592,36.53250852614244,Pachuca de Soto,Hidalgo,TRUE,FALSE,TRUE,0,3.625207451471218,2,7
13052,13,Hidalgo,Pachuca de Soto,13048,18.93956556648688,16.478369956770155,18.93956556648688,Pachuca de Soto,Hidalgo,TRUE,FALSE,TRUE,0,2.992705977259585,2,7
13024,13,Hidalgo,Pachuca de Soto,13048,26.379891016502935,28.490801030786045,26.379891016502935,Pachuca de Soto,Hidalgo,TRUE,FALSE,TRUE,0,3.309808839447083,1,8
13009,13,Hidalgo,Pachuca de Soto,13048,18.16878100458252,16.489621039832333,18.16878100458252,Pachuca de Soto,Hidalgo,TRUE,FALSE,TRUE,0,2.9532829663336986,2,7
13038,13,Hidalgo,Pachuca de Soto,13048,13.435307365035017,13.72314768004443,13.435307365035017,Pachuca de Soto,Hidalgo,TRUE,FALSE,TRUE,0,2.669677105928386,2,7
13071,13,Hidalgo,Pachuca de Soto,13048,87.31794413041939,86.69380671056048,87.31794413041939,Pachuca de Soto,Hidalgo,TRUE,FALSE,FALSE,0,4.4809433047490215,1,5
13064,13,Hidalgo,Pachuca de Soto,13048,67.51835088708671,65.07939214086947,67.51835088708671,Pachuca de Soto,Hidalgo,TRUE,FALSE,FALSE,0,4.22710160555226,2,8
13053,13,Hidalgo,Pachuca de Soto,13048,71.71611971010323,73.7390745627162,71.71611971010323,Pachuca de Soto,Hidalgo,TRUE,FALSE,FALSE,0,4.286563089123551,1,5
13008,13,Hidalgo,Pachuca de Soto,13048,52.934236090122866,54.513201241942845,49.7428286158169,Tlaxcala de Xicohténcatl,Tlaxcala,FALSE,FALSE,FALSE,3.1914074743059686,3.9877654541991916,4,7
13007,13,Hidalgo,Pachuca de Soto,13048,60.04801711710288,61.94264220761971,47.615412080745514,Tlaxcala de Xicohténcatl,Tlaxcala,FALSE,FALSE,FALSE,12.432605036357366,4.111660720374903,4,7
13068,13,Hidalgo,Pachuca de Soto,13048,78.04458942766934,78.75095178373931,78.04458942766934,Pachuca de Soto,Hidalgo,TRUE,FALSE,FALSE,0,4.37001211637525,1,5
13069,13,Hidalgo,Pachuca de Soto,13048,34.624084385628855,33.20808796240484,34.624084385628855,Pachuca de Soto,Hidalgo,TRUE,FALSE,TRUE,0,3.5730219368024945,4,7
13076,13,Hidalgo,Pachuca de Soto,13048,64.45641577276487,61.99986665722248,64.45641577276487,Pachuca de Soto,Hidalgo,TRUE,FALSE,FALSE,0,4.181384513109623,3,8
13078,13,Hidalgo,Pachuca de Soto,13048,96.71551035098716,97.95277402715446,96.71551035098716,Pachuca de Soto,Hidalgo,TRUE,FALSE,FALSE,0,4.582060301320442,1,3
13074,13,Hidalgo,Pachuca de Soto,13048,49.05590126330742,46.59250420153057,49.05590126330742,Pachuca de Soto,Hidalgo,TRUE,FALSE,TRUE,0,3.913140406169493,3,7
13051,13,Hidalgo,Pachuca de Soto,13048,6.223311283847584,8.098452646068383,6.223311283847584,Pachuca de Soto,Hidalgo,TRUE,FALSE,TRUE,0,1.9773134743394007,3,8
13030,13,Hidalgo,Pachuca de Soto,13048,66.1678493978435,64.45490614142452,66.1678493978435,Pachuca de Soto,Hidalgo,TRUE,FALSE,FALSE,0,4.207194701464489,1,7
13031,13,Hidalgo,Pachuca de Soto,13048,103.98995280686943,103.03033178423267,103.98995280686943,Pachuca de Soto,Hidalgo,TRUE,FALSE,FALSE,0,4.653864658025553,0,4
13029,13,Hidalgo,Pachuca de Soto,13048,100.95875865227414,98.60973026323303,76.98179979523458,Santiago de Querétaro,Querétaro,FALSE,FALSE,FALSE,23.976958857039563,4.624568404583606,1,8
13070,13,Hidalgo,Pachuca de Soto,13048,47.986495885928946,45.52694284946235,47.986495885928946,Pachuca de Soto,Hidalgo,TRUE,FALSE,TRUE,0,3.8915446659628605,2,7
13025,13,Hidalgo,Pachuca de Soto,13048,116.1578879328458,117.26997226096559,116.1578879328458,Pachuca de Soto,Hidalgo,TRUE,FALSE,FALSE,0,4.763522494593608,0,3
13054,13,Hidalgo,Pachuca de Soto,13048,37.5740590486519,35.607713746856554,37.5740590486519,Pachuca de Soto,Hidalgo,TRUE,FALSE,TRUE,0,3.6525800051753556,2,7
13055,13,Hidalgo,Pachuca de Soto,13048,41.51811195306272,40.15728867488543,41.51811195306272,Pachuca de Soto,Hidalgo,TRUE,FALSE,TRUE,0,3.7499301487499306,1,7
13006,13,Hidalgo,Pachuca de Soto,13048,75.28920418923452,73.08068022337501,75.28920418923452,Pachuca de Soto,Hidalgo,TRUE,FALSE,FALSE,0,4.3345314366574375,1,7
13048,13,Hidalgo,Pachuca de Soto,13048,2.464001813671446,0,2.464001813671446,Pachuca de Soto,Hidalgo,TRUE,TRUE,TRUE,0,1.242424514277259,2,7
13026,13,Hidalgo,Pachuca de Soto,13048,102.67322224844727,103.33531818544316,102.67322224844727,Pachuca de Soto,Hidalgo,TRUE,FALSE,FALSE,0,4.641243858635027,0,3
13027,13,Hidalgo,Pachuca de Soto,13048,88.94710621492742,91.02032153459503,88.94710621492742,Pachuca de Soto,Hidalgo,TRUE,FALSE,FALSE,0,4.49922178883877,1,5
13028,13,Hidalgo,Pachuca de Soto,13048,117.50489841247207,118.15841480640744,117.50489841247207,Pachuca de Soto,Hidalgo,TRUE,FALSE,FALSE,0,4.774954296534954,0,2
13043,13,Hidalgo,Pachuca de Soto,13048,87.0997224756875,85.87442314136894,87.0997224756875,Pachuca de Soto,Hidalgo,TRUE,FALSE,FALSE,0,4.478469382831468,1,5
13065,13,Hidalgo,Pachuca de Soto,13048,41.00295221993635,38.5398653662239,41.00295221993635,Pachuca de Soto,Hidalgo,TRUE,FALSE,TRUE,0,3.7377399067639407,2,7
13063,13,Hidalgo,Pachuca de Soto,13048,66.690566863548,64.37847609763094,57.182837819795125,Ciudad de México,Ciudad de México,FALSE,FALSE,FALSE,9.507729043752875,4.214946832891537,3,8
13033,13,Hidalgo,Pachuca de Soto,13048,80.97107896000887,80.73030140318156,80.97107896000887,Pachuca de Soto,Hidalgo,TRUE,FALSE,FALSE,0,4.40636648944288,1,5
13013,13,Hidalgo,Pachuca de Soto,13048,51.23825015110857,48.88215182734819,51.23825015110857,Pachuca de Soto,Hidalgo,TRUE,FALSE,FALSE,0,3.955814988065441,3,7
13014,13,Hidalgo,Pachuca de Soto,13048,91.44567029256699,92.0304054694148,91.44567029256699,Pachuca de Soto,Hidalgo,TRUE,FALSE,FALSE,0,4.526621123773396,1,4
13015,13,Hidalgo,Pachuca de Soto,13048,63.26696182947231,62.055011592469974,63.26696182947231,Pachuca de Soto,Hidalgo,TRUE,FALSE,FALSE,0,4.163045686280034,1,7
13016,13,Hidalgo,Pachuca de Soto,13048,51.39038323891444,53.78865241704848,51.39038323891444,Pachuca de Soto,Hidalgo,TRUE,FALSE,FALSE,0,3.9587230485091287,2,7
13021,13,Hidalgo,Pachuca de Soto,13048,51.46689289714806,52.343885323382324,51.46689289714806,Pachuca de Soto,Hidalgo,TRUE,FALSE,FALSE,0,3.960182359195631,4,7
13005,13,Hidalgo,Pachuca de Soto,13048,33.36319809999276,30.902410644326558,33.36319809999276,Pachuca de Soto,Hidalgo,TRUE,FALSE,TRUE,0,3.5369861690359734,2,7
13017,13,Hidalgo,Pachuca de Soto,13048,76.41848016643854,74.01842883043345,76.41848016643854,Pachuca de Soto,Hidalgo,TRUE,FALSE,FALSE,0,4.349225513936901,2,8
13066,13,Hidalgo,Pachuca de Soto,13048,21.26284005803448,20.899671731690876,21.26284005803448,Pachuca de Soto,Hidalgo,TRUE,FALSE,TRUE,0,3.1029189234248684,3,7
13067,13,Hidalgo,Pachuca de Soto,13048,56.373541841859435,53.93547396290985,56.373541841859435,Pachuca de Soto,Hidalgo,TRUE,FALSE,FALSE,0,4.049583253536786,2,7
13044,13,Hidalgo,Pachuca de Soto,13048,96.19264340451865,93.75380635979445,84.28626001073317,Santiago de Querétaro,Querétaro,FALSE,FALSE,FALSE,11.906383393785475,4.576695023463432,2,8
13045,13,Hidalgo,Pachuca de Soto,13048,16.40198181218099,18.569273154443117,16.40198181218099,Pachuca de Soto,Hidalgo,TRUE,FALSE,TRUE,0,2.856584096986465,2,8
13046,13,Hidalgo,Pachuca de Soto,13048,129.18267482375074,129.51910115541193,129.18267482375074,Pachuca de Soto,Hidalgo,TRUE,FALSE,FALSE,0,4.86893865505061,0,1
13039,13,Hidalgo,Pachuca de Soto,13048,11.376213036373468,13.676605691366536,11.376213036373468,Pachuca de Soto,Hidalgo,TRUE,FALSE,TRUE,0,2.51577632679209,2,8
13047,13,Hidalgo,Pachuca de Soto,13048,114.64605691862351,113.39851838594154,114.64605691862351,Pachuca de Soto,Hidalgo,TRUE,FALSE,FALSE,0,4.750534293142666,0,4
13049,13,Hidalgo,Pachuca de Soto,13048,127.16354079825068,126.69209063714003,127.16354079825068,Pachuca de Soto,Hidalgo,TRUE,FALSE,FALSE,0,4.853307110889799,0,3
13077,13,Hidalgo,Pachuca de Soto,13048,42.64633054388281,45.104269658502055,42.64633054388281,Pachuca de Soto,Hidalgo,TRUE,FALSE,TRUE,0,3.7761192133196766,2,7
13062,13,Hidalgo,Pachuca de Soto,13048,106.1610170130234,105.9768208826559,106.1610170130234,Pachuca de Soto,Hidalgo,TRUE,FALSE,FALSE,0,4.674332535234428,0,3
13003,13,Hidalgo,Pachuca de Soto,13048,27.184541669427777,26.007154134456815,27.184541669427777,Pachuca de Soto,Hidalgo,TRUE,FALSE,TRUE,0,3.33877365989441,1,7
13002,13,Hidalgo,Pachuca de Soto,13048,58.79252611984133,61.237871110865285,58.79252611984133,Pachuca de Soto,Hidalgo,TRUE,FALSE,FALSE,0,4.0908806718722195,2,7
13001,13,Hidalgo,Pachuca de Soto,13048,35.25671019966903,37.58037451092309,35.25671019966903,Pachuca de Soto,Hidalgo,TRUE,FALSE,TRUE,0,3.590624473126522,1,7
13061,13,Hidalgo,Pachuca de Soto,13048,41.8828216027266,43.569859501891514,41.8828216027266,Pachuca de Soto,Hidalgo,TRUE,FALSE,TRUE,0,3.7584713169000628,4,7
13058,13,Hidalgo,Pachuca de Soto,13048,80.46953542500023,78.5006527424603,80.46953542500023,Pachuca de Soto,Hidalgo,TRUE,FALSE,FALSE,0,4.400229151900501,1,6
13073,13,Hidalgo,Pachuca de Soto,13048,103.35569257734139,103.62247410123392,103.35569257734139,Pachuca de Soto,Hidalgo,TRUE,FALSE,FALSE,0,4.647805184764937,0,4
13072,13,Hidalgo,Pachuca de Soto,13048,34.41194225246713,35.787486923332395,34.41194225246713,Pachuca de Soto,Hidalgo,TRUE,FALSE,TRUE,0,3.567049115014025,4,7
13059,13,Hidalgo,Pachuca de Soto,13048,102.87346998733345,100.69177291157216,78.88240371498381,Santiago de Querétaro,Querétaro,FALSE,FALSE,FALSE,23.99106627234964,4.643173523703316,1,8
13060,13,Hidalgo,Pachuca de Soto,13048,63.14182636421204,65.36466061886793,63.14182636421204,Pachuca de Soto,Hidalgo,TRUE,FALSE,FALSE,0,4.1610966685121245,1,7
13012,13,Hidalgo,Pachuca de Soto,13048,29.282915061202274,30.063484120032598,29.282915061202274,Pachuca de Soto,Hidalgo,TRUE,FALSE,TRUE,0,3.4105836941205867,1,7
13011,13,Hidalgo,Pachuca de Soto,13048,110.13599417348834,111.04275988659879,110.13599417348834,Pachuca de Soto,Hidalgo,TRUE,FALSE,FALSE,0,4.7107546241348,0,3
13040,13,Hidalgo,Pachuca de Soto,13048,111.74934632348086,111.02949847248901,111.74934632348086,Pachuca de Soto,Hidalgo,TRUE,FALSE,FALSE,0,4.725167180791533,0,3
13042,13,Hidalgo,Pachuca de Soto,13048,84.24205058647048,84.18866306544855,84.24205058647048,Pachuca de Soto,Hidalgo,TRUE,FALSE,FALSE,0,4.445494863563192,1,5
13056,13,Hidalgo,Pachuca de Soto,13048,38.930727460218556,41.35999427169901,38.930727460218556,Pachuca de Soto,Hidalgo,TRUE,FALSE,TRUE,0,3.6871461392968192,2,7
13057,13,Hidalgo,Pachuca de Soto,13048,30.188263428507174,32.46120438460743,30.188263428507174,Pachuca de Soto,Hidalgo,TRUE,FALSE,TRUE,0,3.440041851881708,3,7
13084,13,Hidalgo,Pachuca de Soto,13048,95.58197846987414,93.95161888086541,95.58197846987414,Pachuca de Soto,Hidalgo,TRUE,FALSE,FALSE,0,4.570392165531435,1,6
13075,13,Hidalgo,Pachuca de Soto,13048,23.49196379036966,21.788776390252018,23.49196379036966,Pachuca de Soto,Hidalgo,TRUE,FALSE,TRUE,0,3.198345055187768,2,7
14122,14,Jalisco,Guadalajara,14039,133.1128881295384,135.3959411579652,30.128782975412854,Colima,Colima,FALSE,FALSE,FALSE,102.98410515412553,4.898681894018055,1,2
14019,14,Jalisco,Guadalajara,14039,146.59629625297922,145.47475938212486,108.04268741677397,Tepic,Nayarit,FALSE,FALSE,FALSE,38.55360883620524,4.994480818714537,0,4
14065,14,Jalisco,Guadalajara,14039,166.9851255727891,168.92261302010385,37.47835816389727,Colima,Colima,FALSE,FALSE,FALSE,129.50676740889182,5.1238754372263084,1,2
14101,14,Jalisco,Guadalajara,14039,14.672538568694645,13.992434801719819,14.672538568694645,Guadalajara,Jalisco,TRUE,FALSE,TRUE,0,2.7519100450782332,1,4
14076,14,Jalisco,Guadalajara,14039,112.34862504334892,111.2216087209762,112.34862504334892,Guadalajara,Jalisco,TRUE,FALSE,FALSE,0,4.730468246693367,0,4
14023,14,Jalisco,Guadalajara,14039,105.96563399278895,108.08591733257795,56.06972437741702,Colima,Colima,FALSE,FALSE,FALSE,49.895909615371934,4.672507605235836,1,2
14074,14,Jalisco,Guadalajara,14039,128.43154995761338,126.44961703161472,93.83400059463398,Guanajuato,Guanajuato,FALSE,FALSE,FALSE,34.59754936297941,4.863152169640416,2,6
14073,14,Jalisco,Guadalajara,14039,128.32489131892657,126.0541143056718,67.82013958212343,Aguascalientes,Aguascalientes,FALSE,FALSE,FALSE,60.504751736803144,4.8623277755175,1,5
14062,14,Jalisco,Guadalajara,14039,115.77420883678703,117.53280202100107,115.77420883678703,Guadalajara,Jalisco,TRUE,FALSE,FALSE,0,4.760242231257424,0,3
14113,14,Jalisco,Guadalajara,14039,112.33988035087647,114.65554384406094,51.28399264927742,Colima,Colima,FALSE,FALSE,FALSE,61.05588770159905,4.730391095075453,1,2
14087,14,Jalisco,Guadalajara,14039,159.06637400865282,160.8110049624562,55.77839448408503,Colima,Colima,FALSE,FALSE,FALSE,103.28797952456779,5.075588566766598,1,2
14014,14,Jalisco,Guadalajara,14039,74.165381604644793,76.3015834379489,74.165381604644793,Guadalajara,Jalisco,TRUE,FALSE,FALSE,0,4.319690773959676,2,2
14015,14,Jalisco,Guadalajara,14039,142.33029799685528,144.73282110778825,82.57228921263479,Colima,Colima,FALSE,FALSE,FALSE,59.75800878422049,4.965151743029142,1,2
14097,14,Jalisco,Guadalajara,14039,21.247538120588164,23.550301304229954,21.247538120588164,Guadalajara,Jalisco,TRUE,FALSE,TRUE,0,3.102231356224799,1,4
14055,14,Jalisco,Guadalajara,14039,75.78888690878185,76.52721596173261,75.78888690878185,Guadalajara,Jalisco,TRUE,FALSE,FALSE,0,4.341059927974754,1,3
14063,14,Jalisco,Guadalajara,14039,71.09670752430291,70.53829828543003,71.09670752430291,Guadalajara,Jalisco,TRUE,FALSE,FALSE,0,4.278008377843254,1,5
14086,14,Jalisco,Guadalajara,14039,89.63588358621786,92.02423321939312,77.65921993509109,Colima,Colima,FALSE,FALSE,FALSE,11.97666365112677,4.506850200708516,2,2
14043,14,Jalisco,Guadalajara,14039,202.14031084636824,204.4941652265003,123.02995054858069,Colima,Colima,FALSE,FALSE,FALSE,79.11036029778755,5.313896926717766,0,1
14116,14,Jalisco,Guadalajara,14039,135.89304351964884,133.47782414481762,39.17565567435188,Aguascalientes,Aguascalientes,FALSE,FALSE,FALSE,96.71738784529697,4.919199916683727,1,5
14012,14,Jalisco,Guadalajara,14039,129.7524260743047,131.71485679592487,129.7524260743047,Guadalajara,Jalisco,TRUE,FALSE,FALSE,0,4.873305657834493,0,3
14117,14,Jalisco,Guadalajara,14039,86.83298320031459,84.47079540245446,86.83298320031459,Guadalajara,Jalisco,TRUE,FALSE,FALSE,0,4.475437092971182,2,4
14118,14,Jalisco,Guadalajara,14039,68.1106434531558,65.6919552027147,68.1106434531558,Guadalajara,Jalisco,TRUE,FALSE,FALSE,0,4.235708748625085,1,4
14017,14,Jalisco,Guadalajara,14039,131.33054856676807,133.5877616943438,115.87505732962643,Colima,Colima,FALSE,FALSE,FALSE,15.455491237141644,4.885302948221602,0,3
14119,14,Jalisco,Guadalajara,14039,52.125235754931595,54.490675885410674,52.125235754931595,Guadalajara,Jalisco,TRUE,FALSE,FALSE,0,3.972652064974623,1,3
14120,14,Jalisco,Guadalajara,14039,21.101328778192798,20.965453287479676,21.101328778192798,Guadalajara,Jalisco,TRUE,FALSE,TRUE,0,3.0956377324263102,1,4
14121,14,Jalisco,Guadalajara,14039,114.53330794891758,116.43895091307216,57.36459659889492,Colima,Colima,FALSE,FALSE,FALSE,57.16871135002266,4.749558868898291,1,2
14123,14,Jalisco,Guadalajara,14039,49.21681895985668,48.77811918461337,49.21681895985668,Guadalajara,Jalisco,TRUE,FALSE,TRUE,0,3.916350009625607,1,5
14069,14,Jalisco,Guadalajara,14039,106.74752284587406,107.74306765821446,106.74752284587406,Guadalajara,Jalisco,TRUE,FALSE,FALSE,0,4.679790738890112,0,3
14112,14,Jalisco,Guadalajara,14039,100.98194298091161,102.20586984041952,99.14501340014137,Colima,Colima,FALSE,FALSE,FALSE,1.8369295807702457,4.624795768013776,1,3
14111,14,Jalisco,Guadalajara,14039,83.97118865582117,81.7201455683662,83.97118865582117,Guadalajara,Jalisco,TRUE,FALSE,FALSE,0,4.442312242041072,2,4
14079,14,Jalisco,Guadalajara,14039,88.84875282112692,90.8730108877957,74.70770956890277,Colima,Colima,FALSE,FALSE,FALSE,14.14104325222415,4.498127732455734,2,2
14078,14,Jalisco,Guadalajara,14039,106.98651144447604,104.93330208090342,98.85718182940867,Aguascalientes,Aguascalientes,FALSE,FALSE,FALSE,8.129329615067363,4.682006325291681,1,6
14077,14,Jalisco,Guadalajara,14039,62.162894781410394,64.26803245637808,62.162894781410394,Guadalajara,Jalisco,TRUE,FALSE,FALSE,0,4.145717020848411,1,3
14075,14,Jalisco,Guadalajara,14039,93.33639159731348,94.44979577989905,93.33639159731348,Guadalajara,Jalisco,TRUE,FALSE,FALSE,0,4.5468670282091255,1,3
14098,14,Jalisco,Guadalajara,14039,7.492184742117967,9.476410327896728,7.492184742117967,Guadalajara,Jalisco,TRUE,FALSE,TRUE,0,2.1391462984463416,1,4
14105,14,Jalisco,Guadalajara,14039,63.52368480533812,62.4560944879445,63.52368480533812,Guadalajara,Jalisco,TRUE,FALSE,FALSE,0,4.167032362682312,1,5
14104,14,Jalisco,Guadalajara,14039,143.7051409348217,141.96039556753146,122.30395003064451,Aguascalientes,Aguascalientes,FALSE,FALSE,FALSE,21.4011909041772,4.974698161235916,0,4
14103,14,Jalisco,Guadalajara,14039,136.74325892826653,138.84287353453664,28.616552512527058,Colima,Colima,FALSE,FALSE,FALSE,108.12670641573948,4.9253915098356895,1,2
14024,14,Jalisco,Guadalajara,14039,57.58767388942136,59.85517611816296,57.58767388942136,Guadalajara,Jalisco,TRUE,FALSE,FALSE,0,4.070524331273801,1,3
14102,14,Jalisco,Guadalajara,14039,109.26705477252749,111.68252129458408,70.54551696572413,Colima,Colima,FALSE,FALSE,FALSE,38.721537806803354,4.702905194177719,1,2
14100,14,Jalisco,Guadalajara,14039,203.18419403694554,205.27257614317708,170.42554546560578,Tepic,Nayarit,FALSE,FALSE,FALSE,32.75864857133976,5.319022498410237,0,2
14099,14,Jalisco,Guadalajara,14039,136.2289502451469,138.59847284174018,40.27324660459679,Colima,Colima,FALSE,FALSE,FALSE,95.95570364055011,4.921650700650497,1,2
14093,14,Jalisco,Guadalajara,14039,67.36657899116236,65.45148616500133,67.36657899116236,Guadalajara,Jalisco,TRUE,FALSE,FALSE,0,4.224884093978818,1,3
14124,14,Jalisco,Guadalajara,14039,31.33519474679561,30.067659717768713,31.33519474679561,Guadalajara,Jalisco,TRUE,FALSE,TRUE,0,3.4761562576667377,1,4
14115,14,Jalisco,Guadalajara,14039,154.78820804568232,153.28048678569598,137.17432055944195,Tepic,Nayarit,FALSE,FALSE,FALSE,17.613887486240372,5.048497444087572,0,4
14021,14,Jalisco,Guadalajara,14039,164.9908440381485,167.39180714870162,87.56549438535419,Colima,Colima,FALSE,FALSE,FALSE,77.42534965279432,5.111932630438678,1,2
14070,14,Jalisco,Guadalajara,14039,17.152388123579087,17.84711570871221,17.152388123579087,Guadalajara,Jalisco,TRUE,FALSE,TRUE,0,2.898802129112057,1,3
14020,14,Jalisco,Guadalajara,14039,216.62551436427955,218.4037428510545,138.65835468747554,Tepic,Nayarit,FALSE,FALSE,FALSE,77.96715967680402,5.382775761620446,0,1
14018,14,Jalisco,Guadalajara,14039,91.85347274786271,91.1530531609328,91.85347274786271,Guadalajara,Jalisco,TRUE,FALSE,FALSE,0,4.53102268879948,1,5
14051,14,Jalisco,Guadalajara,14039,29.649514132991293,29.879827117213196,29.649514132991293,Guadalajara,Jalisco,TRUE,FALSE,TRUE,0,3.4226168101518857,1,3
14044,14,Jalisco,Guadalajara,14039,33.01861933244382,34.115296933190564,33.01861933244382,Guadalajara,Jalisco,TRUE,FALSE,TRUE,0,3.5269080021478025,1,3
14039,14,Jalisco,Guadalajara,14039,2.4190812406898057,0,2.4190812406898057,Guadalajara,Jalisco,TRUE,TRUE,TRUE,0,1.2293718719103433,1,4
14022,14,Jalisco,Guadalajara,14039,201.71139608631137,204.12737915273814,93.48149232701729,Colima,Colima,FALSE,FALSE,FALSE,108.22990375929407,5.311783273319677,1,1
14016,14,Jalisco,Guadalajara,14039,106.22265173481202,105.10156471455137,106.22265173481202,Guadalajara,Jalisco,TRUE,FALSE,FALSE,0,4.674907529811643,0,5
14080,14,Jalisco,Guadalajara,14039,154.58129032975518,155.80535046649894,72.16983555922565,Tepic,Nayarit,FALSE,FALSE,FALSE,82.41145477052953,5.047168362417942,1,2
14125,14,Jalisco,Guadalajara,14039,88.24193135141823,86.52134204477296,88.24193135141823,Guadalajara,Jalisco,TRUE,FALSE,FALSE,0,4.491351011546842,1,4
14072,14,Jalisco,Guadalajara,14039,141.6410086373585,139.7308706531586,79.48138666333183,Guanajuato,Guanajuato,FALSE,FALSE,FALSE,62.15962197402668,4.9603310447396325,1,6
14066,14,Jalisco,Guadalajara,14039,63.80205867587383,64.01477271481492,63.80205867587383,Guadalajara,Jalisco,TRUE,FALSE,FALSE,0,4.171337372542994,1,5
14110,14,Jalisco,Guadalajara,14039,119.54392487623618,121.89209225940594,99.55174956315092,Colima,Colima,FALSE,FALSE,FALSE,19.992175313085255,4.792014208303272,1,3
14092,14,Jalisco,Guadalajara,14039,60.698299064492744,62.61064437295664,60.698299064492744,Guadalajara,Jalisco,TRUE,FALSE,FALSE,0,4.1222563626949205,1,2
14091,14,Jalisco,Guadalajara,14039,122.29808960284255,119.88471576711532,52.14033896588864,Aguascalientes,Aguascalientes,FALSE,FALSE,FALSE,70.15775063695392,4.814604916156046,1,5
14002,14,Jalisco,Guadalajara,14039,37.34556066949516,39.741953315653085,37.34556066949516,Guadalajara,Jalisco,TRUE,FALSE,TRUE,0,3.646638762820584,1,3
14003,14,Jalisco,Guadalajara,14039,61.00264771122722,62.339707442050546,61.00264771122722,Guadalajara,Jalisco,TRUE,FALSE,FALSE,0,4.127177089153052,1,3
14005,14,Jalisco,Guadalajara,14039,43.48046816505793,43.94244486108519,43.48046816505793,Guadalajara,Jalisco,TRUE,FALSE,TRUE,0,3.795050175180505,1,4
14109,14,Jalisco,Guadalajara,14039,150.29906253747498,148.21394403240788,78.01269553319871,Guanajuato,Guanajuato,FALSE,FALSE,FALSE,72.28636700427627,5.019258424724057,2,7
14108,14,Jalisco,Guadalajara,14039,130.75901037565203,132.78781663541022,38.05893798410324,Colima,Colima,FALSE,FALSE,FALSE,92.70007239154879,4.880974575031009,1,2
14088,14,Jalisco,Guadalajara,14039,82.8060139703439,85.08792072061493,82.8060139703439,Guadalajara,Jalisco,TRUE,FALSE,FALSE,0,4.4285047706688925,1,3
14090,14,Jalisco,Guadalajara,14039,101.90298641763077,104.20344512059978,101.90298641763077,Guadalajara,Jalisco,TRUE,FALSE,FALSE,0,4.633786664941995,0,3
14071,14,Jalisco,Guadalajara,14039,45.579005242298315,44.35061319690144,45.579005242298315,Guadalajara,Jalisco,TRUE,FALSE,TRUE,0,3.8411499083307374,1,3
14068,14,Jalisco,Guadalajara,14039,171.08360409378741,173.37625889958346,121.52035869300657,Colima,Colima,FALSE,FALSE,FALSE,49.56324540078084,5.147980429032263,0,3
14067,14,Jalisco,Guadalajara,14039,186.76733854956595,188.21878105539443,92.73775304294564,Tepic,Nayarit,FALSE,FALSE,FALSE,94.02958550662031,5.235203635512501,1,2
14114,14,Jalisco,Guadalajara,14039,47.771361471431405,50.12943780160348,47.771361471431405,Guadalajara,Jalisco,TRUE,FALSE,TRUE,0,3.887143285498632,1,3
14107,14,Jalisco,Guadalajara,14039,59.523119360379155,60.96269024642184,59.523119360379155,Guadalajara,Jalisco,TRUE,FALSE,FALSE,0,4.103025430228679,1,2
14106,14,Jalisco,Guadalajara,14039,129.29019630168557,131.70150609075347,58.032990875152684,Colima,Colima,FALSE,FALSE,FALSE,71.25720542653289,4.869764241865679,1,2
14025,14,Jalisco,Guadalajara,14039,157.94610254922563,155.99245532277618,103.88716606104413,Zacatecas,Zacatecas,FALSE,FALSE,FALSE,54.0589364881815,5.0685651670764855,0,4
14027,14,Jalisco,Guadalajara,14039,168.13637712353292,170.55470832474836,64.96922870875817,Colima,Colima,FALSE,FALSE,FALSE,103.16714841477476,5.130705354729697,1,2
14028,14,Jalisco,Guadalajara,14039,130.99785039321006,133.120520142571,130.99785039321006,Guadalajara,Jalisco,TRUE,FALSE,FALSE,0,4.882785637553846,0,3
14011,14,Jalisco,Guadalajara,14039,103.12198963226,105.21220424200378,103.12198963226,Guadalajara,Jalisco,TRUE,FALSE,FALSE,0,4.645563188974331,0,3
14064,14,Jalisco,Guadalajara,14039,211.21575610701964,208.87507135651737,59.8262697469653,Aguascalientes,Aguascalientes,FALSE,FALSE,FALSE,151.38948636005435,5.357603474634613,3,5
14032,14,Jalisco,Guadalajara,14039,84.36202650740077,86.77826066465259,84.36202650740077,Guadalajara,Jalisco,TRUE,FALSE,FALSE,0,4.446901347426321,2,3
14030,14,Jalisco,Guadalajara,14039,47.17429856966713,48.46325086575959,47.17429856966713,Guadalajara,Jalisco,TRUE,FALSE,TRUE,0,3.8748256541460067,1,2
14029,14,Jalisco,Guadalajara,14039,46.30406714407897,43.90741165653436,46.30406714407897,Guadalajara,Jalisco,TRUE,FALSE,TRUE,0,3.8565962779340395,1,3
14094,14,Jalisco,Guadalajara,14039,66.97923089213461,66.60399936768059,66.97923089213461,Guadalajara,Jalisco,TRUE,FALSE,FALSE,0,4.219202230466614,1,3
14095,14,Jalisco,Guadalajara,14039,50.23568827453745,51.686569595032566,50.23568827453745,Guadalajara,Jalisco,TRUE,FALSE,FALSE,0,3.9364363258403308,1,3
14096,14,Jalisco,Guadalajara,14039,66.23769201988775,67.323315029699,66.23769201988775,Guadalajara,Jalisco,TRUE,FALSE,FALSE,0,4.208233983440425,1,2
14061,14,Jalisco,Guadalajara,14039,184.62294379376098,183.39646352109665,121.75777480167926,Tepic,Nayarit,FALSE,FALSE,FALSE,62.86516899208172,5.223717432290283,0,4
14060,14,Jalisco,Guadalajara,14039,90.8207872694316,88.40951415626064,83.38020640485912,Aguascalientes,Aguascalientes,FALSE,FALSE,FALSE,7.440580864572482,4.519838712836068,2,4
14059,14,Jalisco,Guadalajara,14039,89.2352133467175,90.57033627126617,89.2352133467175,Guadalajara,Jalisco,TRUE,FALSE,FALSE,0,4.502419742755981,2,3
14058,14,Jalisco,Guadalajara,14039,152.28536539236262,153.89132343827808,102.28569833046346,Tepic,Nayarit,FALSE,FALSE,FALSE,49.99966706189916,5.032301317474508,0,3
14057,14,Jalisco,Guadalajara,14039,74.66979570567936,75.98316647484666,74.66979570567936,Guadalajara,Jalisco,TRUE,FALSE,FALSE,0,4.3263790808967775,1,2
14056,14,Jalisco,Guadalajara,14039,135.62655573685683,136.80002127965196,97.90069216573977,Colima,Colima,FALSE,FALSE,FALSE,37.72586357111706,4.917251333343907,1,3
14054,14,Jalisco,Guadalajara,14039,119.51072855557572,121.9269784224622,76.56913082538446,Colima,Colima,FALSE,FALSE,FALSE,42.94159773019126,4.791738782623679,1,2
14085,14,Jalisco,Guadalajara,14039,108.66188395067812,110.3060560690273,75.10993953620992,Colima,Colima,FALSE,FALSE,FALSE,33.551944414468196,4.697401849754265,1,2
14084,14,Jalisco,Guadalajara,14039,171.3140413724368,173.20817463962288,132.9072677968383,Tepic,Nayarit,FALSE,FALSE,FALSE,38.40677357559849,5.149318633959455,0,3
14053,14,Jalisco,Guadalajara,14039,177.73230538656676,175.4660737346321,60.49506885590762,Aguascalientes,Aguascalientes,FALSE,FALSE,FALSE,117.23723653065915,5.185889185829819,2,6
14052,14,Jalisco,Guadalajara,14039,97.77686769951842,100.16749573054082,95.12293236457725,Colima,Colima,FALSE,FALSE,FALSE,2.653935334941167,4.592863444744539,2,3
14050,14,Jalisco,Guadalajara,14039,38.819008846441804,40.97548993039681,38.819008846441804,Guadalajara,Jalisco,TRUE,FALSE,TRUE,0,3.684344407478498,1,2
14031,14,Jalisco,Guadalajara,14039,122.46878227390089,121.0484039769238,122.46878227390089,Guadalajara,Jalisco,TRUE,FALSE,FALSE,0,4.815988349004905,0,4
14049,14,Jalisco,Guadalajara,14039,154.69634665863254,156.0367452785183,88.88803123636738,Colima,Colima,FALSE,FALSE,FALSE,65.80831542226515,5.047907614586715,1,3
14048,14,Jalisco,Guadalajara,14039,127.69748379581289,126.24917905231614,98.87069304662238,Guanajuato,Guanajuato,FALSE,FALSE,FALSE,28.826790749190508,4.857464563484874,1,5
14047,14,Jalisco,Guadalajara,14039,80.7687885564959,80.50603785375374,80.7687885564959,Guadalajara,Jalisco,TRUE,FALSE,FALSE,0,4.403895612807882,1,5
14046,14,Jalisco,Guadalajara,14039,106.6355193790933,104.34136708215368,79.13720489163683,Aguascalientes,Aguascalientes,FALSE,FALSE,FALSE,27.49831448745647,4.678750699008423,1,5
14045,14,Jalisco,Guadalajara,14039,29.195112292125216,26.839328775937123,29.195112292125216,Guadalajara,Jalisco,TRUE,FALSE,TRUE,0,3.407680066650953,1,4
14042,14,Jalisco,Guadalajara,14039,219.88479934539725,218.4541337433192,137.80704411519568,Zacatecas,Zacatecas,FALSE,FALSE,FALSE,82.07775523020157,5.397641295679022,0,4
14041,14,Jalisco,Guadalajara,14039,183.10305508757224,181.11383322154322,83.1481348176366,Zacatecas,Zacatecas,FALSE,FALSE,FALSE,99.95492026993564,5.215495682819278,1,4
14040,14,Jalisco,Guadalajara,14039,87.07634273261914,87.43893818994646,87.07634273261914,Guadalajara,Jalisco,TRUE,FALSE,FALSE,0,4.478203969443129,2,2
14038,14,Jalisco,Guadalajara,14039,111.23922845732234,112.70813722472464,103.2682858395996,Tepic,Nayarit,FALSE,FALSE,FALSE,7.970942617722741,4.720632561726766,0,3
14037,14,Jalisco,Guadalajara,14039,129.252087583802,131.66264208948283,78.67123114816664,Colima,Colima,FALSE,FALSE,FALSE,50.580856435635354,4.869471708019832,1,2
14036,14,Jalisco,Guadalajara,14039,80.85607241056415,82.14301123790518,80.85607241056415,Guadalajara,Jalisco,TRUE,FALSE,FALSE,0,4.404962490565106,1,3
14035,14,Jalisco,Guadalajara,14039,155.19492355368376,152.82988354626121,37.7191238745258,Aguascalientes,Aguascalientes,FALSE,FALSE,FALSE,117.47579967915797,5.051104737221147,1,5
14034,14,Jalisco,Guadalajara,14039,112.20194332046454,114.6130739065816,82.60882629844428,Colima,Colima,FALSE,FALSE,FALSE,29.59311702202025,4.729173332763642,1,3
14033,14,Jalisco,Guadalajara,14039,124.90240290616632,123.79909106724831,113.561893557068,Guanajuato,Guanajuato,FALSE,FALSE,FALSE,11.340509349098312,4.835507026699514,0,5
14010,14,Jalisco,Guadalajara,14039,66.78823636390358,69.20633465637984,66.78823636390358,Guadalajara,Jalisco,TRUE,FALSE,FALSE,0,4.216388674935449,1,3
14013,14,Jalisco,Guadalajara,14039,85.05110832881454,83.86648230651043,85.05110832881454,Guadalajara,Jalisco,TRUE,FALSE,FALSE,0,4.454941402630552,1,5
14089,14,Jalisco,Guadalajara,14039,66.71448719585749,69.02489127608445,66.71448719585749,Guadalajara,Jalisco,TRUE,FALSE,FALSE,0,4.215300148101586,2,2
14026,14,Jalisco,Guadalajara,14039,75.51475036850965,77.17897681129685,75.51475036850965,Guadalajara,Jalisco,TRUE,FALSE,FALSE,0,4.33748353752065,2,2
14083,14,Jalisco,Guadalajara,14039,34.98783834409638,36.81085491624586,34.98783834409638,Guadalajara,Jalisco,TRUE,FALSE,TRUE,0,3.5831810576057035,1,3
14082,14,Jalisco,Guadalajara,14039,91.58870065534049,93.83645655298902,69.4135214937213,Colima,Colima,FALSE,FALSE,FALSE,22.175179161619184,4.5281671110462325,2,2
14081,14,Jalisco,Guadalajara,14039,169.8665304303101,167.82853120269888,88.3241950088618,Zacatecas,Zacatecas,FALSE,FALSE,FALSE,81.54233542144829,5.140882727936007,2,4
14009,14,Jalisco,Guadalajara,14039,35.736482694077516,36.67887133958884,35.736482694077516,Guadalajara,Jalisco,TRUE,FALSE,TRUE,0,3.603770340149038,1,4
14008,14,Jalisco,Guadalajara,14039,109.48968171104735,107.80590071918374,109.48968171104735,Guadalajara,Jalisco,TRUE,FALSE,FALSE,0,4.704922138417227,0,5
14007,14,Jalisco,Guadalajara,14039,70.01200093750651,71.04982569696357,70.01200093750651,Guadalajara,Jalisco,TRUE,FALSE,FALSE,0,4.262848890046637,1,3
14006,14,Jalisco,Guadalajara,14039,77.01694081103699,78.82636513640999,77.01694081103699,Guadalajara,Jalisco,TRUE,FALSE,FALSE,0,4.356925992992373,1,3
14004,14,Jalisco,Guadalajara,14039,78.11598121449823,80.43517175110661,78.11598121449823,Guadalajara,Jalisco,TRUE,FALSE,FALSE,0,4.370914892476623,2,2
14001,14,Jalisco,Guadalajara,14039,47.25076612149201,45.33819216748483,47.25076612149201,Guadalajara,Jalisco,TRUE,FALSE,TRUE,0,3.8764117058245757,1,4
15021,15,México,Toluca de Lerdo,15106,41.183170371936924,41.06799967828755,41.183170371936924,Toluca de Lerdo,México,TRUE,FALSE,TRUE,0,3.742021335145358,3,9
15011,15,México,Toluca de Lerdo,15106,77.86097914902317,78.77123990198176,21.737759544580964,Ciudad de México,Ciudad de México,FALSE,FALSE,FALSE,56.1232196044422,4.367686544667393,6,7
15004,15,México,Toluca de Lerdo,15106,55.3180695472848,55.154165206713465,55.3180695472848,Toluca de Lerdo,México,TRUE,FALSE,FALSE,0,4.031015434758158,2,8
15002,15,México,Toluca de Lerdo,15106,85.85677937842846,86.70587055405502,31.49733573722535,Ciudad de México,Ciudad de México,FALSE,FALSE,FALSE,54.35944364120311,4.464260548114267,6,7
15034,15,México,Toluca de Lerdo,15106,102.84921642287256,103.9616435504196,50.9769211462896,Cuernavaca,Morelos,FALSE,FALSE,FALSE,51.87229527658296,4.6429400050155865,4,7
15030,15,México,Toluca de Lerdo,15106,84.87474858351018,85.79414789759947,28.386012182038034,Ciudad de México,Ciudad de México,FALSE,FALSE,FALSE,56.48873640147215,4.45288982283529,6,7
15068,15,México,Toluca de Lerdo,15106,95.38332616236113,96.49863823650891,45.922799837969755,Cuernavaca,Morelos,FALSE,FALSE,FALSE,49.460526324391374,4.568333221535573,5,7
15082,15,México,Toluca de Lerdo,15106,74.48260024377628,73.81376644512827,74.48260024377628,Toluca de Lerdo,México,TRUE,FALSE,FALSE,0,4.323902169347578,1,6
15028,15,México,Toluca de Lerdo,15106,86.68853486166665,87.59851839818961,30.380967411396316,Ciudad de México,Ciudad de México,FALSE,FALSE,FALSE,56.30756745027034,4.473791159494157,6,7
15019,15,México,Toluca de Lerdo,15106,22.56185982809054,23.66633553912389,22.56185982809054,Toluca de Lerdo,México,TRUE,FALSE,TRUE,0,3.159629295739537,3,9
15118,15,México,Toluca de Lerdo,15106,17.187794072429423,16.407824185789885,17.187794072429423,Toluca de Lerdo,México,TRUE,FALSE,TRUE,0,2.900750713731823,3,9
15094,15,México,Toluca de Lerdo,15106,91.14833449565182,92.26121483317414,40.97962411432668,Cuernavaca,Morelos,FALSE,FALSE,FALSE,50.16871038132514,4.523399610112583,5,7
15074,15,México,Toluca de Lerdo,15106,52.36342383663813,51.450533903995975,52.36342383663813,Toluca de Lerdo,México,TRUE,FALSE,FALSE,0,3.97712556440343,2,8
15036,15,México,Toluca de Lerdo,15106,98.24757691812795,98.76522110091504,32.37006124615557,Pachuca de Soto,Hidalgo,FALSE,FALSE,FALSE,65.87751567197238,4.597617505346131,3,7
15041,15,México,Toluca de Lerdo,15106,65.2799597425805,64.21772505556586,65.2799597425805,Toluca de Lerdo,México,TRUE,FALSE,FALSE,0,4.193887585174057,1,6
15085,15,México,Toluca de Lerdo,15106,79.92178702344806,79.14510745380447,79.92178702344806,Toluca de Lerdo,México,TRUE,FALSE,FALSE,0,4.3934830958847675,2,8
15096,15,México,Toluca de Lerdo,15106,85.9580437424202,86.40743403032336,46.0980698465944,Pachuca de Soto,Hidalgo,FALSE,FALSE,FALSE,39.8599738958258,4.465425746497589,3,7
15104,15,México,Toluca de Lerdo,15106,58.065447749413245,58.88620955816883,12.739481093838384,Ciudad de México,Ciudad de México,FALSE,FALSE,FALSE,45.32596665557486,4.078646112993324,4,7
15076,15,México,Toluca de Lerdo,15106,12.338203323811683,13.455118316646862,12.338203323811683,Toluca de Lerdo,México,TRUE,FALSE,TRUE,0,2.59063234804442,3,9
15010,15,México,Toluca de Lerdo,15106,93.19581735160929,93.58635629280248,42.442156190640596,Pachuca de Soto,Hidalgo,FALSE,FALSE,FALSE,50.7536611609687,4.545375778808942,3,7
15023,15,México,Toluca de Lerdo,15106,71.35862598940294,71.83700691103384,40.56561791796032,Ciudad de México,Ciudad de México,FALSE,FALSE,FALSE,30.79300807144262,4.281634671808984,4,7
15025,15,México,Toluca de Lerdo,15106,86.63104280017285,87.72503170723743,37.28949757406315,Ciudad de México,Ciudad de México,FALSE,FALSE,FALSE,49.3415452261097,4.4731353050331615,6,6
15103,15,México,Toluca de Lerdo,15106,97.42517532718979,98.5282282478685,48.76849553771908,Ciudad de México,Ciudad de México,FALSE,FALSE,FALSE,48.65667978947071,4.589296618156026,6,7
15100,15,México,Toluca de Lerdo,15106,83.0082386655733,83.88482755589342,27.777546059818967,Ciudad de México,Ciudad de México,FALSE,FALSE,FALSE,55.230692605754335,4.430914873385912,6,7
15040,15,México,Toluca de Lerdo,15106,48.92337634625698,49.13679445168747,48.92337634625698,Toluca de Lerdo,México,TRUE,FALSE,TRUE,0,3.910489356915385,3,8
15107,15,México,Toluca de Lerdo,15106,56.629213527390675,56.962629417738036,46.42105852711099,Cuernavaca,Morelos,FALSE,FALSE,FALSE,10.208155000279682,4.054029618424875,3,8
15052,15,México,Toluca de Lerdo,15106,48.75495790129036,49.42375775994061,28.198711276999905,Cuernavaca,Morelos,FALSE,FALSE,TRUE,20.556246624290456,3.907110114946586,3,8
15109,15,México,Toluca de Lerdo,15106,64.97188896032124,65.70735127873556,21.385635031078216,Ciudad de México,Ciudad de México,FALSE,FALSE,FALSE,43.58625392924302,4.1892287264510575,4,7
15012,15,México,Toluca de Lerdo,15106,20.975509684916908,22.00543116351723,20.975509684916908,Toluca de Lerdo,México,TRUE,FALSE,TRUE,0,3.0899286371551415,3,9
15014,15,México,Toluca de Lerdo,15106,60.43709049851991,59.82437397299924,60.43709049851991,Toluca de Lerdo,México,TRUE,FALSE,FALSE,0,4.118013732550806,2,9
15003,15,México,Toluca de Lerdo,15106,92.64285903792934,92.15753101959982,77.96884341048188,Santiago de Querétaro,Querétaro,FALSE,FALSE,FALSE,14.67401562744746,4.5394881743856725,2,8
15015,15,México,Toluca de Lerdo,15106,102.80471607681383,103.92212779970042,53.58134903824613,Puebla de Zaragoza,Puebla,FALSE,FALSE,FALSE,49.2233670385677,4.642511403965712,4,8
15016,15,México,Toluca de Lerdo,15106,116.49204140702878,117.3371639410966,39.148497571247084,Pachuca de Soto,Hidalgo,FALSE,FALSE,FALSE,77.3435438357817,4.766370598584112,4,7
15005,15,México,Toluca de Lerdo,15106,21.92264078981617,20.874368117122064,21.92264078981617,Toluca de Lerdo,México,TRUE,FALSE,TRUE,0,3.1321251029152553,3,8
15024,15,México,Toluca de Lerdo,15106,68.93922666392076,69.56791448789023,30.331650393355236,Ciudad de México,Ciudad de México,FALSE,FALSE,FALSE,38.60757627056553,4.24762667443828,4,7
15008,15,México,Toluca de Lerdo,15106,91.35647514644883,90.80201147416366,91.35647514644883,Toluca de Lerdo,México,TRUE,FALSE,FALSE,0,4.525655819470978,1,5
15007,15,México,Toluca de Lerdo,15106,34.974158252143525,33.94123791183856,34.974158252143525,Toluca de Lerdo,México,TRUE,FALSE,TRUE,0,3.5828008543660848,3,9
15120,15,México,Toluca de Lerdo,15106,83.68589565320055,84.28869180428796,42.063627024141304,Ciudad de México,Ciudad de México,FALSE,FALSE,FALSE,41.62226862905924,4.4389490665781235,4,7
15042,15,México,Toluca de Lerdo,15106,36.38575411516418,35.674629232072625,36.38575411516418,Toluca de Lerdo,México,TRUE,FALSE,TRUE,0,3.6212897258457115,3,8
15084,15,México,Toluca de Lerdo,15106,99.86327230534873,100.57967975463762,33.562331621074556,Pachuca de Soto,Hidalgo,FALSE,FALSE,FALSE,66.30094068427417,4.613765860157071,4,7
15047,15,México,Toluca de Lerdo,15106,32.3748501753498,32.166625961390146,32.3748501753498,Toluca de Lerdo,México,TRUE,FALSE,TRUE,0,3.5078026275822416,3,8
15022,15,México,Toluca de Lerdo,15106,84.20988977924374,85.311972211248,36.94418896093303,Ciudad de México,Ciudad de México,FALSE,FALSE,FALSE,47.265700818310705,4.4451175043200015,6,7
15020,15,México,Toluca de Lerdo,15106,68.80534917034656,69.56938160832281,21.739542818977338,Ciudad de México,Ciudad de México,FALSE,FALSE,FALSE,47.06580635136922,4.24571064251028,5,7
15062,15,México,Toluca de Lerdo,15106,26.462062763910307,27.572208161885108,26.462062763910307,Toluca de Lerdo,México,TRUE,FALSE,TRUE,0,3.3128055163790804,3,9
15050,15,México,Toluca de Lerdo,15106,82.0112587774902,83.12893371287707,38.24136965562605,Cuernavaca,Morelos,FALSE,FALSE,FALSE,43.769889121864146,4.418976246518819,5,7
15061,15,México,Toluca de Lerdo,15106,113.77582017774976,114.56820442864891,32.202157944183625,Pachuca de Soto,Hidalgo,FALSE,FALSE,FALSE,81.57366223356614,4.742980836071416,3,8
15101,15,México,Toluca de Lerdo,15106,25.1734434277564,26.218764241976494,25.1734434277564,Toluca de Lerdo,México,TRUE,FALSE,TRUE,0,3.2647452870898013,3,9
15057,15,México,Toluca de Lerdo,15106,43.02438619236939,43.86063687513584,17.19208299057025,Ciudad de México,Ciudad de México,FALSE,FALSE,TRUE,25.832303201799142,3.7847437120333867,4,8
15105,15,México,Toluca de Lerdo,15106,103.94600701273016,103.51692657630764,103.94600701273016,Toluca de Lerdo,México,TRUE,FALSE,FALSE,0,4.653445998975251,0,5
15106,15,México,Toluca de Lerdo,15106,1.1177835979838286,0,1.1177835979838286,Toluca de Lerdo,México,TRUE,TRUE,TRUE,0,0.7503700691470496,3,9
15116,15,México,Toluca de Lerdo,15106,67.81048093064851,66.91659062768512,67.81048093064851,Toluca de Lerdo,México,TRUE,FALSE,FALSE,0,4.231356072445138,1,7
15097,15,México,Toluca de Lerdo,15106,49.03363023696395,48.60972824029565,49.03363023696395,Toluca de Lerdo,México,TRUE,FALSE,TRUE,0,3.9126953840702345,2,9
15079,15,México,Toluca de Lerdo,15106,85.05221139568538,84.97046049194113,78.91029349949874,Pachuca de Soto,Hidalgo,FALSE,FALSE,FALSE,6.141917896186641,4.454954221289397,3,8
15119,15,México,Toluca de Lerdo,15106,55.354411381488234,55.85118377780651,37.53749037417183,Cuernavaca,Morelos,FALSE,FALSE,FALSE,17.816921007316402,4.0316605228074165,3,8
15081,15,México,Toluca de Lerdo,15106,83.6401621471571,84.39609424764711,33.75757737433095,Ciudad de México,Ciudad de México,FALSE,FALSE,FALSE,49.88258477282615,4.438408883835436,5,7
15035,15,México,Toluca de Lerdo,15106,72.00952947552695,72.4177226785832,44.86803913062478,Ciudad de México,Ciudad de México,FALSE,FALSE,FALSE,27.141490344902166,4.290589973389331,4,7
15064,15,México,Toluca de Lerdo,15106,70.87462574762851,69.98368593813098,70.87462574762851,Toluca de Lerdo,México,TRUE,FALSE,FALSE,0,4.274923292114441,2,8
15083,15,México,Toluca de Lerdo,15106,81.92702252835323,83.03714328969637,37.537097298806366,Ciudad de México,Ciudad de México,FALSE,FALSE,FALSE,44.38992522954687,4.417960974386195,5,7
15102,15,México,Toluca de Lerdo,15106,67.02985890144791,66.65494510445899,67.02985890144791,Toluca de Lerdo,México,TRUE,FALSE,FALSE,0,4.219946710291139,2,8
15087,15,México,Toluca de Lerdo,15106,21.925629272634485,21.951254752169202,21.925629272634485,Toluca de Lerdo,México,TRUE,FALSE,TRUE,0,3.1322554669537883,3,8
15066,15,México,Toluca de Lerdo,15106,72.63236349226665,71.67513565924911,72.63236349226665,Toluca de Lerdo,México,TRUE,FALSE,FALSE,0,4.299084650448043,1,7
15108,15,México,Toluca de Lerdo,15106,70.72803251574183,71.42296125686534,27.33484002958327,Ciudad de México,Ciudad de México,FALSE,FALSE,FALSE,43.39319248615856,4.272881640733049,4,7
15089,15,México,Toluca de Lerdo,15106,83.9881389017696,85.10309803833027,41.51753997205459,Ciudad de México,Ciudad de México,FALSE,FALSE,FALSE,42.47059892971501,4.442511704421257,5,7
15051,15,México,Toluca de Lerdo,15106,19.94295847462777,20.90367074118136,19.94295847462777,Toluca de Lerdo,México,TRUE,FALSE,TRUE,0,3.041802478873898,3,9
15046,15,México,Toluca de Lerdo,15106,36.4988474581232,37.15417286376653,28.117959633097836,Ciudad de México,Ciudad de México,FALSE,FALSE,TRUE,8.380887825025365,3.6243101980540042,4,8
15037,15,México,Toluca de Lerdo,15106,34.73420064787118,35.69221590641948,22.279789865099303,Ciudad de México,Ciudad de México,FALSE,FALSE,TRUE,12.454410782771873,3.5761082315361015,4,8
15038,15,México,Toluca de Lerdo,15106,36.57686929485628,37.03437851854584,34.943507428432916,Ciudad de México,Ciudad de México,FALSE,FALSE,TRUE,1.633361866423364,3.626388682767731,4,8
15039,15,México,Toluca de Lerdo,15106,92.22316258999517,93.28548297426262,38.45926027207767,Ciudad de México,Ciudad de México,FALSE,FALSE,FALSE,53.7639023179175,4.5349962164578885,6,7
15017,15,México,Toluca de Lerdo,15106,90.06820582032195,91.18459439431285,47.54039465938458,Ciudad de México,Ciudad de México,FALSE,FALSE,FALSE,42.52781116093737,4.511608740280156,5,7
15069,15,México,Toluca de Lerdo,15106,88.84616322545797,89.77326092358906,32.17700729316559,Ciudad de México,Ciudad de México,FALSE,FALSE,FALSE,56.669155932292384,4.49809891031957,6,7
15065,15,México,Toluca de Lerdo,15106,104.1924793902119,105.0823894311705,48.112330886657176,Ciudad de México,Ciudad de México,FALSE,FALSE,FALSE,56.080148503554724,4.655791809061973,5,7
15048,15,México,Toluca de Lerdo,15106,49.99054534864008,49.35874112112745,49.99054534864008,Toluca de Lerdo,México,TRUE,FALSE,TRUE,0,3.9316402302175604,2,8
15121,15,México,Toluca de Lerdo,15106,60.071711968370145,60.701956208134945,26.168452002152396,Ciudad de México,Ciudad de México,FALSE,FALSE,FALSE,33.903259966217746,4.112048779728491,4,7
15080,15,México,Toluca de Lerdo,15106,70.78909277074064,70.50821157598418,70.78909277074064,Toluca de Lerdo,México,TRUE,FALSE,FALSE,0,4.273732553243471,2,8
15071,15,México,Toluca de Lerdo,15106,104.33964549389431,103.8784366931401,70.65470098068744,Santiago de Querétaro,Querétaro,FALSE,FALSE,FALSE,33.68494451320687,4.657189848698283,1,8
15075,15,México,Toluca de Lerdo,15106,98.24141198767144,99.05577413598715,42.784693248853365,Pachuca de Soto,Hidalgo,FALSE,FALSE,FALSE,55.456718738818076,4.597555386731971,6,7
15072,15,México,Toluca de Lerdo,15106,19.385251187936753,20.175581227188744,19.385251187936753,Toluca de Lerdo,México,TRUE,FALSE,TRUE,0,3.014811658389891,3,9
15056,15,México,Toluca de Lerdo,15106,49.8398494822667,49.60471579530682,49.8398494822667,Toluca de Lerdo,México,TRUE,FALSE,TRUE,0,3.928680485700559,2,8
15067,15,México,Toluca de Lerdo,15106,22.084838759241983,22.54097212986595,22.084838759241983,Toluca de Lerdo,México,TRUE,FALSE,TRUE,0,3.1391760712796746,3,8
15088,15,México,Toluca de Lerdo,15106,37.11239916761912,37.66720990317586,36.8236703749508,Cuernavaca,Morelos,FALSE,FALSE,TRUE,0.28872879266831575,3.640539666659686,3,9
15070,15,México,Toluca de Lerdo,15106,74.87056278751936,75.91836474606797,21.146473581825433,Ciudad de México,Ciudad de México,FALSE,FALSE,FALSE,53.72408920569393,4.329028767109731,6,6
15078,15,México,Toluca de Lerdo,15106,68.38652075698637,67.376629499224,68.38652075698637,Toluca de Lerdo,México,TRUE,FALSE,FALSE,0,4.239692623244908,1,7
15111,15,México,Toluca de Lerdo,15106,51.41632598614898,50.299904200215394,51.41632598614898,Toluca de Lerdo,México,TRUE,FALSE,FALSE,0,3.9592181074219828,1,7
15112,15,México,Toluca de Lerdo,15106,50.94616365490215,51.09212486964324,48.18608188545743,Ciudad de México,Ciudad de México,FALSE,FALSE,FALSE,2.7600817694447173,3.950207867944546,4,8
15091,15,México,Toluca de Lerdo,15106,72.81676434574968,73.38053740763658,36.5482160497553,Ciudad de México,Ciudad de México,FALSE,FALSE,FALSE,36.26854829599438,4.301585864966192,4,7
15113,15,México,Toluca de Lerdo,15106,35.44416096362574,35.645565793390425,35.44416096362574,Toluca de Lerdo,México,TRUE,FALSE,TRUE,0,3.5957812525805735,3,9
15006,15,México,Toluca de Lerdo,15106,22.766874482870158,23.777859704622806,22.766874482870158,Toluca de Lerdo,México,TRUE,FALSE,TRUE,0,3.168292782733694,3,9
15123,15,México,Toluca de Lerdo,15106,87.73500065906616,86.89126600595694,87.73500065906616,Toluca de Lerdo,México,TRUE,FALSE,FALSE,0,4.485654407413881,1,6
15099,15,México,Toluca de Lerdo,15106,89.13259526216802,90.12455590295278,32.32720304598425,Ciudad de México,Ciudad de México,FALSE,FALSE,FALSE,56.805392216183776,4.501281866807794,6,6
15060,15,México,Toluca de Lerdo,15106,45.931823548163905,46.3692265208601,34.422627702404654,Ciudad de México,Ciudad de México,FALSE,FALSE,TRUE,11.509195845759251,3.8486959858203096,4,8
15122,15,México,Toluca de Lerdo,15106,74.35760577491641,75.44537538790854,25.9601729882636,Ciudad de México,Ciudad de México,FALSE,FALSE,FALSE,48.39743278665281,4.322244859260713,6,7
15044,15,México,Toluca de Lerdo,15106,77.91170666197361,78.55201424620402,35.565206014951734,Ciudad de México,Ciudad de México,FALSE,FALSE,FALSE,42.34650064702188,4.3683295902546275,4,7
15110,15,México,Toluca de Lerdo,15106,50.37600911200934,49.40274102903862,50.37600911200934,Toluca de Lerdo,México,TRUE,FALSE,FALSE,0,3.9391713147064022,2,8
15045,15,México,Toluca de Lerdo,15106,80.45509140595992,80.26668633038251,80.45509140595992,Toluca de Lerdo,México,TRUE,FALSE,FALSE,0,4.400051842682624,3,8
15098,15,México,Toluca de Lerdo,15106,23.856942468420552,24.79123087366839,23.856942468420552,Toluca de Lerdo,México,TRUE,FALSE,TRUE,0,3.2131370885114556,3,9
15115,15,México,Toluca de Lerdo,15106,25.40750902375452,26.087322294644512,25.40750902375452,Toluca de Lerdo,México,TRUE,FALSE,TRUE,0,3.273648402426928,3,8
15117,15,México,Toluca de Lerdo,15106,65.64180494629117,65.6538509878458,65.64180494629117,Toluca de Lerdo,México,TRUE,FALSE,FALSE,0,4.199332082520174,2,8
15124,15,México,Toluca de Lerdo,15106,62.468612691250236,61.42264642830325,62.468612691250236,Toluca de Lerdo,México,TRUE,FALSE,FALSE,0,4.150545495371133,1,7
15029,15,México,Toluca de Lerdo,15106,82.73031749809537,83.75645483600688,27.040742104232873,Ciudad de México,Ciudad de México,FALSE,FALSE,FALSE,55.6895753938625,4.42760112813672,6,6
15058,15,México,Toluca de Lerdo,15106,68.03654666046013,69.03543843558526,11.702887841829664,Ciudad de México,Ciudad de México,FALSE,FALSE,FALSE,56.33365881863047,4.234636026121787,6,7
15092,15,México,Toluca de Lerdo,15106,93.07375394104164,93.89967997288804,39.22309181439997,Ciudad de México,Ciudad de México,FALSE,FALSE,FALSE,53.85066212664167,4.544079091013535,6,7
15077,15,México,Toluca de Lerdo,15106,52.78022270435185,52.154156247854964,52.78022270435185,Toluca de Lerdo,México,TRUE,FALSE,FALSE,0,3.984905791857653,2,9
15055,15,México,Toluca de Lerdo,15106,11.963292691079747,12.91052769313699,11.963292691079747,Toluca de Lerdo,México,TRUE,FALSE,TRUE,0,2.5621217243246455,3,9
15054,15,México,Toluca de Lerdo,15106,8.815545463955331,9.874338939202701,8.815545463955331,Toluca de Lerdo,México,TRUE,FALSE,TRUE,0,2.283967400708449,3,9
15049,15,México,Toluca de Lerdo,15106,28.764331078934614,29.577117005986235,28.764331078934614,Toluca de Lerdo,México,TRUE,FALSE,TRUE,0,3.3933107329422603,3,9
15026,15,México,Toluca de Lerdo,15106,59.88430918183905,59.815818101257904,59.88430918183905,Toluca de Lerdo,México,TRUE,FALSE,FALSE,0,4.108975492616192,3,8
15001,15,México,Toluca de Lerdo,15106,78.35505535519873,77.78218735506542,78.35505535519873,Toluca de Lerdo,México,TRUE,FALSE,FALSE,0,4.373932154523374,3,8
15059,15,México,Toluca de Lerdo,15106,77.77401881105479,78.44960481651434,33.42738916496772,Ciudad de México,Ciudad de México,FALSE,FALSE,FALSE,44.34662964608707,4.36658323197776,5,7
15086,15,México,Toluca de Lerdo,15106,42.655206606709584,41.91245748040095,42.655206606709584,Toluca de Lerdo,México,TRUE,FALSE,TRUE,0,3.7763225559674023,3,9
15053,15,México,Toluca de Lerdo,15106,71.46814586558759,72.11814189560229,30.562117761461586,Ciudad de México,Ciudad de México,FALSE,FALSE,FALSE,40.906028104126,4.283147097939298,4,7
15090,15,México,Toluca de Lerdo,15106,23.51850978668499,23.95273765504479,23.51850978668499,Toluca de Lerdo,México,TRUE,FALSE,TRUE,0,3.199428333800433,3,9
15032,15,México,Toluca de Lerdo,15106,49.04948057761277,47.952578982275,49.04948057761277,Toluca de Lerdo,México,TRUE,FALSE,TRUE,0,3.913012127637702,1,7
15125,15,México,Toluca de Lerdo,15106,75.90818307892114,76.64392331586897,28.53245436500793,Ciudad de México,Ciudad de México,FALSE,FALSE,FALSE,47.37572871391321,4.342612282799808,5,7
15114,15,México,Toluca de Lerdo,15106,38.88878734831101,37.79097683063287,38.88878734831101,Toluca de Lerdo,México,TRUE,FALSE,TRUE,0,3.686095265563302,3,8
15093,15,México,Toluca de Lerdo,15106,98.17847522207738,99.11868164880322,41.303530353052764,Ciudad de México,Ciudad de México,FALSE,FALSE,FALSE,56.87494486902462,4.5969210070980555,6,7
15063,15,México,Toluca de Lerdo,15106,41.60137540627149,42.53003372969894,20.59180366729114,Cuernavaca,Morelos,FALSE,FALSE,TRUE,21.00957173898035,3.7518865392863203,3,7
15073,15,México,Toluca de Lerdo,15106,17.560277291869067,18.475415161098315,17.560277291869067,Toluca de Lerdo,México,TRUE,FALSE,TRUE,0,2.921023667541119,3,9
15033,15,México,Toluca de Lerdo,15106,71.28339433015475,72.13771671196501,18.086814759119193,Ciudad de México,Ciudad de México,FALSE,FALSE,FALSE,53.19657957103556,4.28059442547025,5,7
15013,15,México,Toluca de Lerdo,15106,50.177464240696935,50.88098941009655,20.67799478916384,Ciudad de México,Ciudad de México,FALSE,FALSE,FALSE,29.499469451533095,3.9352992836014478,4,7
15027,15,México,Toluca de Lerdo,15106,14.762102182185954,15.779144632542623,14.762102182185954,Toluca de Lerdo,México,TRUE,FALSE,TRUE,0,2.7576084627289923,3,9
15018,15,México,Toluca de Lerdo,15106,14.10208826264544,14.533662520770456,14.10208826264544,Toluca de Lerdo,México,TRUE,FALSE,TRUE,0,2.714833029798365,3,9
15009,15,México,Toluca de Lerdo,15106,100.27219126213589,101.38704708525037,54.43025690995957,Puebla de Zaragoza,Puebla,FALSE,FALSE,FALSE,45.841934352176324,4.617811854931131,4,8
15031,15,México,Toluca de Lerdo,15106,75.50342517187322,76.51646550082131,19.464659699875263,Ciudad de México,Ciudad de México,FALSE,FALSE,FALSE,56.038765471997955,4.337335513318727,6,7
15043,15,México,Toluca de Lerdo,15106,34.48534591720498,35.58890830946841,30.188654346826944,Cuernavaca,Morelos,FALSE,FALSE,TRUE,4.296691570378037,3.569119820195037,3,8
15095,15,México,Toluca de Lerdo,15106,60.26223768306458,60.70573482180961,37.00044328301252,Ciudad de México,Ciudad de México,FALSE,FALSE,FALSE,23.26179440005206,4.115163628374869,4,8
16074,16,Michoacán,Morelia,16053,182.48006527138952,173.91452150321368,77.8154671062118,Guadalajara,Jalisco,FALSE,FALSE,FALSE,104.66459816517772,5.212106025470076,1,4
16090,16,Michoacán,Morelia,16053,72.79954801034482,62.18569773863148,72.79954801034482,Morelia,Michoacán,TRUE,FALSE,FALSE,0,4.301352607066599,1,4
16002,16,Michoacán,Morelia,16053,194.23243712717942,183.7727972113909,113.53494947438942,Colima,Colima,FALSE,FALSE,FALSE,80.69748765279,5.274190833980926,0,2
16003,16,Michoacán,Morelia,16053,25.569070475156323,35.36016527211713,25.569070475156323,Morelia,Michoacán,TRUE,FALSE,TRUE,0,3.279747775161135,1,4
16004,16,Michoacán,Morelia,16053,74.46242919699488,69.96708892432308,74.46242919699488,Morelia,Michoacán,TRUE,FALSE,FALSE,0,4.323634905867936,1,4
16005,16,Michoacán,Morelia,16053,92.9048074337311,102.62674078242655,76.81132638241333,Toluca de Lerdo,México,FALSE,FALSE,FALSE,16.093481051317767,4.542281582281004,2,7
16006,16,Michoacán,Morelia,16053,154.73294538821594,144.33065638599882,140.72526617473767,Colima,Colima,FALSE,FALSE,FALSE,14.00767921347827,5.048142651756863,0,2
16007,16,Michoacán,Morelia,16053,82.57909023513412,92.43897732298977,82.57909023513412,Morelia,Michoacán,TRUE,FALSE,FALSE,0,4.425793372001616,2,7
16008,16,Michoacán,Morelia,16053,260.4773932320296,250.11390664377635,109.12680590792796,Colima,Colima,FALSE,FALSE,FALSE,151.35058732410164,5.566347829412403,0,1
16009,16,Michoacán,Morelia,16053,81.29156476625893,71.9444201243419,81.29156476625893,Morelia,Michoacán,TRUE,FALSE,FALSE,0,4.410268608703074,1,1
16096,16,Michoacán,Morelia,16053,188.4587578276896,178.5823326362234,148.86701217525714,Colima,Colima,FALSE,FALSE,FALSE,39.59174565243245,5.244171364042963,0,2
16097,16,Michoacán,Morelia,16053,88.42629256382794,82.42748440101869,88.42629256382794,Morelia,Michoacán,TRUE,FALSE,FALSE,0,4.493414739206995,1,2
16106,16,Michoacán,Morelia,16053,126.45435555782262,120.25294668156961,124.03035090472716,Guadalajara,Jalisco,FALSE,FALSE,FALSE,2.4240046530954658,4.8477583048778286,0,6
16107,16,Michoacán,Morelia,16053,68.64799801621716,59.91543457795282,68.64799801621716,Morelia,Michoacán,TRUE,FALSE,FALSE,0,4.243453956326958,1,4
16108,16,Michoacán,Morelia,16053,118.55459148573622,110.47884987778296,118.55459148573622,Morelia,Michoacán,TRUE,FALSE,FALSE,0,4.783773099571981,0,4
16109,16,Michoacán,Morelia,16053,101.36335911871981,95.25815448345021,101.36335911871981,Morelia,Michoacán,TRUE,FALSE,FALSE,0,4.628528827465908,0,5
16110,16,Michoacán,Morelia,16053,47.27359875057631,57.914821762591195,47.27359875057631,Morelia,Michoacán,TRUE,FALSE,TRUE,0,3.8768848014940565,2,6
16010,16,Michoacán,Morelia,16053,186.60730291098062,177.59504604099942,181.20005348000103,Colima,Colima,FALSE,FALSE,FALSE,5.40724943097959,5.234350963911357,0,2
16011,16,Michoacán,Morelia,16053,157.97918916912877,150.36939665668626,91.76690775516312,Guadalajara,Jalisco,FALSE,FALSE,FALSE,66.21228141396566,5.0687733079251975,1,5
16098,16,Michoacán,Morelia,16053,74.28051443892969,83.5028784845901,74.28051443892969,Morelia,Michoacán,TRUE,FALSE,FALSE,0,4.321221328927123,2,7
16031,16,Michoacán,Morelia,16053,105.59981543103454,116.17347220473343,49.76842606105047,Santiago de Querétaro,Querétaro,FALSE,FALSE,FALSE,55.83138936998407,4.669081780314059,1,7
16032,16,Michoacán,Morelia,16053,57.23297821580791,46.858730201446235,57.23297821580791,Morelia,Michoacán,TRUE,FALSE,FALSE,0,4.064451830270272,1,3
16077,16,Michoacán,Morelia,16053,128.46525986649644,128.48340078512666,128.46525986649644,Morelia,Michoacán,TRUE,FALSE,FALSE,0,4.863412581571304,0,5
16099,16,Michoacán,Morelia,16053,79.49223846981795,84.95771668176414,79.49223846981795,Morelia,Michoacán,TRUE,FALSE,FALSE,0,4.388160763252145,1,5
16001,16,Michoacán,Morelia,16053,30.67144753704957,23.087260340336346,30.67144753704957,Morelia,Michoacán,TRUE,FALSE,TRUE,0,3.4554155663910717,1,4
16043,16,Michoacán,Morelia,16053,121.01481041591177,112.26118487366695,121.01481041591177,Morelia,Michoacán,TRUE,FALSE,FALSE,0,4.804142434216991,0,4
16044,16,Michoacán,Morelia,16053,59.7451563909941,52.8316882892228,59.7451563909941,Morelia,Michoacán,TRUE,FALSE,FALSE,0,4.10668734885264,1,4
16045,16,Michoacán,Morelia,16053,166.772087862795,157.8030852478046,97.34940967802976,Guadalajara,Jalisco,FALSE,FALSE,FALSE,69.42267818476523,5.122606438497119,1,4
16012,16,Michoacán,Morelia,16053,156.41859130750288,145.7679504042866,119.70843240013416,Colima,Colima,FALSE,FALSE,FALSE,36.71015890736872,5.058908444049585,0,3
16013,16,Michoacán,Morelia,16053,82.24409939111436,81.1058071091327,82.24409939111436,Morelia,Michoacán,TRUE,FALSE,FALSE,0,4.421777248163764,1,4
16021,16,Michoacán,Morelia,16053,108.96131527081447,99.05213456508301,108.96131527081447,Morelia,Michoacán,TRUE,FALSE,FALSE,0,4.700128624582497,0,4
16020,16,Michoacán,Morelia,16053,31.736664418160917,38.779565625335934,31.736664418160917,Morelia,Michoacán,TRUE,FALSE,TRUE,0,3.4884956858169436,1,4
16019,16,Michoacán,Morelia,16053,158.51398882170972,148.79607676281705,120.18516968946281,Guadalajara,Jalisco,FALSE,FALSE,FALSE,38.328819132246906,5.072131622590456,0,3
16018,16,Michoacán,Morelia,16053,24.093065035152954,28.167272950366858,24.093065035152954,Morelia,Michoacán,TRUE,FALSE,TRUE,0,3.2225915145414783,1,4
16087,16,Michoacán,Morelia,16053,84.85629888703419,74.32417307432321,84.85629888703419,Morelia,Michoacán,TRUE,FALSE,FALSE,0,4.45267495549687,1,3
16086,16,Michoacán,Morelia,16053,135.4453558531954,128.5644478931546,113.7273201382314,Guadalajara,Jalisco,FALSE,FALSE,FALSE,21.71803571496399,4.915924211054389,0,5
16072,16,Michoacán,Morelia,16053,35.348419290880756,45.67285253563197,35.348419290880756,Morelia,Michoacán,TRUE,FALSE,TRUE,0,3.593150717226036,1,6
16067,16,Michoacán,Morelia,16053,86.54502327743525,80.40475239265656,86.54502327743525,Morelia,Michoacán,TRUE,FALSE,FALSE,0,4.472153212769332,1,4
16022,16,Michoacán,Morelia,16053,18.228643484505447,27.84508925015631,18.228643484505447,Morelia,Michoacán,TRUE,FALSE,TRUE,0,2.956401015485129,1,5
16079,16,Michoacán,Morelia,16053,63.33970720674939,53.01338045819941,63.33970720674939,Morelia,Michoacán,TRUE,FALSE,FALSE,0,4.1641769710816785,1,3
16078,16,Michoacán,Morelia,16053,40.305107440382116,48.19553846227785,40.305107440382116,Morelia,Michoacán,TRUE,FALSE,TRUE,0,3.7209861591582136,2,4
16075,16,Michoacán,Morelia,16053,126.58802369057402,116.54398101326204,126.58802369057402,Morelia,Michoacán,TRUE,FALSE,FALSE,0,4.848806508281389,0,4
16076,16,Michoacán,Morelia,16053,169.6599000988983,160.9824163787034,90.14198085635755,Guadalajara,Jalisco,FALSE,FALSE,FALSE,79.51791924254076,5.1396726877273835,1,4
16033,16,Michoacán,Morelia,16053,104.86123837519922,94.5536350520567,104.86123837519922,Morelia,Michoacán,TRUE,FALSE,FALSE,0,4.6621291645968155,0,2
16035,16,Michoacán,Morelia,16053,122.2998928226199,113.19340064223728,122.2998928226199,Morelia,Michoacán,TRUE,FALSE,FALSE,0,4.814619540929206,0,2
16036,16,Michoacán,Morelia,16053,33.914999093817855,36.29461431962991,33.914999093817855,Morelia,Michoacán,TRUE,FALSE,TRUE,0,3.552916510344049,1,4
16037,16,Michoacán,Morelia,16053,38.90046369714169,33.68876465533387,38.90046369714169,Morelia,Michoacán,TRUE,FALSE,TRUE,0,3.686387945310537,1,3
16038,16,Michoacán,Morelia,16053,115.89170749701597,113.30347145657676,115.89170749701597,Morelia,Michoacán,TRUE,FALSE,FALSE,0,4.761247929238335,0,2
16039,16,Michoacán,Morelia,16053,34.55691874453013,24.35402932394778,34.55691874453013,Morelia,Michoacán,TRUE,FALSE,TRUE,0,3.5711347574125156,1,4
16040,16,Michoacán,Morelia,16053,26.245402667808783,36.871575767611176,26.245402667808783,Morelia,Michoacán,TRUE,FALSE,TRUE,0,3.3048847974380053,1,5
16041,16,Michoacán,Morelia,16053,74.88842117778879,85.01735946169966,74.88842117778879,Morelia,Michoacán,TRUE,FALSE,FALSE,0,4.3292641191117704,3,7
16042,16,Michoacán,Morelia,16053,136.79806096389518,129.11387310282717,112.99990187330951,Guadalajara,Jalisco,FALSE,FALSE,FALSE,23.79815909058567,4.925789287100985,0,5
16049,16,Michoacán,Morelia,16053,39.56798722191758,37.55712972114455,39.56798722191758,Morelia,Michoacán,TRUE,FALSE,TRUE,0,3.7029792635133147,1,4
16050,16,Michoacán,Morelia,16053,81.5533017327059,92.15534122212523,77.2833141036812,Santiago de Querétaro,Querétaro,FALSE,FALSE,FALSE,4.269987629024698,4.413444166328322,2,7
16051,16,Michoacán,Morelia,16053,190.02471505145206,181.14367148192548,78.58996148198797,Guadalajara,Jalisco,FALSE,FALSE,FALSE,111.43475356946409,5.25240281785055,1,3
16052,16,Michoacán,Morelia,16053,217.77654480171117,209.02207722167034,191.11200222037996,Colima,Colima,FALSE,FALSE,FALSE,26.664542581331204,5.388050865540657,0,1
16053,16,Michoacán,Morelia,16053,10.651056251416986,0,10.651056251416986,Morelia,Michoacán,TRUE,TRUE,TRUE,0,2.4553968412595357,1,4
16014,16,Michoacán,Morelia,16053,276.0643168680906,265.41609100155506,56.65542717336236,Colima,Colima,FALSE,FALSE,FALSE,219.40888969472823,5.624249670094746,1,1
16015,16,Michoacán,Morelia,16053,229.14429212501494,218.61194213346604,91.68938228001574,Colima,Colima,FALSE,FALSE,FALSE,137.4549098449992,5.4387064692823,1,1
16016,16,Michoacán,Morelia,16053,47.506239113883694,39.06924769017508,47.506239113883694,Morelia,Michoacán,TRUE,FALSE,TRUE,0,3.8816924311932013,1,3
16017,16,Michoacán,Morelia,16053,105.96524344560153,116.58037772234964,71.979597867932,Santiago de Querétaro,Querétaro,FALSE,FALSE,FALSE,33.98564557766953,4.6725039540827895,2,7
16083,16,Michoacán,Morelia,16053,128.36747760113434,117.72714076483504,128.36747760113434,Morelia,Michoacán,TRUE,FALSE,FALSE,0,4.862657018183375,0,3
16082,16,Michoacán,Morelia,16053,56.58596963292604,48.843952799065434,56.58596963292604,Morelia,Michoacán,TRUE,FALSE,FALSE,0,4.053278955269046,1,4
16081,16,Michoacán,Morelia,16053,98.99348838925353,105.43229254198299,79.38338725061978,Toluca de Lerdo,México,FALSE,FALSE,FALSE,19.610101138633752,4.605105067760481,2,6
16056,16,Michoacán,Morelia,16053,72.94476163220679,62.77767977354725,72.94476163220679,Morelia,Michoacán,TRUE,FALSE,FALSE,0,4.303318350031236,1,5
16080,16,Michoacán,Morelia,16053,88.1144631830327,98.335224629435,87.51031968288589,Toluca de Lerdo,México,FALSE,FALSE,FALSE,0.6041435001468045,4.489921646590002,3,7
16057,16,Michoacán,Morelia,16053,67.20735600448512,63.6973685592576,67.20735600448512,Morelia,Michoacán,TRUE,FALSE,FALSE,0,4.2225524183363206,1,3
16034,16,Michoacán,Morelia,16053,53.78305314841389,63.14308990737197,53.78305314841389,Morelia,Michoacán,TRUE,FALSE,FALSE,0,4.003380897010066,1,6
16058,16,Michoacán,Morelia,16053,110.6662287232699,100.04346130648092,110.6662287232699,Morelia,Michoacán,TRUE,FALSE,FALSE,0,4.715514321268101,0,3
16059,16,Michoacán,Morelia,16053,92.92694398523035,82.93839261224547,92.92694398523035,Morelia,Michoacán,TRUE,FALSE,FALSE,0,4.542517288453518,1,2
16060,16,Michoacán,Morelia,16053,101.12045809270151,95.8642197117446,101.12045809270151,Morelia,Michoacán,TRUE,FALSE,FALSE,0,4.626153078190694,0,5
16062,16,Michoacán,Morelia,16053,148.2750849343703,140.32323548736292,102.75066013908604,Guadalajara,Jalisco,FALSE,FALSE,FALSE,45.524424795284276,5.005790811412096,0,5
16063,16,Michoacán,Morelia,16053,70.60755737114373,64.11026760887668,70.60755737114373,Morelia,Michoacán,TRUE,FALSE,FALSE,0,4.271200618272912,1,4
16064,16,Michoacán,Morelia,16053,128.6566754866125,118.2702280811431,128.6566754866125,Morelia,Michoacán,TRUE,FALSE,FALSE,0,4.864889999179143,0,2
16105,16,Michoacán,Morelia,16053,147.78178532094324,140.58560738343976,101.26677222189345,Guadalajara,Jalisco,FALSE,FALSE,FALSE,46.515013099049796,5.002480704428685,0,5
16065,16,Michoacán,Morelia,16053,92.70814351892244,82.62897653446879,92.70814351892244,Morelia,Michoacán,TRUE,FALSE,FALSE,0,4.540185096022008,1,4
16089,16,Michoacán,Morelia,16053,188.75227784023917,178.1018904535555,92.88851794596404,Colima,Colima,FALSE,FALSE,FALSE,95.86375989427513,5.245719420631825,1,3
16061,16,Michoacán,Morelia,16053,90.10852400907268,99.53422548129548,77.39643829984986,Toluca de Lerdo,México,FALSE,FALSE,FALSE,12.71208570922282,4.51205136749656,2,7
16055,16,Michoacán,Morelia,16053,127.1868895615828,117.12542858074008,127.1868895615828,Morelia,Michoacán,TRUE,FALSE,FALSE,0,4.853489273746821,0,2
16054,16,Michoacán,Morelia,16053,41.73110030862643,39.50401902017162,41.73110030862643,Morelia,Michoacán,TRUE,FALSE,TRUE,0,3.7549269995847907,1,3
16030,16,Michoacán,Morelia,16053,121.44052495592537,114.21273322788421,121.44052495592537,Morelia,Michoacán,TRUE,FALSE,FALSE,0,4.8076254015224915,0,6
16029,16,Michoacán,Morelia,16053,120.59958623510373,113.61267326912417,120.59958623510373,Morelia,Michoacán,TRUE,FALSE,FALSE,0,4.800733566854433,0,1
16028,16,Michoacán,Morelia,16053,104.55265657043127,97.71185510588217,104.55265657043127,Morelia,Michoacán,TRUE,FALSE,FALSE,0,4.659209942811624,0,6
16027,16,Michoacán,Morelia,16053,28.59467404155719,26.91025625207545,28.59467404155719,Morelia,Michoacán,TRUE,FALSE,TRUE,0,3.387594414112012,1,4
16026,16,Michoacán,Morelia,16053,255.12534275868256,244.48692485503096,62.68944405856195,Colima,Colima,FALSE,FALSE,FALSE,192.43589870012062,5.545666944805831,1,1
16025,16,Michoacán,Morelia,16053,96.61833787864097,87.3851683817059,96.61833787864097,Morelia,Michoacán,TRUE,FALSE,FALSE,0,4.581065363871118,1,5
16024,16,Michoacán,Morelia,16053,84.29103425018035,74.63966869075844,84.29103425018035,Morelia,Michoacán,TRUE,FALSE,FALSE,0,4.446069340534671,1,5
16023,16,Michoacán,Morelia,16053,137.10567944137117,128.76370535583007,115.85290466669124,Guadalajara,Jalisco,FALSE,FALSE,FALSE,21.25277477467992,4.928019185140729,0,4
16066,16,Michoacán,Morelia,16053,48.92843288006209,38.37614695362216,48.92843288006209,Morelia,Michoacán,TRUE,FALSE,TRUE,0,3.910590637680323,1,3
16068,16,Michoacán,Morelia,16053,134.54129029740437,124.1140898303749,134.54129029740437,Morelia,Michoacán,TRUE,FALSE,FALSE,0,4.909276319342487,0,3
16069,16,Michoacán,Morelia,16053,114.11837242712124,108.64148159579875,114.11837242712124,Morelia,Michoacán,TRUE,FALSE,FALSE,0,4.74596092442428,0,5
16070,16,Michoacán,Morelia,16053,87.44116154979568,79.09980523000293,87.44116154979568,Morelia,Michoacán,TRUE,FALSE,FALSE,0,4.482337489663691,1,5
16071,16,Michoacán,Morelia,16053,58.12895686490604,55.89150351424168,58.12895686490604,Morelia,Michoacán,TRUE,FALSE,FALSE,0,4.0797207682921455,1,4
16073,16,Michoacán,Morelia,16053,37.058993951249676,27.27932444336348,37.058993951249676,Morelia,Michoacán,TRUE,FALSE,TRUE,0,3.639137428288205,1,3
16091,16,Michoacán,Morelia,16053,137.8298389342821,128.25454479125386,130.6465430215848,Guadalajara,Jalisco,FALSE,FALSE,FALSE,7.183295912697304,4.9332490028809595,0,4
16113,16,Michoacán,Morelia,16053,73.16464249126356,71.67331874309356,73.16464249126356,Morelia,Michoacán,TRUE,FALSE,FALSE,0,4.306287520313119,2,5
16112,16,Michoacán,Morelia,16053,93.24513761846241,101.77642663966795,73.05374064001701,Toluca de Lerdo,México,FALSE,FALSE,FALSE,20.191396978445397,4.545899234742256,2,7
16085,16,Michoacán,Morelia,16053,112.7832022064969,103.76080344013495,112.7832022064969,Morelia,Michoacán,TRUE,FALSE,FALSE,0,4.734294902769825,0,4
16088,16,Michoacán,Morelia,16053,13.065694356693752,20.873252911279057,13.065694356693752,Morelia,Michoacán,TRUE,FALSE,TRUE,0,2.6437388084227957,1,4
16092,16,Michoacán,Morelia,16053,81.88558370116318,84.2437110855418,81.88558370116318,Morelia,Michoacán,TRUE,FALSE,FALSE,0,4.417461147153573,1,5
16093,16,Michoacán,Morelia,16053,102.58220751330256,112.87538721959794,78.74420450574556,Toluca de Lerdo,México,FALSE,FALSE,FALSE,23.838003007557006,4.640365572926422,2,7
16111,16,Michoacán,Morelia,16053,81.51531114249073,70.8654891153543,81.51531114249073,Morelia,Michoacán,TRUE,FALSE,FALSE,0,4.4129838657269636,1,3
16101,16,Michoacán,Morelia,16053,41.05085226202234,46.25017130538059,41.05085226202234,Morelia,Michoacán,TRUE,FALSE,TRUE,0,3.7388796540381177,1,6
16100,16,Michoacán,Morelia,16053,39.49604168548261,28.92898343805472,39.49604168548261,Morelia,Michoacán,TRUE,FALSE,TRUE,0,3.7012042331750803,1,3
16095,16,Michoacán,Morelia,16053,147.50518048780822,137.45666198184233,126.26724233249693,Colima,Colima,FALSE,FALSE,FALSE,21.237938155311284,5.000619843074057,0,3
16084,16,Michoacán,Morelia,16053,134.20332742693222,125.08746394915399,126.07713490480195,Guadalajara,Jalisco,FALSE,FALSE,FALSE,8.126192522130268,4.906779774451963,0,4
16102,16,Michoacán,Morelia,16053,100.44893890149567,89.83538556607047,100.44893890149567,Morelia,Michoacán,TRUE,FALSE,FALSE,0,4.619555606892291,0,4
16103,16,Michoacán,Morelia,16053,162.14713934598842,153.96319374772108,91.0289784985881,Guadalajara,Jalisco,FALSE,FALSE,FALSE,71.11816084740032,5.094652488996479,1,5
16104,16,Michoacán,Morelia,16053,149.8767094372068,141.11307054960994,108.18370860778963,Guadalajara,Jalisco,FALSE,FALSE,FALSE,41.69300082941719,5.016463009508982,0,4
16094,16,Michoacán,Morelia,16053,97.39914816391037,89.64960638198804,97.39914816391037,Morelia,Michoacán,TRUE,FALSE,FALSE,0,4.589032147149907,1,5
16047,16,Michoacán,Morelia,16053,75.64912700873711,83.68750690065096,75.64912700873711,Morelia,Michoacán,TRUE,FALSE,FALSE,0,4.339238215934466,2,7
16046,16,Michoacán,Morelia,16053,88.20046049720425,95.22100431524822,84.16613904439403,Toluca de Lerdo,México,FALSE,FALSE,FALSE,4.034321452810218,4.490886202097349,2,6
16048,16,Michoacán,Morelia,16053,27.251130247124937,16.816405012236427,27.251130247124937,Morelia,Michoacán,TRUE,FALSE,TRUE,0,3.3411334655399068,1,4
17002,17,Morelos,Cuernavaca,17007,34.325638849864546,38.591439734521416,34.325638849864546,Cuernavaca,Morelos,TRUE,FALSE,TRUE,0,3.5646090133289166,5,7
17006,17,Morelos,Cuernavaca,17007,29.38315931902299,33.97219986241343,29.38315931902299,Cuernavaca,Morelos,TRUE,FALSE,TRUE,0,3.4138884851452516,5,7
17028,17,Morelos,Cuernavaca,17007,18.041856034858785,19.824996461877713,18.041856034858785,Cuernavaca,Morelos,TRUE,FALSE,TRUE,0,2.9466395054346877,3,7
17022,17,Morelos,Cuernavaca,17007,53.41492508986034,57.76139589769065,53.41492508986034,Cuernavaca,Morelos,TRUE,FALSE,FALSE,0,3.996638474502041,4,7
17009,17,Morelos,Cuernavaca,17007,14.838545474101382,13.382596109950317,14.838545474101382,Cuernavaca,Morelos,TRUE,FALSE,TRUE,0,2.7624465560400395,3,7
17016,17,Morelos,Cuernavaca,17007,46.517507936199934,50.958984602677,46.517507936199934,Cuernavaca,Morelos,TRUE,FALSE,TRUE,0,3.8610982312592026,4,7
17008,17,Morelos,Cuernavaca,17007,12.958903578172622,16.2975466179801,12.958903578172622,Cuernavaca,Morelos,TRUE,FALSE,TRUE,0,2.6361175540042656,3,7
17003,17,Morelos,Cuernavaca,17007,66.1781616503636,70.48842797914206,66.1781616503636,Cuernavaca,Morelos,TRUE,FALSE,FALSE,0,4.2073482192721245,2,7
17036,17,Morelos,Cuernavaca,17007,55.85087038056725,60.28495726094266,54.28791234982459,Puebla de Zaragoza,Puebla,FALSE,FALSE,FALSE,1.5629580307426636,4.04043153020366,4,7
17035,17,Morelos,Cuernavaca,17007,26.68284104291593,28.2360648860583,26.68284104291593,Cuernavaca,Morelos,TRUE,FALSE,TRUE,0,3.3208127643161323,3,7
17025,17,Morelos,Cuernavaca,17007,49.39414641344707,52.411917080905816,49.39414641344707,Cuernavaca,Morelos,TRUE,FALSE,TRUE,0,3.919875025741914,1,7
17001,17,Morelos,Cuernavaca,17007,40.793135080772544,40.70779713528157,40.793135080772544,Cuernavaca,Morelos,TRUE,FALSE,TRUE,0,3.7327320935256707,3,7
17020,17,Morelos,Cuernavaca,17007,13.868872251368098,17.193019185456144,13.868872251368098,Cuernavaca,Morelos,TRUE,FALSE,TRUE,0,2.699269917069334,5,7
17034,17,Morelos,Cuernavaca,17007,22.898778085847397,23.06602346496401,22.898778085847397,Cuernavaca,Morelos,TRUE,FALSE,TRUE,0,3.1738273315153087,3,7
17027,17,Morelos,Cuernavaca,17007,32.93492198640308,36.759815684825085,32.93492198640308,Cuernavaca,Morelos,TRUE,FALSE,TRUE,0,3.524444631240543,5,7
17030,17,Morelos,Cuernavaca,17007,39.13237803447522,43.66726208776071,39.13237803447522,Cuernavaca,Morelos,TRUE,FALSE,TRUE,0,3.6921834407956182,5,7
17026,17,Morelos,Cuernavaca,17007,26.084834791980963,30.207494619592516,26.084834791980963,Cuernavaca,Morelos,TRUE,FALSE,TRUE,0,3.298973969478225,5,7
17031,17,Morelos,Cuernavaca,17007,29.64637255165254,31.858797804419293,29.64637255165254,Cuernavaca,Morelos,TRUE,FALSE,TRUE,0,3.4225143046980477,3,7
17021,17,Morelos,Cuernavaca,17007,32.513555237734636,31.45817575708511,32.513555237734636,Cuernavaca,Morelos,TRUE,FALSE,TRUE,0,3.5119499909510035,3,7
17019,17,Morelos,Cuernavaca,17007,51.700012071383775,55.817305557859775,51.700012071383775,Cuernavaca,Morelos,TRUE,FALSE,FALSE,0,3.964615684605806,3,7
17023,17,Morelos,Cuernavaca,17007,27.397365375963634,30.63790460391921,27.397365375963634,Cuernavaca,Morelos,TRUE,FALSE,TRUE,0,3.3462963724119166,5,7
17017,17,Morelos,Cuernavaca,17007,41.98606964792131,43.04339361370698,41.98606964792131,Cuernavaca,Morelos,TRUE,FALSE,TRUE,0,3.760876101530394,3,7
17015,17,Morelos,Cuernavaca,17007,18.984259009662264,16.860249464833313,18.984259009662264,Cuernavaca,Morelos,TRUE,FALSE,TRUE,0,2.9949449141510254,3,7
17013,17,Morelos,Cuernavaca,17007,51.99498666439525,56.4835608818845,51.99498666439525,Cuernavaca,Morelos,TRUE,FALSE,FALSE,0,3.970197317840263,4,7
17011,17,Morelos,Cuernavaca,17007,7.163258275868588,11.633830141944163,7.163258275868588,Cuernavaca,Morelos,TRUE,FALSE,TRUE,0,2.0996433877908864,3,7
17010,17,Morelos,Cuernavaca,17007,54.84067417554265,59.39143237422185,54.84067417554265,Cuernavaca,Morelos,TRUE,FALSE,FALSE,0,4.02250253172548,4,7
17018,17,Morelos,Cuernavaca,17007,10.448317707601115,10.70069522979466,10.448317707601115,Cuernavaca,Morelos,TRUE,FALSE,TRUE,0,2.4378427941053595,3,7
17029,17,Morelos,Cuernavaca,17007,18.652156888620826,23.236253372074547,18.652156888620826,Cuernavaca,Morelos,TRUE,FALSE,TRUE,0,2.978187097615713,5,7
17012,17,Morelos,Cuernavaca,17007,37.42957554969844,39.289814063535594,37.42957554969844,Cuernavaca,Morelos,TRUE,FALSE,TRUE,0,3.6488273597512113,3,7
17024,17,Morelos,Cuernavaca,17007,27.008788664556914,30.537596146066466,27.008788664556914,Cuernavaca,Morelos,TRUE,FALSE,TRUE,0,3.3325183418019395,3,7
17007,17,Morelos,Cuernavaca,17007,4.589075745826715,0,4.589075745826715,Cuernavaca,Morelos,TRUE,TRUE,TRUE,0,1.7208139328575094,3,7
17005,17,Morelos,Cuernavaca,17007,31.633710759970278,29.814693491299863,31.633710759970278,Cuernavaca,Morelos,TRUE,FALSE,TRUE,0,3.485345826479827,3,7
17004,17,Morelos,Cuernavaca,17007,34.281811004432086,38.60495180824165,34.281811004432086,Cuernavaca,Morelos,TRUE,FALSE,TRUE,0,3.563367562146304,4,7
17014,17,Morelos,Cuernavaca,17007,30.283201308150353,29.90789392911812,30.283201308150353,Cuernavaca,Morelos,TRUE,FALSE,TRUE,0,3.443081254051305,3,7
17032,17,Morelos,Cuernavaca,17007,50.78453377806214,55.347697943804306,50.78453377806214,Cuernavaca,Morelos,TRUE,FALSE,FALSE,0,3.947091528969749,4,7
17033,17,Morelos,Cuernavaca,17007,48.95865545038467,53.547212185157164,48.95865545038467,Cuernavaca,Morelos,TRUE,FALSE,TRUE,0,3.911195772372904,4,7
18001,18,Nayarit,Tepic,18017,112.26731217777287,101.9853456715077,112.26731217777287,Tepic,Nayarit,TRUE,FALSE,FALSE,0,4.72975061959209,0,2
18009,18,Nayarit,Tepic,18017,73.01330032140169,58.5569317167126,73.01330032140169,Tepic,Nayarit,TRUE,FALSE,FALSE,0,4.3042448111269325,1,1
18010,18,Nayarit,Tepic,18017,75.12832279492862,66.4463510613922,75.12832279492862,Tepic,Nayarit,TRUE,FALSE,FALSE,0,4.332420374271927,1,1
18011,18,Nayarit,Tepic,18017,57.20361248085206,44.06695171483655,57.20361248085206,Tepic,Nayarit,TRUE,FALSE,FALSE,0,4.063947422928855,1,1
18017,18,Nayarit,Tepic,18017,14.484536810533813,0,14.484536810533813,Tepic,Nayarit,TRUE,TRUE,TRUE,0,2.7398419008391914,1,2
18018,18,Nayarit,Tepic,18017,70.40328451889577,66.10464044725882,70.40328451889577,Tepic,Nayarit,TRUE,FALSE,FALSE,0,4.268343869952702,1,1
18019,18,Nayarit,Tepic,18017,76.78230436952153,71.61836370428531,76.78230436952153,Tepic,Nayarit,TRUE,FALSE,FALSE,0,4.353913955050392,1,3
18004,18,Nayarit,Tepic,18017,44.34816149800726,58.832450027908436,44.34816149800726,Tepic,Nayarit,TRUE,FALSE,TRUE,0,3.814369635452867,1,2
18013,18,Nayarit,Tepic,18017,40.73402137399394,52.07496484933672,40.73402137399394,Tepic,Nayarit,TRUE,FALSE,TRUE,0,3.731316656459285,1,2
18008,18,Nayarit,Tepic,18017,13.64222958194116,28.107651345748206,13.64222958194116,Tepic,Nayarit,TRUE,FALSE,TRUE,0,2.6839097907860747,1,2
18005,18,Nayarit,Tepic,18017,145.97169081763573,134.66448463874286,145.97169081763573,Tepic,Nayarit,TRUE,FALSE,FALSE,0,4.990239988761063,0,2
18006,18,Nayarit,Tepic,18017,79.84641540823092,85.35629562753005,79.84641540823092,Tepic,Nayarit,TRUE,FALSE,FALSE,0,4.392551248716558,1,2
18007,18,Nayarit,Tepic,18017,62.12061182878634,66.62106842508281,62.12061182878634,Tepic,Nayarit,TRUE,FALSE,FALSE,0,4.145047369595621,1,2
18014,18,Nayarit,Tepic,18017,35.315971930000565,39.277014518799916,35.315971930000565,Tepic,Nayarit,TRUE,FALSE,TRUE,0,3.5922576425716795,1,2
18015,18,Nayarit,Tepic,18017,58.55779978818515,55.655464125842805,58.55779978818515,Tepic,Nayarit,TRUE,FALSE,FALSE,0,4.086947266035168,1,1
18016,18,Nayarit,Tepic,18017,112.12696382715463,105.07535088859511,112.12696382715463,Tepic,Nayarit,TRUE,FALSE,FALSE,0,4.728510761667462,0,1
18003,18,Nayarit,Tepic,18017,88.42155834700529,96.8729740391854,88.42155834700529,Tepic,Nayarit,TRUE,FALSE,FALSE,0,4.4933617979298175,1,3
18012,18,Nayarit,Tepic,18017,29.810797016963768,36.59061378547625,29.810797016963768,Tepic,Nayarit,TRUE,FALSE,TRUE,0,3.4278651810491807,1,1
18020,18,Nayarit,Tepic,18017,82.08788515132349,96.51467882359042,82.08788515132349,Tepic,Nayarit,TRUE,FALSE,FALSE,0,4.4198989048475354,1,1
18002,18,Nayarit,Tepic,18017,60.75464612304569,69.97461531366993,60.75464612304569,Tepic,Nayarit,TRUE,FALSE,FALSE,0,4.123169213536674,1,2
19029,19,Nuevo León,Monterrey,19039,109.25375953859925,105.31187722386096,109.25375953859925,Monterrey,Nuevo León,TRUE,FALSE,FALSE,0,4.702784613868909,0,3
19048,19,Nuevo León,Monterrey,19039,20.777539283635054,18.878687097028664,20.777539283635054,Monterrey,Nuevo León,TRUE,FALSE,TRUE,0,3.0808791305726766,2,2
19044,19,Nuevo León,Monterrey,19039,99.47728716331584,103.91832171936684,99.47728716331584,Monterrey,Nuevo León,TRUE,FALSE,FALSE,0,4.609931703582682,1,2
19042,19,Nuevo León,Monterrey,19039,72.90558032057785,72.37762543278909,72.90558032057785,Monterrey,Nuevo León,TRUE,FALSE,FALSE,0,4.30278833688377,1,2
19023,19,Nuevo León,Monterrey,19039,104.37527005442094,106.6284310440413,104.37527005442094,Monterrey,Nuevo León,TRUE,FALSE,FALSE,0,4.657527979112766,0,2
19022,19,Nuevo León,Monterrey,19039,101.03592470643034,98.66999517703726,101.03592470643034,Monterrey,Nuevo León,TRUE,FALSE,FALSE,0,4.625324954279572,0,3
19047,19,Nuevo León,Monterrey,19039,36.928766591684465,41.36595994580037,36.928766591684465,Monterrey,Nuevo León,TRUE,FALSE,TRUE,0,3.6357098371569117,2,2
19049,19,Nuevo León,Monterrey,19039,34.078659869570345,29.52749977398472,34.078659869570345,Monterrey,Nuevo León,TRUE,FALSE,TRUE,0,3.557592964652551,2,2
19009,19,Nuevo León,Monterrey,19039,43.944411821400735,41.86717711186417,43.944411821400735,Monterrey,Nuevo León,TRUE,FALSE,TRUE,0,3.8054264333094223,1,2
19032,19,Nuevo León,Monterrey,19039,150.86430917703896,155.4578045079136,150.86430917703896,Monterrey,Nuevo León,TRUE,FALSE,FALSE,0,5.022987419367213,0,2
19031,19,Nuevo León,Monterrey,19039,21.08157876587935,19.35565838874944,21.08157876587935,Monterrey,Nuevo León,TRUE,FALSE,TRUE,0,3.094743720930612,2,2
19027,19,Nuevo León,Monterrey,19039,93.5457403827763,94.47116553125211,93.5457403827763,Monterrey,Nuevo León,TRUE,FALSE,FALSE,0,4.549083742611843,1,2
19020,19,Nuevo León,Monterrey,19039,147.21212764056926,147.25501206038652,147.21212764056926,Monterrey,Nuevo León,TRUE,FALSE,FALSE,0,4.998644542446171,0,1
19041,19,Nuevo León,Monterrey,19039,34.39161947181027,34.987136203692096,34.39161947181027,Monterrey,Nuevo León,TRUE,FALSE,TRUE,0,3.5664750540283894,1,2
19040,19,Nuevo León,Monterrey,19039,121.85026103880108,125.34238768560712,121.85026103880108,Monterrey,Nuevo León,TRUE,FALSE,FALSE,0,4.810966223822896,0,2
19039,19,Nuevo León,Monterrey,19039,4.5957998798650355,0,4.5957998798650355,Monterrey,Nuevo León,TRUE,TRUE,TRUE,0,1.7220162948816253,2,2
19046,19,Nuevo León,Monterrey,19039,7.110524340150142,10.84679153817568,7.110524340150142,Monterrey,Nuevo León,TRUE,FALSE,TRUE,0,2.093162519570065,2,2
19019,19,Nuevo León,Monterrey,19039,7.4738676461576405,6.237286054279113,7.4738676461576405,Monterrey,Nuevo León,TRUE,FALSE,TRUE,0,2.1369870332669145,2,2
19037,19,Nuevo León,Monterrey,19039,81.06476991699068,85.09108560631762,81.06476991699068,Monterrey,Nuevo León,TRUE,FALSE,FALSE,0,4.407508812512031,2,2
19010,19,Nuevo León,Monterrey,19039,24.15352525938823,28.740114563497645,24.15352525938823,Monterrey,Nuevo León,TRUE,FALSE,TRUE,0,3.224998056082314,2,2
19021,19,Nuevo León,Monterrey,19039,15.33672457773235,19.890610646427994,15.33672457773235,Monterrey,Nuevo León,TRUE,FALSE,TRUE,0,2.7934156150990743,2,2
19012,19,Nuevo León,Monterrey,19039,34.62837897991724,38.75258459462395,34.62837897991724,Monterrey,Nuevo León,TRUE,FALSE,TRUE,0,3.573142482650055,1,2
19002,19,Nuevo León,Monterrey,19039,91.07230105753499,94.2262154429003,91.07230105753499,Monterrey,Nuevo León,TRUE,FALSE,FALSE,0,4.522574149466377,1,2
19005,19,Nuevo León,Monterrey,19039,184.994178631753,189.44512981988277,184.994178631753,Monterrey,Nuevo León,TRUE,FALSE,FALSE,0,5.225715375544671,0,1
19024,19,Nuevo León,Monterrey,19039,205.0888491015687,200.57713628232761,63.31542982416528,Ciudad Victoria,Tamaulipas,FALSE,FALSE,FALSE,141.77341927740343,5.328307382122041,1,1
19026,19,Nuevo León,Monterrey,19039,11.151420515795142,10.995135125632418,11.151420515795142,Monterrey,Nuevo León,TRUE,FALSE,TRUE,0,2.4974460778328043,2,2
19003,19,Nuevo León,Monterrey,19039,113.20163453794903,114.68866127822746,113.20163453794903,Monterrey,Nuevo León,TRUE,FALSE,FALSE,0,4.737965610061241,0,2
19004,19,Nuevo León,Monterrey,19039,51.24638222814221,47.25518714369003,51.24638222814221,Monterrey,Nuevo León,TRUE,FALSE,FALSE,0,3.955970648794964,2,3
19025,19,Nuevo León,Monterrey,19039,30.81868161798718,34.38269905290042,30.81868161798718,Monterrey,Nuevo León,TRUE,FALSE,TRUE,0,3.4600535895556024,1,2
19015,19,Nuevo León,Monterrey,19039,131.85931688876806,132.5770763014906,131.85931688876806,Monterrey,Nuevo León,TRUE,FALSE,FALSE,0,4.889290800637005,0,1
19007,19,Nuevo León,Monterrey,19039,166.73216723918262,162.19948284010675,92.71900653035502,Ciudad Victoria,Tamaulipas,FALSE,FALSE,FALSE,74.0131607088276,5.122368464622309,1,3
19018,19,Nuevo León,Monterrey,19039,36.854165889134855,39.16953360665997,36.854165889134855,Monterrey,Nuevo León,TRUE,FALSE,TRUE,0,3.633741036948089,2,2
19051,19,Nuevo León,Monterrey,19039,86.35325243069019,90.94054380954717,86.35325243069019,Monterrey,Nuevo León,TRUE,FALSE,FALSE,0,4.469960270353854,1,2
19006,19,Nuevo León,Monterrey,19039,17.35378107805594,20.42310142829025,17.35378107805594,Monterrey,Nuevo León,TRUE,FALSE,TRUE,0,2.909835606574565,2,2
19011,19,Nuevo León,Monterrey,19039,74.3366800328415,76.69444823723315,74.3366800328415,Monterrey,Nuevo León,TRUE,FALSE,FALSE,0,4.321967134832116,1,2
19001,19,Nuevo León,Monterrey,19039,29.345685051336805,33.853485973198964,29.345685051336805,Monterrey,Nuevo León,TRUE,FALSE,TRUE,0,3.412654334460145,2,2
19017,19,Nuevo León,Monterrey,19039,102.3675838650215,97.84406623609344,95.77444019081162,Saltillo,Coahuila,FALSE,FALSE,FALSE,6.593143674209884,4.638291410649699,1,3
19016,19,Nuevo León,Monterrey,19039,54.09703096714184,55.37103495647704,54.09703096714184,Monterrey,Nuevo León,TRUE,FALSE,FALSE,0,4.009095830263163,1,2
19050,19,Nuevo León,Monterrey,19039,114.3718311436972,118.46261688858361,114.3718311436972,Monterrey,Nuevo León,TRUE,FALSE,FALSE,0,4.748160226735727,0,2
19034,19,Nuevo León,Monterrey,19039,36.60894278764526,39.20740249889568,36.60894278764526,Monterrey,Nuevo León,TRUE,FALSE,TRUE,0,3.6272418622133253,1,2
19035,19,Nuevo León,Monterrey,19039,91.27331565154118,92.98073505343439,91.27331565154118,Monterrey,Nuevo León,TRUE,FALSE,FALSE,0,4.524754995176353,1,2
19028,19,Nuevo León,Monterrey,19039,49.79522669756233,53.1277627010856,49.79522669756233,Monterrey,Nuevo León,TRUE,FALSE,TRUE,0,3.9278023875232595,1,2
19033,19,Nuevo León,Monterrey,19039,121.13509456576085,117.40211125066484,121.13509456576085,Monterrey,Nuevo León,TRUE,FALSE,FALSE,0,4.805127764599076,0,3
19036,19,Nuevo León,Monterrey,19039,250.51833979489552,245.9255368147155,109.26401241549806,Ciudad Victoria,Tamaulipas,FALSE,FALSE,FALSE,141.25432737939747,5.527515908530824,0,2
19043,19,Nuevo León,Monterrey,19039,70.95970302556952,66.43523189844089,70.95970302556952,Monterrey,Nuevo León,TRUE,FALSE,FALSE,0,4.2761062821362055,2,3
19014,19,Nuevo León,Monterrey,19039,201.36396974496571,196.78902031899142,118.86113939056911,Ciudad Victoria,Tamaulipas,FALSE,FALSE,FALSE,82.50283035439661,5.3100679064727,0,3
19038,19,Nuevo León,Monterrey,19039,80.01510161920075,76.24333403016665,80.01510161920075,Monterrey,Nuevo León,TRUE,FALSE,FALSE,0,4.394635577037929,1,3
19008,19,Nuevo León,Monterrey,19039,100.63842380588929,105.1880599841096,100.63842380588929,Monterrey,Nuevo León,TRUE,FALSE,FALSE,0,4.621421650715518,0,2
19013,19,Nuevo León,Monterrey,19039,136.349834423166,135.2291247707036,136.349834423166,Monterrey,Nuevo León,TRUE,FALSE,FALSE,0,4.922531207030298,0,2
19045,19,Nuevo León,Monterrey,19039,52.55109832773275,57.07433803701287,52.55109832773275,Monterrey,Nuevo León,TRUE,FALSE,FALSE,0,3.9806363070052306,1,2
19030,19,Nuevo León,Monterrey,19039,124.67341890924426,120.27376199441437,122.3895979607387,Ciudad Victoria,Tamaulipas,FALSE,FALSE,FALSE,2.2838209485055643,4.833686628709719,0,3
20125,20,Oaxaca,Oaxaca de Juárez,20067,97.05356739068873,99.33298732675324,97.05356739068873,Oaxaca de Juárez,Oaxaca,TRUE,FALSE,FALSE,0,4.585513935363349,1,1
20481,20,Oaxaca,Oaxaca de Juárez,20067,110.17435318994178,110.69023464619042,110.17435318994178,Oaxaca de Juárez,Oaxaca,TRUE,FALSE,FALSE,0,4.71109971843463,0,2
20517,20,Oaxaca,Oaxaca de Juárez,20067,70.96161356858832,71.51375192874711,70.96161356858832,Oaxaca de Juárez,Oaxaca,TRUE,FALSE,FALSE,0,4.276132831963071,1,1
20524,20,Oaxaca,Oaxaca de Juárez,20067,120.79373967762997,119.32395846549343,120.79373967762997,Oaxaca de Juárez,Oaxaca,TRUE,FALSE,FALSE,0,4.8023289555774324,0,4
20378,20,Oaxaca,Oaxaca de Juárez,20067,35.45706235586134,38.63865285431291,35.45706235586134,Oaxaca de Juárez,Oaxaca,TRUE,FALSE,TRUE,0,3.596135194305632,1,1
20054,20,Oaxaca,Oaxaca de Juárez,20067,63.686943731930235,62.126177759794615,63.686943731930235,Oaxaca de Juárez,Oaxaca,TRUE,FALSE,FALSE,0,4.169559384109558,1,1
20542,20,Oaxaca,Oaxaca de Juárez,20067,55.82239424131023,59.16132952270998,55.82239424131023,Oaxaca de Juárez,Oaxaca,TRUE,FALSE,FALSE,0,4.039930512836957,1,1
20237,20,Oaxaca,Oaxaca de Juárez,20067,145.20489363686536,143.75861954684788,145.20489363686536,Oaxaca de Juárez,Oaxaca,TRUE,FALSE,FALSE,0,4.985009018963877,0,5
20489,20,Oaxaca,Oaxaca de Juárez,20067,129.97651074565323,132.26893254242935,129.97651074565323,Oaxaca de Juárez,Oaxaca,TRUE,FALSE,FALSE,0,4.8750179998385885,0,1
20544,20,Oaxaca,Oaxaca de Juárez,20067,28.868742675487987,25.56132041122137,28.868742675487987,Oaxaca de Juárez,Oaxaca,TRUE,FALSE,TRUE,0,3.396812538121049,1,1
20490,20,Oaxaca,Oaxaca de Juárez,20067,129.13877708324972,125.93762313365458,129.13877708324972,Oaxaca de Juárez,Oaxaca,TRUE,FALSE,FALSE,0,4.868601397090535,0,4
20333,20,Oaxaca,Oaxaca de Juárez,20067,69.74349389408977,71.76386832669584,69.74349389408977,Oaxaca de Juárez,Oaxaca,TRUE,FALSE,FALSE,0,4.2590605732007125,1,1
20334,20,Oaxaca,Oaxaca de Juárez,20067,140.37127476526967,143.15625172323203,140.37127476526967,Oaxaca de Juárez,Oaxaca,TRUE,FALSE,FALSE,0,4.951389584064499,0,1
20562,20,Oaxaca,Oaxaca de Juárez,20067,78.68942643401446,77.5519058584751,78.68942643401446,Oaxaca de Juárez,Oaxaca,TRUE,FALSE,FALSE,0,4.378136909918759,1,1
20133,20,Oaxaca,Oaxaca de Juárez,20067,102.8689558646689,103.15518220178346,102.8689558646689,Oaxaca de Juárez,Oaxaca,TRUE,FALSE,FALSE,0,4.643130064860986,0,2
20134,20,Oaxaca,Oaxaca de Juárez,20067,112.12467251051746,108.8044180034254,112.12467251051746,Oaxaca de Juárez,Oaxaca,TRUE,FALSE,FALSE,0,4.728490507081248,0,2
20138,20,Oaxaca,Oaxaca de Juárez,20067,50.47493479180138,49.5312531314431,50.47493479180138,Oaxaca de Juárez,Oaxaca,TRUE,FALSE,FALSE,0,3.9410949861194884,1,1
20149,20,Oaxaca,Oaxaca de Juárez,20067,64.91020621903316,68.17078362800864,64.91020621903316,Oaxaca de Juárez,Oaxaca,TRUE,FALSE,FALSE,0,4.188293303857081,1,1
20161,20,Oaxaca,Oaxaca de Juárez,20067,48.1590773926308,45.95908076114803,48.1590773926308,Oaxaca de Juárez,Oaxaca,TRUE,FALSE,TRUE,0,3.895061517081341,1,1
20159,20,Oaxaca,Oaxaca de Juárez,20067,99.812910439998,103.0958371956708,99.812910439998,Oaxaca de Juárez,Oaxaca,TRUE,FALSE,FALSE,0,4.613266427197641,1,1
20437,20,Oaxaca,Oaxaca de Juárez,20067,71.81653634477101,71.42035161103311,71.81653634477101,Oaxaca de Juárez,Oaxaca,TRUE,FALSE,FALSE,0,4.2879430770015405,1,1
20441,20,Oaxaca,Oaxaca de Juárez,20067,197.989172741976,199.08333098346932,197.989172741976,Oaxaca de Juárez,Oaxaca,TRUE,FALSE,FALSE,0,5.293250414912526,0,1
20446,20,Oaxaca,Oaxaca de Juárez,20067,114.82307008628175,115.23817326232893,114.82307008628175,Oaxaca de Juárez,Oaxaca,TRUE,FALSE,FALSE,0,4.75206376883954,0,2
20447,20,Oaxaca,Oaxaca de Juárez,20067,137.03770209094816,138.1031423803035,137.03770209094816,Oaxaca de Juárez,Oaxaca,TRUE,FALSE,FALSE,0,4.927526851401504,0,2
20469,20,Oaxaca,Oaxaca de Juárez,20067,138.2454347058169,138.2053908366053,138.2454347058169,Oaxaca de Juárez,Oaxaca,TRUE,FALSE,FALSE,0,4.936238093392521,0,2
20511,20,Oaxaca,Oaxaca de Juárez,20067,37.93723465743977,37.334993386975974,37.93723465743977,Oaxaca de Juárez,Oaxaca,TRUE,FALSE,TRUE,0,3.6619509819482667,1,1
20513,20,Oaxaca,Oaxaca de Juárez,20067,162.55183208742594,162.81090008319626,162.55183208742594,Oaxaca de Juárez,Oaxaca,TRUE,FALSE,FALSE,0,5.097129955923644,0,1
20278,20,Oaxaca,Oaxaca de Juárez,20067,133.99837715041855,130.69888468203985,133.99837715041855,Oaxaca de Juárez,Oaxaca,TRUE,FALSE,FALSE,0,4.905262757258164,0,2
20457,20,Oaxaca,Oaxaca de Juárez,20067,77.8755371533895,75.56623841016231,77.8755371533895,Oaxaca de Juárez,Oaxaca,TRUE,FALSE,FALSE,0,4.367871131023792,1,1
20163,20,Oaxaca,Oaxaca de Juárez,20067,121.45331631197547,118.22491977712265,121.45331631197547,Oaxaca de Juárez,Oaxaca,TRUE,FALSE,FALSE,0,4.807729866020214,0,4
20166,20,Oaxaca,Oaxaca de Juárez,20067,113.04919971173165,110.16942165340106,113.04919971173165,Oaxaca de Juárez,Oaxaca,TRUE,FALSE,FALSE,0,4.736629931710878,0,2
20506,20,Oaxaca,Oaxaca de Juárez,20067,55.025875869888466,54.87467891398781,55.025875869888466,Oaxaca de Juárez,Oaxaca,TRUE,FALSE,FALSE,0,4.025813653119245,1,1
20482,20,Oaxaca,Oaxaca de Juárez,20067,172.4059490245299,174.30812370026874,172.4059490245299,Oaxaca de Juárez,Oaxaca,TRUE,FALSE,FALSE,0,5.155635371857874,0,1
20508,20,Oaxaca,Oaxaca de Juárez,20067,172.7752206177169,173.48583645661515,172.7752206177169,Oaxaca de Juárez,Oaxaca,TRUE,FALSE,FALSE,0,5.157762628545329,0,1
20205,20,Oaxaca,Oaxaca de Juárez,20067,109.88279106705738,108.26849512892319,109.88279106705738,Oaxaca de Juárez,Oaxaca,TRUE,FALSE,FALSE,0,4.708473707085981,0,1
20271,20,Oaxaca,Oaxaca de Juárez,20067,42.233143040519536,45.165611731657556,42.233143040519536,Oaxaca de Juárez,Oaxaca,TRUE,FALSE,TRUE,0,3.766607401114599,1,1
20329,20,Oaxaca,Oaxaca de Juárez,20067,61.83759142684942,62.58006457816305,61.83759142684942,Oaxaca de Juárez,Oaxaca,TRUE,FALSE,FALSE,0,4.140553483990373,1,1
20330,20,Oaxaca,Oaxaca de Juárez,20067,102.0975285503274,98.75966137506923,102.0975285503274,Oaxaca de Juárez,Oaxaca,TRUE,FALSE,FALSE,0,4.635675419351768,0,2
20246,20,Oaxaca,Oaxaca de Juárez,20067,57.1404149403751,56.455828973714866,57.1404149403751,Oaxaca de Juárez,Oaxaca,TRUE,FALSE,FALSE,0,4.062861032022618,1,1
20277,20,Oaxaca,Oaxaca de Juárez,20067,71.3679953933508,74.39808074706156,71.3679953933508,Oaxaca de Juárez,Oaxaca,TRUE,FALSE,FALSE,0,4.281764149079598,1,1
20545,20,Oaxaca,Oaxaca de Juárez,20067,121.90963797845608,118.83443545947925,121.90963797845608,Oaxaca de Juárez,Oaxaca,TRUE,FALSE,FALSE,0,4.811449434802782,0,4
20546,20,Oaxaca,Oaxaca de Juárez,20067,22.365185258957595,22.657815454099666,22.365185258957595,Oaxaca de Juárez,Oaxaca,TRUE,FALSE,TRUE,0,3.151247105029905,1,1
20547,20,Oaxaca,Oaxaca de Juárez,20067,114.21297187806945,112.24992486541774,114.21297187806945,Oaxaca de Juárez,Oaxaca,TRUE,FALSE,FALSE,0,4.746782345030779,0,3
20170,20,Oaxaca,Oaxaca de Juárez,20067,85.38824505898533,88.1835363633302,85.38824505898533,Oaxaca de Juárez,Oaxaca,TRUE,FALSE,FALSE,0,4.458851613995981,1,1
20230,20,Oaxaca,Oaxaca de Juárez,20067,160.89288025679696,159.8667723737222,146.56995266004233,Chilpancingo de los Bravo,Guerrero,FALSE,FALSE,FALSE,14.322927596754624,5.086934883538703,0,5
20168,20,Oaxaca,Oaxaca de Juárez,20067,180.6246793749667,182.28437675349008,180.6246793749667,Oaxaca de Juárez,Oaxaca,TRUE,FALSE,FALSE,0,5.20194235657556,0,2
20184,20,Oaxaca,Oaxaca de Juárez,20067,125.33668124634515,122.39713166332353,125.33668124634515,Oaxaca de Juárez,Oaxaca,TRUE,FALSE,FALSE,0,4.838950416693882,0,2
20185,20,Oaxaca,Oaxaca de Juárez,20067,160.63784277845366,161.88774615548414,160.63784277845366,Oaxaca de Juárez,Oaxaca,TRUE,FALSE,FALSE,0,5.08535829428141,0,2
20404,20,Oaxaca,Oaxaca de Juárez,20067,78.70804827555688,76.6282360751829,78.70804827555688,Oaxaca de Juárez,Oaxaca,TRUE,FALSE,FALSE,0,4.378370562825256,1,2
20407,20,Oaxaca,Oaxaca de Juárez,20067,249.5751205168912,249.50078945300956,138.8769625499211,Tuxtla Gutiérrez,Chiapas,FALSE,FALSE,FALSE,110.69815796697009,5.523758757872168,0,2
20186,20,Oaxaca,Oaxaca de Juárez,20067,190.25915979183603,188.9457058520294,129.65137406140644,Puebla de Zaragoza,Puebla,FALSE,FALSE,FALSE,60.60778573042958,5.2536293658961455,0,6
20214,20,Oaxaca,Oaxaca de Juárez,20067,66.20686895167344,62.880158111411575,66.20686895167344,Oaxaca de Juárez,Oaxaca,TRUE,FALSE,FALSE,0,4.207775458848109,1,1
20220,20,Oaxaca,Oaxaca de Juárez,20067,73.88401651116789,70.5740456970178,73.88401651116789,Oaxaca de Juárez,Oaxaca,TRUE,FALSE,FALSE,0,4.315940470035927,1,2
20227,20,Oaxaca,Oaxaca de Juárez,20067,10.275716286125261,8.956083392428255,10.275716286125261,Oaxaca de Juárez,Oaxaca,TRUE,FALSE,TRUE,0,2.422651412073785,1,1
20261,20,Oaxaca,Oaxaca de Juárez,20067,164.2717158913104,162.67443617794146,129.11183653482303,Puebla de Zaragoza,Puebla,FALSE,FALSE,FALSE,35.15987935648738,5.10759088245081,0,5
20552,20,Oaxaca,Oaxaca de Juárez,20067,118.84342248568852,116.5600843190028,118.84342248568852,Oaxaca de Juárez,Oaxaca,TRUE,FALSE,FALSE,0,4.786186078153576,0,4
20262,20,Oaxaca,Oaxaca de Juárez,20067,31.900398334186928,30.36472387018274,31.900398334186928,Oaxaca de Juárez,Oaxaca,TRUE,FALSE,TRUE,0,3.493484765120127,1,1
20266,20,Oaxaca,Oaxaca de Juárez,20067,142.10462773571103,144.92112403369237,142.10462773571103,Oaxaca de Juárez,Oaxaca,TRUE,FALSE,FALSE,0,4.9635760252128875,0,1
20550,20,Oaxaca,Oaxaca de Juárez,20067,20.420821688001293,21.638680434810535,20.420821688001293,Oaxaca de Juárez,Oaxaca,TRUE,FALSE,TRUE,0,3.064363425068221,1,1
20253,20,Oaxaca,Oaxaca de Juárez,20067,128.8970286775257,131.9718635714483,128.8970286775257,Oaxaca de Juárez,Oaxaca,TRUE,FALSE,FALSE,0,4.866742049492892,0,1
20254,20,Oaxaca,Oaxaca de Juárez,20067,107.68881861139208,110.90281822279024,107.68881861139208,Oaxaca de Juárez,Oaxaca,TRUE,FALSE,FALSE,0,4.688488924175625,0,1
20272,20,Oaxaca,Oaxaca de Juárez,20067,117.27332118436988,120.0677781604791,117.27332118436988,Oaxaca de Juárez,Oaxaca,TRUE,FALSE,FALSE,0,4.772998227245008,0,1
20273,20,Oaxaca,Oaxaca de Juárez,20067,34.45285695448019,36.33981832420045,34.45285695448019,Oaxaca de Juárez,Oaxaca,TRUE,FALSE,TRUE,0,3.5682038408304306,1,1
20275,20,Oaxaca,Oaxaca de Juárez,20067,101.45122196680917,101.5965455739041,101.45122196680917,Oaxaca de Juárez,Oaxaca,TRUE,FALSE,FALSE,0,4.62938680205945,0,1
20551,20,Oaxaca,Oaxaca de Juárez,20067,31.90979125345919,33.47793019831816,31.90979125345919,Oaxaca de Juárez,Oaxaca,TRUE,FALSE,TRUE,0,3.493770219983421,1,1
20357,20,Oaxaca,Oaxaca de Juárez,20067,103.87815844731152,105.3569319292116,103.87815844731152,Oaxaca de Juárez,Oaxaca,TRUE,FALSE,FALSE,0,4.652799280637211,0,1
20502,20,Oaxaca,Oaxaca de Juárez,20067,90.6862251536842,89.98905788509134,90.6862251536842,Oaxaca de Juárez,Oaxaca,TRUE,FALSE,FALSE,0,4.5183721515522395,1,1
20553,20,Oaxaca,Oaxaca de Juárez,20067,12.106667998750398,11.629741580007206,12.106667998750398,Oaxaca de Juárez,Oaxaca,TRUE,FALSE,TRUE,0,2.57312110824491,1,1
20265,20,Oaxaca,Oaxaca de Juárez,20067,251.53171747295235,251.89149846982147,140.02447498350003,Tuxtla Gutiérrez,Chiapas,FALSE,FALSE,FALSE,111.50724248945232,5.531536854580934,0,1
20493,20,Oaxaca,Oaxaca de Juárez,20067,76.40635554247137,74.76973466313135,76.40635554247137,Oaxaca de Juárez,Oaxaca,TRUE,FALSE,FALSE,0,4.349068890176424,1,2
20318,20,Oaxaca,Oaxaca de Juárez,20067,129.87394125692387,133.14133678540423,129.87394125692387,Oaxaca de Juárez,Oaxaca,TRUE,FALSE,FALSE,0,4.874234579430559,0,1
20327,20,Oaxaca,Oaxaca de Juárez,20067,274.40392549973586,275.1778754654479,135.36055984759096,Tuxtla Gutiérrez,Chiapas,FALSE,FALSE,FALSE,139.0433656521449,5.618238840004647,0,1
20554,20,Oaxaca,Oaxaca de Juárez,20067,77.41889329893797,76.41039521062207,77.41889329893797,Oaxaca de Juárez,Oaxaca,TRUE,FALSE,FALSE,0,4.362064884279753,1,1
20555,20,Oaxaca,Oaxaca de Juárez,20067,17.291389434022108,20.47519961244065,17.291389434022108,Oaxaca de Juárez,Oaxaca,TRUE,FALSE,TRUE,0,2.906430426385787,1,1
20556,20,Oaxaca,Oaxaca de Juárez,20067,113.12475155780231,111.04686460303923,113.12475155780231,Oaxaca de Juárez,Oaxaca,TRUE,FALSE,FALSE,0,4.737292161982225,0,3
20018,20,Oaxaca,Oaxaca de Juárez,20067,126.79139091969999,124.29410416405075,126.79139091969999,Oaxaca de Juárez,Oaxaca,TRUE,FALSE,FALSE,0,4.85039917597878,0,4
20036,20,Oaxaca,Oaxaca de Juárez,20067,144.8466493811553,145.21283070506482,144.8466493811553,Oaxaca de Juárez,Oaxaca,TRUE,FALSE,FALSE,0,4.982555723003259,0,1
20338,20,Oaxaca,Oaxaca de Juárez,20067,15.218936476765046,12.5336906492778,15.218936476765046,Oaxaca de Juárez,Oaxaca,TRUE,FALSE,TRUE,0,2.7861794779040756,1,1
20344,20,Oaxaca,Oaxaca de Juárez,20067,110.15525035413805,113.48792378066173,110.15525035413805,Oaxaca de Juárez,Oaxaca,TRUE,FALSE,FALSE,0,4.710927875949003,0,1
20366,20,Oaxaca,Oaxaca de Juárez,20067,111.16322877411032,114.49088665244547,111.16322877411032,Oaxaca de Juárez,Oaxaca,TRUE,FALSE,FALSE,0,4.719955210087613,0,1
20377,20,Oaxaca,Oaxaca de Juárez,20067,108.7528874003642,110.19367948702511,108.7528874003642,Oaxaca de Juárez,Oaxaca,TRUE,FALSE,FALSE,0,4.6982313604963535,0,1
20451,20,Oaxaca,Oaxaca de Juárez,20067,77.20301577409565,74.6224730732792,77.20301577409565,Oaxaca de Juárez,Oaxaca,TRUE,FALSE,FALSE,0,4.359308211693793,1,2
20005,20,Oaxaca,Oaxaca de Juárez,20067,194.26631764319137,194.8063951403396,194.26631764319137,Oaxaca de Juárez,Oaxaca,TRUE,FALSE,FALSE,0,5.274364358304284,0,2
20558,20,Oaxaca,Oaxaca de Juárez,20067,81.46643442578856,78.43629326949267,81.46643442578856,Oaxaca de Juárez,Oaxaca,TRUE,FALSE,FALSE,0,4.412391355107515,1,3
20561,20,Oaxaca,Oaxaca de Juárez,20067,50.024270114223604,52.59776328576204,50.024270114223604,Oaxaca de Juárez,Oaxaca,TRUE,FALSE,FALSE,0,3.9323014041197837,1,1
20056,20,Oaxaca,Oaxaca de Juárez,20067,171.65456892104325,173.04908244900236,171.65456892104325,Oaxaca de Juárez,Oaxaca,TRUE,FALSE,FALSE,0,5.151292886972923,0,2
20563,20,Oaxaca,Oaxaca de Juárez,20067,70.3923849786293,73.7299918938148,70.3923849786293,Oaxaca de Juárez,Oaxaca,TRUE,FALSE,FALSE,0,4.268191210697333,1,1
20497,20,Oaxaca,Oaxaca de Juárez,20067,110.36850695126964,113.39454700164501,110.36850695126964,Oaxaca de Juárez,Oaxaca,TRUE,FALSE,FALSE,0,4.7128445851130225,0,1
20549,20,Oaxaca,Oaxaca de Juárez,20067,132.90226778897394,131.74690745857828,132.90226778897394,Oaxaca de Juárez,Oaxaca,TRUE,FALSE,FALSE,0,4.897110188991152,0,4
20564,20,Oaxaca,Oaxaca de Juárez,20067,60.69569700790542,61.025270923909716,60.69569700790542,Oaxaca de Juárez,Oaxaca,TRUE,FALSE,FALSE,0,4.122214187926771,1,1
20565,20,Oaxaca,Oaxaca de Juárez,20067,14.35837815335002,17.624871305945387,14.35837815335002,Oaxaca de Juárez,Oaxaca,TRUE,FALSE,TRUE,0,2.73166113317001,1,1
20099,20,Oaxaca,Oaxaca de Juárez,20067,188.0650892437282,187.16269395300537,119.0416525269843,Chilpancingo de los Bravo,Guerrero,FALSE,FALSE,FALSE,69.02343671674392,5.242091343304821,0,5
20491,20,Oaxaca,Oaxaca de Juárez,20067,73.3839737272611,75.41130269001222,73.3839737272611,Oaxaca de Juárez,Oaxaca,TRUE,FALSE,FALSE,0,4.309240511743997,1,1
20031,20,Oaxaca,Oaxaca de Juárez,20067,75.2386988883197,75.22815399820075,75.2386988883197,Oaxaca de Juárez,Oaxaca,TRUE,FALSE,FALSE,0,4.333869193202416,1,1
20279,20,Oaxaca,Oaxaca de Juárez,20067,113.74318288392614,116.90413533087957,113.74318288392614,Oaxaca de Juárez,Oaxaca,TRUE,FALSE,FALSE,0,4.74269643875696,0,1
20401,20,Oaxaca,Oaxaca de Juárez,20067,136.01075924880524,139.3399503866019,136.01075924880524,Oaxaca de Juárez,Oaxaca,TRUE,FALSE,FALSE,0,4.920059457407252,0,1
20367,20,Oaxaca,Oaxaca de Juárez,20067,143.8884955371533,145.99334063560735,143.8884955371533,Oaxaca de Juárez,Oaxaca,TRUE,FALSE,FALSE,0,4.975964450295757,0,1
20500,20,Oaxaca,Oaxaca de Juárez,20067,89.31548976157917,90.52636856736022,89.31548976157917,Oaxaca de Juárez,Oaxaca,TRUE,FALSE,FALSE,0,4.503308982385287,1,1
20503,20,Oaxaca,Oaxaca de Juárez,20067,53.10821299146014,51.9635714997755,53.10821299146014,Oaxaca de Juárez,Oaxaca,TRUE,FALSE,FALSE,0,3.9909859856326717,1,1
20379,20,Oaxaca,Oaxaca de Juárez,20067,105.9622794076259,105.97612838569034,105.9622794076259,Oaxaca de Juárez,Oaxaca,TRUE,FALSE,FALSE,0,4.672476243408293,0,2
20494,20,Oaxaca,Oaxaca de Juárez,20067,26.469295899890703,27.542138494422332,26.469295899890703,Oaxaca de Juárez,Oaxaca,TRUE,FALSE,TRUE,0,3.3130688681766016,1,1
20499,20,Oaxaca,Oaxaca de Juárez,20067,100.316328003385,99.13020268024799,100.316328003385,Oaxaca de Juárez,Oaxaca,TRUE,FALSE,FALSE,0,4.618247582899404,0,2
20058,20,Oaxaca,Oaxaca de Juárez,20067,107.5776630039655,104.35331851792122,107.5776630039655,Oaxaca de Juárez,Oaxaca,TRUE,FALSE,FALSE,0,4.687465704981405,0,4
20059,20,Oaxaca,Oaxaca de Juárez,20067,80.93243406319648,84.15602050341072,80.93243406319648,Oaxaca de Juárez,Oaxaca,TRUE,FALSE,FALSE,0,4.405894932771328,1,1
20177,20,Oaxaca,Oaxaca de Juárez,20067,74.97745834200161,71.86490561403342,74.97745834200161,Oaxaca de Juárez,Oaxaca,TRUE,FALSE,FALSE,0,4.330436695528489,1,2
20359,20,Oaxaca,Oaxaca de Juárez,20067,37.52238953537989,34.27517431191902,37.52238953537989,Oaxaca de Juárez,Oaxaca,TRUE,FALSE,TRUE,0,3.6512396186346803,1,1
20364,20,Oaxaca,Oaxaca de Juárez,20067,116.58920626860278,119.56862811816663,116.58920626860278,Oaxaca de Juárez,Oaxaca,TRUE,FALSE,FALSE,0,4.767197247821922,0,1
20569,20,Oaxaca,Oaxaca de Juárez,20067,49.45384265604027,48.2775965773529,49.45384265604027,Oaxaca de Juárez,Oaxaca,TRUE,FALSE,TRUE,0,3.9210589115113073,1,1
20570,20,Oaxaca,Oaxaca de Juárez,20067,46.21334736607656,48.78398329320738,46.21334736607656,Oaxaca de Juárez,Oaxaca,TRUE,FALSE,TRUE,0,3.8546766357954705,1,1
20567,20,Oaxaca,Oaxaca de Juárez,20067,193.77874732747813,192.68338995512178,119.92146172791021,Chilpancingo de los Bravo,Guerrero,FALSE,FALSE,FALSE,73.85728559956792,5.27186428529499,0,6
20057,20,Oaxaca,Oaxaca de Juárez,20067,185.11472206667477,184.70384774889033,185.11472206667477,Oaxaca de Juárez,Oaxaca,TRUE,FALSE,FALSE,0,5.226363268884025,0,1
20423,20,Oaxaca,Oaxaca de Juárez,20067,90.40650477456829,89.32160440753248,90.40650477456829,Oaxaca de Juárez,Oaxaca,TRUE,FALSE,FALSE,0,4.515316644139674,1,2
20112,20,Oaxaca,Oaxaca de Juárez,20067,41.28197947609787,43.92796290568907,41.28197947609787,Oaxaca de Juárez,Oaxaca,TRUE,FALSE,TRUE,0,3.7443609781676352,1,1
20510,20,Oaxaca,Oaxaca de Juárez,20067,86.93705672349803,87.93509506843189,86.93705672349803,Oaxaca de Juárez,Oaxaca,TRUE,FALSE,FALSE,0,4.476621294048803,1,1
20371,20,Oaxaca,Oaxaca de Juárez,20067,86.14508975363361,86.50513428303974,86.14508975363361,Oaxaca de Juárez,Oaxaca,TRUE,FALSE,FALSE,0,4.467574427907518,1,1
20424,20,Oaxaca,Oaxaca de Juárez,20067,115.29830306759054,118.3341807227667,115.29830306759054,Oaxaca de Juárez,Oaxaca,TRUE,FALSE,FALSE,0,4.756158468425826,0,1
20406,20,Oaxaca,Oaxaca de Juárez,20067,134.9280125943875,131.603333439975,134.9280125943875,Oaxaca de Juárez,Oaxaca,TRUE,FALSE,FALSE,0,4.912125426438296,0,4
20410,20,Oaxaca,Oaxaca de Juárez,20067,130.8742584584285,133.07565347556326,130.8742584584285,Oaxaca de Juárez,Oaxaca,TRUE,FALSE,FALSE,0,4.881848881150472,0,1
20435,20,Oaxaca,Oaxaca de Juárez,20067,79.74734189082858,80.1181190671729,79.74734189082858,Oaxaca de Juárez,Oaxaca,TRUE,FALSE,FALSE,0,4.391325043800328,1,1
20417,20,Oaxaca,Oaxaca de Juárez,20067,104.04791107411215,101.09946535388009,104.04791107411215,Oaxaca de Juárez,Oaxaca,TRUE,FALSE,FALSE,0,4.654416542030112,0,2
20422,20,Oaxaca,Oaxaca de Juárez,20067,90.31440664195169,88.19463563793909,90.31440664195169,Oaxaca de Juárez,Oaxaca,TRUE,FALSE,FALSE,0,4.514308569697598,1,2
20439,20,Oaxaca,Oaxaca de Juárez,20067,144.41264111427174,147.7316169397608,144.41264111427174,Oaxaca de Juárez,Oaxaca,TRUE,FALSE,FALSE,0,4.97957550158355,0,1
20450,20,Oaxaca,Oaxaca de Juárez,20067,97.82098216929707,99.7377614879695,97.82098216929707,Oaxaca de Juárez,Oaxaca,TRUE,FALSE,FALSE,0,4.593309952341063,1,1
20075,20,Oaxaca,Oaxaca de Juárez,20067,255.00623074371063,255.74168263122493,148.9920836053505,Tuxtla Gutiérrez,Chiapas,FALSE,FALSE,FALSE,106.01414713836013,5.545201783025997,0,1
20501,20,Oaxaca,Oaxaca de Juárez,20067,169.772200123626,168.84999763470927,136.23536188897432,Chilpancingo de los Bravo,Guerrero,FALSE,FALSE,FALSE,33.53683823465167,5.140330505364941,0,5
20504,20,Oaxaca,Oaxaca de Juárez,20067,22.590846512512943,19.439785340865004,22.590846512512943,Oaxaca de Juárez,Oaxaca,TRUE,FALSE,TRUE,0,3.1608587771552776,1,1
20505,20,Oaxaca,Oaxaca de Juárez,20067,219.81363248570207,220.39564535612416,175.06371144421237,Tuxtla Gutiérrez,Chiapas,FALSE,FALSE,FALSE,44.7499210414897,5.397319053827196,0,1
20251,20,Oaxaca,Oaxaca de Juárez,20067,190.95843168963535,190.10238861482935,115.26257455454541,Chilpancingo de los Bravo,Guerrero,FALSE,FALSE,FALSE,75.69585713508994,5.257278846971441,0,5
20459,20,Oaxaca,Oaxaca de Juárez,20067,163.0981248478152,160.729407328404,106.29145315701251,Puebla de Zaragoza,Puebla,FALSE,FALSE,FALSE,56.80667169080269,5.100464571143586,0,5
20477,20,Oaxaca,Oaxaca de Juárez,20067,90.84961092142443,93.6031630485179,90.84961092142443,Oaxaca de Juárez,Oaxaca,TRUE,FALSE,FALSE,0,4.520152575630654,1,1
20484,20,Oaxaca,Oaxaca de Juárez,20067,176.13025545758305,174.992908635809,136.040200556412,Chilpancingo de los Bravo,Guerrero,FALSE,FALSE,FALSE,40.090054901171044,5.176885368467401,0,5
20485,20,Oaxaca,Oaxaca de Juárez,20067,203.10692727871697,204.68758893176445,174.2480522432711,Chilpancingo de los Bravo,Guerrero,FALSE,FALSE,FALSE,28.858875035445863,5.318644009850888,0,1
20492,20,Oaxaca,Oaxaca de Juárez,20067,68.46662315906194,68.04976855777771,68.46662315906194,Oaxaca de Juárez,Oaxaca,TRUE,FALSE,FALSE,0,4.2408463949018165,1,1
20495,20,Oaxaca,Oaxaca de Juárez,20067,130.35444794971485,133.28127937740217,130.35444794971485,Oaxaca de Juárez,Oaxaca,TRUE,FALSE,FALSE,0,4.877899378898244,0,1
20534,20,Oaxaca,Oaxaca de Juárez,20067,78.4912565563813,81.82265675224922,78.4912565563813,Oaxaca de Juárez,Oaxaca,TRUE,FALSE,FALSE,0,4.375647035189119,1,1
20537,20,Oaxaca,Oaxaca de Juárez,20067,160.03425803179869,159.17060920784095,144.25370037203012,Chilpancingo de los Bravo,Guerrero,FALSE,FALSE,FALSE,15.780557659768562,5.081617125155615,0,5
20543,20,Oaxaca,Oaxaca de Juárez,20067,120.87386144489341,123.40172558363989,120.87386144489341,Oaxaca de Juárez,Oaxaca,TRUE,FALSE,FALSE,0,4.8029865872837565,0,1
20548,20,Oaxaca,Oaxaca de Juárez,20067,120.0267738026398,117.30141582218042,120.0267738026398,Oaxaca de Juárez,Oaxaca,TRUE,FALSE,FALSE,0,4.796011792216099,0,4
20463,20,Oaxaca,Oaxaca de Juárez,20067,57.075792330864154,54.602777390760664,57.075792330864154,Oaxaca de Juárez,Oaxaca,TRUE,FALSE,FALSE,0,4.061748921798259,1,1
20467,20,Oaxaca,Oaxaca de Juárez,20067,148.72077955145681,151.08723162150434,148.72077955145681,Oaxaca de Juárez,Oaxaca,TRUE,FALSE,FALSE,0,5.008772089751613,0,1
20559,20,Oaxaca,Oaxaca de Juárez,20067,90.27983769325209,87.21535262400276,90.27983769325209,Oaxaca de Juárez,Oaxaca,TRUE,FALSE,FALSE,0,4.51392992743274,1,1
20169,20,Oaxaca,Oaxaca de Juárez,20067,131.34729430366207,128.0083813833598,131.34729430366207,Oaxaca de Juárez,Oaxaca,TRUE,FALSE,FALSE,0,4.8854294849708415,0,3
20117,20,Oaxaca,Oaxaca de Juárez,20067,125.21256024352081,128.54715356426738,125.21256024352081,Oaxaca de Juárez,Oaxaca,TRUE,FALSE,FALSE,0,4.837967471648506,0,1
20512,20,Oaxaca,Oaxaca de Juárez,20067,108.88063776952637,111.83106610106564,108.88063776952637,Oaxaca de Juárez,Oaxaca,TRUE,FALSE,FALSE,0,4.699394665446908,0,1
20514,20,Oaxaca,Oaxaca de Juárez,20067,75.42686097366729,73.97769970942359,75.42686097366729,Oaxaca de Juárez,Oaxaca,TRUE,FALSE,FALSE,0,4.33633421780647,1,1
20118,20,Oaxaca,Oaxaca de Juárez,20067,31.085135648226135,33.093239780004325,31.085135648226135,Oaxaca de Juárez,Oaxaca,TRUE,FALSE,TRUE,0,3.4683928589705757,1,1
20518,20,Oaxaca,Oaxaca de Juárez,20067,74.71632338926695,73.37575449430915,74.71632338926695,Oaxaca de Juárez,Oaxaca,TRUE,FALSE,FALSE,0,4.326993769817146,1,1
20440,20,Oaxaca,Oaxaca de Juárez,20067,128.69116267276044,129.7723101797226,128.69116267276044,Oaxaca de Juárez,Oaxaca,TRUE,FALSE,FALSE,0,4.865155952322195,0,1
20568,20,Oaxaca,Oaxaca de Juárez,20067,147.9379700860446,146.1388549327029,133.82046927852704,Puebla de Zaragoza,Puebla,FALSE,FALSE,FALSE,14.117500807517558,5.003529911117813,0,5
20521,20,Oaxaca,Oaxaca de Juárez,20067,88.98336014529453,87.00573026428125,88.98336014529453,Oaxaca de Juárez,Oaxaca,TRUE,FALSE,FALSE,0,4.499624765962,1,2
20001,20,Oaxaca,Oaxaca de Juárez,20067,47.21944384276137,43.912598455328606,47.21944384276137,Oaxaca de Juárez,Oaxaca,TRUE,FALSE,TRUE,0,3.8757623389403757,1,1
20256,20,Oaxaca,Oaxaca de Juárez,20067,110.10844771171077,107.8549271523933,110.10844771171077,Oaxaca de Juárez,Oaxaca,TRUE,FALSE,FALSE,0,4.710506730764015,0,4
20003,20,Oaxaca,Oaxaca de Juárez,20067,85.2381668166677,85.20605678996303,85.2381668166677,Oaxaca de Juárez,Oaxaca,TRUE,FALSE,FALSE,0,4.457112850170701,1,1
20263,20,Oaxaca,Oaxaca de Juárez,20067,100.54739905341155,103.86092999235572,100.54739905341155,Oaxaca de Juárez,Oaxaca,TRUE,FALSE,FALSE,0,4.620525675225829,0,1
20004,20,Oaxaca,Oaxaca de Juárez,20067,136.61746101388383,134.50869018214507,136.00928246693317,Puebla de Zaragoza,Puebla,FALSE,FALSE,FALSE,0.6081785469506542,4.924477814351738,0,5
20007,20,Oaxaca,Oaxaca de Juárez,20067,34.48657272604126,37.81506937854926,34.48657272604126,Oaxaca de Juárez,Oaxaca,TRUE,FALSE,TRUE,0,3.5691543918639406,1,1
20267,20,Oaxaca,Oaxaca de Juárez,20067,32.45570259399506,29.487256315180566,32.45570259399506,Oaxaca de Juárez,Oaxaca,TRUE,FALSE,TRUE,0,3.5102222531798564,1,1
20011,20,Oaxaca,Oaxaca de Juárez,20067,170.5797341118302,169.8162578312659,132.60796145875108,Chilpancingo de los Bravo,Guerrero,FALSE,FALSE,FALSE,37.971772653079114,5.145048080498148,0,5
20027,20,Oaxaca,Oaxaca de Juárez,20067,101.75066115263584,98.42889575093336,101.75066115263584,Oaxaca de Juárez,Oaxaca,TRUE,FALSE,FALSE,0,4.632305287931174,0,3
20030,20,Oaxaca,Oaxaca de Juárez,20067,192.2684913484282,193.1989572867398,192.2684913484282,Oaxaca de Juárez,Oaxaca,TRUE,FALSE,FALSE,0,5.264080369039597,0,1
20519,20,Oaxaca,Oaxaca de Juárez,20067,14.39522898211308,14.559850211904728,14.39522898211308,Oaxaca de Juárez,Oaxaca,TRUE,FALSE,TRUE,0,2.7340576550633866,1,1
20034,20,Oaxaca,Oaxaca de Juárez,20067,170.38848209294457,169.15804243996402,142.32334411170118,Puebla de Zaragoza,Puebla,FALSE,FALSE,FALSE,28.065137981243396,5.143932804914738,0,5
20013,20,Oaxaca,Oaxaca de Juárez,20067,20.294935428052035,23.60718153141166,20.294935428052035,Oaxaca de Juárez,Oaxaca,TRUE,FALSE,TRUE,0,3.058469271111929,1,1
20460,20,Oaxaca,Oaxaca de Juárez,20067,92.63074865966858,91.22435474707568,92.63074865966858,Oaxaca de Juárez,Oaxaca,TRUE,FALSE,FALSE,0,4.539358840856763,1,1
20044,20,Oaxaca,Oaxaca de Juárez,20067,135.63720018960396,132.95953596123348,135.63720018960396,Oaxaca de Juárez,Oaxaca,TRUE,FALSE,FALSE,0,4.917329239414666,0,1
20017,20,Oaxaca,Oaxaca de Juárez,20067,56.30371106300018,59.60116669065767,56.30371106300018,Oaxaca de Juárez,Oaxaca,TRUE,FALSE,FALSE,0,4.048365387120885,1,1
20507,20,Oaxaca,Oaxaca de Juárez,20067,193.4181481110995,195.07498694600375,181.77948260002202,Chilpancingo de los Bravo,Guerrero,FALSE,FALSE,FALSE,11.638665511077477,5.270011242150045,0,2
20049,20,Oaxaca,Oaxaca de Juárez,20067,40.4196974075902,43.74055144796393,40.4196974075902,Oaxaca de Juárez,Oaxaca,TRUE,FALSE,TRUE,0,3.723756550474558,1,1
20520,20,Oaxaca,Oaxaca de Juárez,20067,149.9083049743018,148.6609624132356,149.9083049743018,Oaxaca de Juárez,Oaxaca,TRUE,FALSE,FALSE,0,5.0166724005370424,0,5
20019,20,Oaxaca,Oaxaca de Juárez,20067,88.95251726785256,85.70337020956674,88.95251726785256,Oaxaca de Juárez,Oaxaca,TRUE,FALSE,FALSE,0,4.499281945195098,1,3
20022,20,Oaxaca,Oaxaca de Juárez,20067,163.93734843240125,161.73241825804234,108.57565933773495,Puebla de Zaragoza,Puebla,FALSE,FALSE,FALSE,55.3616890946663,5.10556569532353,0,6
20024,20,Oaxaca,Oaxaca de Juárez,20067,99.8077953624518,96.5471462841667,99.8077953624518,Oaxaca de Juárez,Oaxaca,TRUE,FALSE,FALSE,0,4.613215687592034,1,3
20025,20,Oaxaca,Oaxaca de Juárez,20067,283.58396832867857,284.3707248817655,129.2489944185629,Tuxtla Gutiérrez,Chiapas,FALSE,FALSE,FALSE,154.33497391011568,5.651028353530402,0,1
20026,20,Oaxaca,Oaxaca de Juárez,20067,89.44867580241198,90.10714460209397,89.44867580241198,Oaxaca de Juárez,Oaxaca,TRUE,FALSE,FALSE,0,4.504782571628133,1,1
20029,20,Oaxaca,Oaxaca de Juárez,20067,125.0469234111896,121.77417925255165,125.0469234111896,Oaxaca de Juárez,Oaxaca,TRUE,FALSE,FALSE,0,4.836654245650135,0,4
20032,20,Oaxaca,Oaxaca de Juárez,20067,176.53384256482803,174.97237803806775,123.1083672399603,Puebla de Zaragoza,Puebla,FALSE,FALSE,FALSE,53.42547532486773,5.179161253078776,0,6
20515,20,Oaxaca,Oaxaca de Juárez,20067,171.14216618172074,172.77773762870936,171.14216618172074,Oaxaca de Juárez,Oaxaca,TRUE,FALSE,FALSE,0,5.148320682979266,0,1
20516,20,Oaxaca,Oaxaca de Juárez,20067,80.57814262432882,83.07057488730388,80.57814262432882,Oaxaca de Juárez,Oaxaca,TRUE,FALSE,FALSE,0,4.401561366093195,1,1
20033,20,Oaxaca,Oaxaca de Juárez,20067,14.031889466684188,11.651418047121933,14.031889466684188,Oaxaca de Juárez,Oaxaca,TRUE,FALSE,TRUE,0,2.710173908883237,1,1
20050,20,Oaxaca,Oaxaca de Juárez,20067,90.017572150199,89.63372803751714,90.017572150199,Oaxaca de Juárez,Oaxaca,TRUE,FALSE,FALSE,0,4.511052588426976,1,1
20035,20,Oaxaca,Oaxaca de Juárez,20067,35.987416981476954,33.415534887256186,35.987416981476954,Oaxaca de Juárez,Oaxaca,TRUE,FALSE,TRUE,0,3.6105777732216655,1,1
20051,20,Oaxaca,Oaxaca de Juárez,20067,27.195128026092632,29.60170599240771,27.195128026092632,Oaxaca de Juárez,Oaxaca,TRUE,FALSE,TRUE,0,3.3391491979862944,1,1
20536,20,Oaxaca,Oaxaca de Juárez,20067,85.09137875864266,83.82561671696263,85.09137875864266,Oaxaca de Juárez,Oaxaca,TRUE,FALSE,FALSE,0,4.455409275858644,1,2
20047,20,Oaxaca,Oaxaca de Juárez,20067,114.02459226685653,111.85731248601154,114.02459226685653,Oaxaca de Juárez,Oaxaca,TRUE,FALSE,FALSE,0,4.745145951300249,0,3
20037,20,Oaxaca,Oaxaca de Juárez,20067,137.83842887192338,138.52060104614287,137.83842887192338,Oaxaca de Juárez,Oaxaca,TRUE,FALSE,FALSE,0,4.933310874824137,0,2
20040,20,Oaxaca,Oaxaca de Juárez,20067,110.7629842855166,107.45387605236142,110.7629842855166,Oaxaca de Juárez,Oaxaca,TRUE,FALSE,FALSE,0,4.7163804172185095,0,3
20041,20,Oaxaca,Oaxaca de Juárez,20067,118.9075633825733,115.6033089730509,118.9075633825733,Oaxaca de Juárez,Oaxaca,TRUE,FALSE,FALSE,0,4.786721140799369,0,4
20042,20,Oaxaca,Oaxaca de Juárez,20067,62.10935052728077,59.47506768649433,62.10935052728077,Oaxaca de Juárez,Oaxaca,TRUE,FALSE,FALSE,0,4.144868944421039,1,1
20045,20,Oaxaca,Oaxaca de Juárez,20067,21.390965971615618,18.584363720917636,21.390965971615618,Oaxaca de Juárez,Oaxaca,TRUE,FALSE,TRUE,0,3.108657572673136,1,1
20053,20,Oaxaca,Oaxaca de Juárez,20067,169.22114462666528,170.22138928713127,169.22114462666528,Oaxaca de Juárez,Oaxaca,TRUE,FALSE,FALSE,0,5.137098442422078,0,1
20046,20,Oaxaca,Oaxaca de Juárez,20067,58.714121655174985,57.857080521054165,58.714121655174985,Oaxaca de Juárez,Oaxaca,TRUE,FALSE,FALSE,0,4.089568536064293,1,1
20523,20,Oaxaca,Oaxaca de Juárez,20067,83.40523302086173,81.61979636965269,83.40523302086173,Oaxaca de Juárez,Oaxaca,TRUE,FALSE,FALSE,0,4.435629402296674,1,2
20048,20,Oaxaca,Oaxaca de Juárez,20067,27.60700436535032,30.22994346050781,27.60700436535032,Oaxaca de Juárez,Oaxaca,TRUE,FALSE,TRUE,0,3.35365159572015,1,1
20522,20,Oaxaca,Oaxaca de Juárez,20067,46.669303463966436,46.116070911773036,46.669303463966436,Oaxaca de Juárez,Oaxaca,TRUE,FALSE,TRUE,0,3.8642876574877145,1,1
20456,20,Oaxaca,Oaxaca de Juárez,20067,129.50926123268877,127.86762556039731,129.50926123268877,Oaxaca de Juárez,Oaxaca,TRUE,FALSE,FALSE,0,4.8714441915449855,0,4
20060,20,Oaxaca,Oaxaca de Juárez,20067,67.03915490363288,66.3631513753123,67.03915490363288,Oaxaca de Juárez,Oaxaca,TRUE,FALSE,FALSE,0,4.220083346868997,1,1
20061,20,Oaxaca,Oaxaca de Juárez,20067,78.09077353099399,81.36020209088029,78.09077353099399,Oaxaca de Juárez,Oaxaca,TRUE,FALSE,FALSE,0,4.370596224872852,1,1
20062,20,Oaxaca,Oaxaca de Juárez,20067,40.79165525270391,38.59652734041407,40.79165525270391,Oaxaca de Juárez,Oaxaca,TRUE,FALSE,TRUE,0,3.732696684498194,1,1
20063,20,Oaxaca,Oaxaca de Juárez,20067,16.13078036388622,14.063527182292194,16.13078036388622,Oaxaca de Juárez,Oaxaca,TRUE,FALSE,TRUE,0,2.840876866691654,1,1
20065,20,Oaxaca,Oaxaca de Juárez,20067,145.13879499411425,144.30709935435627,145.13879499411425,Oaxaca de Juárez,Oaxaca,TRUE,FALSE,FALSE,0,4.9845568207708055,0,3
20069,20,Oaxaca,Oaxaca de Juárez,20067,50.43571958651331,53.767920029006824,50.43571958651331,Oaxaca de Juárez,Oaxaca,TRUE,FALSE,FALSE,0,3.940332864696336,1,1
20070,20,Oaxaca,Oaxaca de Juárez,20067,151.85896079633804,153.72541577029176,151.85896079633804,Oaxaca de Juárez,Oaxaca,TRUE,FALSE,FALSE,0,5.029515671390072,0,1
20071,20,Oaxaca,Oaxaca de Juárez,20067,131.83995692362126,135.01057982887946,131.83995692362126,Oaxaca de Juárez,Oaxaca,TRUE,FALSE,FALSE,0,4.889145072235844,0,1
20096,20,Oaxaca,Oaxaca de Juárez,20067,77.85948351437085,76.15780952990895,77.85948351437085,Oaxaca de Juárez,Oaxaca,TRUE,FALSE,FALSE,0,4.367667579028729,1,2
20072,20,Oaxaca,Oaxaca de Juárez,20067,44.895915076818405,48.15798744761492,44.895915076818405,Oaxaca de Juárez,Oaxaca,TRUE,FALSE,TRUE,0,3.82637611695836,1,1
20097,20,Oaxaca,Oaxaca de Juárez,20067,58.09103439405985,56.63228694339394,58.09103439405985,Oaxaca de Juárez,Oaxaca,TRUE,FALSE,FALSE,0,4.079079210603923,1,1
20098,20,Oaxaca,Oaxaca de Juárez,20067,97.25995914439054,93.92698810480671,97.25995914439054,Oaxaca de Juárez,Oaxaca,TRUE,FALSE,FALSE,0,4.58761661094956,1,2
20074,20,Oaxaca,Oaxaca de Juárez,20067,97.74494401096294,100.51516458331727,97.74494401096294,Oaxaca de Juárez,Oaxaca,TRUE,FALSE,FALSE,0,4.592540202581489,1,1
20076,20,Oaxaca,Oaxaca de Juárez,20067,130.11361323844085,131.5803507950063,130.11361323844085,Oaxaca de Juárez,Oaxaca,TRUE,FALSE,FALSE,0,4.8760642239634,0,1
20190,20,Oaxaca,Oaxaca de Juárez,20067,133.73858914336512,132.83564748255728,133.73858914336512,Oaxaca de Juárez,Oaxaca,TRUE,FALSE,FALSE,0,4.903336524521519,0,1
20078,20,Oaxaca,Oaxaca de Juárez,20067,12.446921519792838,14.593494033509998,12.446921519792838,Oaxaca de Juárez,Oaxaca,TRUE,FALSE,TRUE,0,2.598750196563293,1,1
20077,20,Oaxaca,Oaxaca de Juárez,20067,18.088545657110725,15.572241650407326,18.088545657110725,Oaxaca de Juárez,Oaxaca,TRUE,FALSE,TRUE,0,2.9490884513421323,1,1
20081,20,Oaxaca,Oaxaca de Juárez,20067,146.272940741769,145.2308971102904,146.272940741769,Oaxaca de Juárez,Oaxaca,TRUE,FALSE,FALSE,0,4.992287604908157,0,5
20094,20,Oaxaca,Oaxaca de Juárez,20067,40.094596765442745,38.962056799014576,40.094596765442745,Oaxaca de Juárez,Oaxaca,TRUE,FALSE,TRUE,0,3.7158766472988307,1,1
20080,20,Oaxaca,Oaxaca de Juárez,20067,62.58292190936311,65.91338288964452,62.58292190936311,Oaxaca de Juárez,Oaxaca,TRUE,FALSE,FALSE,0,4.152344910849516,1,1
20084,20,Oaxaca,Oaxaca de Juárez,20067,14.144071812941089,10.805878326127136,14.144071812941089,Oaxaca de Juárez,Oaxaca,TRUE,FALSE,TRUE,0,2.7176091559019255,1,1
20082,20,Oaxaca,Oaxaca de Juárez,20067,134.1946161724791,136.1449808004857,134.1946161724791,Oaxaca de Juárez,Oaxaca,TRUE,FALSE,FALSE,0,4.906715341606504,0,1
20086,20,Oaxaca,Oaxaca de Juárez,20067,85.19575353778956,84.96259622123927,85.19575353778956,Oaxaca de Juárez,Oaxaca,TRUE,FALSE,FALSE,0,4.456620913553517,1,1
20083,20,Oaxaca,Oaxaca de Juárez,20067,10.052160127825367,13.04396589805539,10.052160127825367,Oaxaca de Juárez,Oaxaca,TRUE,FALSE,TRUE,0,2.4026258955397592,1,1
20092,20,Oaxaca,Oaxaca de Juárez,20067,14.826480679582053,15.774450593058893,14.826480679582053,Oaxaca de Juárez,Oaxaca,TRUE,FALSE,TRUE,0,2.7616845295035954,1,1
20087,20,Oaxaca,Oaxaca de Juárez,20067,5.0875079914400665,5.400142704625178,5.0875079914400665,Oaxaca de Juárez,Oaxaca,TRUE,FALSE,TRUE,0,1.8062388011700752,1,1
20089,20,Oaxaca,Oaxaca de Juárez,20067,123.48940064573783,121.86252661520759,123.48940064573783,Oaxaca de Juárez,Oaxaca,TRUE,FALSE,FALSE,0,4.824220576904941,0,4
20090,20,Oaxaca,Oaxaca de Juárez,20067,150.62411348863677,152.63764782988633,150.62411348863677,Oaxaca de Juárez,Oaxaca,TRUE,FALSE,FALSE,0,5.021404520511008,0,1
20091,20,Oaxaca,Oaxaca de Juárez,20067,8.751628118815464,6.681419083420036,8.751628118815464,Oaxaca de Juárez,Oaxaca,TRUE,FALSE,TRUE,0,2.2774342576142304,1,1
20095,20,Oaxaca,Oaxaca de Juárez,20067,97.8915096454551,101.08669179956625,97.8915096454551,Oaxaca de Juárez,Oaxaca,TRUE,FALSE,FALSE,0,4.594023387071486,1,1
20100,20,Oaxaca,Oaxaca de Juárez,20067,67.74409686884438,66.3843553243694,67.74409686884438,Oaxaca de Juárez,Oaxaca,TRUE,FALSE,FALSE,0,4.23039086913428,1,1
20101,20,Oaxaca,Oaxaca de Juárez,20067,54.06636415498287,57.34818335169862,54.06636415498287,Oaxaca de Juárez,Oaxaca,TRUE,FALSE,FALSE,0,4.008539078850099,1,1
20102,20,Oaxaca,Oaxaca de Juárez,20067,22.56205633785079,21.164928405289352,22.56205633785079,Oaxaca de Juárez,Oaxaca,TRUE,FALSE,TRUE,0,3.1596376358681275,1,1
20233,20,Oaxaca,Oaxaca de Juárez,20067,36.13417719544451,38.00826078778875,36.13417719544451,Oaxaca de Juárez,Oaxaca,TRUE,FALSE,TRUE,0,3.6145377637583644,1,1
20103,20,Oaxaca,Oaxaca de Juárez,20067,28.909829417524087,32.191079249054404,28.909829417524087,Oaxaca de Juárez,Oaxaca,TRUE,FALSE,TRUE,0,3.3981871694334864,1,1
20104,20,Oaxaca,Oaxaca de Juárez,20067,40.15993662184253,42.714787165172865,40.15993662184253,Oaxaca de Juárez,Oaxaca,TRUE,FALSE,TRUE,0,3.7174653711649195,1,1
20105,20,Oaxaca,Oaxaca de Juárez,20067,118.90361879308645,117.78669579455142,118.90361879308645,Oaxaca de Juárez,Oaxaca,TRUE,FALSE,FALSE,0,4.78668824333853,0,3
20107,20,Oaxaca,Oaxaca de Juárez,20067,6.879340437443305,9.701967357059422,6.879340437443305,Oaxaca de Juárez,Oaxaca,TRUE,FALSE,TRUE,0,2.0642441995346097,1,1
20108,20,Oaxaca,Oaxaca de Juárez,20067,47.50479977156187,49.02024658837831,47.50479977156187,Oaxaca de Juárez,Oaxaca,TRUE,FALSE,TRUE,0,3.8816627574088884,1,1
20109,20,Oaxaca,Oaxaca de Juárez,20067,127.41167069918106,124.41105685719081,127.41167069918106,Oaxaca de Juárez,Oaxaca,TRUE,FALSE,FALSE,0,4.855241280421118,0,4
20110,20,Oaxaca,Oaxaca de Juárez,20067,90.68468722602317,90.66992134848832,90.68468722602317,Oaxaca de Juárez,Oaxaca,TRUE,FALSE,FALSE,0,4.518355377597842,1,1
20111,20,Oaxaca,Oaxaca de Juárez,20067,153.0857955410961,154.62250166247142,153.0857955410961,Oaxaca de Juárez,Oaxaca,TRUE,FALSE,FALSE,0,5.037509561186514,0,2
20527,20,Oaxaca,Oaxaca de Juárez,20067,81.34353061034507,78.13133200538589,81.34353061034507,Oaxaca de Juárez,Oaxaca,TRUE,FALSE,FALSE,0,4.410899893857592,1,3
20116,20,Oaxaca,Oaxaca de Juárez,20067,108.20192709023787,104.86413096205759,108.20192709023787,Oaxaca de Juárez,Oaxaca,TRUE,FALSE,FALSE,0,4.693198710501592,0,3
20114,20,Oaxaca,Oaxaca de Juárez,20067,57.3958566082577,56.28122014988003,57.3958566082577,Oaxaca de Juárez,Oaxaca,TRUE,FALSE,FALSE,0,4.06724493882848,1,1
20172,20,Oaxaca,Oaxaca de Juárez,20067,87.90361256502143,87.03432169006378,87.90361256502143,Oaxaca de Juárez,Oaxaca,TRUE,FALSE,FALSE,0,4.487552777971184,1,1
20115,20,Oaxaca,Oaxaca de Juárez,20067,14.893954913734827,18.10573442576514,14.893954913734827,Oaxaca de Juárez,Oaxaca,TRUE,FALSE,TRUE,0,2.7659388428293554,1,1
20413,20,Oaxaca,Oaxaca de Juárez,20067,151.50298103968714,154.52733319504574,151.50298103968714,Oaxaca de Juárez,Oaxaca,TRUE,FALSE,FALSE,0,5.027184143657638,0,1
20119,20,Oaxaca,Oaxaca de Juárez,20067,79.10871712895666,78.71664142046103,79.10871712895666,Oaxaca de Juárez,Oaxaca,TRUE,FALSE,FALSE,0,4.38338467622983,1,1
20120,20,Oaxaca,Oaxaca de Juárez,20067,55.01086621819124,53.68974972770272,55.01086621819124,Oaxaca de Juárez,Oaxaca,TRUE,FALSE,FALSE,0,4.025545711522457,1,1
20121,20,Oaxaca,Oaxaca de Juárez,20067,84.32338130864353,82.30243372066684,84.32338130864353,Oaxaca de Juárez,Oaxaca,TRUE,FALSE,FALSE,0,4.4464485237208615,1,2
20014,20,Oaxaca,Oaxaca de Juárez,20067,181.662082258842,182.33983543932234,181.662082258842,Oaxaca de Juárez,Oaxaca,TRUE,FALSE,FALSE,0,5.20763790084184,0,1
20015,20,Oaxaca,Oaxaca de Juárez,20067,62.67201121055713,65.92687826157832,62.67201121055713,Oaxaca de Juárez,Oaxaca,TRUE,FALSE,FALSE,0,4.1537450815708326,1,1
20123,20,Oaxaca,Oaxaca de Juárez,20067,32.44243118001633,35.25096837352889,32.44243118001633,Oaxaca de Juárez,Oaxaca,TRUE,FALSE,TRUE,0,3.5098254883254683,1,1
20122,20,Oaxaca,Oaxaca de Juárez,20067,111.45260404626177,113.4266881991111,111.45260404626177,Oaxaca de Juárez,Oaxaca,TRUE,FALSE,FALSE,0,4.722531835507244,0,1
20528,20,Oaxaca,Oaxaca de Juárez,20067,135.81487828853307,135.13637209635527,135.81487828853307,Oaxaca de Juárez,Oaxaca,TRUE,FALSE,FALSE,0,4.918628758693675,0,3
20124,20,Oaxaca,Oaxaca de Juárez,20067,186.44437427898401,187.63690256568273,186.44437427898401,Oaxaca de Juárez,Oaxaca,TRUE,FALSE,FALSE,0,5.233482130882979,0,1
20129,20,Oaxaca,Oaxaca de Juárez,20067,100.50397072349809,98.31396640429773,100.50397072349809,Oaxaca de Juárez,Oaxaca,TRUE,FALSE,FALSE,0,4.620097918145211,0,3
20206,20,Oaxaca,Oaxaca de Juárez,20067,112.51424889216385,109.41343037098102,112.51424889216385,Oaxaca de Juárez,Oaxaca,TRUE,FALSE,FALSE,0,4.73192836994198,0,4
20126,20,Oaxaca,Oaxaca de Juárez,20067,92.53682811155379,95.50067101951969,92.53682811155379,Oaxaca de Juárez,Oaxaca,TRUE,FALSE,FALSE,0,4.538355242288911,1,1
20020,20,Oaxaca,Oaxaca de Juárez,20067,136.63525417772783,136.9522224404953,136.63525417772783,Oaxaca de Juárez,Oaxaca,TRUE,FALSE,FALSE,0,4.924607100370634,0,2
20127,20,Oaxaca,Oaxaca de Juárez,20067,93.88410858664682,93.35629829539609,93.88410858664682,Oaxaca de Juárez,Oaxaca,TRUE,FALSE,FALSE,0,4.5526562372908606,1,1
20128,20,Oaxaca,Oaxaca de Juárez,20067,66.20819108039134,64.48653386607396,66.20819108039134,Oaxaca de Juárez,Oaxaca,TRUE,FALSE,FALSE,0,4.2077951311782424,1,1
20529,20,Oaxaca,Oaxaca de Juárez,20067,156.5630686127251,155.15544288888893,141.7919307236661,Puebla de Zaragoza,Puebla,FALSE,FALSE,FALSE,14.771137889058991,5.059825813749085,0,5
20131,20,Oaxaca,Oaxaca de Juárez,20067,55.57473941550701,57.37052872420991,55.57473941550701,Oaxaca de Juárez,Oaxaca,TRUE,FALSE,FALSE,0,4.0355625855082335,1,1
20130,20,Oaxaca,Oaxaca de Juárez,20067,227.25139566148388,228.20757483009825,181.07887513595873,Tuxtla Gutiérrez,Chiapas,FALSE,FALSE,FALSE,46.17252052552516,5.430447634074056,0,1
20152,20,Oaxaca,Oaxaca de Juárez,20067,169.50029001462426,168.883385791066,131.7967305538951,Chilpancingo de los Bravo,Guerrero,FALSE,FALSE,FALSE,37.70355946072917,5.138736997687663,0,4
20153,20,Oaxaca,Oaxaca de Juárez,20067,118.4055750796218,121.66953818765117,118.4055750796218,Oaxaca de Juárez,Oaxaca,TRUE,FALSE,FALSE,0,4.782525892327587,0,1
20132,20,Oaxaca,Oaxaca de Juárez,20067,36.254210082709754,39.489789248017196,36.254210082709754,Oaxaca de Juárez,Oaxaca,TRUE,FALSE,TRUE,0,3.6177649607936475,1,1
20135,20,Oaxaca,Oaxaca de Juárez,20067,17.082572738954074,17.249951691235896,17.082572738954074,Oaxaca de Juárez,Oaxaca,TRUE,FALSE,TRUE,0,2.894948642349222,1,1
20136,20,Oaxaca,Oaxaca de Juárez,20067,85.89828127494327,82.62621741730423,85.89828127494327,Oaxaca de Juárez,Oaxaca,TRUE,FALSE,FALSE,0,4.464738253881777,1,2
20137,20,Oaxaca,Oaxaca de Juárez,20067,72.42816782082058,73.82677604612665,72.42816782082058,Oaxaca de Juárez,Oaxaca,TRUE,FALSE,FALSE,0,4.2963076197811345,1,1
20139,20,Oaxaca,Oaxaca de Juárez,20067,92.68078693429185,89.34971331652297,92.68078693429185,Oaxaca de Juárez,Oaxaca,TRUE,FALSE,FALSE,0,4.539893119492137,1,2
20142,20,Oaxaca,Oaxaca de Juárez,20067,126.14847164064346,122.91886666836488,126.14847164064346,Oaxaca de Juárez,Oaxaca,TRUE,FALSE,FALSE,0,4.845355471667246,0,4
20140,20,Oaxaca,Oaxaca de Juárez,20067,73.19103445269704,71.72959171935246,73.19103445269704,Oaxaca de Juárez,Oaxaca,TRUE,FALSE,FALSE,0,4.306643313394389,1,1
20141,20,Oaxaca,Oaxaca de Juárez,20067,247.35230503701487,248.3759608424592,168.94143653328902,Tuxtla Gutiérrez,Chiapas,FALSE,FALSE,FALSE,78.41086850372585,5.514848322915622,0,1
20160,20,Oaxaca,Oaxaca de Juárez,20067,146.131532744783,144.51103576614997,140.9361515822292,Puebla de Zaragoza,Puebla,FALSE,FALSE,FALSE,5.195381162553787,4.991326967277987,0,5
20143,20,Oaxaca,Oaxaca de Juárez,20067,254.80769971094082,255.64388797408333,153.76054745282755,Tuxtla Gutiérrez,Chiapas,FALSE,FALSE,FALSE,101.04715225811327,5.544425989203618,0,1
20144,20,Oaxaca,Oaxaca de Juárez,20067,65.75405311795738,64.51824932866545,65.75405311795738,Oaxaca de Juárez,Oaxaca,TRUE,FALSE,FALSE,0,4.201015016305197,1,1
20145,20,Oaxaca,Oaxaca de Juárez,20067,14.780108541055226,16.047777281663578,14.780108541055226,Oaxaca de Juárez,Oaxaca,TRUE,FALSE,TRUE,0,2.7587501937879395,1,1
20531,20,Oaxaca,Oaxaca de Juárez,20067,21.34260564365566,20.55737038247215,21.34260564365566,Oaxaca de Juárez,Oaxaca,TRUE,FALSE,TRUE,0,3.1064954226344215,1,1
20146,20,Oaxaca,Oaxaca de Juárez,20067,85.89329084884129,88.80136767507344,85.89329084884129,Oaxaca de Juárez,Oaxaca,TRUE,FALSE,FALSE,0,4.4646808238690046,1,1
20147,20,Oaxaca,Oaxaca de Juárez,20067,72.19111008179543,70.99603123385096,72.19111008179543,Oaxaca de Juárez,Oaxaca,TRUE,FALSE,FALSE,0,4.293073966621978,1,1
20148,20,Oaxaca,Oaxaca de Juárez,20067,122.2571683464662,125.10608284977926,122.2571683464662,Oaxaca de Juárez,Oaxaca,TRUE,FALSE,FALSE,0,4.814272972257608,0,1
20150,20,Oaxaca,Oaxaca de Juárez,20067,39.39680417813993,36.796674569635925,39.39680417813993,Oaxaca de Juárez,Oaxaca,TRUE,FALSE,TRUE,0,3.6987506773366916,1,1
20151,20,Oaxaca,Oaxaca de Juárez,20067,125.45326828998162,123.2463129006804,125.45326828998162,Oaxaca de Juárez,Oaxaca,TRUE,FALSE,FALSE,0,4.839872819282407,0,4
20157,20,Oaxaca,Oaxaca de Juárez,20067,4.019885087079125,3.7380425303356817,4.019885087079125,Oaxaca de Juárez,Oaxaca,TRUE,FALSE,TRUE,0,1.6134070424215396,1,1
20248,20,Oaxaca,Oaxaca de Juárez,20067,203.48728306414077,204.83177353656112,203.48728306414077,Oaxaca de Juárez,Oaxaca,TRUE,FALSE,FALSE,0,5.320505788043834,0,0
20158,20,Oaxaca,Oaxaca de Juárez,20067,92.95130626541626,95.42236714716694,92.95130626541626,Oaxaca de Juárez,Oaxaca,TRUE,FALSE,FALSE,0,4.542776629599073,1,1
20162,20,Oaxaca,Oaxaca de Juárez,20067,44.19879968279119,47.21077241600669,44.19879968279119,Oaxaca de Juárez,Oaxaca,TRUE,FALSE,TRUE,0,3.8110705307951167,1,1
20164,20,Oaxaca,Oaxaca de Juárez,20067,160.27578384634177,159.10758513350132,149.97451429579482,Puebla de Zaragoza,Puebla,FALSE,FALSE,FALSE,10.301269550546948,5.083115842715542,0,5
20176,20,Oaxaca,Oaxaca de Juárez,20067,91.581200869813145,89.16109106926987,91.581200869813145,Oaxaca de Juárez,Oaxaca,TRUE,FALSE,FALSE,0,4.528086106677059,1,2
20165,20,Oaxaca,Oaxaca de Juárez,20067,164.3377970514047,162.57860928527512,122.5499354978159,Puebla de Zaragoza,Puebla,FALSE,FALSE,FALSE,41.7878615535888,5.107990635987157,0,5
20167,20,Oaxaca,Oaxaca de Juárez,20067,91.53962967610109,94.67966957462507,91.53962967610109,Oaxaca de Juárez,Oaxaca,TRUE,FALSE,FALSE,0,4.527636981699732,1,1
20530,20,Oaxaca,Oaxaca de Juárez,20067,24.690996152897128,27.710280200853767,24.690996152897128,Oaxaca de Juárez,Oaxaca,TRUE,FALSE,TRUE,0,3.2461405862710433,1,1
20187,20,Oaxaca,Oaxaca de Juárez,20067,109.10024940913097,105.77183985942663,109.10024940913097,Oaxaca de Juárez,Oaxaca,TRUE,FALSE,FALSE,0,4.701391309022444,0,3
20171,20,Oaxaca,Oaxaca de Juárez,20067,120.47268211578803,117.1347340085507,120.47268211578803,Oaxaca de Juárez,Oaxaca,TRUE,FALSE,FALSE,0,4.799689398947441,0,3
20188,20,Oaxaca,Oaxaca de Juárez,20067,141.81515350759955,143.56495525263546,141.81515350759955,Oaxaca de Juárez,Oaxaca,TRUE,FALSE,FALSE,0,4.96155116127547,0,1
20173,20,Oaxaca,Oaxaca de Juárez,20067,50.250623792164674,47.2694102356389,50.250623792164674,Oaxaca de Juárez,Oaxaca,TRUE,FALSE,FALSE,0,3.9367277894988773,1,1
20174,20,Oaxaca,Oaxaca de Juárez,20067,9.535982634056106,12.82809844784787,9.535982634056106,Oaxaca de Juárez,Oaxaca,TRUE,FALSE,TRUE,0,2.35479631619134,1,1
20191,20,Oaxaca,Oaxaca de Juárez,20067,32.5564238454917,30.116991809980544,32.5564238454917,Oaxaca de Juárez,Oaxaca,TRUE,FALSE,TRUE,0,3.5132283158940174,1,1
20196,20,Oaxaca,Oaxaca de Juárez,20067,41.30680982427393,38.28700152110595,41.30680982427393,Oaxaca de Juárez,Oaxaca,TRUE,FALSE,TRUE,0,3.7449480618484543,1,1
20178,20,Oaxaca,Oaxaca de Juárez,20067,18.566382875966017,15.369158186650402,18.566382875966017,Oaxaca de Juárez,Oaxaca,TRUE,FALSE,TRUE,0,2.973812934277081,1,1
20197,20,Oaxaca,Oaxaca de Juárez,20067,23.750636348673694,25.549722374682304,23.750636348673694,Oaxaca de Juárez,Oaxaca,TRUE,FALSE,TRUE,0,3.208851199741699,1,1
20180,20,Oaxaca,Oaxaca de Juárez,20067,183.3431403346832,184.71740432299546,168.64360936134617,Chilpancingo de los Bravo,Guerrero,FALSE,FALSE,FALSE,14.699530973337033,5.216798913977989,0,2
20204,20,Oaxaca,Oaxaca de Juárez,20067,106.40961753455748,108.1780512458462,106.40961753455748,Oaxaca de Juárez,Oaxaca,TRUE,FALSE,FALSE,0,4.676649726804412,0,1
20181,20,Oaxaca,Oaxaca de Juárez,20067,141.48592364074446,139.2607442669087,129.38231352240646,Puebla de Zaragoza,Puebla,FALSE,FALSE,FALSE,12.103610118337997,4.9592432133610345,0,5
20480,20,Oaxaca,Oaxaca de Juárez,20067,107.74047254934254,107.12806581244324,107.74047254934254,Oaxaca de Juárez,Oaxaca,TRUE,FALSE,FALSE,0,4.688964057389246,0,3
20182,20,Oaxaca,Oaxaca de Juárez,20067,89.54752035755175,86.22013937013719,89.54752035755175,Oaxaca de Juárez,Oaxaca,TRUE,FALSE,FALSE,0,4.50587479971981,1,2
20183,20,Oaxaca,Oaxaca de Juárez,20067,181.93359747607536,181.14448754003763,122.2346834149807,Chilpancingo de los Bravo,Guerrero,FALSE,FALSE,FALSE,59.69891406109467,5.209123231671507,0,5
20189,20,Oaxaca,Oaxaca de Juárez,20067,86.72062996789596,85.43763622467343,86.72062996789596,Oaxaca de Juárez,Oaxaca,TRUE,FALSE,FALSE,0,4.474157105100462,1,1
20192,20,Oaxaca,Oaxaca de Juárez,20067,27.756648590809636,30.968895324774294,27.756648590809636,Oaxaca de Juárez,Oaxaca,TRUE,FALSE,TRUE,0,3.358868995840476,1,1
20193,20,Oaxaca,Oaxaca de Juárez,20067,28.94499271929081,25.74426764751926,28.94499271929081,Oaxaca de Juárez,Oaxaca,TRUE,FALSE,TRUE,0,3.3993621225803405,1,1
20464,20,Oaxaca,Oaxaca de Juárez,20067,117.26389240964167,114.9023587382293,117.26389240964167,Oaxaca de Juárez,Oaxaca,TRUE,FALSE,FALSE,0,4.772918503851044,0,4
20194,20,Oaxaca,Oaxaca de Juárez,20067,63.59638398651454,64.47823589315227,63.59638398651454,Oaxaca de Juárez,Oaxaca,TRUE,FALSE,FALSE,0,4.168158433780921,1,1
20195,20,Oaxaca,Oaxaca de Juárez,20067,74.05399000402802,73.35316366447047,74.05399000402802,Oaxaca de Juárez,Oaxaca,TRUE,FALSE,FALSE,0,4.3182077212769165,1,1
20199,20,Oaxaca,Oaxaca de Juárez,20067,182.89195501285056,181.74192768797232,130.77243382913085,Chilpancingo de los Bravo,Guerrero,FALSE,FALSE,FALSE,52.11952118371971,5.214348384121832,0,5
20200,20,Oaxaca,Oaxaca de Juárez,20067,91.71256319651238,92.31028892436225,91.71256319651238,Oaxaca de Juárez,Oaxaca,TRUE,FALSE,FALSE,0,4.5295039887020545,1,1
20201,20,Oaxaca,Oaxaca de Juárez,20067,52.99605946484764,51.108875749352286,52.99605946484764,Oaxaca de Juárez,Oaxaca,TRUE,FALSE,FALSE,0,3.988911071028433,1,1
20202,20,Oaxaca,Oaxaca de Juárez,20067,104.52998275558079,107.68885492726425,104.52998275558079,Oaxaca de Juárez,Oaxaca,TRUE,FALSE,FALSE,0,4.658995109275241,0,1
20203,20,Oaxaca,Oaxaca de Juárez,20067,59.09845572290729,62.174117970620465,59.09845572290729,Oaxaca de Juárez,Oaxaca,TRUE,FALSE,FALSE,0,4.095984146084702,1,1
20210,20,Oaxaca,Oaxaca de Juárez,20067,116.17822096961102,115.33023806516817,116.17822096961102,Oaxaca de Juárez,Oaxaca,TRUE,FALSE,FALSE,0,4.763696031970425,0,3
20208,20,Oaxaca,Oaxaca de Juárez,20067,123.69856677964145,123.1912155698261,123.69856677964145,Oaxaca de Juárez,Oaxaca,TRUE,FALSE,FALSE,0,4.825899359273041,0,3
20209,20,Oaxaca,Oaxaca de Juárez,20067,101.8315858943578,104.72958783858276,101.8315858943578,Oaxaca de Juárez,Oaxaca,TRUE,FALSE,FALSE,0,4.633092561609365,0,1
20566,20,Oaxaca,Oaxaca de Juárez,20067,68.24764699427604,70.05652462166093,68.24764699427604,Oaxaca de Juárez,Oaxaca,TRUE,FALSE,FALSE,0,4.2376891660681615,1,1
20215,20,Oaxaca,Oaxaca de Juárez,20067,73.08857235672825,71.45684600592713,73.08857235672825,Oaxaca de Juárez,Oaxaca,TRUE,FALSE,FALSE,0,4.305261301201591,1,1
20218,20,Oaxaca,Oaxaca de Juárez,20067,75.02666019280525,75.32729308385278,75.02666019280525,Oaxaca de Juárez,Oaxaca,TRUE,FALSE,FALSE,0,4.3310840707837945,1,1
20284,20,Oaxaca,Oaxaca de Juárez,20067,37.2158251799282,40.07991838537348,37.2158251799282,Oaxaca de Juárez,Oaxaca,TRUE,FALSE,TRUE,0,3.643249701551559,1,1
20216,20,Oaxaca,Oaxaca de Juárez,20067,60.623709130006105,58.968904974050524,60.623709130006105,Oaxaca de Juárez,Oaxaca,TRUE,FALSE,FALSE,0,4.121046684963031,1,1
20217,20,Oaxaca,Oaxaca de Juárez,20067,47.561353698995134,47.59407630704874,47.561353698995134,Oaxaca de Juárez,Oaxaca,TRUE,FALSE,TRUE,0,3.8828280231953753,1,1
20219,20,Oaxaca,Oaxaca de Juárez,20067,24.098810535832357,26.762853959680363,24.098810535832357,Oaxaca de Juárez,Oaxaca,TRUE,FALSE,TRUE,0,3.2228204560041807,1,1
20221,20,Oaxaca,Oaxaca de Juárez,20067,92.70491450413422,90.90305986809071,92.70491450413422,Oaxaca de Juárez,Oaxaca,TRUE,FALSE,FALSE,0,4.540150637219376,1,2
20222,20,Oaxaca,Oaxaca de Juárez,20067,62.78214187295494,60.46130712731436,62.78214187295494,Oaxaca de Juárez,Oaxaca,TRUE,FALSE,FALSE,0,4.155473243221788,1,1
20223,20,Oaxaca,Oaxaca de Juárez,20067,68.94262163098875,66.96510501575395,68.94262163098875,Oaxaca de Juárez,Oaxaca,TRUE,FALSE,FALSE,0,4.247675214933134,1,1
20541,20,Oaxaca,Oaxaca de Juárez,20067,57.45036112639669,55.29563423419842,57.45036112639669,Oaxaca de Juárez,Oaxaca,TRUE,FALSE,FALSE,0,4.0681778662804575,1,1
20498,20,Oaxaca,Oaxaca de Juárez,20067,139.62919274520678,138.28427672222386,139.62919274520678,Oaxaca de Juárez,Oaxaca,TRUE,FALSE,FALSE,0,4.94612658759125,0,1
20224,20,Oaxaca,Oaxaca de Juárez,20067,76.15367791859731,74.21886644214521,76.15367791859731,Oaxaca de Juárez,Oaxaca,TRUE,FALSE,FALSE,0,4.3457992499813365,1,2
20225,20,Oaxaca,Oaxaca de Juárez,20067,143.18717254878078,145.12468123969353,143.18717254878078,Oaxaca de Juárez,Oaxaca,TRUE,FALSE,FALSE,0,4.971112264921637,0,1
20016,20,Oaxaca,Oaxaca de Juárez,20067,156.30243318310855,156.24327589382486,144.6610784587733,Chilpancingo de los Bravo,Guerrero,FALSE,FALSE,FALSE,11.641354724335258,5.058170278368682,0,2
20226,20,Oaxaca,Oaxaca de Juárez,20067,55.93534699248437,56.98474302032421,55.93534699248437,Oaxaca de Juárez,Oaxaca,TRUE,FALSE,FALSE,0,4.041916360781353,1,1
20228,20,Oaxaca,Oaxaca de Juárez,20067,128.06730737889805,124.82212279848906,128.06730737889805,Oaxaca de Juárez,Oaxaca,TRUE,FALSE,FALSE,0,4.860334030917998,0,4
20229,20,Oaxaca,Oaxaca de Juárez,20067,77.93751881799331,80.70588185718951,77.93751881799331,Oaxaca de Juárez,Oaxaca,TRUE,FALSE,FALSE,0,4.3686566385017285,1,1
20231,20,Oaxaca,Oaxaca de Juárez,20067,111.47371145341711,111.70781518637429,111.47371145341711,Oaxaca de Juárez,Oaxaca,TRUE,FALSE,FALSE,0,4.722719518368366,0,1
20232,20,Oaxaca,Oaxaca de Juárez,20067,113.16007804716737,109.94617564443517,113.16007804716737,Oaxaca de Juárez,Oaxaca,TRUE,FALSE,FALSE,0,4.737601656833093,0,2
20234,20,Oaxaca,Oaxaca de Juárez,20067,116.71460873384264,113.4815761405007,116.71460873384264,Oaxaca de Juárez,Oaxaca,TRUE,FALSE,FALSE,0,4.768263124948571,0,4
20235,20,Oaxaca,Oaxaca de Juárez,20067,73.74177363916566,76.76816215611014,73.74177363916566,Oaxaca de Juárez,Oaxaca,TRUE,FALSE,FALSE,0,4.3140391545647105,1,1
20236,20,Oaxaca,Oaxaca de Juárez,20067,119.67249070217173,122.79156737132166,119.67249070217173,Oaxaca de Juárez,Oaxaca,TRUE,FALSE,FALSE,0,4.793080187480531,0,1
20239,20,Oaxaca,Oaxaca de Juárez,20067,100.40558923252142,99.50370062737106,100.40558923252142,Oaxaca de Juárez,Oaxaca,TRUE,FALSE,FALSE,0,4.619128210274302,0,2
20240,20,Oaxaca,Oaxaca de Juárez,20067,121.33457109519024,121.18313835627697,121.33457109519024,Oaxaca de Juárez,Oaxaca,TRUE,FALSE,FALSE,0,4.806759677279609,0,2
20241,20,Oaxaca,Oaxaca de Juárez,20067,52.459482562858476,55.74518585810385,52.459482562858476,Oaxaca de Juárez,Oaxaca,TRUE,FALSE,FALSE,0,3.978924031705055,1,1
20242,20,Oaxaca,Oaxaca de Juárez,20067,164.71798899361863,164.33625059365542,135.20195998640506,Chilpancingo de los Bravo,Guerrero,FALSE,FALSE,FALSE,29.516029007213575,5.110287482170683,0,3
20243,20,Oaxaca,Oaxaca de Juárez,20067,22.039102077320106,25.291701182456645,22.039102077320106,Oaxaca de Juárez,Oaxaca,TRUE,FALSE,TRUE,0,3.137192862729712,1,1
20244,20,Oaxaca,Oaxaca de Juárez,20067,119.04773926902054,115.91719514795479,119.04773926902054,Oaxaca de Juárez,Oaxaca,TRUE,FALSE,FALSE,0,4.787889490911608,0,4
20249,20,Oaxaca,Oaxaca de Juárez,20067,119.16840696702626,115.90058713108886,119.16840696702626,Oaxaca de Juárez,Oaxaca,TRUE,FALSE,FALSE,0,4.788894150340593,0,4
20525,20,Oaxaca,Oaxaca de Juárez,20067,264.3989061976213,264.99349684874795,135.1824024029217,Tuxtla Gutiérrez,Chiapas,FALSE,FALSE,FALSE,129.21650379469958,5.5812340005543515,0,1
20526,20,Oaxaca,Oaxaca de Juárez,20067,120.55042629173765,123.69680379774786,120.55042629173765,Oaxaca de Juárez,Oaxaca,TRUE,FALSE,FALSE,0,4.8003292078866915,0,1
20245,20,Oaxaca,Oaxaca de Juárez,20067,164.88183295911347,163.45558304594456,136.08608674276942,Puebla de Zaragoza,Puebla,FALSE,FALSE,FALSE,28.795746216344043,5.111275685227388,0,5
20269,20,Oaxaca,Oaxaca de Juárez,20067,94.71861061725237,95.00033282735042,94.71861061725237,Oaxaca de Juárez,Oaxaca,TRUE,FALSE,FALSE,0,4.561412747862245,1,1
20247,20,Oaxaca,Oaxaca de Juárez,20067,42.31487100090762,40.0601085788904,42.31487100090762,Oaxaca de Juárez,Oaxaca,TRUE,FALSE,TRUE,0,3.7684960171755453,1,1
20250,20,Oaxaca,Oaxaca de Juárez,20067,68.87943553752828,67.28363055715187,68.87943553752828,Oaxaca de Juárez,Oaxaca,TRUE,FALSE,FALSE,0,4.246771407636327,1,1
20255,20,Oaxaca,Oaxaca de Juárez,20067,69.09789199446897,69.79421001441851,69.09789199446897,Oaxaca de Juárez,Oaxaca,TRUE,FALSE,FALSE,0,4.249892722182812,1,1
20252,20,Oaxaca,Oaxaca de Juárez,20067,82.20560202198783,82.19285418477325,82.20560202198783,Oaxaca de Juárez,Oaxaca,TRUE,FALSE,FALSE,0,4.421314677555512,1,1
20257,20,Oaxaca,Oaxaca de Juárez,20067,64.23920848037031,63.07593674578862,64.23920848037031,Oaxaca de Juárez,Oaxaca,TRUE,FALSE,FALSE,0,4.178060645250802,1,1
20258,20,Oaxaca,Oaxaca de Juárez,20067,83.55551447327981,82.82037482250941,83.55551447327981,Oaxaca de Juárez,Oaxaca,TRUE,FALSE,FALSE,0,4.437408294664006,1,1
20259,20,Oaxaca,Oaxaca de Juárez,20067,183.5513600179996,182.57504055000254,125.01181019181853,Chilpancingo de los Bravo,Guerrero,FALSE,FALSE,FALSE,58.53954982618107,5.217927798823005,0,5
20260,20,Oaxaca,Oaxaca de Juárez,20067,40.115339633271205,36.77688868412813,40.115339633271205,Oaxaca de Juárez,Oaxaca,TRUE,FALSE,TRUE,0,3.7163812789571753,1,1
20268,20,Oaxaca,Oaxaca de Juárez,20067,53.05741484146354,56.39187903452828,53.05741484146354,Oaxaca de Juárez,Oaxaca,TRUE,FALSE,FALSE,0,3.990046719532175,1,1
20276,20,Oaxaca,Oaxaca de Juárez,20067,94.04779690914823,90.75186031779951,94.04779690914823,Oaxaca de Juárez,Oaxaca,TRUE,FALSE,FALSE,0,4.554379890434869,1,3
20281,20,Oaxaca,Oaxaca de Juárez,20067,68.93605302067965,67.58901245261674,68.93605302067965,Oaxaca de Juárez,Oaxaca,TRUE,FALSE,FALSE,0,4.2475812962521005,1,1
20274,20,Oaxaca,Oaxaca de Juárez,20067,53.18699190331793,54.172160695172416,53.18699190331793,Oaxaca de Juárez,Oaxaca,TRUE,FALSE,FALSE,0,3.9924408778567613,1,1
20532,20,Oaxaca,Oaxaca de Juárez,20067,112.59599913717372,112.75670076111226,112.59599913717372,Oaxaca de Juárez,Oaxaca,TRUE,FALSE,FALSE,0,4.732648286803945,0,2
20280,20,Oaxaca,Oaxaca de Juárez,20067,61.78243127663058,59.868845061934266,61.78243127663058,Oaxaca de Juárez,Oaxaca,TRUE,FALSE,FALSE,0,4.139675277593385,1,1
20533,20,Oaxaca,Oaxaca de Juárez,20067,93.5247959770908,96.7682154987767,93.5247959770908,Oaxaca de Juárez,Oaxaca,TRUE,FALSE,FALSE,0,4.548862191373089,1,1
20368,20,Oaxaca,Oaxaca de Juárez,20067,33.63206821104373,36.67599075390273,33.63206821104373,Oaxaca de Juárez,Oaxaca,TRUE,FALSE,TRUE,0,3.544780079733597,1,1
20282,20,Oaxaca,Oaxaca de Juárez,20067,156.75396175315336,158.54333720619326,156.75396175315336,Oaxaca de Juárez,Oaxaca,TRUE,FALSE,FALSE,0,5.061036615230553,0,1
20052,20,Oaxaca,Oaxaca de Juárez,20067,139.84064057699982,141.56288959692984,139.84064057699982,Oaxaca de Juárez,Oaxaca,TRUE,FALSE,FALSE,0,4.947629042536945,0,1
20283,20,Oaxaca,Oaxaca de Juárez,20067,104.04456748428787,101.55545179211182,104.04456748428787,Oaxaca de Juárez,Oaxaca,TRUE,FALSE,FALSE,0,4.65438471233447,0,4
20535,20,Oaxaca,Oaxaca de Juárez,20067,57.24675584603102,60.129112741898695,57.24675584603102,Oaxaca de Juárez,Oaxaca,TRUE,FALSE,FALSE,0,4.064688397264494,1,1
20286,20,Oaxaca,Oaxaca de Juárez,20067,142.50679374364827,141.82453436063687,142.50679374364827,Oaxaca de Juárez,Oaxaca,TRUE,FALSE,FALSE,0,4.966382377240336,0,3
20285,20,Oaxaca,Oaxaca de Juárez,20067,163.3472429875382,165.0216961681314,163.3472429875382,Oaxaca de Juárez,Oaxaca,TRUE,FALSE,FALSE,0,5.101981524718766,0,2
20288,20,Oaxaca,Oaxaca de Juárez,20067,50.048868690257464,47.8821388046216,50.048868690257464,Oaxaca de Juárez,Oaxaca,TRUE,FALSE,FALSE,0,3.9327833835474406,1,1
20289,20,Oaxaca,Oaxaca de Juárez,20067,71.2856993532374,74.62098693012501,71.2856993532374,Oaxaca de Juárez,Oaxaca,TRUE,FALSE,FALSE,0,4.280626313656364,1,1
20290,20,Oaxaca,Oaxaca de Juárez,20067,168.24296128138081,166.94586014236464,140.1701395549053,Puebla de Zaragoza,Puebla,FALSE,FALSE,FALSE,28.072821726475524,5.1313353232252625,0,5
20292,20,Oaxaca,Oaxaca de Juárez,20067,20.20305894127641,22.26193078577895,20.20305894127641,Oaxaca de Juárez,Oaxaca,TRUE,FALSE,TRUE,0,3.054145460952061,1,1
20380,20,Oaxaca,Oaxaca de Juárez,20067,20.271386731498097,22.43844533468008,20.271386731498097,Oaxaca de Juárez,Oaxaca,TRUE,FALSE,TRUE,0,3.0573628236782944,1,1
20294,20,Oaxaca,Oaxaca de Juárez,20067,30.547733779747755,27.86245916682653,30.547733779747755,Oaxaca de Juárez,Oaxaca,TRUE,FALSE,TRUE,0,3.4515017569223456,1,1
20043,20,Oaxaca,Oaxaca de Juárez,20067,206.51486656633682,207.51805718522493,199.7491635620393,Tuxtla Gutiérrez,Chiapas,FALSE,FALSE,FALSE,6.765703004297507,5.335202983207122,0,1
20295,20,Oaxaca,Oaxaca de Juárez,20067,29.54928585429382,32.820740725487546,29.54928585429382,Oaxaca de Juárez,Oaxaca,TRUE,FALSE,TRUE,0,3.4193413090528466,1,1
20538,20,Oaxaca,Oaxaca de Juárez,20067,81.6188714778242,84.78873095589016,81.6188714778242,Oaxaca de Juárez,Oaxaca,TRUE,FALSE,FALSE,0,4.414238122686566,1,1
20296,20,Oaxaca,Oaxaca de Juárez,20067,54.140922066999686,50.99738125492323,54.140922066999686,Oaxaca de Juárez,Oaxaca,TRUE,FALSE,FALSE,0,4.009892127744549,1,1
20297,20,Oaxaca,Oaxaca de Juárez,20067,79.65627851486157,80.2750647293857,79.65627851486157,Oaxaca de Juárez,Oaxaca,TRUE,FALSE,FALSE,0,4.390196650454497,1,1
20304,20,Oaxaca,Oaxaca de Juárez,20067,64.27325568499639,61.90500135968516,64.27325568499639,Oaxaca de Juárez,Oaxaca,TRUE,FALSE,FALSE,0,4.178582391669677,1,1
20299,20,Oaxaca,Oaxaca de Juárez,20067,54.57953051596975,54.0642491268538,54.57953051596975,Oaxaca de Juárez,Oaxaca,TRUE,FALSE,FALSE,0,4.017814977282815,1,1
20300,20,Oaxaca,Oaxaca de Juárez,20067,151.35358324636644,152.58147216847746,151.35358324636644,Oaxaca de Juárez,Oaxaca,TRUE,FALSE,FALSE,0,5.0262040249868765,0,2
20308,20,Oaxaca,Oaxaca de Juárez,20067,192.19120706672803,193.56804766734538,192.19120706672803,Oaxaca de Juárez,Oaxaca,TRUE,FALSE,FALSE,0,5.263680408665735,0,1
20301,20,Oaxaca,Oaxaca de Juárez,20067,36.83393122486697,40.168150698422515,36.83393122486697,Oaxaca de Juárez,Oaxaca,TRUE,FALSE,TRUE,0,3.6332063514289255,1,1
20311,20,Oaxaca,Oaxaca de Juárez,20067,74.97798478616637,72.09438256059596,74.97798478616637,Oaxaca de Juárez,Oaxaca,TRUE,FALSE,FALSE,0,4.330443624456521,1,2
20302,20,Oaxaca,Oaxaca de Juárez,20067,146.06103058217812,147.70772070683276,146.06103058217812,Oaxaca de Juárez,Oaxaca,TRUE,FALSE,FALSE,0,4.990847674646269,0,2
20303,20,Oaxaca,Oaxaca de Juárez,20067,50.44226780564823,49.63345852519155,50.44226780564823,Oaxaca de Juárez,Oaxaca,TRUE,FALSE,FALSE,0,3.9404601653815408,1,1
20305,20,Oaxaca,Oaxaca de Juárez,20067,179.7177306826313,180.74297145103586,179.7177306826313,Oaxaca de Juárez,Oaxaca,TRUE,FALSE,FALSE,0,5.196936314990554,0,1
20321,20,Oaxaca,Oaxaca de Juárez,20067,121.69704819246455,119.67703129835346,121.69704819246455,Oaxaca de Juárez,Oaxaca,TRUE,FALSE,FALSE,0,4.809718294316361,0,3
20332,20,Oaxaca,Oaxaca de Juárez,20067,79.337277559611593,77.83177925224118,79.337277559611593,Oaxaca de Juárez,Oaxaca,TRUE,FALSE,FALSE,0,4.386233741869692,1,2
20307,20,Oaxaca,Oaxaca de Juárez,20067,158.31126239695945,160.72190564818933,158.31126239695945,Oaxaca de Juárez,Oaxaca,TRUE,FALSE,FALSE,0,5.070859913707318,0,1
20312,20,Oaxaca,Oaxaca de Juárez,20067,155.5379378670785,157.21541855020928,155.5379378670785,Oaxaca de Juárez,Oaxaca,TRUE,FALSE,FALSE,0,5.053298395088689,0,2
20313,20,Oaxaca,Oaxaca de Juárez,20067,84.33034133658462,81.45814467774764,84.33034133658462,Oaxaca de Juárez,Oaxaca,TRUE,FALSE,FALSE,0,4.446530092734851,1,3
20314,20,Oaxaca,Oaxaca de Juárez,20067,93.14372566638833,96.25393233358172,93.14372566638833,Oaxaca de Juárez,Oaxaca,TRUE,FALSE,FALSE,0,4.544822610996016,1,1
20079,20,Oaxaca,Oaxaca de Juárez,20067,188.33642030931526,189.85012005988176,188.33642030931526,Oaxaca de Juárez,Oaxaca,TRUE,FALSE,FALSE,0,5.243525434370734,0,1
20331,20,Oaxaca,Oaxaca de Juárez,20067,76.43625192432003,75.45620502767878,76.43625192432003,Oaxaca de Juárez,Oaxaca,TRUE,FALSE,FALSE,0,4.349455042059414,1,1
20315,20,Oaxaca,Oaxaca de Juárez,20067,36.0881268166716,39.39563770647336,36.0881268166716,Oaxaca de Juárez,Oaxaca,TRUE,FALSE,TRUE,0,3.6132968864966095,1,1
20316,20,Oaxaca,Oaxaca de Juárez,20067,86.45502273969615,89.02664359538915,86.45502273969615,Oaxaca de Juárez,Oaxaca,TRUE,FALSE,FALSE,0,4.471124635374957,1,1
20207,20,Oaxaca,Oaxaca de Juárez,20067,139.16786050891088,138.78155057832643,139.16786050891088,Oaxaca de Juárez,Oaxaca,TRUE,FALSE,FALSE,0,4.9428407080135734,0,1
20317,20,Oaxaca,Oaxaca de Juárez,20067,106.03232853010783,104.99617314864352,106.03232853010783,Oaxaca de Juárez,Oaxaca,TRUE,FALSE,FALSE,0,4.673130924623479,0,3
20356,20,Oaxaca,Oaxaca de Juárez,20067,28.653364768962714,29.38295779313198,28.653364768962714,Oaxaca de Juárez,Oaxaca,TRUE,FALSE,TRUE,0,3.3895756019380086,1,1
20319,20,Oaxaca,Oaxaca de Juárez,20067,109.50486354711404,112.26517304435987,109.50486354711404,Oaxaca de Juárez,Oaxaca,TRUE,FALSE,FALSE,0,4.7050595339902515,0,1
20320,20,Oaxaca,Oaxaca de Juárez,20067,88.03943150097302,88.22105193980862,88.03943150097302,Oaxaca de Juárez,Oaxaca,TRUE,FALSE,FALSE,0,4.489079322186945,1,1
20322,20,Oaxaca,Oaxaca de Juárez,20067,124.44530646596128,121.19992753786441,124.44530646596128,Oaxaca de Juárez,Oaxaca,TRUE,FALSE,FALSE,0,4.831869858529116,0,4
20323,20,Oaxaca,Oaxaca de Juárez,20067,95.02821121555347,95.21927550736538,95.02821121555347,Oaxaca de Juárez,Oaxaca,TRUE,FALSE,FALSE,0,4.564642015126119,1,1
20325,20,Oaxaca,Oaxaca de Juárez,20067,81.15278557188392,82.3594062540997,81.15278557188392,Oaxaca de Juárez,Oaxaca,TRUE,FALSE,FALSE,0,4.4085807522697396,1,1
20326,20,Oaxaca,Oaxaca de Juárez,20067,83.16868215118002,79.83130280736334,83.16868215118002,Oaxaca de Juárez,Oaxaca,TRUE,FALSE,FALSE,0,4.432822906111249,1,2
20328,20,Oaxaca,Oaxaca de Juárez,20067,51.79114645195925,54.765865202317705,51.79114645195925,Oaxaca de Juárez,Oaxaca,TRUE,FALSE,FALSE,0,3.966343495818108,1,1
20335,20,Oaxaca,Oaxaca de Juárez,20067,53.440888406158145,50.89080648168597,53.440888406158145,Oaxaca de Juárez,Oaxaca,TRUE,FALSE,FALSE,0,3.997115496646404,1,1
20336,20,Oaxaca,Oaxaca de Juárez,20067,67.36566363087788,64.21007395596459,67.36566363087788,Oaxaca de Juárez,Oaxaca,TRUE,FALSE,FALSE,0,4.224870704886868,1,1
20339,20,Oaxaca,Oaxaca de Juárez,20067,95.7904196780078,94.38041666248907,95.7904196780078,Oaxaca de Juárez,Oaxaca,TRUE,FALSE,FALSE,0,4.5725480191161365,1,2
20340,20,Oaxaca,Oaxaca de Juárez,20067,153.12380317595745,150.864492895687,117.67800879877466,Puebla de Zaragoza,Puebla,FALSE,FALSE,FALSE,35.44579437718279,5.037756196172655,0,6
20341,20,Oaxaca,Oaxaca de Juárez,20067,97.73237522991964,96.07844809815516,97.73237522991964,Oaxaca de Juárez,Oaxaca,TRUE,FALSE,FALSE,0,4.592412909167657,1,2
20342,20,Oaxaca,Oaxaca de Juárez,20067,10.489937443600295,13.77399870454782,10.489937443600295,Oaxaca de Juárez,Oaxaca,TRUE,FALSE,TRUE,0,2.4414716474246334,1,1
20343,20,Oaxaca,Oaxaca de Juárez,20067,17.79423942740702,19.624619457021325,17.79423942740702,Oaxaca de Juárez,Oaxaca,TRUE,FALSE,TRUE,0,2.933550409445918,1,1
20345,20,Oaxaca,Oaxaca de Juárez,20067,163.57017591392614,165.05528130927826,163.57017591392614,Oaxaca de Juárez,Oaxaca,TRUE,FALSE,FALSE,0,5.103337080537425,0,2
20346,20,Oaxaca,Oaxaca de Juárez,20067,112.19228303627634,110.99327511563621,112.19228303627634,Oaxaca de Juárez,Oaxaca,TRUE,FALSE,FALSE,0,4.729087992387701,0,3
20347,20,Oaxaca,Oaxaca de Juárez,20067,101.53594332754676,104.61660867046253,101.53594332754676,Oaxaca de Juárez,Oaxaca,TRUE,FALSE,FALSE,0,4.630213403719509,0,1
20539,20,Oaxaca,Oaxaca de Juárez,20067,14.342865699085086,12.556706704174495,14.342865699085086,Oaxaca de Juárez,Oaxaca,TRUE,FALSE,TRUE,0,2.7306505906877834,1,1
20211,20,Oaxaca,Oaxaca de Juárez,20067,118.93897272523823,121.87459618515446,118.93897272523823,Oaxaca de Juárez,Oaxaca,TRUE,FALSE,FALSE,0,4.786983052798218,0,1
20212,20,Oaxaca,Oaxaca de Juárez,20067,85.68252831253353,83.71154286292537,85.68252831253353,Oaxaca de Juárez,Oaxaca,TRUE,FALSE,FALSE,0,4.462252344592257,1,1
20213,20,Oaxaca,Oaxaca de Juárez,20067,105.19940165031953,107.94018986149607,105.19940165031953,Oaxaca de Juárez,Oaxaca,TRUE,FALSE,FALSE,0,4.6653184746141845,0,1
20348,20,Oaxaca,Oaxaca de Juárez,20067,148.62025756574045,148.21706741714067,148.62025756574045,Oaxaca de Juárez,Oaxaca,TRUE,FALSE,FALSE,0,5.00810046790876,0,3
20349,20,Oaxaca,Oaxaca de Juárez,20067,16.776501211307963,19.433352399118842,16.776501211307963,Oaxaca de Juárez,Oaxaca,TRUE,FALSE,TRUE,0,2.8778774284554443,1,1
20540,20,Oaxaca,Oaxaca de Juárez,20067,113.60190282377214,111.83098856673318,113.60190282377214,Oaxaca de Juárez,Oaxaca,TRUE,FALSE,FALSE,0,4.741464408189671,0,3
20350,20,Oaxaca,Oaxaca de Juárez,20067,5.875056374442677,8.017686827941745,5.875056374442677,Oaxaca de Juárez,Oaxaca,TRUE,FALSE,TRUE,0,1.9278998434379506,1,1
20352,20,Oaxaca,Oaxaca de Juárez,20067,159.19881626249912,157.66636112053433,135.08474984672176,Puebla de Zaragoza,Puebla,FALSE,FALSE,FALSE,24.11406641577736,5.076415645483983,0,5
20353,20,Oaxaca,Oaxaca de Juárez,20067,81.95413358449252,85.28516224631322,81.95413358449252,Oaxaca de Juárez,Oaxaca,TRUE,FALSE,FALSE,0,4.418287847637093,1,1
20354,20,Oaxaca,Oaxaca de Juárez,20067,128.49963640009804,125.23688518930719,128.49963640009804,Oaxaca de Juárez,Oaxaca,TRUE,FALSE,FALSE,0,4.8636780734144,0,4
20355,20,Oaxaca,Oaxaca de Juárez,20067,101.8280317914735,98.53023464737196,101.8280317914735,Oaxaca de Juárez,Oaxaca,TRUE,FALSE,FALSE,0,4.633057998646303,0,3
20358,20,Oaxaca,Oaxaca de Juárez,20067,39.398740155921956,42.606206673548854,39.398740155921956,Oaxaca de Juárez,Oaxaca,TRUE,FALSE,TRUE,0,3.6987986002215076,1,1
20360,20,Oaxaca,Oaxaca de Juárez,20067,26.109676002235425,29.443636008428886,26.109676002235425,Oaxaca de Juárez,Oaxaca,TRUE,FALSE,TRUE,0,3.2998907122121355,1,1
20361,20,Oaxaca,Oaxaca de Juárez,20067,97.48407811063618,100.18155046867105,97.48407811063618,Oaxaca de Juárez,Oaxaca,TRUE,FALSE,FALSE,0,4.589894891565476,1,1
20362,20,Oaxaca,Oaxaca de Juárez,20067,86.77587830955403,90.06686233289074,86.77587830955403,Oaxaca de Juárez,Oaxaca,TRUE,FALSE,FALSE,0,4.474786728379301,1,1
20363,20,Oaxaca,Oaxaca de Juárez,20067,22.189689656585887,19.79923975147935,22.189689656585887,Oaxaca de Juárez,Oaxaca,TRUE,FALSE,TRUE,0,3.143707768538215,1,1
20369,20,Oaxaca,Oaxaca de Juárez,20067,21.11653783782452,24.45251539939118,21.11653783782452,Oaxaca de Juárez,Oaxaca,TRUE,FALSE,TRUE,0,3.0963256471266543,1,1
20370,20,Oaxaca,Oaxaca de Juárez,20067,92.41655076585322,91.6592623934362,92.41655076585322,Oaxaca de Juárez,Oaxaca,TRUE,FALSE,FALSE,0,4.537068532596716,1,1
20381,20,Oaxaca,Oaxaca de Juárez,20067,173.67405972447497,172.32435951977502,134.95103611914786,Puebla de Zaragoza,Puebla,FALSE,FALSE,FALSE,38.723023605327114,5.162921721424026,0,5
20372,20,Oaxaca,Oaxaca de Juárez,20067,100.99248213618749,101.53273534857024,100.99248213618749,Oaxaca de Juárez,Oaxaca,TRUE,FALSE,FALSE,0,4.624899106020776,0,1
20373,20,Oaxaca,Oaxaca de Juárez,20067,136.97222774128986,134.60219851571176,131.94581037921523,Puebla de Zaragoza,Puebla,FALSE,FALSE,FALSE,5.026417362074625,4.927052416652535,0,4
20374,20,Oaxaca,Oaxaca de Juárez,20067,121.16272771462808,117.90138656053783,121.16272771462808,Oaxaca de Juárez,Oaxaca,TRUE,FALSE,FALSE,0,4.805353989693734,0,4
20293,20,Oaxaca,Oaxaca de Juárez,20067,10.039023714374991,6.757997974839495,10.039023714374991,Oaxaca de Juárez,Oaxaca,TRUE,FALSE,TRUE,0,2.4014366052697067,1,1
20375,20,Oaxaca,Oaxaca de Juárez,20067,5.272810305753929,7.463385233373417,5.272810305753929,Oaxaca de Juárez,Oaxaca,TRUE,FALSE,TRUE,0,1.8362244688604556,1,1
20376,20,Oaxaca,Oaxaca de Juárez,20067,167.74629637285787,166.90877306219687,136.51851095981056,Chilpancingo de los Bravo,Guerrero,FALSE,FALSE,FALSE,31.227785413047314,5.128396382091689,0,5
20382,20,Oaxaca,Oaxaca de Juárez,20067,80.25578572777711,81.27658627477355,80.25578572777711,Oaxaca de Juárez,Oaxaca,TRUE,FALSE,FALSE,0,4.397602027631867,1,1
20383,20,Oaxaca,Oaxaca de Juárez,20067,95.60861660263807,94.72310605624426,95.60861660263807,Oaxaca de Juárez,Oaxaca,TRUE,FALSE,FALSE,0,4.57066793602557,1,2
20384,20,Oaxaca,Oaxaca de Juárez,20067,81.69726667149662,85.00442323138137,81.69726667149662,Oaxaca de Juárez,Oaxaca,TRUE,FALSE,FALSE,0,4.415186550352812,1,1
20386,20,Oaxaca,Oaxaca de Juárez,20067,105.02860126579027,107.36836279200377,105.02860126579027,Oaxaca de Juárez,Oaxaca,TRUE,FALSE,FALSE,0,4.66370888097849,0,1
20387,20,Oaxaca,Oaxaca de Juárez,20067,33.12692048886692,36.4372980873917,33.12692048886692,Oaxaca de Juárez,Oaxaca,TRUE,FALSE,TRUE,0,3.5300865299836075,1,1
20179,20,Oaxaca,Oaxaca de Juárez,20067,41.36793654611765,38.17614950597978,41.36793654611765,Oaxaca de Juárez,Oaxaca,TRUE,FALSE,TRUE,0,3.746391862629265,1,1
20388,20,Oaxaca,Oaxaca de Juárez,20067,21.654494133636017,24.469287666487713,21.654494133636017,Oaxaca de Juárez,Oaxaca,TRUE,FALSE,TRUE,0,3.120358248743165,1,1
20390,20,Oaxaca,Oaxaca de Juárez,20067,3.878904253372752,5.453647962579732,3.878904253372752,Oaxaca de Juárez,Oaxaca,TRUE,FALSE,TRUE,0,1.5849206564092817,1,1
20408,20,Oaxaca,Oaxaca de Juárez,20067,98.21430530634063,97.48807859960154,98.21430530634063,Oaxaca de Juárez,Oaxaca,TRUE,FALSE,FALSE,0,4.597282210611182,1,2
20391,20,Oaxaca,Oaxaca de Juárez,20067,99.71975890243225,103.00008427402116,99.71975890243225,Oaxaca de Juárez,Oaxaca,TRUE,FALSE,FALSE,0,4.612341995992483,1,1
20418,20,Oaxaca,Oaxaca de Juárez,20067,147.3798384753399,148.56267440898154,147.3798384753399,Oaxaca de Juárez,Oaxaca,TRUE,FALSE,FALSE,0,4.9997754621729715,0,1
20392,20,Oaxaca,Oaxaca de Juárez,20067,108.12827384929837,108.86329506139208,108.12827384929837,Oaxaca de Juárez,Oaxaca,TRUE,FALSE,FALSE,0,4.692524014619699,0,2
20393,20,Oaxaca,Oaxaca de Juárez,20067,38.85812376851265,42.11106400666522,38.85812376851265,Oaxaca de Juárez,Oaxaca,TRUE,FALSE,TRUE,0,3.685326243142743,1,1
20394,20,Oaxaca,Oaxaca de Juárez,20067,93.7203906020275,93.49421192253567,93.7203906020275,Oaxaca de Juárez,Oaxaca,TRUE,FALSE,FALSE,0,4.550929294881707,1,1
20395,20,Oaxaca,Oaxaca de Juárez,20067,71.5603620595734,68.88751489143863,71.5603620595734,Oaxaca de Juárez,Oaxaca,TRUE,FALSE,FALSE,0,4.2844187955900965,1,2
20396,20,Oaxaca,Oaxaca de Juárez,20067,114.41261422039318,111.11781174905138,114.41261422039318,Oaxaca de Juárez,Oaxaca,TRUE,FALSE,FALSE,0,4.74851365676916,0,3
20397,20,Oaxaca,Oaxaca de Juárez,20067,104.21271257871322,103.94534106890184,104.21271257871322,Oaxaca de Juárez,Oaxaca,TRUE,FALSE,FALSE,0,4.65598413500578,0,2
20398,20,Oaxaca,Oaxaca de Juárez,20067,47.331933497526244,50.52601735855413,47.331933497526244,Oaxaca de Juárez,Oaxaca,TRUE,FALSE,TRUE,0,3.8780924912129078,1,1
20399,20,Oaxaca,Oaxaca de Juárez,20067,6.5477033322484886,6.783501294314381,6.5477033322484886,Oaxaca de Juárez,Oaxaca,TRUE,FALSE,TRUE,0,2.021243322580257,1,1
20400,20,Oaxaca,Oaxaca de Juárez,20067,131.81127484167382,129.7939677947585,131.81127484167382,Oaxaca de Juárez,Oaxaca,TRUE,FALSE,FALSE,0,4.888929134354673,0,4
20402,20,Oaxaca,Oaxaca de Juárez,20067,183.75483962567816,185.292119768967,177.57583079398105,Chilpancingo de los Bravo,Guerrero,FALSE,FALSE,FALSE,6.179008831697104,5.21902975502339,0,2
20154,20,Oaxaca,Oaxaca de Juárez,20067,91.66827718190076,94.75214385617954,91.66827718190076,Oaxaca de Juárez,Oaxaca,TRUE,FALSE,FALSE,0,4.529026204532302,1,1
20155,20,Oaxaca,Oaxaca de Juárez,20067,58.62457416717496,61.76493867053282,58.62457416717496,Oaxaca de Juárez,Oaxaca,TRUE,FALSE,FALSE,0,4.0880678073326875,1,1
20156,20,Oaxaca,Oaxaca de Juárez,20067,71.0686096505386,69.33024290082652,71.0686096505386,Oaxaca de Juárez,Oaxaca,TRUE,FALSE,FALSE,0,4.277618577096852,1,1
20403,20,Oaxaca,Oaxaca de Juárez,20067,11.567825310873097,14.841264387590307,11.567825310873097,Oaxaca de Juárez,Oaxaca,TRUE,FALSE,TRUE,0,2.53114000133994,1,1
20419,20,Oaxaca,Oaxaca de Juárez,20067,37.60433093000341,34.660772429011196,37.60433093000341,Oaxaca de Juárez,Oaxaca,TRUE,FALSE,TRUE,0,3.6533644704359625,1,1
20405,20,Oaxaca,Oaxaca de Juárez,20067,112.80035656992511,111.350755881491,112.80035656992511,Oaxaca de Juárez,Oaxaca,TRUE,FALSE,FALSE,0,4.734445654990706,0,3
20409,20,Oaxaca,Oaxaca de Juárez,20067,10.895911412080759,12.527218107154434,10.895911412080759,Oaxaca de Juárez,Oaxaca,TRUE,FALSE,TRUE,0,2.4761947622640164,1,1
20264,20,Oaxaca,Oaxaca de Juárez,20067,79.2027492677603,76.8179704614368,79.2027492677603,Oaxaca de Juárez,Oaxaca,TRUE,FALSE,FALSE,0,4.384557794431555,1,2
20411,20,Oaxaca,Oaxaca de Juárez,20067,15.072332667907022,17.068330079513085,15.072332667907022,Oaxaca de Juárez,Oaxaca,TRUE,FALSE,TRUE,0,2.7770993258989067,1,1
20106,20,Oaxaca,Oaxaca de Juárez,20067,110.34262824195424,108.31875380242093,110.34262824195424,Oaxaca de Juárez,Oaxaca,TRUE,FALSE,FALSE,0,4.71261218802691,0,3
20198,20,Oaxaca,Oaxaca de Juárez,20067,171.9338005884347,171.7330394951333,171.9338005884347,Oaxaca de Juárez,Oaxaca,TRUE,FALSE,FALSE,0,5.1529088657082776,0,1
20365,20,Oaxaca,Oaxaca de Juárez,20067,27.073896347932493,25.524951431330756,27.073896347932493,Oaxaca de Juárez,Oaxaca,TRUE,FALSE,TRUE,0,3.3348401890034625,1,1
20002,20,Oaxaca,Oaxaca de Juárez,20067,153.86137433692338,150.52684458980733,126.64382827429354,Xalapa-Enríquez,Veracruz,FALSE,FALSE,FALSE,27.217546062629836,5.042530357624889,0,3
20006,20,Oaxaca,Oaxaca de Juárez,20067,62.65154214719916,60.6970639855209,62.65154214719916,Oaxaca de Juárez,Oaxaca,TRUE,FALSE,FALSE,0,4.153423553259778,1,1
20008,20,Oaxaca,Oaxaca de Juárez,20067,139.15106337176977,141.22487488688316,139.15106337176977,Oaxaca de Juárez,Oaxaca,TRUE,FALSE,FALSE,0,4.942720864965315,0,1
20009,20,Oaxaca,Oaxaca de Juárez,20067,92.65392364993646,89.95470057711908,92.65392364993646,Oaxaca de Juárez,Oaxaca,TRUE,FALSE,FALSE,0,4.53960632496852,1,1
20010,20,Oaxaca,Oaxaca de Juárez,20067,182.229702017492,182.56509334912957,182.229702017492,Oaxaca de Juárez,Oaxaca,TRUE,FALSE,FALSE,0,5.210740568014999,0,1
20055,20,Oaxaca,Oaxaca de Juárez,20067,170.4391758088686,169.04231459990143,134.3454299648734,Puebla de Zaragoza,Puebla,FALSE,FALSE,FALSE,36.09374584399521,5.144228543692663,0,5
20412,20,Oaxaca,Oaxaca de Juárez,20067,151.32807135565713,151.9190898102008,151.32807135565713,Oaxaca de Juárez,Oaxaca,TRUE,FALSE,FALSE,0,5.0260365591064495,0,1
20414,20,Oaxaca,Oaxaca de Juárez,20067,160.11494117155507,162.32230918056788,160.11494117155507,Oaxaca de Juárez,Oaxaca,TRUE,FALSE,FALSE,0,5.082118030584795,0,1
20415,20,Oaxaca,Oaxaca de Juárez,20067,144.85260046453135,146.276446465163,144.85260046453135,Oaxaca de Juárez,Oaxaca,TRUE,FALSE,FALSE,0,4.982596525873887,0,2
20287,20,Oaxaca,Oaxaca de Juárez,20067,107.36029385963995,105.23150572197528,107.36029385963995,Oaxaca de Juárez,Oaxaca,TRUE,FALSE,FALSE,0,4.6854617290961995,0,3
20291,20,Oaxaca,Oaxaca de Juárez,20067,100.3716218468023,103.71054304272555,100.3716218468023,Oaxaca de Juárez,Oaxaca,TRUE,FALSE,FALSE,0,4.618793188544236,0,1
20298,20,Oaxaca,Oaxaca de Juárez,20067,47.30770781763194,47.98280392268813,47.30770781763194,Oaxaca de Juárez,Oaxaca,TRUE,FALSE,TRUE,0,3.87759113007224,1,1
20385,20,Oaxaca,Oaxaca de Juárez,20067,6.525212606691356,9.80843930414149,6.525212606691356,Oaxaca de Juárez,Oaxaca,TRUE,FALSE,TRUE,0,2.018259063616731,1,1
20416,20,Oaxaca,Oaxaca de Juárez,20067,97.53226400449546,94.72918908279996,97.53226400449546,Oaxaca de Juárez,Oaxaca,TRUE,FALSE,FALSE,0,4.590384047889289,1,4
20420,20,Oaxaca,Oaxaca de Juárez,20067,50.121612903631906,52.79590037408094,50.121612903631906,Oaxaca de Juárez,Oaxaca,TRUE,FALSE,FALSE,0,3.9342073608945496,1,1
20023,20,Oaxaca,Oaxaca de Juárez,20067,10.82434945014828,13.458671098869905,10.82434945014828,Oaxaca de Juárez,Oaxaca,TRUE,FALSE,TRUE,0,2.470160918078013,1,1
20306,20,Oaxaca,Oaxaca de Juárez,20067,120.37946218068171,123.5670740068894,120.37946218068171,Oaxaca de Juárez,Oaxaca,TRUE,FALSE,FALSE,0,4.798921689525275,0,1
20310,20,Oaxaca,Oaxaca de Juárez,20067,10.333383186457848,11.772138365646027,10.333383186457848,Oaxaca de Juárez,Oaxaca,TRUE,FALSE,TRUE,0,2.4277526347434812,1,1
20421,20,Oaxaca,Oaxaca de Juárez,20067,170.81736157194302,171.99703918176658,170.81736157194302,Oaxaca de Juárez,Oaxaca,TRUE,FALSE,FALSE,0,5.146432061324014,0,1
20309,20,Oaxaca,Oaxaca de Juárez,20067,121.59704262066428,118.26773057376009,121.59704262066428,Oaxaca de Juárez,Oaxaca,TRUE,FALSE,FALSE,0,4.808902901030614,0,3
20324,20,Oaxaca,Oaxaca de Juárez,20067,146.33066469835137,149.51471347996053,146.33066469835137,Oaxaca de Juárez,Oaxaca,TRUE,FALSE,FALSE,0,4.99267948033843,0,1
20337,20,Oaxaca,Oaxaca de Juárez,20067,63.28711714130854,63.4145614152163,63.28711714130854,Oaxaca de Juárez,Oaxaca,TRUE,FALSE,FALSE,0,4.163359255669084,1,1
20351,20,Oaxaca,Oaxaca de Juárez,20067,74.42856357454988,77.75806569299115,74.42856357454988,Oaxaca de Juárez,Oaxaca,TRUE,FALSE,FALSE,0,4.323186030525657,1,1
20425,20,Oaxaca,Oaxaca de Juárez,20067,81.39866870469922,78.099914196845,81.39866870469922,Oaxaca de Juárez,Oaxaca,TRUE,FALSE,FALSE,0,4.41156928028854,1,2
20426,20,Oaxaca,Oaxaca de Juárez,20067,32.792954417335686,33.48857537080878,32.792954417335686,Oaxaca de Juárez,Oaxaca,TRUE,FALSE,TRUE,0,3.520252331569169,1,1
20427,20,Oaxaca,Oaxaca de Juárez,20067,177.65402318815757,177.80309446301152,177.65402318815757,Oaxaca de Juárez,Oaxaca,TRUE,FALSE,FALSE,0,5.185451104160755,0,1
20428,20,Oaxaca,Oaxaca de Juárez,20067,111.59164121790083,113.98640979748184,111.59164121790083,Oaxaca de Juárez,Oaxaca,TRUE,FALSE,FALSE,0,4.723767478650806,0,1
20432,20,Oaxaca,Oaxaca de Juárez,20067,69.36491714142666,67.56876129983657,69.36491714142666,Oaxaca de Juárez,Oaxaca,TRUE,FALSE,FALSE,0,4.253694802894035,1,1
20429,20,Oaxaca,Oaxaca de Juárez,20067,65.33577381887766,68.36897770659782,65.33577381887766,Oaxaca de Juárez,Oaxaca,TRUE,FALSE,FALSE,0,4.194729326618964,1,1
20430,20,Oaxaca,Oaxaca de Juárez,20067,71.61829098694885,71.61449811263893,71.61829098694885,Oaxaca de Juárez,Oaxaca,TRUE,FALSE,FALSE,0,4.285216832067695,1,1
20431,20,Oaxaca,Oaxaca de Juárez,20067,105.2189054262915,102.23931054262918,105.2189054262915,Oaxaca de Juárez,Oaxaca,TRUE,FALSE,FALSE,0,4.665502110161376,0,4
20021,20,Oaxaca,Oaxaca de Juárez,20067,166.82587228098805,163.48902232993444,109.5661545154388,Xalapa-Enríquez,Veracruz,FALSE,FALSE,FALSE,57.259717765549254,5.122926967374174,0,4
20175,20,Oaxaca,Oaxaca de Juárez,20067,57.25190982056935,53.95513853824925,57.25190982056935,Oaxaca de Juárez,Oaxaca,TRUE,FALSE,FALSE,0,4.064776878527557,1,1
20270,20,Oaxaca,Oaxaca de Juárez,20067,87.7025195902767,84.98537429642371,87.7025195902767,Oaxaca de Juárez,Oaxaca,TRUE,FALSE,FALSE,0,4.485288294664936,1,3
20433,20,Oaxaca,Oaxaca de Juárez,20067,111.77117354154565,114.88612976897045,111.77117354154565,Oaxaca de Juárez,Oaxaca,TRUE,FALSE,FALSE,0,4.725360752694844,0,1
20436,20,Oaxaca,Oaxaca de Juárez,20067,79.6931372480077,76.81739299083144,79.6931372480077,Oaxaca de Juárez,Oaxaca,TRUE,FALSE,FALSE,0,4.39065353136247,1,2
20452,20,Oaxaca,Oaxaca de Juárez,20067,30.622934789628346,33.95434864024538,30.622934789628346,Oaxaca de Juárez,Oaxaca,TRUE,FALSE,TRUE,0,3.4538826418205884,1,1
20442,20,Oaxaca,Oaxaca de Juárez,20067,50.72532606826424,49.144027489973595,50.72532606826424,Oaxaca de Juárez,Oaxaca,TRUE,FALSE,FALSE,0,3.9459475274931144,1,1
20438,20,Oaxaca,Oaxaca de Juárez,20067,93.86136756087761,90.53590180750604,93.86136756087761,Oaxaca de Juárez,Oaxaca,TRUE,FALSE,FALSE,0,4.552416536968726,1,3
20434,20,Oaxaca,Oaxaca de Juárez,20067,124.49411719020607,121.29448645729661,124.49411719020607,Oaxaca de Juárez,Oaxaca,TRUE,FALSE,FALSE,0,4.832258882494735,0,4
20444,20,Oaxaca,Oaxaca de Juárez,20067,80.6118368619621,81.78278150509523,80.6118368619621,Oaxaca de Juárez,Oaxaca,TRUE,FALSE,FALSE,0,4.401974311032807,1,1
20443,20,Oaxaca,Oaxaca de Juárez,20067,36.37693159411429,34.96386826273088,36.37693159411429,Oaxaca de Juárez,Oaxaca,TRUE,FALSE,TRUE,0,3.6210537118232846,1,1
20445,20,Oaxaca,Oaxaca de Juárez,20067,82.57526913578823,82.73444769198464,82.57526913578823,Oaxaca de Juárez,Oaxaca,TRUE,FALSE,FALSE,0,4.4257476525915935,1,1
20448,20,Oaxaca,Oaxaca de Juárez,20067,82.67090343272572,84.83639132518375,82.67090343272572,Oaxaca de Juárez,Oaxaca,TRUE,FALSE,FALSE,0,4.426891287819737,1,1
20449,20,Oaxaca,Oaxaca de Juárez,20067,68.67327309913304,71.32812174073274,68.67327309913304,Oaxaca de Juárez,Oaxaca,TRUE,FALSE,FALSE,0,4.243816787974858,1,1
20462,20,Oaxaca,Oaxaca de Juárez,20067,130.34095467565632,128.49896728648537,130.34095467565632,Oaxaca de Juárez,Oaxaca,TRUE,FALSE,FALSE,0,4.877796649471421,0,4
20453,20,Oaxaca,Oaxaca de Juárez,20067,170.2765148021346,172.48155467425045,170.2765148021346,Oaxaca de Juárez,Oaxaca,TRUE,FALSE,FALSE,0,5.143279296118629,0,1
20454,20,Oaxaca,Oaxaca de Juárez,20067,85.70770813595497,85.40206545690612,85.70770813595497,Oaxaca de Juárez,Oaxaca,TRUE,FALSE,FALSE,0,4.462542785670304,1,1
20455,20,Oaxaca,Oaxaca de Juárez,20067,162.3690152876253,160.66967127535045,126.30094056465632,Puebla de Zaragoza,Puebla,FALSE,FALSE,FALSE,36.06807472296899,5.09601153952209,0,5
20458,20,Oaxaca,Oaxaca de Juárez,20067,69.70577846596042,66.7219136000593,69.70577846596042,Oaxaca de Juárez,Oaxaca,TRUE,FALSE,FALSE,0,4.258527301754436,1,1
20461,20,Oaxaca,Oaxaca de Juárez,20067,151.53772849744527,150.9363864923977,149.36669325274255,Chilpancingo de los Bravo,Guerrero,FALSE,FALSE,FALSE,2.171035244702722,5.0274119654323846,0,3
20465,20,Oaxaca,Oaxaca de Juárez,20067,122.95823552033397,123.17085090269693,122.95823552033397,Oaxaca de Juárez,Oaxaca,TRUE,FALSE,FALSE,0,4.819944698551814,0,1
20466,20,Oaxaca,Oaxaca de Juárez,20067,119.48749793468798,121.3857743503421,119.48749793468798,Oaxaca de Juárez,Oaxaca,TRUE,FALSE,FALSE,0,4.791545995968789,0,1
20468,20,Oaxaca,Oaxaca de Juárez,20067,101.99221308829651,99.71200992785371,101.99221308829651,Oaxaca de Juárez,Oaxaca,TRUE,FALSE,FALSE,0,4.63465338428723,0,1
20470,20,Oaxaca,Oaxaca de Juárez,20067,132.26485055757527,132.87975437711378,132.26485055757527,Oaxaca de Juárez,Oaxaca,TRUE,FALSE,FALSE,0,4.892338505673331,0,1
20471,20,Oaxaca,Oaxaca de Juárez,20067,63.15328790237329,61.00843301155037,63.15328790237329,Oaxaca de Juárez,Oaxaca,TRUE,FALSE,FALSE,0,4.161275343097782,1,1
20472,20,Oaxaca,Oaxaca de Juárez,20067,164.26472575271598,165.04805780360033,164.26472575271598,Oaxaca de Juárez,Oaxaca,TRUE,FALSE,FALSE,0,5.1075485867295844,0,1
20473,20,Oaxaca,Oaxaca de Juárez,20067,44.87033207015126,43.69416699867514,44.87033207015126,Oaxaca de Juárez,Oaxaca,TRUE,FALSE,TRUE,0,3.8258185479583124,1,1
20474,20,Oaxaca,Oaxaca de Juárez,20067,176.1828994107173,177.66116933008774,176.1828994107173,Oaxaca de Juárez,Oaxaca,TRUE,FALSE,FALSE,0,5.177182529059935,0,2
20475,20,Oaxaca,Oaxaca de Juárez,20067,42.174191068725285,44.18218639659806,42.174191068725285,Oaxaca de Juárez,Oaxaca,TRUE,FALSE,TRUE,0,3.765242887753578,1,1
20476,20,Oaxaca,Oaxaca de Juárez,20067,145.7245448569069,143.62584612077134,127.79784532993901,Puebla de Zaragoza,Puebla,FALSE,FALSE,FALSE,17.926699526967894,4.988556984424981,0,6
20389,20,Oaxaca,Oaxaca de Juárez,20067,29.885425472024885,33.222074959073126,29.885425472024885,Oaxaca de Juárez,Oaxaca,TRUE,FALSE,TRUE,0,3.4302844050615504,1,1
20478,20,Oaxaca,Oaxaca de Juárez,20067,53.62572550996501,50.64472991780051,53.62572550996501,Oaxaca de Juárez,Oaxaca,TRUE,FALSE,FALSE,0,4.0005049349745105,1,1
20479,20,Oaxaca,Oaxaca de Juárez,20067,80.54355238059351,79.18568000675221,80.54355238059351,Oaxaca de Juárez,Oaxaca,TRUE,FALSE,FALSE,0,4.401137262551937,1,2
20012,20,Oaxaca,Oaxaca de Juárez,20067,132.04356043258113,135.28980067728924,132.04356043258113,Oaxaca de Juárez,Oaxaca,TRUE,FALSE,FALSE,0,4.890676596647598,0,1
20028,20,Oaxaca,Oaxaca de Juárez,20067,53.63324137733788,56.90562021617187,53.63324137733788,Oaxaca de Juárez,Oaxaca,TRUE,FALSE,FALSE,0,4.00064251393208,1,1
20039,20,Oaxaca,Oaxaca de Juárez,20067,139.77578750766253,137.94822965654433,139.69444126731725,Puebla de Zaragoza,Puebla,FALSE,FALSE,FALSE,0.08134624034528315,4.947168465212497,0,5
20064,20,Oaxaca,Oaxaca de Juárez,20067,96.67145770947141,98.46853340095797,96.67145770947141,Oaxaca de Juárez,Oaxaca,TRUE,FALSE,FALSE,0,4.58160937419158,1,1
20066,20,Oaxaca,Oaxaca de Juárez,20067,236.3764655973973,236.9909000499746,160.76630938530266,Tuxtla Gutiérrez,Chiapas,FALSE,FALSE,FALSE,75.61015621209464,5.469647343299371,0,1
20067,20,Oaxaca,Oaxaca de Juárez,20067,3.3390550110175656,0,3.3390550110175656,Oaxaca de Juárez,Oaxaca,TRUE,TRUE,TRUE,0,1.467656585006775,1,1
20068,20,Oaxaca,Oaxaca de Juárez,20067,34.36224042344679,37.66857903639654,34.36224042344679,Oaxaca de Juárez,Oaxaca,TRUE,FALSE,TRUE,0,3.5656445961538528,1,1
20073,20,Oaxaca,Oaxaca de Juárez,20067,124.54964073572363,125.05426657267185,124.54964073572363,Oaxaca de Juárez,Oaxaca,TRUE,FALSE,FALSE,0,4.832701224075993,0,2
20085,20,Oaxaca,Oaxaca de Juárez,20067,122.10781471254296,125.40026504614042,122.10781471254296,Oaxaca de Juárez,Oaxaca,TRUE,FALSE,FALSE,0,4.813060513811887,0,1
20088,20,Oaxaca,Oaxaca de Juárez,20067,116.37721033324632,117.37557092968947,116.37721033324632,Oaxaca de Juárez,Oaxaca,TRUE,FALSE,FALSE,0,4.765392768731279,0,2
20483,20,Oaxaca,Oaxaca de Juárez,20067,26.206435421686997,24.307562901548746,26.206435421686997,Oaxaca de Juárez,Oaxaca,TRUE,FALSE,TRUE,0,3.303453541702992,1,1
20486,20,Oaxaca,Oaxaca de Juárez,20067,102.2336248853044,100.32533022335646,102.2336248853044,Oaxaca de Juárez,Oaxaca,TRUE,FALSE,FALSE,0,4.636994622510848,0,2
20093,20,Oaxaca,Oaxaca de Juárez,20067,102.76772797639138,101.15993200634738,102.76772797639138,Oaxaca de Juárez,Oaxaca,TRUE,FALSE,FALSE,0,4.642155016575443,0,2
20113,20,Oaxaca,Oaxaca de Juárez,20067,115.11677723534662,118.4556023418589,115.11677723534662,Oaxaca de Juárez,Oaxaca,TRUE,FALSE,FALSE,0,4.754596385028147,0,1
20487,20,Oaxaca,Oaxaca de Juárez,20067,37.48178441199426,35.66654846761887,37.48178441199426,Oaxaca de Juárez,Oaxaca,TRUE,FALSE,TRUE,0,3.65018499717541,1,1
20488,20,Oaxaca,Oaxaca de Juárez,20067,106.62176618314102,104.33916961336273,106.62176618314102,Oaxaca de Juárez,Oaxaca,TRUE,FALSE,FALSE,0,4.678622915217643,0,3
20496,20,Oaxaca,Oaxaca de Juárez,20067,41.712235473856786,39.82114109360941,41.712235473856786,Oaxaca de Juárez,Oaxaca,TRUE,FALSE,TRUE,0,3.7544854242435797,1,1
20509,20,Oaxaca,Oaxaca de Juárez,20067,137.85372129414864,141.15668897369886,137.85372129414864,Oaxaca de Juárez,Oaxaca,TRUE,FALSE,FALSE,0,4.9334210142157735,0,1
20557,20,Oaxaca,Oaxaca de Juárez,20067,213.20124623508553,213.97344095782947,186.28119978523569,Tuxtla Gutiérrez,Chiapas,FALSE,FALSE,FALSE,26.92004644984985,5.366915976087692,0,1
20560,20,Oaxaca,Oaxaca de Juárez,20067,36.903912323385065,36.95302705159022,36.903912323385065,Oaxaca de Juárez,Oaxaca,TRUE,FALSE,TRUE,0,3.635054334290735,1,1
20038,20,Oaxaca,Oaxaca de Juárez,20067,61.49466963763411,60.67724152878419,61.49466963763411,Oaxaca de Juárez,Oaxaca,TRUE,FALSE,FALSE,0,4.135081267307461,1,1
20238,20,Oaxaca,Oaxaca de Juárez,20067,46.15030907640443,49.48072924801174,46.15030907640443,Oaxaca de Juárez,Oaxaca,TRUE,FALSE,TRUE,0,3.853340564230928,1,1
21180,21,Puebla,Puebla de Zaragoza,21114,53.35583180776114,58.178344592003356,36.81702781628064,Tlaxcala de Xicohténcatl,Tlaxcala,FALSE,FALSE,FALSE,16.5388039914805,3.995551908781647,5,7
21080,21,Puebla,Puebla de Zaragoza,21114,123.32357783855029,125.10291316461604,91.19357503948825,Xalapa-Enríquez,Veracruz,FALSE,FALSE,FALSE,32.13000279906204,4.82288766547284,2,5
21087,21,Puebla,Puebla de Zaragoza,21114,110.24892370408219,109.77110203965414,75.36330176428696,Cuernavaca,Morelos,FALSE,FALSE,FALSE,34.88562193979523,4.711770246429503,1,7
21088,21,Puebla,Puebla de Zaragoza,21114,129.16186064997422,130.79739933618922,87.93498320873942,Xalapa-Enríquez,Veracruz,FALSE,FALSE,FALSE,41.22687744123479,4.8687787579067505,1,5
21081,21,Puebla,Puebla de Zaragoza,21114,123.41842338313928,121.52512714526638,99.30747428318017,Chilpancingo de los Bravo,Guerrero,FALSE,FALSE,FALSE,24.110949099959115,4.823650267274866,1,6
21083,21,Puebla,Puebla de Zaragoza,21114,73.9159577069467,75.73458112070486,52.08864762426999,Tlaxcala de Xicohténcatl,Tlaxcala,FALSE,FALSE,FALSE,21.82731008267671,4.316366921327786,3,7
21197,21,Puebla,Puebla de Zaragoza,21114,145.3210389508491,148.30875299852795,92.57016493944647,Pachuca de Soto,Hidalgo,FALSE,FALSE,FALSE,52.75087401140263,4.9858031045962825,1,5
21193,21,Puebla,Puebla de Zaragoza,21114,30.325167717471743,25.487257487300262,30.325167717471743,Puebla de Zaragoza,Puebla,TRUE,FALSE,TRUE,0,3.4444218548770325,2,7
21192,21,Puebla,Puebla de Zaragoza,21114,137.07579607978184,138.71293186870255,89.46843526418098,Xalapa-Enríquez,Veracruz,FALSE,FALSE,FALSE,47.607360815600856,4.927802781331245,1,5
21215,21,Puebla,Puebla de Zaragoza,21114,113.29075167841987,115.46059664311927,88.166641352637,Tlaxcala de Xicohténcatl,Tlaxcala,FALSE,FALSE,FALSE,25.124110325782866,4.738745654827417,1,6
21191,21,Puebla,Puebla de Zaragoza,21114,119.54967506189676,116.48674376244327,119.54967506189676,Puebla de Zaragoza,Puebla,TRUE,FALSE,FALSE,0,4.7920619091602275,0,6
21216,21,Puebla,Puebla de Zaragoza,21114,124.13228351103055,125.79620111653091,88.12368281479755,Xalapa-Enríquez,Veracruz,FALSE,FALSE,FALSE,36.008600696233,4.829371445819621,1,5
21199,21,Puebla,Puebla de Zaragoza,21114,116.23749594058975,116.35771850494996,51.08697892881479,Xalapa-Enríquez,Veracruz,FALSE,FALSE,FALSE,65.15051701177497,4.764201757209529,1,5
21198,21,Puebla,Puebla de Zaragoza,21114,112.46787462835773,110.27488880928907,112.46787462835773,Puebla de Zaragoza,Puebla,TRUE,FALSE,FALSE,0,4.731519753935292,0,6
21178,21,Puebla,Puebla de Zaragoza,21114,149.14987995602215,152.4002117414511,85.17814546187952,Pachuca de Soto,Hidalgo,FALSE,FALSE,FALSE,63.97173449414262,5.011633994935328,1,5
21105,21,Puebla,Puebla de Zaragoza,21114,79.60110502484969,80.19617838677581,64.57091584706653,Tlaxcala de Xicohténcatl,Tlaxcala,FALSE,FALSE,FALSE,15.030189177783157,4.38951235940433,3,6
21132,21,Puebla,Puebla de Zaragoza,21114,34.17952572769288,39.03991103590411,20.65459018210644,Tlaxcala de Xicohténcatl,Tlaxcala,FALSE,FALSE,TRUE,13.524935545586438,3.5604642579136176,5,7
21143,21,Puebla,Puebla de Zaragoza,21114,43.524106729384805,48.15888863810717,34.9539850951289,Tlaxcala de Xicohténcatl,Tlaxcala,FALSE,FALSE,TRUE,8.570121634255905,3.796030766748419,5,7
21176,21,Puebla,Puebla de Zaragoza,21114,59.009252807267075,58.1282532377251,59.009252807267075,Puebla de Zaragoza,Puebla,TRUE,FALSE,FALSE,0,4.09449876378688,3,8
21174,21,Puebla,Puebla de Zaragoza,21114,127.02490113774239,127.58192054510327,58.60682539918375,Xalapa-Enríquez,Veracruz,FALSE,FALSE,FALSE,68.41807573855864,4.852224785137751,1,5
21171,21,Puebla,Puebla de Zaragoza,21114,43.93579548167117,39.233062221882,43.93579548167117,Puebla de Zaragoza,Puebla,TRUE,FALSE,TRUE,0,3.805234703895027,2,7
21103,21,Puebla,Puebla de Zaragoza,21114,102.20293469383866,97.75292205964163,102.20293469383866,Puebla de Zaragoza,Puebla,TRUE,FALSE,FALSE,0,4.636697289598941,0,4
21102,21,Puebla,Puebla de Zaragoza,21114,25.390590275987797,29.047611841410607,25.390590275987797,Puebla de Zaragoza,Puebla,TRUE,FALSE,TRUE,0,3.273007517676522,4,7
21142,21,Puebla,Puebla de Zaragoza,21114,63.31864244024806,61.11242989184533,63.31864244024806,Puebla de Zaragoza,Puebla,TRUE,FALSE,FALSE,0,4.163849518308542,3,6
21101,21,Puebla,Puebla de Zaragoza,21114,120.43221714826585,121.97477211309094,84.65197965404398,Xalapa-Enríquez,Veracruz,FALSE,FALSE,FALSE,35.780237494221865,4.799356223552304,2,5
21100,21,Puebla,Puebla de Zaragoza,21114,133.27785976787973,136.76403223284433,70.17844745928335,Pachuca de Soto,Hidalgo,FALSE,FALSE,FALSE,63.099412308596385,4.899911233407808,1,7
21099,21,Puebla,Puebla de Zaragoza,21114,88.62313399590597,84.32835120474248,88.62313399590597,Puebla de Zaragoza,Puebla,TRUE,FALSE,FALSE,0,4.495613478573681,1,6
21098,21,Puebla,Puebla de Zaragoza,21114,54.14107933150453,49.27708877313043,54.14107933150453,Puebla de Zaragoza,Puebla,TRUE,FALSE,FALSE,0,4.0098949797875445,2,7
21001,21,Puebla,Puebla de Zaragoza,21114,28.766357171443,26.9378283221083,28.766357171443,Puebla de Zaragoza,Puebla,TRUE,FALSE,TRUE,0,3.3933788017843556,2,7
21182,21,Puebla,Puebla de Zaragoza,21114,39.455366804216865,34.8841941582108,39.455366804216865,Puebla de Zaragoza,Puebla,TRUE,FALSE,TRUE,0,3.7001993121873515,2,7
21201,21,Puebla,Puebla de Zaragoza,21114,44.62458027490341,42.14849459438917,44.62458027490341,Puebla de Zaragoza,Puebla,TRUE,FALSE,TRUE,0,3.8204466124061685,3,8
21110,21,Puebla,Puebla de Zaragoza,21114,74.01086525301685,69.92855968162405,74.01086525301685,Puebla de Zaragoza,Puebla,TRUE,FALSE,FALSE,0,4.317632973083884,2,6
21109,21,Puebla,Puebla de Zaragoza,21114,138.22934602753003,141.81181396942193,68.01333331554478,Pachuca de Soto,Hidalgo,FALSE,FALSE,FALSE,70.21601271198524,4.936122544844372,1,7
21067,21,Puebla,Puebla de Zaragoza,21114,91.88227511458689,90.26783435263202,55.18885540964983,Xalapa-Enríquez,Veracruz,FALSE,FALSE,FALSE,36.69341970493706,4.531332832294058,3,6
21147,21,Puebla,Puebla de Zaragoza,21114,72.49500681652107,68.19924040571792,72.49500681652107,Puebla de Zaragoza,Puebla,TRUE,FALSE,FALSE,0,4.29721746944204,1,7
21204,21,Puebla,Puebla de Zaragoza,21114,125.62841303688565,126.59523313203351,69.47368650493503,Xalapa-Enríquez,Veracruz,FALSE,FALSE,FALSE,56.154726531950615,4.841256916100055,1,5
21108,21,Puebla,Puebla de Zaragoza,21114,72.5031392249709,71.43708897675705,68.5744925896719,Tlaxcala de Xicohténcatl,Tlaxcala,FALSE,FALSE,FALSE,3.928646635298989,4.297328115850544,3,6
21066,21,Puebla,Puebla de Zaragoza,21114,109.80626338123292,105.9748934210777,109.80626338123292,Puebla de Zaragoza,Puebla,TRUE,FALSE,FALSE,0,4.707783301426985,0,6
21167,21,Puebla,Puebla de Zaragoza,21114,106.84364897422732,109.32093250502095,80.45226982074301,Tlaxcala de Xicohténcatl,Tlaxcala,FALSE,FALSE,FALSE,26.39137915348431,4.680682483518723,2,6
21166,21,Puebla,Puebla de Zaragoza,21114,42.588002277381314,41.52622289842084,42.588002277381314,Puebla de Zaragoza,Puebla,TRUE,FALSE,TRUE,0,3.774781935362535,3,8
21065,21,Puebla,Puebla de Zaragoza,21114,56.62950058676978,53.46465322275716,56.62950058676978,Puebla de Zaragoza,Puebla,TRUE,FALSE,FALSE,0,4.054034599555912,3,6
21181,21,Puebla,Puebla de Zaragoza,21114,19.101291810840458,23.920898015824978,19.101291810840458,Puebla de Zaragoza,Puebla,TRUE,FALSE,TRUE,0,3.0007840821958967,4,7
21064,21,Puebla,Puebla de Zaragoza,21114,188.55146621449327,191.53113232199095,119.07548996221377,Pachuca de Soto,Hidalgo,FALSE,FALSE,FALSE,69.47597625227951,5.244660577171115,0,5
21148,21,Puebla,Puebla de Zaragoza,21114,20.214347281624253,22.266764967016176,20.214347281624253,Puebla de Zaragoza,Puebla,TRUE,FALSE,TRUE,0,3.054677711347336,4,8
21063,21,Puebla,Puebla de Zaragoza,21114,90.86856859094523,87.03707906807188,89.26441399301096,Xalapa-Enríquez,Veracruz,FALSE,FALSE,FALSE,1.6041545979342686,4.520358953351557,2,5
21217,21,Puebla,Puebla de Zaragoza,21114,148.61220657204947,144.0622755809747,128.996536322,Xalapa-Enríquez,Veracruz,FALSE,FALSE,FALSE,19.615670250049476,5.008046656944659,0,4
21207,21,Puebla,Puebla de Zaragoza,21114,111.11832220367752,112.37151327061294,78.0473512836451,Xalapa-Enríquez,Veracruz,FALSE,FALSE,FALSE,33.07097092003242,4.719554761893483,2,5
21214,21,Puebla,Puebla de Zaragoza,21114,130.22748909703682,125.48481151435477,130.22748909703682,Puebla de Zaragoza,Puebla,TRUE,FALSE,FALSE,0,4.8769323751203055,0,4
21059,21,Puebla,Puebla de Zaragoza,21114,89.6980404743176,86.34477474046486,89.6980404743176,Puebla de Zaragoza,Puebla,TRUE,FALSE,FALSE,0,4.507535752414917,1,6
21058,21,Puebla,Puebla de Zaragoza,21114,106.96042821134337,104.82616924714816,44.729981180527446,Xalapa-Enríquez,Veracruz,FALSE,FALSE,FALSE,62.230447030815924,4.681764754530817,1,4
21057,21,Puebla,Puebla de Zaragoza,21114,134.56587393208625,138.3861688110683,57.001689651642195,Pachuca de Soto,Hidalgo,FALSE,FALSE,FALSE,77.56418428044405,4.909457676665294,1,7
21056,21,Puebla,Puebla de Zaragoza,21114,103.33298511788655,100.69122192968119,103.33298511788655,Puebla de Zaragoza,Puebla,TRUE,FALSE,FALSE,0,4.64758756433823,0,6
21107,21,Puebla,Puebla de Zaragoza,21114,130.7813392372537,132.87194388683594,101.30375276261636,Xalapa-Enríquez,Veracruz,FALSE,FALSE,FALSE,29.477586474637334,4.881144028108595,0,5
21106,21,Puebla,Puebla de Zaragoza,21114,16.928935634217677,17.170030935068368,16.928935634217677,Puebla de Zaragoza,Puebla,TRUE,FALSE,TRUE,0,2.8864159235693467,3,8
21055,21,Puebla,Puebla de Zaragoza,21114,124.3837752971824,119.96111954390338,124.3837752971824,Puebla de Zaragoza,Puebla,TRUE,FALSE,FALSE,0,4.831379236233004,0,5
21200,21,Puebla,Puebla de Zaragoza,21114,106.64401422015686,108.1210035363733,83.91432941228578,Xalapa-Enríquez,Veracruz,FALSE,FALSE,FALSE,22.72968480787108,4.678829618178544,2,6
21051,21,Puebla,Puebla de Zaragoza,21114,73.4194234231862,72.51078734568782,73.4194234231862,Puebla de Zaragoza,Puebla,TRUE,FALSE,FALSE,0,4.309716975282796,3,7
21050,21,Puebla,Puebla de Zaragoza,21114,120.57645150461045,118.1136625424647,40.91877443374432,Xalapa-Enríquez,Veracruz,FALSE,FALSE,FALSE,79.65767707086613,4.8005432953887235,1,3
21096,21,Puebla,Puebla de Zaragoza,21114,55.2690593016049,53.201216042748726,55.2690593016049,Puebla de Zaragoza,Puebla,TRUE,FALSE,FALSE,0,4.030144815722453,3,6
21095,21,Puebla,Puebla de Zaragoza,21114,34.74855143161659,30.284716805185813,34.74855143161659,Puebla de Zaragoza,Puebla,TRUE,FALSE,TRUE,0,3.5765097489237436,2,8
21094,21,Puebla,Puebla de Zaragoza,21114,73.0026413627342,73.17348143069385,61.19766877790606,Tlaxcala de Xicohténcatl,Tlaxcala,FALSE,FALSE,FALSE,11.804972584828135,4.304100786658154,3,6
21093,21,Puebla,Puebla de Zaragoza,21114,99.37130246047826,97.43815436384125,49.530970525794636,Xalapa-Enríquez,Veracruz,FALSE,FALSE,FALSE,49.840331934683626,4.6088763343329084,3,5
21092,21,Puebla,Puebla de Zaragoza,21114,74.65371982002918,69.79011799700751,74.65371982002918,Puebla de Zaragoza,Puebla,TRUE,FALSE,FALSE,0,4.32616661047333,1,6
21091,21,Puebla,Puebla de Zaragoza,21114,132.2367574136359,135.42446801966665,80.63706065049087,Pachuca de Soto,Hidalgo,FALSE,FALSE,FALSE,51.59969676314503,4.892127676596109,1,6
21208,21,Puebla,Puebla de Zaragoza,21114,104.19574010446009,107.24132470012148,75.58137073435584,Tlaxcala de Xicohténcatl,Tlaxcala,FALSE,FALSE,FALSE,28.614369370104242,4.655822806180122,2,7
21090,21,Puebla,Puebla de Zaragoza,21114,17.05076769470978,21.704515689894254,17.05076769470978,Puebla de Zaragoza,Puebla,TRUE,FALSE,TRUE,0,2.893188215437317,4,7
21037,21,Puebla,Puebla de Zaragoza,21114,81.88461018356196,77.0974046447676,81.88461018356196,Puebla de Zaragoza,Puebla,TRUE,FALSE,FALSE,0,4.417449401765835,1,6
21035,21,Puebla,Puebla de Zaragoza,21114,144.49736901224915,139.7511046931703,136.17814013066882,Oaxaca de Juárez,Oaxaca,FALSE,FALSE,FALSE,8.31922888158033,4.980158004058018,0,4
21034,21,Puebla,Puebla de Zaragoza,21114,13.74931679166855,18.613250682114717,13.74931679166855,Puebla de Zaragoza,Puebla,TRUE,FALSE,TRUE,0,2.6911967625041493,3,7
21033,21,Puebla,Puebla de Zaragoza,21114,62.922110857907384,63.87503049731079,56.526143519697094,Cuernavaca,Morelos,FALSE,FALSE,FALSE,6.395967338210291,4.157665324346853,4,7
21032,21,Puebla,Puebla de Zaragoza,21114,112.255098509357,110.97475661536542,93.03579739773441,Cuernavaca,Morelos,FALSE,FALSE,FALSE,19.219301111622585,4.729642783299948,1,6
21031,21,Puebla,Puebla de Zaragoza,21114,52.188750038963256,48.31316671681706,52.188750038963256,Puebla de Zaragoza,Puebla,TRUE,FALSE,FALSE,0,3.97384690855261,2,8
21030,21,Puebla,Puebla de Zaragoza,21114,122.4044912855449,124.59503815148189,97.02931892818991,Tlaxcala de Xicohténcatl,Tlaxcala,FALSE,FALSE,FALSE,25.375172357354998,4.815467506964109,1,6
21029,21,Puebla,Puebla de Zaragoza,21114,130.05549422314908,131.87097951133168,93.18889513115943,Xalapa-Enríquez,Veracruz,FALSE,FALSE,FALSE,36.866599091989656,4.87562085352356,1,5
21028,21,Puebla,Puebla de Zaragoza,21114,119.01164399753425,121.24273672232688,93.50726926279424,Tlaxcala de Xicohténcatl,Tlaxcala,FALSE,FALSE,FALSE,25.50437473474001,4.787588771387404,1,6
21020,21,Puebla,Puebla de Zaragoza,21114,40.52725717119611,35.749332742182226,40.52725717119611,Puebla de Zaragoza,Puebla,TRUE,FALSE,TRUE,0,3.726350010944317,2,7
21077,21,Puebla,Puebla de Zaragoza,21114,123.33403559262261,125.3510145608554,97.74972372990379,Xalapa-Enríquez,Veracruz,FALSE,FALSE,FALSE,25.58431186271882,4.8229717791577915,2,5
21074,21,Puebla,Puebla de Zaragoza,21114,29.0665088011915,33.6529031452486,27.74144118780344,Tlaxcala de Xicohténcatl,Tlaxcala,FALSE,FALSE,TRUE,1.325067613388061,3.403411887871989,4,7
21022,21,Puebla,Puebla de Zaragoza,21114,48.67867993655311,49.81400907471426,48.67867993655311,Puebla de Zaragoza,Puebla,TRUE,FALSE,TRUE,0,3.905575865946779,4,8
21025,21,Puebla,Puebla de Zaragoza,21114,142.21890596124737,143.46798891715227,79.21111361111276,Xalapa-Enríquez,Veracruz,FALSE,FALSE,FALSE,63.00779235013461,4.964374270681075,1,5
21177,21,Puebla,Puebla de Zaragoza,21114,74.20894483534428,69.51577787990914,74.20894483534428,Puebla de Zaragoza,Puebla,TRUE,FALSE,FALSE,0,4.320270171160642,2,7
21075,21,Puebla,Puebla de Zaragoza,21114,128.6677200718071,129.5142717065224,66.18756268903027,Xalapa-Enríquez,Veracruz,FALSE,FALSE,FALSE,62.48015738277684,4.864975178864436,1,5
21078,21,Puebla,Puebla de Zaragoza,21114,112.17063773315827,114.11163202836309,88.15830583766653,Tlaxcala de Xicohténcatl,Tlaxcala,FALSE,FALSE,FALSE,24.01233189549174,4.728896748140539,2,6
21079,21,Puebla,Puebla de Zaragoza,21114,47.325731266351056,42.54203433020678,47.325731266351056,Puebla de Zaragoza,Puebla,TRUE,FALSE,TRUE,0,3.877964157237556,2,7
21187,21,Puebla,Puebla de Zaragoza,21114,150.78329328271488,154.16888415497291,80.96704405752989,Pachuca de Soto,Hidalgo,FALSE,FALSE,FALSE,69.81624922518499,5.022453801478646,1,5
21188,21,Puebla,Puebla de Zaragoza,21114,44.75237838373497,46.89238678931104,44.75237838373497,Puebla de Zaragoza,Puebla,TRUE,FALSE,TRUE,0,3.8232437769000036,4,8
21189,21,Puebla,Puebla de Zaragoza,21114,46.86190443901236,42.3090294174631,46.86190443901236,Puebla de Zaragoza,Puebla,TRUE,FALSE,TRUE,0,3.868319873560937,2,7
21190,21,Puebla,Puebla de Zaragoza,21114,90.99421264606335,86.32223679830093,90.99421264606335,Puebla de Zaragoza,Puebla,TRUE,FALSE,FALSE,0,4.521725669049323,1,7
21194,21,Puebla,Puebla de Zaragoza,21114,170.67017796558864,173.2460385001326,120.19829167407876,Pachuca de Soto,Hidalgo,FALSE,FALSE,FALSE,50.471886291509875,5.145575065954921,0,5
21184,21,Puebla,Puebla de Zaragoza,21114,126.13444365892735,128.78020205592995,95.93476999403428,Pachuca de Soto,Hidalgo,FALSE,FALSE,FALSE,30.19967366489307,4.845245138012201,2,6
21185,21,Puebla,Puebla de Zaragoza,21114,52.089836671722665,51.6448801672143,52.089836671722665,Puebla de Zaragoza,Puebla,TRUE,FALSE,FALSE,0,3.9719855101493837,3,8
21082,21,Puebla,Puebla de Zaragoza,21114,73.33465454385129,68.51950883265113,73.33465454385129,Puebla de Zaragoza,Puebla,TRUE,FALSE,FALSE,0,4.308577256766579,1,6
21085,21,Puebla,Puebla de Zaragoza,21114,64.65831496058169,62.63010635162455,64.65831496058169,Puebla de Zaragoza,Puebla,TRUE,FALSE,FALSE,0,4.184464248639996,3,8
21104,21,Puebla,Puebla de Zaragoza,21114,42.535566381163285,41.34852155871145,42.535566381163285,Puebla de Zaragoza,Puebla,TRUE,FALSE,TRUE,0,3.773578221984933,2,7
21122,21,Puebla,Puebla de Zaragoza,21114,39.59922749298746,44.25904371849255,31.763571566891383,Tlaxcala de Xicohténcatl,Tlaxcala,FALSE,FALSE,TRUE,7.835655926096077,3.7037490391603476,5,7
21123,21,Puebla,Puebla de Zaragoza,21114,125.9251446426212,128.38522364117443,99.33177166359638,Tlaxcala de Xicohténcatl,Tlaxcala,FALSE,FALSE,FALSE,26.59337297902482,4.843597500424073,1,6
21012,21,Puebla,Puebla de Zaragoza,21114,72.59187992714776,69.92989067864907,72.59187992714776,Puebla de Zaragoza,Puebla,TRUE,FALSE,FALSE,0,4.298534692571554,3,6
21013,21,Puebla,Puebla de Zaragoza,21114,121.7705735301528,117.0076888301675,121.7705735301528,Puebla de Zaragoza,Puebla,TRUE,FALSE,FALSE,0,4.810317357764086,0,4
21007,21,Puebla,Puebla de Zaragoza,21114,52.017889657707705,48.98159869639566,52.017889657707705,Puebla de Zaragoza,Puebla,TRUE,FALSE,FALSE,0,3.970629397309538,2,8
21011,21,Puebla,Puebla de Zaragoza,21114,119.43319599957127,116.92326884411517,113.23014939719984,Chilpancingo de los Bravo,Guerrero,FALSE,FALSE,FALSE,6.20304660237143,4.791095209154676,0,6
21018,21,Puebla,Puebla de Zaragoza,21114,91.46067900161091,86.6073651727933,91.46067900161091,Puebla de Zaragoza,Puebla,TRUE,FALSE,FALSE,0,4.526783462266739,1,6
21054,21,Puebla,Puebla de Zaragoza,21114,111.32171513264696,111.71700062030844,58.95599970083084,Xalapa-Enríquez,Veracruz,FALSE,FALSE,FALSE,52.36571543181612,4.721367210216532,2,5
21127,21,Puebla,Puebla de Zaragoza,21114,97.84542221916767,93.36704727659946,97.84542221916767,Puebla de Zaragoza,Puebla,TRUE,FALSE,FALSE,0,4.593557238166601,1,7
21129,21,Puebla,Puebla de Zaragoza,21114,131.81673713909782,126.98978204287332,131.81673713909782,Puebla de Zaragoza,Puebla,TRUE,FALSE,FALSE,0,4.888970261774813,0,4
21130,21,Puebla,Puebla de Zaragoza,21114,68.55460572399343,65.56462192674695,68.55460572399343,Puebla de Zaragoza,Puebla,TRUE,FALSE,FALSE,0,4.242112137945305,3,6
21213,21,Puebla,Puebla de Zaragoza,21114,145.18860590831346,147.87300323194657,102.39217931695481,Pachuca de Soto,Hidalgo,FALSE,FALSE,FALSE,42.79642659135865,4.984897609314935,0,5
21124,21,Puebla,Puebla de Zaragoza,21114,117.84131144548758,113.01662308873568,117.84131144548758,Puebla de Zaragoza,Puebla,TRUE,FALSE,FALSE,0,4.777789085921329,0,4
21169,21,Puebla,Puebla de Zaragoza,21114,66.42725975352467,61.74119765400222,66.42725975352467,Puebla de Zaragoza,Puebla,TRUE,FALSE,FALSE,0,4.211049383533137,2,7
21159,21,Puebla,Puebla de Zaragoza,21114,34.75359819235218,31.697556059479727,34.75359819235218,Puebla de Zaragoza,Puebla,TRUE,FALSE,TRUE,0,3.5766509128123962,2,8
21156,21,Puebla,Puebla de Zaragoza,21114,102.71327008068475,97.94785153367322,102.71327008068475,Puebla de Zaragoza,Puebla,TRUE,FALSE,FALSE,0,4.641630073111057,0,5
21155,21,Puebla,Puebla de Zaragoza,21114,109.98986046660364,106.68579346778836,109.98986046660364,Puebla de Zaragoza,Puebla,TRUE,FALSE,FALSE,0,4.709438849992215,0,6
21154,21,Puebla,Puebla de Zaragoza,21114,53.84187657615072,49.59342918586254,53.84187657615072,Puebla de Zaragoza,Puebla,TRUE,FALSE,FALSE,0,4.00445407322154,2,6
21172,21,Puebla,Puebla de Zaragoza,21114,96.35736934737524,98.3264280875685,72.63260892631956,Tlaxcala de Xicohténcatl,Tlaxcala,FALSE,FALSE,FALSE,23.724760421055677,4.578388428463934,3,6
21179,21,Puebla,Puebla de Zaragoza,21114,90.22018081439961,87.61714341999941,64.79759728210679,Xalapa-Enríquez,Veracruz,FALSE,FALSE,FALSE,25.42258353229282,4.513276153460932,3,6
21153,21,Puebla,Puebla de Zaragoza,21114,30.247359684338186,25.59069451315406,30.247359684338186,Puebla de Zaragoza,Puebla,TRUE,FALSE,TRUE,0,3.4419348825117426,2,7
21151,21,Puebla,Puebla de Zaragoza,21114,39.620546780030544,35.250280489384075,39.620546780030544,Puebla de Zaragoza,Puebla,TRUE,FALSE,TRUE,0,3.704274016919115,2,7
21121,21,Puebla,Puebla de Zaragoza,21114,33.21325732022065,31.42513334104456,33.21325732022065,Puebla de Zaragoza,Puebla,TRUE,FALSE,TRUE,0,3.5326132098973444,3,8
21202,21,Puebla,Puebla de Zaragoza,21114,114.56590932729596,116.28047166105122,89.03074995486244,Xalapa-Enríquez,Veracruz,FALSE,FALSE,FALSE,25.53515937243351,4.749841010733117,2,6
21203,21,Puebla,Puebla de Zaragoza,21114,59.091985207974716,54.29932916406436,59.091985207974716,Puebla de Zaragoza,Puebla,TRUE,FALSE,FALSE,0,4.0958764750438315,2,6
21073,21,Puebla,Puebla de Zaragoza,21114,91.88896899363054,90.94168409336717,79.67311453565263,Cuernavaca,Morelos,FALSE,FALSE,FALSE,12.215854457977912,4.531404898119731,2,7
21097,21,Puebla,Puebla de Zaragoza,21114,36.17151256674976,31.851893755684106,36.17151256674976,Puebla de Zaragoza,Puebla,TRUE,FALSE,TRUE,0,3.615542676694821,2,7
21036,21,Puebla,Puebla de Zaragoza,21114,155.25012141312268,150.61191519641721,136.18352909012802,Oaxaca de Juárez,Oaxaca,FALSE,FALSE,FALSE,19.066592322994666,5.051458065660194,0,4
21044,21,Puebla,Puebla de Zaragoza,21114,90.32946745554695,90.68493457909629,69.70722441467154,Xalapa-Enríquez,Veracruz,FALSE,FALSE,FALSE,20.622243040875404,4.514473489695094,3,6
21060,21,Puebla,Puebla de Zaragoza,21114,26.387962581288683,30.776427330312377,26.387962581288683,Puebla de Zaragoza,Puebla,TRUE,FALSE,TRUE,0,3.3101035950131292,4,7
21061,21,Puebla,Puebla de Zaragoza,21114,146.93112941455098,142.585542530012,114.497254034343,Xalapa-Enríquez,Veracruz,FALSE,FALSE,FALSE,32.43387538020798,4.996746823665448,0,4
21062,21,Puebla,Puebla de Zaragoza,21114,50.30193120046,48.14171829776925,50.30193120046,Puebla de Zaragoza,Puebla,TRUE,FALSE,FALSE,0,3.9377283967012984,3,8
21068,21,Puebla,Puebla de Zaragoza,21114,128.80308573519702,131.08651865272452,102.92658318045689,Tlaxcala de Xicohténcatl,Tlaxcala,FALSE,FALSE,FALSE,25.876502554740128,4.866018576985852,0,5
21072,21,Puebla,Puebla de Zaragoza,21114,132.2687327382581,134.18019761830834,96.41215918485638,Xalapa-Enríquez,Veracruz,FALSE,FALSE,FALSE,35.85657355340173,4.892367636566595,1,5
21160,21,Puebla,Puebla de Zaragoza,21114,93.21706908464604,93.00554280889442,66.01125486960954,Cuernavaca,Morelos,FALSE,FALSE,FALSE,27.205814215036497,4.545601365641444,2,7
21161,21,Puebla,Puebla de Zaragoza,21114,88.20676522420277,83.45840510350168,88.20676522420277,Puebla de Zaragoza,Puebla,TRUE,FALSE,FALSE,0,4.490956880030663,1,6
21024,21,Puebla,Puebla de Zaragoza,21114,96.64826148447146,93.7399245918865,96.64826148447146,Puebla de Zaragoza,Puebla,TRUE,FALSE,FALSE,0,4.581371853625765,1,6
21186,21,Puebla,Puebla de Zaragoza,21114,115.29681077803208,116.2298375463413,69.78180432894571,Xalapa-Enríquez,Veracruz,FALSE,FALSE,FALSE,45.51500644908637,4.756145636775722,2,5
21170,21,Puebla,Puebla de Zaragoza,21114,91.6922689711795,91.11802634900715,58.33181147824544,Xalapa-Enríquez,Veracruz,FALSE,FALSE,FALSE,33.36045749293406,4.529285070724819,3,6
21196,21,Puebla,Puebla de Zaragoza,21114,88.7450304464119,84.26358974627881,88.7450304464119,Puebla de Zaragoza,Puebla,TRUE,FALSE,FALSE,0,4.496972654764734,1,7
21117,21,Puebla,Puebla de Zaragoza,21114,46.96896053512553,46.47698879359896,43.71471326150009,Tlaxcala de Xicohténcatl,Tlaxcala,FALSE,FALSE,TRUE,3.2542472736254453,3.8705541462178137,2,7
21017,21,Puebla,Puebla de Zaragoza,21114,116.9670753644503,117.62322858899276,62.88639622314203,Xalapa-Enríquez,Veracruz,FALSE,FALSE,FALSE,54.080679141308266,4.770405563196523,2,5
21019,21,Puebla,Puebla de Zaragoza,21114,30.204039883974698,31.33513240380465,30.204039883974698,Puebla de Zaragoza,Puebla,TRUE,FALSE,TRUE,0,3.4405475698939045,4,8
21173,21,Puebla,Puebla de Zaragoza,21114,119.95233356679495,120.7556756501109,65.83215739855395,Xalapa-Enríquez,Veracruz,FALSE,FALSE,FALSE,54.120176168241,4.79539653051849,1,5
21175,21,Puebla,Puebla de Zaragoza,21114,29.01037020233911,31.807014594058632,29.01037020233911,Puebla de Zaragoza,Puebla,TRUE,FALSE,TRUE,0,3.40154299534217,4,8
21052,21,Puebla,Puebla de Zaragoza,21114,46.05330621313424,41.534354779804275,46.05330621313424,Puebla de Zaragoza,Puebla,TRUE,FALSE,TRUE,0,3.8512811337673196,2,8
21069,21,Puebla,Puebla de Zaragoza,21114,44.33089076371485,44.402902075910276,44.33089076371485,Puebla de Zaragoza,Puebla,TRUE,FALSE,TRUE,0,3.813988715404179,4,8
21168,21,Puebla,Puebla de Zaragoza,21114,64.27481648469437,64.25345741206857,64.27481648469437,Puebla de Zaragoza,Puebla,TRUE,FALSE,FALSE,0,4.178606303163306,3,7
21157,21,Puebla,Puebla de Zaragoza,21114,76.76002239972233,73.59396918228472,76.76002239972233,Puebla de Zaragoza,Puebla,TRUE,FALSE,FALSE,0,4.353627448214415,1,8
21162,21,Puebla,Puebla de Zaragoza,21114,115.4137585512908,117.7209606104164,89.62694481036601,Tlaxcala de Xicohténcatl,Tlaxcala,FALSE,FALSE,FALSE,25.786813740924785,4.7571507289246595,1,6
21209,21,Puebla,Puebla de Zaragoza,21114,110.95633093192711,106.09218504555454,110.95633093192711,Puebla de Zaragoza,Puebla,TRUE,FALSE,FALSE,0,4.718108892869885,0,5
21118,21,Puebla,Puebla de Zaragoza,21114,41.08763519591635,37.34596713969545,41.08763519591635,Puebla de Zaragoza,Puebla,TRUE,FALSE,TRUE,0,3.7397539967402182,2,7
21119,21,Puebla,Puebla de Zaragoza,21114,8.917271818223371,12.012284706833084,8.917271818223371,Puebla de Zaragoza,Puebla,TRUE,FALSE,TRUE,0,2.29427786514805,4,7
21120,21,Puebla,Puebla de Zaragoza,21114,115.10501501435111,110.50007255746753,115.10501501435111,Puebla de Zaragoza,Puebla,TRUE,FALSE,FALSE,0,4.754495083415653,0,4
21125,21,Puebla,Puebla de Zaragoza,21114,15.055042784626378,17.800784495304725,15.055042784626378,Puebla de Zaragoza,Puebla,TRUE,FALSE,TRUE,0,2.776022992416555,4,7
21126,21,Puebla,Puebla de Zaragoza,21114,21.353640362236273,24.7428279520265,21.353640362236273,Puebla de Zaragoza,Puebla,TRUE,FALSE,TRUE,0,3.106989187538228,4,7
21128,21,Puebla,Puebla de Zaragoza,21114,55.29121558287054,54.23921192877393,53.68673428684312,Tlaxcala de Xicohténcatl,Tlaxcala,FALSE,FALSE,FALSE,1.6044812960274228,4.030538494248461,3,6
21158,21,Puebla,Puebla de Zaragoza,21114,152.10139534329414,153.5350895971171,87.78339991377604,Xalapa-Enríquez,Veracruz,FALSE,FALSE,FALSE,64.3179954295181,5.031100416556098,1,5
21053,21,Puebla,Puebla de Zaragoza,21114,86.36616380655306,89.85751014394286,56.508180267247255,Tlaxcala de Xicohténcatl,Tlaxcala,FALSE,FALSE,FALSE,29.857983539305806,4.470108065901303,3,7
21002,21,Puebla,Puebla de Zaragoza,21114,155.87127983411156,156.70321006612576,70.70010225669024,Xalapa-Enríquez,Veracruz,FALSE,FALSE,FALSE,85.17117757742132,5.055425595399996,1,4
21003,21,Puebla,Puebla de Zaragoza,21114,91.50715653526841,87.4120064198514,91.50715653526841,Puebla de Zaragoza,Puebla,TRUE,FALSE,FALSE,0,4.527286009474482,1,7
21004,21,Puebla,Puebla de Zaragoza,21114,46.36386533012976,43.2294265955941,46.36386533012976,Puebla de Zaragoza,Puebla,TRUE,FALSE,TRUE,0,3.8578596031687,2,6
21005,21,Puebla,Puebla de Zaragoza,21114,58.60004211435519,59.503034234423914,58.60004211435519,Puebla de Zaragoza,Puebla,TRUE,FALSE,FALSE,0,4.087656280687752,4,7
21006,21,Puebla,Puebla de Zaragoza,21114,114.34568226843356,116.97941904026658,87.18048401287493,Tlaxcala de Xicohténcatl,Tlaxcala,FALSE,FALSE,FALSE,27.165198255558636,4.747933552349471,2,6
21008,21,Puebla,Puebla de Zaragoza,21114,112.83701130959274,116.37599981956728,65.34267973372323,Pachuca de Soto,Hidalgo,FALSE,FALSE,FALSE,47.49433157586951,4.734767700007532,2,7
21133,21,Puebla,Puebla de Zaragoza,21114,45.04809312606056,42.87418058856282,45.04809312606056,Puebla de Zaragoza,Puebla,TRUE,FALSE,TRUE,0,3.829686353072191,3,8
21134,21,Puebla,Puebla de Zaragoza,21114,45.871027099562774,50.731646279563336,27.971303007236617,Tlaxcala de Xicohténcatl,Tlaxcala,FALSE,FALSE,TRUE,17.899724092326156,3.8473997254893217,5,7
21135,21,Puebla,Puebla de Zaragoza,21114,122.65661183528007,118.04543184070764,122.65661183528007,Puebla de Zaragoza,Puebla,TRUE,FALSE,FALSE,0,4.817508464719643,0,6
21137,21,Puebla,Puebla de Zaragoza,21114,77.08547187179616,75.15406850652923,70.93210860104413,Xalapa-Enríquez,Veracruz,FALSE,FALSE,FALSE,6.153363270752024,4.3578040199745836,3,6
21138,21,Puebla,Puebla de Zaragoza,21114,38.057474845963526,41.72148630534278,38.057474845963526,Puebla de Zaragoza,Puebla,TRUE,FALSE,TRUE,0,3.665034275277945,4,8
21139,21,Puebla,Puebla de Zaragoza,21114,99.57585919200106,95.6922811078952,99.57585919200106,Puebla de Zaragoza,Puebla,TRUE,FALSE,FALSE,0,4.610912260598279,1,6
21140,21,Puebla,Puebla de Zaragoza,21114,14.783703283456354,18.924673806720996,14.783703283456354,Puebla de Zaragoza,Puebla,TRUE,FALSE,TRUE,0,2.758977969979019,4,7
21141,21,Puebla,Puebla de Zaragoza,21114,111.82080546245301,107.70202051607353,111.82080546245301,Puebla de Zaragoza,Puebla,TRUE,FALSE,FALSE,0,4.725800767645085,0,6
21205,21,Puebla,Puebla de Zaragoza,21114,63.27799934369058,58.76935145328188,63.27799934369058,Puebla de Zaragoza,Puebla,TRUE,FALSE,FALSE,0,4.163217416297993,2,6
21023,21,Puebla,Puebla de Zaragoza,21114,95.47806673749898,91.96414972127181,79.02501882188494,Xalapa-Enríquez,Veracruz,FALSE,FALSE,FALSE,16.453047915614036,4.569315694816867,2,5
21116,21,Puebla,Puebla de Zaragoza,21114,117.15010872611747,114.90665471228682,38.3689982352983,Xalapa-Enríquez,Veracruz,FALSE,FALSE,FALSE,78.78111049081917,4.7719559238704745,1,4
21115,21,Puebla,Puebla de Zaragoza,21114,60.92969956661623,57.29268223258222,60.92969956661623,Puebla de Zaragoza,Puebla,TRUE,FALSE,FALSE,0,4.125999863761329,2,6
21114,21,Puebla,Puebla de Zaragoza,21114,4.864202328578277,0,4.864202328578277,Puebla de Zaragoza,Puebla,TRUE,TRUE,TRUE,0,1.768866467498374,2,7
21144,21,Puebla,Puebla de Zaragoza,21114,47.37583944769244,43.43341294514277,47.37583944769244,Puebla de Zaragoza,Puebla,TRUE,FALSE,TRUE,0,3.8790005041232605,2,6
21145,21,Puebla,Puebla de Zaragoza,21114,162.4942564960864,158.03521608583299,128.93377775399114,Xalapa-Enríquez,Veracruz,FALSE,FALSE,FALSE,33.560478742095256,5.096777861255986,0,4
21146,21,Puebla,Puebla de Zaragoza,21114,48.85268985110148,44.4640938747258,48.85268985110148,Puebla de Zaragoza,Puebla,TRUE,FALSE,TRUE,0,3.909072453850844,2,8
21149,21,Puebla,Puebla de Zaragoza,21114,98.08249743564546,93.43360787190268,98.08249743564546,Puebla de Zaragoza,Puebla,TRUE,FALSE,FALSE,0,4.595952810557478,1,5
21150,21,Puebla,Puebla de Zaragoza,21114,31.859562347378546,27.7936702234256,31.859562347378546,Puebla de Zaragoza,Puebla,TRUE,FALSE,TRUE,0,3.4922427938161835,2,8
21010,21,Puebla,Puebla de Zaragoza,21114,132.78261651729005,128.18953453590748,125.97917603465554,Xalapa-Enríquez,Veracruz,FALSE,FALSE,FALSE,6.803440482634514,4.896216217858172,0,4
21014,21,Puebla,Puebla de Zaragoza,21114,119.81645858715247,122.24562689435682,93.43092123142527,Tlaxcala de Xicohténcatl,Tlaxcala,FALSE,FALSE,FALSE,26.385537355727195,4.7942725228023795,1,6
21015,21,Puebla,Puebla de Zaragoza,21114,15.874743926760546,13.469976852771078,15.874743926760546,Puebla de Zaragoza,Puebla,TRUE,FALSE,TRUE,0,2.8258180619329702,2,7
21016,21,Puebla,Puebla de Zaragoza,21114,85.73760669614069,88.27443577181933,59.569145452570474,Tlaxcala de Xicohténcatl,Tlaxcala,FALSE,FALSE,FALSE,26.168461243570214,4.462887546328853,3,7
21021,21,Puebla,Puebla de Zaragoza,21114,65.0750402257382,63.85266533416837,65.0750402257382,Puebla de Zaragoza,Puebla,TRUE,FALSE,FALSE,0,4.190791069279244,3,7
21026,21,Puebla,Puebla de Zaragoza,21114,29.321482008282587,33.40407259977659,29.321482008282587,Puebla de Zaragoza,Puebla,TRUE,FALSE,TRUE,0,3.4118564384807772,4,7
21027,21,Puebla,Puebla de Zaragoza,21114,124.98275008767726,120.1245828744874,124.98275008767726,Puebla de Zaragoza,Puebla,TRUE,FALSE,FALSE,0,4.836144993513208,0,4
21165,21,Puebla,Puebla de Zaragoza,21114,55.83968996434018,56.377380519238415,55.83968996434018,Puebla de Zaragoza,Puebla,TRUE,FALSE,FALSE,0,4.040234848680952,4,7
21152,21,Puebla,Puebla de Zaragoza,21114,49.044757478933626,46.80758200806079,49.044757478933626,Puebla de Zaragoza,Puebla,TRUE,FALSE,TRUE,0,3.9129177545993663,3,6
21206,21,Puebla,Puebla de Zaragoza,21114,53.47354481903614,49.02580575456185,53.47354481903614,Puebla de Zaragoza,Puebla,TRUE,FALSE,FALSE,0,3.997715167652158,2,8
21211,21,Puebla,Puebla de Zaragoza,21114,102.67482057381805,103.56585605730953,72.38891614459011,Xalapa-Enríquez,Veracruz,FALSE,FALSE,FALSE,30.28590442922794,4.641259275470885,2,6
21212,21,Puebla,Puebla de Zaragoza,21114,92.37698220259358,93.62166546419282,72.71202222236707,Tlaxcala de Xicohténcatl,Tlaxcala,FALSE,FALSE,FALSE,19.664959980226513,4.536644871635625,3,6
21163,21,Puebla,Puebla de Zaragoza,21114,24.180946010076102,23.66407786672161,24.180946010076102,Puebla de Zaragoza,Puebla,TRUE,FALSE,TRUE,0,3.2260875978102357,2,7
21049,21,Puebla,Puebla de Zaragoza,21114,118.30114058368552,121.32151455095354,82.67430276164309,Pachuca de Soto,Hidalgo,FALSE,FALSE,FALSE,35.62683782204243,4.781650889692581,2,7
21048,21,Puebla,Puebla de Zaragoza,21114,36.52912002009773,41.08243525883646,32.037724656251704,Tlaxcala de Xicohténcatl,Tlaxcala,FALSE,FALSE,TRUE,4.491395363846024,3.6251171654992067,4,7
21047,21,Puebla,Puebla de Zaragoza,21114,94.13198299976386,92.30439352470918,94.13198299976386,Puebla de Zaragoza,Puebla,TRUE,FALSE,FALSE,0,4.555265222157882,2,6
21195,21,Puebla,Puebla de Zaragoza,21114,121.7506208738713,117.26365819510954,115.49241637788708,Xalapa-Enríquez,Veracruz,FALSE,FALSE,FALSE,6.2582044959842165,4.81015482469745,0,4
21164,21,Puebla,Puebla de Zaragoza,21114,34.79387879706179,31.507716413466895,34.79387879706179,Puebla de Zaragoza,Puebla,TRUE,FALSE,TRUE,0,3.5777768954650435,2,7
21046,21,Puebla,Puebla de Zaragoza,21114,94.3331701866556,89.86105754662304,94.3331701866556,Puebla de Zaragoza,Puebla,TRUE,FALSE,FALSE,0,4.5573778108214915,1,5
21210,21,Puebla,Puebla de Zaragoza,21114,119.19279975310094,121.16821418124715,94.87033376771542,Tlaxcala de Xicohténcatl,Tlaxcala,FALSE,FALSE,FALSE,24.32246598538552,4.789097118086439,2,6
21136,21,Puebla,Puebla de Zaragoza,21114,17.800802362279946,22.65420660396128,17.686664343520032,Tlaxcala de Xicohténcatl,Tlaxcala,FALSE,FALSE,TRUE,0.11413801875991325,2.9338995477698653,4,7
21045,21,Puebla,Puebla de Zaragoza,21114,81.81615273327563,78.44617767360697,81.81615273327563,Puebla de Zaragoza,Puebla,TRUE,FALSE,FALSE,0,4.416623123685081,3,6
21043,21,Puebla,Puebla de Zaragoza,21114,131.5506994790085,132.94917413366204,81.58431074716,Xalapa-Enríquez,Veracruz,FALSE,FALSE,FALSE,49.9663887318485,4.88696520981661,1,5
21084,21,Puebla,Puebla de Zaragoza,21114,125.23816583856254,127.11190458293686,94.04122070536272,Xalapa-Enríquez,Veracruz,FALSE,FALSE,FALSE,31.19694513319982,4.838170327829804,1,5
21086,21,Puebla,Puebla de Zaragoza,21114,159.91009668038333,162.90166868443313,99.98077519674328,Pachuca de Soto,Hidalgo,FALSE,FALSE,FALSE,59.92932148364005,5.080845803306024,1,5
21042,21,Puebla,Puebla de Zaragoza,21114,65.83604906930073,62.11038432052159,65.83604906930073,Puebla de Zaragoza,Puebla,TRUE,FALSE,FALSE,0,4.202242591706335,2,8
21113,21,Puebla,Puebla de Zaragoza,21114,105.21237589399594,101.60085239456417,105.21237589399594,Puebla de Zaragoza,Puebla,TRUE,FALSE,FALSE,0,4.665440635860067,0,6
21131,21,Puebla,Puebla de Zaragoza,21114,37.60672513257552,32.84108541530308,37.60672513257552,Puebla de Zaragoza,Puebla,TRUE,FALSE,TRUE,0,3.653426487527684,2,7
21089,21,Puebla,Puebla de Zaragoza,21114,136.1779712742226,138.71584566119995,102.85626489657349,Pachuca de Soto,Hidalgo,FALSE,FALSE,FALSE,33.32170637764912,4.921279143174989,0,5
21041,21,Puebla,Puebla de Zaragoza,21114,9.768116614866367,14.596006074393344,9.768116614866367,Puebla de Zaragoza,Puebla,TRUE,FALSE,TRUE,0,2.376589602604723,3,7
21040,21,Puebla,Puebla de Zaragoza,21114,19.00946612851025,14.617477822858291,19.00946612851025,Puebla de Zaragoza,Puebla,TRUE,FALSE,TRUE,0,2.996205468005348,2,7
21039,21,Puebla,Puebla de Zaragoza,21114,105.59570248649736,107.78071485756428,80.5602812025311,Tlaxcala de Xicohténcatl,Tlaxcala,FALSE,FALSE,FALSE,25.035421283966258,4.6690431965335195,1,6
21038,21,Puebla,Puebla de Zaragoza,21114,42.19137896921708,38.11218765679079,42.19137896921708,Puebla de Zaragoza,Puebla,TRUE,FALSE,TRUE,0,3.765640914437386,2,7
21112,21,Puebla,Puebla de Zaragoza,21114,111.64518233571893,107.23202148773933,111.64518233571893,Puebla de Zaragoza,Puebla,TRUE,FALSE,FALSE,0,4.724242899303449,0,7
21009,21,Puebla,Puebla de Zaragoza,21114,89.49766540329624,85.7896726685198,89.49766540329624,Puebla de Zaragoza,Puebla,TRUE,FALSE,FALSE,0,4.505324053724481,1,7
21076,21,Puebla,Puebla de Zaragoza,21114,143.95910881128287,144.81855244659874,68.06739192652451,Xalapa-Enríquez,Veracruz,FALSE,FALSE,FALSE,75.89171688475837,4.976451694450736,1,4
21183,21,Puebla,Puebla de Zaragoza,21114,128.03427287161387,130.93587901123786,88.74831320530963,Pachuca de Soto,Hidalgo,FALSE,FALSE,FALSE,39.28595966630424,4.86007805024998,2,6
21071,21,Puebla,Puebla de Zaragoza,21114,125.12025894328647,128.44634882406152,73.97331418591365,Pachuca de Soto,Hidalgo,FALSE,FALSE,FALSE,51.14694475737282,4.83723588782482,2,7
21070,21,Puebla,Puebla de Zaragoza,21114,42.06957741878557,37.53584859107206,42.06957741878557,Puebla de Zaragoza,Puebla,TRUE,FALSE,TRUE,0,3.762816887519989,2,8
21111,21,Puebla,Puebla de Zaragoza,21114,170.5374584279645,173.58476759414816,104.47826670793097,Pachuca de Soto,Hidalgo,FALSE,FALSE,FALSE,66.05919172003354,5.144801659246175,0,5
22002,22,Querétaro,Santiago de Querétaro,22014,102.68053817833545,100.07040767594152,102.68053817833545,Santiago de Querétaro,Querétaro,TRUE,FALSE,FALSE,0,4.641314423353759,0,5
22010,22,Querétaro,Santiago de Querétaro,22014,144.31751397590574,142.96012883835715,135.22828208397144,Pachuca de Soto,Hidalgo,FALSE,FALSE,FALSE,9.089231891934304,4.978921099966826,0,2
22006,22,Querétaro,Santiago de Querétaro,22014,12.564762286425001,26.809096890591913,12.564762286425001,Santiago de Querétaro,Querétaro,TRUE,FALSE,TRUE,0,2.607475421919382,1,7
22003,22,Querétaro,Santiago de Querétaro,22014,119.45380064393672,113.03225604394848,119.45380064393672,Santiago de Querétaro,Querétaro,TRUE,FALSE,FALSE,0,4.79126628226948,0,4
22011,22,Querétaro,Santiago de Querétaro,22014,18.579263265708082,18.083526159042183,18.579263265708082,Santiago de Querétaro,Querétaro,TRUE,FALSE,TRUE,0,2.9744710095153994,1,7
22012,22,Querétaro,Santiago de Querétaro,22014,26.048094061329714,40.638796907736555,26.048094061329714,Santiago de Querétaro,Querétaro,TRUE,FALSE,TRUE,0,3.2976165429701427,1,7
22015,22,Querétaro,Santiago de Querétaro,22014,99.95408937207885,100.50517511952674,99.95408937207885,Santiago de Querétaro,Querétaro,TRUE,FALSE,FALSE,0,4.614665852824752,1,6
22016,22,Querétaro,Santiago de Querétaro,22014,47.1783837307507,61.45982251022013,47.1783837307507,Santiago de Querétaro,Querétaro,TRUE,FALSE,TRUE,0,3.8749104501472904,1,7
22017,22,Querétaro,Santiago de Querétaro,22014,45.6378431412672,55.50477768035635,45.6378431412672,Santiago de Querétaro,Querétaro,TRUE,FALSE,TRUE,0,3.8424122961458793,1,7
22018,22,Querétaro,Santiago de Querétaro,22014,59.68958803281855,57.76282644666573,59.68958803281855,Santiago de Querétaro,Querétaro,TRUE,FALSE,FALSE,0,4.10577215176769,1,7
22007,22,Querétaro,Santiago de Querétaro,22014,54.80651731305446,61.51160166784288,54.80651731305446,Santiago de Querétaro,Querétaro,TRUE,FALSE,FALSE,0,4.021890660291932,1,6
22001,22,Querétaro,Santiago de Querétaro,22014,54.85906911819107,71.34409652157478,54.85906911819107,Santiago de Querétaro,Querétaro,TRUE,FALSE,FALSE,0,4.022831895827354,1,7
22014,22,Querétaro,Santiago de Querétaro,22014,16.70762269235154,0,16.70762269235154,Santiago de Querétaro,Querétaro,TRUE,TRUE,TRUE,0,2.8739952074569626,2,7
22005,22,Querétaro,Santiago de Querétaro,22014,35.384584248178236,36.75122009420473,35.384584248178236,Santiago de Querétaro,Querétaro,TRUE,FALSE,TRUE,0,3.594145175271715,1,7
22004,22,Querétaro,Santiago de Querétaro,22014,79.27592080660901,82.85625813011305,79.27592080660901,Santiago de Querétaro,Querétaro,TRUE,FALSE,FALSE,0,4.3854697105620355,1,6
22013,22,Querétaro,Santiago de Querétaro,22014,80.76327140367805,76.33957366712353,80.76327140367805,Santiago de Querétaro,Querétaro,TRUE,FALSE,FALSE,0,4.40382813793083,1,6
22008,22,Querétaro,Santiago de Querétaro,22014,21.806203318871027,38.50926981462477,21.806203318871027,Santiago de Querétaro,Querétaro,TRUE,FALSE,TRUE,0,3.1270325743436787,1,7
22009,22,Querétaro,Santiago de Querétaro,22014,139.50761693376367,135.9895787546165,139.50761693376367,Santiago de Querétaro,Querétaro,TRUE,FALSE,FALSE,0,4.945261700356025,0,3
23001,23,Quintana Roo,Chetumal,23004,259.23139246892885,269.09571296626035,259.23139246892885,Chetumal,Quintana Roo,TRUE,FALSE,FALSE,0,5.561571206260458,0,0
23003,23,Quintana Roo,Chetumal,23004,344.4126989812231,351.1606927220957,272.97142196486817,Mérida,Yucatán,FALSE,FALSE,FALSE,71.44127701635495,5.844739931050689,0,0
23002,23,Quintana Roo,Chetumal,23004,131.53925861647878,135.3317052392397,131.53925861647878,Chetumal,Quintana Roo,TRUE,FALSE,FALSE,0,4.886878892985758,0,1
23005,23,Quintana Roo,Chetumal,23004,317.78047335025104,325.45420811946815,274.6963825424066,Mérida,Yucatán,FALSE,FALSE,FALSE,43.08409080784446,5.764502694570447,0,0
23004,23,Quintana Roo,Chetumal,23004,18.33318012210598,0,18.33318012210598,Chetumal,Quintana Roo,TRUE,TRUE,TRUE,0,2.9618227971282525,1,1
23011,23,Quintana Roo,Chetumal,23004,295.34185910233015,302.46336447111963,255.10470602140887,Mérida,Yucatán,FALSE,FALSE,FALSE,40.237153080921274,5.691513717305926,0,0
23008,23,Quintana Roo,Chetumal,23004,248.14843720435684,254.72949047694726,231.17963313067355,Mérida,Yucatán,FALSE,FALSE,FALSE,16.968804073683287,5.518048852198637,0,0
23010,23,Quintana Roo,Chetumal,23004,58.02266898944385,52.035652869165624,58.02266898944385,Chetumal,Quintana Roo,TRUE,FALSE,FALSE,0,4.07792159027212,1,1
23007,23,Quintana Roo,Chetumal,23004,297.9674121812018,303.39884080683464,228.89672245345005,Mérida,Yucatán,FALSE,FALSE,FALSE,69.07068972775173,5.700334578090385,0,0
23006,23,Quintana Roo,Chetumal,23004,136.76262677563184,129.66539706223338,136.76262677563184,Chetumal,Quintana Roo,TRUE,FALSE,FALSE,0,4.925532108264996,0,3
23009,23,Quintana Roo,Chetumal,23004,209.66626389217816,215.24230644648284,209.66626389217816,Chetumal,Quintana Roo,TRUE,FALSE,FALSE,0,5.350275193572703,0,0
24050,24,San Luis Potosí,San Luis Potosí,24028,33.6057627267713,48.121915465407426,33.6057627267713,San Luis Potosí,San Luis Potosí,TRUE,FALSE,TRUE,0,3.54402022099216,2,5
24052,24,San Luis Potosí,San Luis Potosí,24028,82.22761777978114,79.87191002928013,82.22761777978114,San Luis Potosí,San Luis Potosí,TRUE,FALSE,FALSE,0,4.42157923721431,1,4
24053,24,San Luis Potosí,San Luis Potosí,24028,232.09481727188617,236.5059297565203,146.463102021508,Pachuca de Soto,Hidalgo,FALSE,FALSE,FALSE,85.63171525037816,5.451445311868691,0,2
24054,24,San Luis Potosí,San Luis Potosí,24028,218.80184460982687,223.84556667453208,144.31736955595812,Pachuca de Soto,Hidalgo,FALSE,FALSE,FALSE,74.48447505386875,5.392726434153719,0,2
24055,24,San Luis Potosí,San Luis Potosí,24028,35.667613638728994,43.5171550062091,35.667613638728994,San Luis Potosí,San Luis Potosí,TRUE,FALSE,TRUE,0,3.601893903301599,1,4
24048,24,San Luis Potosí,San Luis Potosí,24028,167.85490781537072,153.3454339520447,164.0075123361159,Ciudad Victoria,Tamaulipas,FALSE,FALSE,FALSE,3.8473954792548284,5.129039812535139,0,3
24015,24,San Luis Potosí,San Luis Potosí,24028,117.89085544777883,103.62977802937269,117.89085544777883,San Luis Potosí,San Luis Potosí,TRUE,FALSE,FALSE,0,4.778205891132471,0,3
24013,24,San Luis Potosí,San Luis Potosí,24028,197.36613030164216,197.2019266187753,179.62289427386472,Ciudad Victoria,Tamaulipas,FALSE,FALSE,FALSE,17.743236027777442,5.290114466072011,0,2
24009,24,San Luis Potosí,San Luis Potosí,24028,21.597851209440282,22.827130047991503,21.597851209440282,San Luis Potosí,San Luis Potosí,TRUE,FALSE,TRUE,0,3.1178548225296177,1,5
24043,24,San Luis Potosí,San Luis Potosí,24028,73.88337081487356,84.49851534773433,73.88337081487356,San Luis Potosí,San Luis Potosí,TRUE,FALSE,FALSE,0,4.315931847380409,1,4
24042,24,San Luis Potosí,San Luis Potosí,24028,246.24098294960206,249.14280254691172,166.2253855554399,Pachuca de Soto,Hidalgo,FALSE,FALSE,FALSE,80.01559739416214,5.510363500473195,0,1
24012,24,San Luis Potosí,San Luis Potosí,24028,216.1200203325752,219.40822550086577,169.96479014051891,Pachuca de Soto,Hidalgo,FALSE,FALSE,FALSE,46.15523019205628,5.380450289733272,0,2
24011,24,San Luis Potosí,San Luis Potosí,24028,98.04980881365873,100.85806873286434,98.04980881365873,San Luis Potosí,San Luis Potosí,TRUE,FALSE,FALSE,0,4.595622842942381,1,3
24010,24,San Luis Potosí,San Luis Potosí,24028,133.6646451273879,129.99151252237505,133.6646451273879,San Luis Potosí,San Luis Potosí,TRUE,FALSE,FALSE,0,4.90278757775008,0,2
24008,24,San Luis Potosí,San Luis Potosí,24028,79.16899239501578,73.54077579645615,79.16899239501578,San Luis Potosí,San Luis Potosí,TRUE,FALSE,FALSE,0,4.384136811621328,1,3
24007,24,San Luis Potosí,San Luis Potosí,24028,197.88189885359665,183.3989449759937,156.71638956678777,Ciudad Victoria,Tamaulipas,FALSE,FALSE,FALSE,41.165509286808884,5.292711175452123,0,4
24035,24,San Luis Potosí,San Luis Potosí,24028,18.39425066237834,12.521632349063545,18.39425066237834,San Luis Potosí,San Luis Potosí,TRUE,FALSE,TRUE,0,2.9649766645373243,1,5
24041,24,San Luis Potosí,San Luis Potosí,24028,227.04330684159993,229.46502365089123,178.9243706892572,Pachuca de Soto,Hidalgo,FALSE,FALSE,FALSE,48.11893615234274,5.429535553205407,0,1
24040,24,San Luis Potosí,San Luis Potosí,24028,231.06807440040987,230.85368195317548,185.74750004623618,Ciudad Victoria,Tamaulipas,FALSE,FALSE,FALSE,45.32057435417369,5.447030752765564,0,1
24039,24,San Luis Potosí,San Luis Potosí,24028,237.218076607978,240.62789652904326,160.25207593878739,Pachuca de Soto,Hidalgo,FALSE,FALSE,FALSE,76.9660006691906,5.473186542404451,0,2
24038,24,San Luis Potosí,San Luis Potosí,24028,244.4500056772207,248.6247355547402,145.23211127569775,Pachuca de Soto,Hidalgo,FALSE,FALSE,FALSE,99.21789440152295,5.503093283633907,0,2
24037,24,San Luis Potosí,San Luis Potosí,24028,248.03522625695177,253.28973962748884,125.73912859619078,Pachuca de Soto,Hidalgo,FALSE,FALSE,FALSE,122.29609766076099,5.517594357370095,0,2
24036,24,San Luis Potosí,San Luis Potosí,24028,169.17408434718706,170.83768184253864,169.17408434718706,San Luis Potosí,San Luis Potosí,TRUE,FALSE,FALSE,0,5.136821938665431,0,3
24006,24,San Luis Potosí,San Luis Potosí,24028,164.10672846910697,149.6584563077321,164.10672846910697,San Luis Potosí,San Luis Potosí,TRUE,FALSE,FALSE,0,5.106592103996979,0,4
24028,24,San Luis Potosí,San Luis Potosí,24028,14.548918072283794,0,14.548918072283794,San Luis Potosí,San Luis Potosí,TRUE,TRUE,TRUE,0,2.7439910588595335,1,5
24031,24,San Luis Potosí,San Luis Potosí,24028,174.0275871599299,178.78339766087393,149.95021262491858,Santiago de Querétaro,Querétaro,FALSE,FALSE,FALSE,24.07737453501133,5.164943602413376,0,3
24030,24,San Luis Potosí,San Luis Potosí,24028,54.21507932789085,54.757224380890946,54.21507932789085,San Luis Potosí,San Luis Potosí,TRUE,FALSE,FALSE,0,4.011236092207124,1,4
24029,24,San Luis Potosí,San Luis Potosí,24028,257.38188324839115,261.4060388161113,143.84617723517783,Pachuca de Soto,Hidalgo,FALSE,FALSE,FALSE,113.53570601321331,5.5544386581827006,0,1
24026,24,San Luis Potosí,San Luis Potosí,24028,227.93963751404405,231.01084731287725,168.66111507882533,Pachuca de Soto,Hidalgo,FALSE,FALSE,FALSE,59.27852243521872,5.433458377166128,0,2
24005,24,San Luis Potosí,San Luis Potosí,24028,135.5959995452399,137.2597309217948,135.5959995452399,San Luis Potosí,San Luis Potosí,TRUE,FALSE,FALSE,0,4.917027660801845,0,4
24024,24,San Luis Potosí,San Luis Potosí,24028,77.07372239408811,80.73842887617607,77.07372239408811,San Luis Potosí,San Luis Potosí,TRUE,FALSE,FALSE,0,4.357653539206731,1,3
24023,24,San Luis Potosí,San Luis Potosí,24028,145.2514856491794,148.56144752680316,145.2514856491794,San Luis Potosí,San Luis Potosí,TRUE,FALSE,FALSE,0,4.985327644345358,0,3
24022,24,San Luis Potosí,San Luis Potosí,24028,66.3191155137039,52.94130106659712,66.3191155137039,San Luis Potosí,San Luis Potosí,TRUE,FALSE,FALSE,0,4.209444230699513,1,4
24021,24,San Luis Potosí,San Luis Potosí,24028,20.818628556032472,18.774183565075674,20.818628556032472,San Luis Potosí,San Luis Potosí,TRUE,FALSE,TRUE,0,3.0827641258188225,1,4
24017,24,San Luis Potosí,San Luis Potosí,24028,104.82372582933101,93.73143583463003,104.82372582933101,San Luis Potosí,San Luis Potosí,TRUE,FALSE,FALSE,0,4.661774745978546,0,2
24016,24,San Luis Potosí,San Luis Potosí,24028,253.59220311465552,252.58091520396394,180.46974924047097,Ciudad Victoria,Tamaulipas,FALSE,FALSE,FALSE,73.12245387418454,5.539663061595682,0,1
24014,24,San Luis Potosí,San Luis Potosí,24028,225.37418751200045,229.30641143424907,156.6658664684859,Pachuca de Soto,Hidalgo,FALSE,FALSE,FALSE,68.70832104351456,5.422189327072898,0,2
24033,24,San Luis Potosí,San Luis Potosí,24028,149.45476717461287,137.36159265672384,111.88831543360268,Zacatecas,Zacatecas,FALSE,FALSE,FALSE,37.566451741010184,5.013662488679829,0,3
24001,24,San Luis Potosí,San Luis Potosí,24028,42.49037947576104,33.61356253565008,42.49037947576104,San Luis Potosí,San Luis Potosí,TRUE,FALSE,TRUE,0,3.772539752158075,1,4
24057,24,San Luis Potosí,San Luis Potosí,24028,239.1815178257747,244.07900389452058,135.6333247240506,Pachuca de Soto,Hidalgo,FALSE,FALSE,FALSE,103.54819310172411,5.48139496174698,0,2
24051,24,San Luis Potosí,San Luis Potosí,24028,67.5936943739269,55.2343034976996,67.5936943739269,San Luis Potosí,San Luis Potosí,TRUE,FALSE,FALSE,0,4.228200611759632,1,5
24058,24,San Luis Potosí,San Luis Potosí,24028,170.056678837375,166.45620335370282,139.27673686313258,Ciudad Victoria,Tamaulipas,FALSE,FALSE,FALSE,30.779941974242405,5.141994956772852,0,2
24032,24,San Luis Potosí,San Luis Potosí,24028,61.608003777786635,71.82636879115017,61.608003777786635,San Luis Potosí,San Luis Potosí,TRUE,FALSE,FALSE,0,4.136893125808373,1,4
24027,24,San Luis Potosí,San Luis Potosí,24028,129.17499313857118,136.08135102768617,120.26011506121176,Santiago de Querétaro,Querétaro,FALSE,FALSE,FALSE,8.914878077359418,4.868879646339694,0,3
24025,24,San Luis Potosí,San Luis Potosí,24028,96.60133842650222,87.30038565960719,96.60133842650222,San Luis Potosí,San Luis Potosí,TRUE,FALSE,FALSE,0,4.580891206711312,2,4
24056,24,San Luis Potosí,San Luis Potosí,24028,58.462381953093114,44.527299081496416,58.462381953093114,San Luis Potosí,San Luis Potosí,TRUE,FALSE,FALSE,0,4.085343876523604,1,4
24047,24,San Luis Potosí,San Luis Potosí,24028,119.53872690618185,105.20579226500536,119.53872690618185,San Luis Potosí,San Luis Potosí,TRUE,FALSE,FALSE,0,4.7919710864111185,0,3
24059,24,San Luis Potosí,San Luis Potosí,24028,17.573630685283714,25.795213880691524,17.573630685283714,San Luis Potosí,San Luis Potosí,TRUE,FALSE,TRUE,0,2.9217428697321974,1,5
24034,24,San Luis Potosí,San Luis Potosí,24028,248.4745889009922,250.08087262510426,188.05432217719488,Pachuca de Soto,Hidalgo,FALSE,FALSE,FALSE,60.42026672379731,5.519357061912489,0,1
24002,24,San Luis Potosí,San Luis Potosí,24028,140.2816444105847,140.6119273437763,140.2816444105847,San Luis Potosí,San Luis Potosí,TRUE,FALSE,FALSE,0,4.950755376160681,0,3
24003,24,San Luis Potosí,San Luis Potosí,24028,198.45568553886264,201.39920525124097,181.9056836747434,Santiago de Querétaro,Querétaro,FALSE,FALSE,FALSE,16.550001864119253,5.295592084031175,0,3
24004,24,San Luis Potosí,San Luis Potosí,24028,37.764837312620905,34.71585178046478,37.764837312620905,San Luis Potosí,San Luis Potosí,TRUE,FALSE,TRUE,0,3.6575135809026915,1,4
24046,24,San Luis Potosí,San Luis Potosí,24028,36.1354997798146,46.65666655643653,36.1354997798146,San Luis Potosí,San Luis Potosí,TRUE,FALSE,TRUE,0,3.61457337948807,1,5
24018,24,San Luis Potosí,San Luis Potosí,24028,217.4108209206932,221.45459030286315,158.76021367196708,Pachuca de Soto,Hidalgo,FALSE,FALSE,FALSE,58.65060724872612,5.386377788983541,0,2
24019,24,San Luis Potosí,San Luis Potosí,24028,153.50263092729645,158.757847510203,138.91671784948636,Santiago de Querétaro,Querétaro,FALSE,FALSE,FALSE,14.58591307781009,5.0402111248484545,0,4
24020,24,San Luis Potosí,San Luis Potosí,24028,154.84288972637748,140.59981614549054,148.83560618208608,Ciudad Victoria,Tamaulipas,FALSE,FALSE,FALSE,6.007283544291397,5.048848382627707,0,2
24044,24,San Luis Potosí,San Luis Potosí,24028,215.32943883502702,200.7901031029897,145.27864976834465,Saltillo,Coahuila,FALSE,FALSE,FALSE,70.05078906668237,5.376802425570518,0,3
24045,24,San Luis Potosí,San Luis Potosí,24028,85.38596463753493,71.18433718006129,85.38596463753493,San Luis Potosí,San Luis Potosí,TRUE,FALSE,FALSE,0,4.458825216289349,1,3
24049,24,San Luis Potosí,San Luis Potosí,24028,127.91884351701752,119.47615987321197,70.41542160400164,Zacatecas,Zacatecas,FALSE,FALSE,FALSE,57.503421913015885,4.859183086359511,1,3
25010,25,Sinaloa,Culiacán Rosales,25006,205.31578496943203,225.2306182167319,205.31578496943203,Culiacán Rosales,Sinaloa,TRUE,FALSE,FALSE,0,5.329407931786233,0,0
25008,25,Sinaloa,Culiacán Rosales,25006,101.08924638872114,81.57353361780858,101.08924638872114,Culiacán Rosales,Sinaloa,TRUE,FALSE,FALSE,0,4.6258473953211885,0,1
25016,25,Sinaloa,Culiacán Rosales,25006,139.78204209445886,119.76015593293488,139.78204209445886,Culiacán Rosales,Sinaloa,TRUE,FALSE,FALSE,0,4.947212893647013,0,2
25018,25,Sinaloa,Culiacán Rosales,25006,38.44699401142695,51.75581701829605,38.44699401142695,Culiacán Rosales,Sinaloa,TRUE,FALSE,TRUE,0,3.674957846959737,1,1
25003,25,Sinaloa,Culiacán Rosales,25006,86.10992992271852,101.24326708628502,86.10992992271852,Culiacán Rosales,Sinaloa,TRUE,FALSE,FALSE,0,4.467170883361628,1,1
25014,25,Sinaloa,Culiacán Rosales,25006,251.2613134060612,231.30773691430568,158.62630052249537,Victoria de Durango,Durango,FALSE,FALSE,FALSE,92.63501288356582,5.530465508202463,0,2
25001,25,Sinaloa,Culiacán Rosales,25006,216.24643108893991,236.04820453714535,216.24643108893991,Culiacán Rosales,Sinaloa,TRUE,FALSE,FALSE,0,5.381032336341705,0,0
25002,25,Sinaloa,Culiacán Rosales,25006,83.78168853203908,103.01095058900509,83.78168853203908,Culiacán Rosales,Sinaloa,TRUE,FALSE,FALSE,0,4.4400795823579,1,1
25020,25,Sinaloa,Culiacán Rosales,25006,175.72409285000577,195.4414169708223,175.72409285000577,Culiacán Rosales,Sinaloa,TRUE,FALSE,FALSE,0,5.174589718927452,0,1
25019,25,Sinaloa,Culiacán Rosales,25006,50.08397701943192,39.20106880527134,50.08397701943192,Culiacán Rosales,Sinaloa,TRUE,FALSE,FALSE,0,3.9334708867754835,1,1
25009,25,Sinaloa,Culiacán Rosales,25006,287.59432711173736,267.7583080846906,157.0828505741665,Tepic,Nayarit,FALSE,FALSE,FALSE,130.51147653757084,5.665021989569091,0,2
25004,25,Sinaloa,Culiacán Rosales,25006,209.11726670722854,189.09193012890893,151.67443138609548,Victoria de Durango,Durango,FALSE,FALSE,FALSE,57.44283532113306,5.347665787754573,0,1
25005,25,Sinaloa,Culiacán Rosales,25006,69.9696337533213,50.71509854724904,69.9696337533213,Culiacán Rosales,Sinaloa,TRUE,FALSE,FALSE,0,4.262252091939121,1,1
25012,25,Sinaloa,Culiacán Rosales,25006,184.15571767064228,164.35541973349982,178.60179314415586,Victoria de Durango,Durango,FALSE,FALSE,FALSE,5.553924526486412,5.221197188171717,0,2
25007,25,Sinaloa,Culiacán Rosales,25006,224.3442976111897,243.00139726436416,224.3442976111897,Culiacán Rosales,Sinaloa,TRUE,FALSE,FALSE,0,5.417629444228915,0,0
25013,25,Sinaloa,Culiacán Rosales,25006,72.02773976214698,91.67559782022244,72.02773976214698,Culiacán Rosales,Sinaloa,TRUE,FALSE,FALSE,0,4.290839365709654,1,1
25015,25,Sinaloa,Culiacán Rosales,25006,95.82393104030554,115.86797581394731,95.82393104030554,Culiacán Rosales,Sinaloa,TRUE,FALSE,FALSE,0,4.572894185219094,1,1
25006,25,Sinaloa,Culiacán Rosales,25006,20.04407575681408,0,20.04407575681408,Culiacán Rosales,Sinaloa,TRUE,TRUE,TRUE,0,3.046619083786719,1,1
25017,25,Sinaloa,Culiacán Rosales,25006,146.53514442598538,165.87546600391823,146.53514442598538,Culiacán Rosales,Sinaloa,TRUE,FALSE,FALSE,0,4.994066414693547,0,1
25011,25,Sinaloa,Culiacán Rosales,25006,139.76303953966158,159.51489782069365,139.76303953966158,Culiacán Rosales,Sinaloa,TRUE,FALSE,FALSE,0,4.947077905994479,0,1
26066,26,Sonora,Hermosillo,26030,67.83276032498517,116.73152057764652,67.83276032498517,Hermosillo,Sonora,TRUE,FALSE,FALSE,0,4.231679799121841,1,1
26038,26,Sonora,Hermosillo,26030,139.9325160871038,186.9650618829342,139.9325160871038,Hermosillo,Sonora,TRUE,FALSE,FALSE,0,4.948281166496853,0,1
26033,26,Sonora,Hermosillo,26030,320.27036863594657,345.6210145435145,270.73828895409093,Culiacán Rosales,Sinaloa,FALSE,FALSE,FALSE,49.532079681855635,5.772283038513692,0,0
26056,26,Sonora,Hermosillo,26030,45.77504811400848,81.6266207057568,45.77504811400848,Hermosillo,Sonora,TRUE,FALSE,TRUE,0,3.8453499007862084,1,1
26031,26,Sonora,Hermosillo,26030,229.4868745437598,276.30256611840684,229.4868745437598,Hermosillo,Sonora,TRUE,FALSE,FALSE,0,5.440193917404345,0,0
26032,26,Sonora,Hermosillo,26030,182.54785207537333,228.717469782414,182.54785207537333,Hermosillo,Sonora,TRUE,FALSE,FALSE,0,5.212475407751645,0,1
26070,26,Sonora,Hermosillo,26030,349.0500720605541,329.91604339784527,261.6060846592752,Mexicali,Baja California,FALSE,FALSE,FALSE,87.44398740127889,5.858076207281075,0,0
26064,26,Sonora,Hermosillo,26030,150.1206047199469,143.21089019652922,150.1206047199469,Hermosillo,Sonora,TRUE,FALSE,FALSE,0,5.0180782247730384,0,1
26062,26,Sonora,Hermosillo,26030,128.74734982971765,169.94707187301753,128.74734982971765,Hermosillo,Sonora,TRUE,FALSE,FALSE,0,4.865589096632912,0,1
26052,26,Sonora,Hermosillo,26030,191.05999779120341,241.36352292671157,191.05999779120341,Hermosillo,Sonora,TRUE,FALSE,FALSE,0,5.257807811709272,0,1
26051,26,Sonora,Hermosillo,26030,197.14309594509186,237.47426288735332,197.14309594509186,Hermosillo,Sonora,TRUE,FALSE,FALSE,0,5.28898947646113,0,1
26037,26,Sonora,Hermosillo,26030,73.7442798761757,123.2962273578521,73.7442798761757,Hermosillo,Sonora,TRUE,FALSE,FALSE,0,4.314072685947089,1,1
26021,26,Sonora,Hermosillo,26030,67.85163162804878,111.32239577754214,67.85163162804878,Hermosillo,Sonora,TRUE,FALSE,FALSE,0,4.231953923195226,1,1
26041,26,Sonora,Hermosillo,26030,212.12706547307715,252.13251512839952,212.12706547307715,Hermosillo,Sonora,TRUE,FALSE,FALSE,0,5.3618885393600975,0,0
26043,26,Sonora,Hermosillo,26030,236.0183483995331,245.70103504689715,236.0183483995331,Hermosillo,Sonora,TRUE,FALSE,FALSE,0,5.468137557545716,0,0
26034,26,Sonora,Hermosillo,26030,117.39501774171957,155.8553800111342,117.39501774171957,Hermosillo,Sonora,TRUE,FALSE,FALSE,0,4.774026641680397,0,1
26016,26,Sonora,Hermosillo,26030,124.16783205670333,129.66839447765722,124.16783205670333,Hermosillo,Sonora,TRUE,FALSE,FALSE,0,4.829655493198754,0,1
26014,26,Sonora,Hermosillo,26030,101.55091709526765,147.31020635825635,101.55091709526765,Hermosillo,Sonora,TRUE,FALSE,FALSE,0,4.630359427386912,0,1
26015,26,Sonora,Hermosillo,26030,254.77370227880942,297.0151414014472,254.77370227880942,Hermosillo,Sonora,TRUE,FALSE,FALSE,0,5.54429307806944,0,0
26069,26,Sonora,Hermosillo,26030,207.22790524721623,253.7161674496358,207.22790524721623,Hermosillo,Sonora,TRUE,FALSE,FALSE,0,5.338633178165978,0,0
26009,26,Sonora,Hermosillo,26030,154.1206288754603,203.7878461738048,154.1206288754603,Hermosillo,Sonora,TRUE,FALSE,FALSE,0,5.044203065048538,0,1
26029,26,Sonora,Hermosillo,26030,107.86104455434862,127.88512268834396,107.86104455434862,Hermosillo,Sonora,TRUE,FALSE,FALSE,0,4.690072248351793,0,1
26002,26,Sonora,Hermosillo,26030,282.23664470894465,318.7956047704395,282.23664470894465,Hermosillo,Sonora,TRUE,FALSE,FALSE,0,5.646282748607436,0,0
26057,26,Sonora,Hermosillo,26030,126.76860284241674,177.3616998236565,126.76860284241674,Hermosillo,Sonora,TRUE,FALSE,FALSE,0,4.850220837601102,0,1
26055,26,Sonora,Hermosillo,26030,462.12037886214034,432.6425278059099,124.47711281293337,Mexicali,Baja California,FALSE,FALSE,FALSE,337.643266049207,6.13798701783515,0,1
26024,26,Sonora,Hermosillo,26030,164.6589999939591,213.89722189431131,164.6589999939591,Hermosillo,Sonora,TRUE,FALSE,FALSE,0,5.109931458655213,0,1
26023,26,Sonora,Hermosillo,26030,156.49726839073352,198.48707707964172,156.49726839073352,Hermosillo,Sonora,TRUE,FALSE,FALSE,0,5.0594081145643885,0,1
26001,26,Sonora,Hermosillo,26030,107.12764001239341,148.50913141324443,107.12764001239341,Hermosillo,Sonora,TRUE,FALSE,FALSE,0,4.683312381253563,0,1
26003,26,Sonora,Hermosillo,26030,302.5876096786729,335.32995631185173,288.06931804387165,Culiacán Rosales,Sinaloa,FALSE,FALSE,FALSE,14.518291634801244,5.7156702333536,0,0
26030,26,Sonora,Hermosillo,26030,50.675701026716965,0,50.675701026716965,Hermosillo,Sonora,TRUE,TRUE,FALSE,0,3.9449876715467758,1,1
26022,26,Sonora,Hermosillo,26030,151.72098354462474,174.1803085762319,151.72098354462474,Hermosillo,Sonora,TRUE,FALSE,FALSE,0,5.028612619578949,0,1
26025,26,Sonora,Hermosillo,26030,121.12967822336164,137.1328973374508,121.12967822336164,Hermosillo,Sonora,TRUE,FALSE,FALSE,0,4.805083416473571,0,1
26027,26,Sonora,Hermosillo,26030,234.04009745334528,268.53416515521684,234.04009745334528,Hermosillo,Sonora,TRUE,FALSE,FALSE,0,5.459756127049993,0,0
26005,26,Sonora,Hermosillo,26030,186.88055665263994,236.60742700532313,186.88055665263994,Hermosillo,Sonora,TRUE,FALSE,FALSE,0,5.235806423963858,0,1
26006,26,Sonora,Hermosillo,26030,165.9399834342089,197.8341613076496,165.9399834342089,Hermosillo,Sonora,TRUE,FALSE,FALSE,0,5.11763436719058,0,1
26035,26,Sonora,Hermosillo,26030,197.98112451047692,214.2759483142253,197.98112451047692,Hermosillo,Sonora,TRUE,FALSE,FALSE,0,5.293209968519639,0,1
26068,26,Sonora,Hermosillo,26030,95.93002075330591,146.48504959840287,95.93002075330591,Hermosillo,Sonora,TRUE,FALSE,FALSE,0,4.5739892826106106,1,1
26046,26,Sonora,Hermosillo,26030,199.1771659151607,193.63301072357865,199.1771659151607,Hermosillo,Sonora,TRUE,FALSE,FALSE,0,5.299202804008369,0,1
26026,26,Sonora,Hermosillo,26030,259.2632353567939,282.7915943521024,259.2632353567939,Hermosillo,Sonora,TRUE,FALSE,FALSE,0,5.561693562520071,0,0
26049,26,Sonora,Hermosillo,26030,227.07929668078486,261.04868865531927,227.07929668078486,Hermosillo,Sonora,TRUE,FALSE,FALSE,0,5.429693360948245,0,0
26071,26,Sonora,Hermosillo,26030,242.90609860664028,265.01668434723035,242.90609860664028,Hermosillo,Sonora,TRUE,FALSE,FALSE,0,5.496783309446537,0,0
26004,26,Sonora,Hermosillo,26030,251.41624463647506,242.79994862112235,251.41624463647506,Hermosillo,Sonora,TRUE,FALSE,FALSE,0,5.531079489279338,0,0
26063,26,Sonora,Hermosillo,26030,145.62792698117573,195.49638229645967,145.62792698117573,Hermosillo,Sonora,TRUE,FALSE,FALSE,0,4.987898269135354,0,1
26028,26,Sonora,Hermosillo,26030,176.7634877469143,225.1013559045878,176.7634877469143,Hermosillo,Sonora,TRUE,FALSE,FALSE,0,5.180453946237287,0,1
26048,26,Sonora,Hermosillo,26030,353.751057148302,328.92437688699175,238.62428340985895,Mexicali,Baja California,FALSE,FALSE,FALSE,115.12677373844303,5.871416296016831,0,0
26017,26,Sonora,Hermosillo,26030,247.39698141157817,224.85031735504134,247.39698141157817,Hermosillo,Sonora,TRUE,FALSE,FALSE,0,5.515028197858184,0,0
26012,26,Sonora,Hermosillo,26030,166.70305674873072,191.490850228304,166.70305674873072,Hermosillo,Sonora,TRUE,FALSE,FALSE,0,5.12219489614504,0,1
26044,26,Sonora,Hermosillo,26030,158.2563177798189,203.26132387914097,158.2563177798189,Hermosillo,Sonora,TRUE,FALSE,FALSE,0,5.070514965752131,0,1
26036,26,Sonora,Hermosillo,26030,184.08255447206045,194.42033081756932,184.08255447206045,Hermosillo,Sonora,TRUE,FALSE,FALSE,0,5.220801965932209,0,1
26013,26,Sonora,Hermosillo,26030,127.95274825429765,163.57008677482682,127.95274825429765,Hermosillo,Sonora,TRUE,FALSE,FALSE,0,4.8594460446578065,0,1
26010,26,Sonora,Hermosillo,26030,248.21481988500457,293.9606587106007,248.21481988500457,Hermosillo,Sonora,TRUE,FALSE,FALSE,0,5.518315254988555,0,0
26050,26,Sonora,Hermosillo,26030,85.25948138220255,121.05956047922946,85.25948138220255,Hermosillo,Sonora,TRUE,FALSE,FALSE,0,4.457359978938727,1,1
26072,26,Sonora,Hermosillo,26030,198.94010033982855,215.03642961343087,198.94010033982855,Hermosillo,Sonora,TRUE,FALSE,FALSE,0,5.298017823388606,0,1
26061,26,Sonora,Hermosillo,26030,134.65657695380486,183.25114339687542,134.65657695380486,Hermosillo,Sonora,TRUE,FALSE,FALSE,0,4.910126522660923,0,1
26011,26,Sonora,Hermosillo,26030,200.72413504485306,232.87270056156564,200.72413504485306,Hermosillo,Sonora,TRUE,FALSE,FALSE,0,5.306901095931862,0,0
26018,26,Sonora,Hermosillo,26030,176.0394818014686,206.46533770879182,176.0394818014686,Hermosillo,Sonora,TRUE,FALSE,FALSE,0,5.176372768724664,0,1
26047,26,Sonora,Hermosillo,26030,147.2014093969727,119.17428242967118,147.2014093969727,Hermosillo,Sonora,TRUE,FALSE,FALSE,0,4.9985722229177965,0,1
26019,26,Sonora,Hermosillo,26030,223.6421039318444,248.6551409487199,223.6421039318444,Hermosillo,Sonora,TRUE,FALSE,FALSE,0,5.414508486587055,0,0
26020,26,Sonora,Hermosillo,26030,72.56223551875264,86.42236050067966,72.56223551875264,Hermosillo,Sonora,TRUE,FALSE,FALSE,0,4.298131789686965,1,1
26053,26,Sonora,Hermosillo,26030,107.83235355801071,145.81457448540024,107.83235355801071,Hermosillo,Sonora,TRUE,FALSE,FALSE,0,4.689808657478089,0,1
26042,26,Sonora,Hermosillo,26030,268.06452533346544,295.8672687069505,268.06452533346544,Hermosillo,Sonora,TRUE,FALSE,FALSE,0,5.594951221965484,0,0
26008,26,Sonora,Hermosillo,26030,200.421754481313,248.751716133867,200.421754481313,Hermosillo,Sonora,TRUE,FALSE,FALSE,0,5.30540099074364,0,0
26060,26,Sonora,Hermosillo,26030,249.89481355529892,250.72351172735753,249.89481355529892,Hermosillo,Sonora,TRUE,FALSE,FALSE,0,5.52503378179682,0,0
26039,26,Sonora,Hermosillo,26030,258.04450846832094,285.2388447358365,258.04450846832094,Hermosillo,Sonora,TRUE,FALSE,FALSE,0,5.556999894303504,0,0
26059,26,Sonora,Hermosillo,26030,238.4891388790094,256.72547401828047,238.4891388790094,Hermosillo,Sonora,TRUE,FALSE,FALSE,0,5.47850806667448,0,0
26040,26,Sonora,Hermosillo,26030,213.51275203956664,263.39570960215707,213.51275203956664,Hermosillo,Sonora,TRUE,FALSE,FALSE,0,5.368369186668896,0,0
26067,26,Sonora,Hermosillo,26030,203.0758037391752,246.8959463606826,203.0758037391752,Hermosillo,Sonora,TRUE,FALSE,FALSE,0,5.318491511779622,0,0
26065,26,Sonora,Hermosillo,26030,209.6119554688217,210.69233572720856,209.6119554688217,Hermosillo,Sonora,TRUE,FALSE,FALSE,0,5.3500173666964885,0,0
26007,26,Sonora,Hermosillo,26030,201.59481183911024,198.99213373645696,201.59481183911024,Hermosillo,Sonora,TRUE,FALSE,FALSE,0,5.311207983584969,0,0
26045,26,Sonora,Hermosillo,26030,106.8706522135989,128.26260783323443,106.8706522135989,Hermosillo,Sonora,TRUE,FALSE,FALSE,0,4.680932844661808,0,1
26054,26,Sonora,Hermosillo,26030,127.40986336077478,173.30046607674828,127.40986336077478,Hermosillo,Sonora,TRUE,FALSE,FALSE,0,4.8552272057570685,0,1
26058,26,Sonora,Hermosillo,26030,153.23436608673194,163.3890928493412,153.23436608673194,Hermosillo,Sonora,TRUE,FALSE,FALSE,0,5.038473303267803,0,1
27006,27,Tabasco,Villahermosa,27004,32.46139202067602,38.8195578373874,32.46139202067602,Villahermosa,Tabasco,TRUE,FALSE,TRUE,0,3.510392297223981,1,2
27001,27,Tabasco,Villahermosa,27004,172.37997619441822,165.58973164644868,172.37997619441822,Villahermosa,Tabasco,TRUE,FALSE,FALSE,0,5.155485580137556,0,1
27016,27,Tabasco,Villahermosa,27004,40.48768374165742,43.705390974089,40.48768374165742,Villahermosa,Tabasco,TRUE,FALSE,TRUE,0,3.7253966058800922,2,2
27015,27,Tabasco,Villahermosa,27004,55.04911231867332,54.92236412850802,55.04911231867332,Villahermosa,Tabasco,TRUE,FALSE,FALSE,0,4.026228312080952,2,2
27014,27,Tabasco,Villahermosa,27004,52.051815962626925,54.611415983668365,52.051815962626925,Villahermosa,Tabasco,TRUE,FALSE,FALSE,0,3.9712690956263708,1,2
27012,27,Tabasco,Villahermosa,27004,52.247332727210214,46.34161176177514,52.247332727210214,Villahermosa,Tabasco,TRUE,FALSE,FALSE,0,3.974947713705152,1,2
27002,27,Tabasco,Villahermosa,27004,78.56058141563533,84.96010722456475,78.56058141563533,Villahermosa,Tabasco,TRUE,FALSE,FALSE,0,4.376518761847899,1,2
27003,27,Tabasco,Villahermosa,27004,54.76410412484686,48.57688791951289,54.76410412484686,Villahermosa,Tabasco,TRUE,FALSE,FALSE,0,4.021130367130453,1,2
27004,27,Tabasco,Villahermosa,27004,7.449515652175447,0,7.449515652175447,Villahermosa,Tabasco,TRUE,TRUE,TRUE,0,2.1341091204570923,1,2
27005,27,Tabasco,Villahermosa,27004,54.35581218393374,58.98071184752252,54.35581218393374,Villahermosa,Tabasco,TRUE,FALSE,FALSE,0,4.013781661481524,1,2
27007,27,Tabasco,Villahermosa,27004,136.34069654461956,129.9687446453304,136.34069654461956,Villahermosa,Tabasco,TRUE,FALSE,FALSE,0,4.922464674860313,0,2
27008,27,Tabasco,Villahermosa,27004,83.66540679403963,91.08893425618011,83.66540679403963,Villahermosa,Tabasco,TRUE,FALSE,FALSE,0,4.438707097854354,1,2
27009,27,Tabasco,Villahermosa,27004,29.059089283834005,28.239692285274415,29.059089283834005,Villahermosa,Tabasco,TRUE,FALSE,TRUE,0,3.4031650872535684,1,2
27010,27,Tabasco,Villahermosa,27004,29.75666959265073,32.63705696148772,29.75666959265073,Villahermosa,Tabasco,TRUE,FALSE,TRUE,0,3.4261068680556783,1,2
27011,27,Tabasco,Villahermosa,27004,83.644836755146045,76.32949512866244,83.644836755146045,Villahermosa,Tabasco,TRUE,FALSE,FALSE,0,4.4384641115049925,1,2
27013,27,Tabasco,Villahermosa,27004,22.011225071841324,21.789346538234383,22.011225071841324,Villahermosa,Tabasco,TRUE,FALSE,TRUE,0,3.1359821434749384,1,2
27017,27,Tabasco,Villahermosa,27004,184.2252339271505,178.310754769196,184.2252339271505,Villahermosa,Tabasco,TRUE,FALSE,FALSE,0,5.221572565237005,0,1
28003,28,Tamaulipas,Ciudad Victoria,28041,170.24595157112688,168.61271428790573,170.24595157112688,Ciudad Victoria,Tamaulipas,TRUE,FALSE,FALSE,0,5.143100836402321,0,1
28041,28,Tamaulipas,Ciudad Victoria,28041,5.098872001661774,0,5.098872001661774,Ciudad Victoria,Tamaulipas,TRUE,TRUE,TRUE,0,1.8081038363195037,1,1
28010,28,Tamaulipas,Ciudad Victoria,28041,121.14295244811643,126.22530534017427,121.14295244811643,Ciudad Victoria,Tamaulipas,TRUE,FALSE,FALSE,0,4.805192100158119,0,1
28024,28,Tamaulipas,Ciudad Victoria,28041,295.3937827041534,299.6745277954642,132.6716887538063,Monterrey,Nuevo León,FALSE,FALSE,FALSE,162.7220939503471,5.691688917170061,0,1
28015,28,Tamaulipas,Ciudad Victoria,28041,269.19819183486555,273.98611933555065,174.27367696313027,Monterrey,Nuevo León,FALSE,FALSE,FALSE,94.92451487173528,5.599155733552802,0,1
28025,28,Tamaulipas,Ciudad Victoria,28041,275.79477134443,280.2463010002895,138.5223134306518,Monterrey,Nuevo León,FALSE,FALSE,FALSE,137.2724579137782,5.623276333913477,0,1
28040,28,Tamaulipas,Ciudad Victoria,28041,252.75988539140695,257.8587426762004,246.88511792713467,Monterrey,Nuevo León,FALSE,FALSE,FALSE,5.874767464272281,5.5363884868047,0,0
28023,28,Tamaulipas,Ciudad Victoria,28041,178.39186130954127,183.4453907638677,178.39186130954127,Ciudad Victoria,Tamaulipas,TRUE,FALSE,FALSE,0,5.1895725824280685,0,2
28031,28,Tamaulipas,Ciudad Victoria,28041,66.98695645781264,61.958334681797176,66.98695645781264,Ciudad Victoria,Tamaulipas,TRUE,FALSE,FALSE,0,4.219315869980039,1,2
28039,28,Tamaulipas,Ciudad Victoria,28041,109.04810150280842,103.97374315909751,109.04810150280842,Ciudad Victoria,Tamaulipas,TRUE,FALSE,FALSE,0,4.700917556599754,0,2
28038,28,Tamaulipas,Ciudad Victoria,28041,204.37885540795878,202.64094117483822,204.37885540795878,Ciudad Victoria,Tamaulipas,TRUE,FALSE,FALSE,0,5.324856348709331,0,0
28037,28,Tamaulipas,Ciudad Victoria,28041,112.10609305530686,115.0205868461107,112.10609305530686,Ciudad Victoria,Tamaulipas,TRUE,FALSE,FALSE,0,4.728326254839021,0,1
28007,28,Tamaulipas,Ciudad Victoria,28041,271.13734198004005,275.7664617080602,155.29253016586813,Monterrey,Nuevo León,FALSE,FALSE,FALSE,115.84481181417192,5.606306872609995,0,1
28005,28,Tamaulipas,Ciudad Victoria,28041,134.62315333395446,139.4742510467425,134.62315333395446,Ciudad Victoria,Tamaulipas,TRUE,FALSE,FALSE,0,4.909880108231183,0,2
28032,28,Tamaulipas,Ciudad Victoria,28041,241.12163314556287,246.1032676109426,194.42486015954287,Monterrey,Nuevo León,FALSE,FALSE,FALSE,46.696772986019994,5.489440216191399,0,1
28033,28,Tamaulipas,Ciudad Victoria,28041,247.48759912768244,252.57092979174405,227.65691132763715,Monterrey,Nuevo León,FALSE,FALSE,FALSE,19.830687800045297,5.515392941384781,0,0
28029,28,Tamaulipas,Ciudad Victoria,28041,101.83303117013695,97.04808905241693,101.83303117013695,Ciudad Victoria,Tamaulipas,TRUE,FALSE,FALSE,0,4.633106616295093,0,2
28030,28,Tamaulipas,Ciudad Victoria,28041,43.35122041868119,48.34183035095985,43.35122041868119,Ciudad Victoria,Tamaulipas,TRUE,FALSE,TRUE,0,3.7921402262728336,1,1
28034,28,Tamaulipas,Ciudad Victoria,28041,83.04068849613554,87.86801578560923,83.04068849613554,Ciudad Victoria,Tamaulipas,TRUE,FALSE,FALSE,0,4.4313010684246255,1,2
28035,28,Tamaulipas,Ciudad Victoria,28041,174.4280418205129,179.41791589874026,174.4280418205129,Ciudad Victoria,Tamaulipas,TRUE,FALSE,FALSE,0,5.167228940708773,0,1
28022,28,Tamaulipas,Ciudad Victoria,28041,262.4118194022042,267.475087284058,262.4118194022042,Ciudad Victoria,Tamaulipas,TRUE,FALSE,FALSE,0,5.573718660748169,0,0
28036,28,Tamaulipas,Ciudad Victoria,28041,105.52602881869021,110.54777752867582,105.52602881869021,Ciudad Victoria,Tamaulipas,TRUE,FALSE,FALSE,0,4.668389357341592,0,2
28028,28,Tamaulipas,Ciudad Victoria,28041,135.55518059609193,131.08471353170754,135.55518059609193,Ciudad Victoria,Tamaulipas,TRUE,FALSE,FALSE,0,4.916728786387825,0,2
28021,28,Tamaulipas,Ciudad Victoria,28041,132.15980370288665,128.59046075885547,132.15980370288665,Ciudad Victoria,Tamaulipas,TRUE,FALSE,FALSE,0,4.891549938560999,0,1
28011,28,Tamaulipas,Ciudad Victoria,28041,80.53921274702404,76.0872864159185,80.53921274702404,Ciudad Victoria,Tamaulipas,TRUE,FALSE,FALSE,0,4.401084042537338,1,1
28012,28,Tamaulipas,Ciudad Victoria,28041,120.5172564459307,118.11252788902279,120.5172564459307,Ciudad Victoria,Tamaulipas,TRUE,FALSE,FALSE,0,4.8000562810571,0,1
28027,28,Tamaulipas,Ciudad Victoria,28041,415.7814423394315,419.79999846750235,207.55269552875166,Monterrey,Nuevo León,FALSE,FALSE,FALSE,208.22874681067987,6.032561965310288,0,0
28013,28,Tamaulipas,Ciudad Victoria,28041,17.260915873689004,22.26963574772639,17.260915873689004,Ciudad Victoria,Tamaulipas,TRUE,FALSE,TRUE,0,2.904763031285161,1,1
28004,28,Tamaulipas,Ciudad Victoria,28041,129.51614786785623,125.30755366234057,129.51614786785623,Ciudad Victoria,Tamaulipas,TRUE,FALSE,FALSE,0,4.871496957558783,0,1
28006,28,Tamaulipas,Ciudad Victoria,28041,86.96711931113862,82.49421622349189,86.96711931113862,Ciudad Victoria,Tamaulipas,TRUE,FALSE,FALSE,0,4.476963100464216,1,2
28016,28,Tamaulipas,Ciudad Victoria,28041,56.0824884062998,59.04776936407927,56.0824884062998,Ciudad Victoria,Tamaulipas,TRUE,FALSE,FALSE,0,4.044497386723216,1,2
28019,28,Tamaulipas,Ciudad Victoria,28041,58.68696292261977,56.34386722527005,58.68696292261977,Ciudad Victoria,Tamaulipas,TRUE,FALSE,FALSE,0,4.089113620045404,1,1
28017,28,Tamaulipas,Ciudad Victoria,28041,39.66441778662836,34.71700590303488,39.66441778662836,Ciudad Victoria,Tamaulipas,TRUE,FALSE,TRUE,0,3.7053534542072164,1,1
28020,28,Tamaulipas,Ciudad Victoria,28041,103.0736008023238,106.0529373849998,103.0736008023238,Ciudad Victoria,Tamaulipas,TRUE,FALSE,FALSE,0,4.645098348862142,0,3
28008,28,Tamaulipas,Ciudad Victoria,28041,57.535935455365994,58.53530976304872,57.535935455365994,Ciudad Victoria,Tamaulipas,TRUE,FALSE,FALSE,0,4.069640846932597,1,1
28043,28,Tamaulipas,Ciudad Victoria,28041,83.23888721778039,79.76978084155489,83.23888721778039,Ciudad Victoria,Tamaulipas,TRUE,FALSE,FALSE,0,4.433656658072997,1,1
28042,28,Tamaulipas,Ciudad Victoria,28041,93.41261649847405,97.10942839951751,93.41261649847405,Ciudad Victoria,Tamaulipas,TRUE,FALSE,FALSE,0,4.547674713569418,1,3
28014,28,Tamaulipas,Ciudad Victoria,28041,350.79344365846123,354.9058277904809,157.79024655260832,Monterrey,Nuevo León,FALSE,FALSE,FALSE,193.0031971058529,5.86304419557056,0,1
28009,28,Tamaulipas,Ciudad Victoria,28041,209.106241671533,207.50655497626644,209.106241671533,Ciudad Victoria,Tamaulipas,TRUE,FALSE,FALSE,0,5.34761331550836,0,0
28026,28,Tamaulipas,Ciudad Victoria,28041,65.4279352905384,62.10697663704587,65.4279352905384,Ciudad Victoria,Tamaulipas,TRUE,FALSE,FALSE,0,4.1961176802147255,1,1
28001,28,Tamaulipas,Ciudad Victoria,28041,98.5157251373096,102.85036124120145,98.5157251373096,Ciudad Victoria,Tamaulipas,TRUE,FALSE,FALSE,0,4.600315673258293,1,1
28002,28,Tamaulipas,Ciudad Victoria,28041,138.53350970357644,138.21916514683969,138.53350970357644,Ciudad Victoria,Tamaulipas,TRUE,FALSE,FALSE,0,4.938304785343777,0,1
28018,28,Tamaulipas,Ciudad Victoria,28041,85.38715692460941,90.29293016606127,85.38715692460941,Ciudad Victoria,Tamaulipas,TRUE,FALSE,FALSE,0,4.458839018055084,1,1
29019,29,Tlaxcala,Tlaxcala de Xicohténcatl,29033,15.509022033842982,15.226492483513713,15.509022033842982,Tlaxcala de Xicohténcatl,Tlaxcala,TRUE,FALSE,TRUE,0,2.8039070214012694,5,7
29045,29,Tlaxcala,Tlaxcala de Xicohténcatl,29033,35.4196830722811,36.207247868983025,35.4196830722811,Tlaxcala de Xicohténcatl,Tlaxcala,TRUE,FALSE,TRUE,0,3.595109372237467,4,7
29047,29,Tlaxcala,Tlaxcala de Xicohténcatl,29033,35.11724990727693,35.81373545163965,35.11724990727693,Tlaxcala de Xicohténcatl,Tlaxcala,TRUE,FALSE,TRUE,0,3.586770587977876,2,7
29033,29,Tlaxcala,Tlaxcala de Xicohténcatl,29033,0.9503580216440081,0,0.9503580216440081,Tlaxcala de Xicohténcatl,Tlaxcala,TRUE,TRUE,TRUE,0,0.6680129565661644,3,7
29059,29,Tlaxcala,Tlaxcala de Xicohténcatl,29033,12.220133327309908,11.334604379172022,12.220133327309908,Tlaxcala de Xicohténcatl,Tlaxcala,TRUE,FALSE,TRUE,0,2.5817409196457484,2,7
29004,29,Tlaxcala,Tlaxcala de Xicohténcatl,29033,47.81331235297418,48.09063348613429,47.81331235297418,Tlaxcala de Xicohténcatl,Tlaxcala,TRUE,FALSE,TRUE,0,3.8880030697758747,3,7
29054,29,Tlaxcala,Tlaxcala de Xicohténcatl,29033,11.281352257392477,10.340360804721247,11.281352257392477,Tlaxcala de Xicohténcatl,Tlaxcala,TRUE,FALSE,TRUE,0,2.5080820353365487,3,7
29042,29,Tlaxcala,Tlaxcala de Xicohténcatl,29033,16.55499773525169,15.60573042152097,14.478185229649167,Puebla de Zaragoza,Puebla,FALSE,FALSE,TRUE,2.076812505602522,2.865338680611654,3,7
29044,29,Tlaxcala,Tlaxcala de Xicohténcatl,29033,13.727796004272102,12.781955100682401,13.727796004272102,Tlaxcala de Xicohténcatl,Tlaxcala,TRUE,FALSE,TRUE,0,2.689736592957076,3,7
29053,29,Tlaxcala,Tlaxcala de Xicohténcatl,29033,9.046409582237338,8.102009985970673,9.046409582237338,Tlaxcala de Xicohténcatl,Tlaxcala,TRUE,FALSE,TRUE,0,2.307215315175364,3,7
29008,29,Tlaxcala,Tlaxcala de Xicohténcatl,29033,49.40441637258064,49.50814224339923,49.40441637258064,Tlaxcala de Xicohténcatl,Tlaxcala,TRUE,FALSE,TRUE,0,3.9200787976784426,3,7
29029,29,Tlaxcala,Tlaxcala de Xicohténcatl,29033,8.05479026938139,7.123647585451786,8.05479026938139,Tlaxcala de Xicohténcatl,Tlaxcala,TRUE,FALSE,TRUE,0,2.203293929209753,3,7
29046,29,Tlaxcala,Tlaxcala de Xicohténcatl,29033,42.47061788202112,43.132862748503555,42.47061788202112,Tlaxcala de Xicohténcatl,Tlaxcala,TRUE,FALSE,TRUE,0,3.7720852588868263,2,7
29025,29,Tlaxcala,Tlaxcala de Xicohténcatl,29033,20.57615335978839,19.79280547396406,14.467915027725077,Puebla de Zaragoza,Puebla,FALSE,FALSE,TRUE,6.108238332063312,3.0715886937000243,2,7
29058,29,Tlaxcala,Tlaxcala de Xicohténcatl,29033,13.819114357087084,12.896643528062432,13.819114357087084,Tlaxcala de Xicohténcatl,Tlaxcala,TRUE,FALSE,TRUE,0,2.6959178581016134,3,7
29014,29,Tlaxcala,Tlaxcala de Xicohténcatl,29033,21.74214051252502,22.534615420144682,21.74214051252502,Tlaxcala de Xicohténcatl,Tlaxcala,TRUE,FALSE,TRUE,0,3.1242196137308462,4,7
29028,29,Tlaxcala,Tlaxcala de Xicohténcatl,29033,16.52716196451374,15.994868548111741,16.52716196451374,Tlaxcala de Xicohténcatl,Tlaxcala,TRUE,FALSE,TRUE,0,2.86375178990609,2,7
29040,29,Tlaxcala,Tlaxcala de Xicohténcatl,29033,12.341368346044142,13.288764969174977,12.341368346044142,Tlaxcala de Xicohténcatl,Tlaxcala,TRUE,FALSE,TRUE,0,2.590869609893034,4,7
29060,29,Tlaxcala,Tlaxcala de Xicohténcatl,29033,7.062027101538711,6.274619575154308,7.062027101538711,Tlaxcala de Xicohténcatl,Tlaxcala,TRUE,FALSE,TRUE,0,2.0871650263289556,3,7
29015,29,Tlaxcala,Tlaxcala de Xicohténcatl,29033,15.7957946848076,16.009731969636274,15.7957946848076,Tlaxcala de Xicohténcatl,Tlaxcala,TRUE,FALSE,TRUE,0,2.8211285386943388,4,7
29057,29,Tlaxcala,Tlaxcala de Xicohténcatl,29033,11.117508561959923,10.416203019100958,11.117508561959923,Tlaxcala de Xicohténcatl,Tlaxcala,TRUE,FALSE,TRUE,0,2.4946513953152274,3,7
29056,29,Tlaxcala,Tlaxcala de Xicohténcatl,29033,10.307784966966937,10.05602462258244,10.307784966966937,Tlaxcala de Xicohténcatl,Tlaxcala,TRUE,FALSE,TRUE,0,2.425491423641246,4,7
29051,29,Tlaxcala,Tlaxcala de Xicohténcatl,29033,8.241840693349376,7.331929737476321,8.241840693349376,Tlaxcala de Xicohténcatl,Tlaxcala,TRUE,FALSE,TRUE,0,2.223741075051013,3,7
29041,29,Tlaxcala,Tlaxcala de Xicohténcatl,29033,16.691303206129863,15.794818240553811,14.462205655569932,Puebla de Zaragoza,Puebla,FALSE,FALSE,TRUE,2.2290975505599313,2.8730731745441767,2,7
29038,29,Tlaxcala,Tlaxcala de Xicohténcatl,29033,17.485269011198906,17.936214884467145,17.485269011198906,Tlaxcala de Xicohténcatl,Tlaxcala,TRUE,FALSE,TRUE,0,2.9169741452282745,2,7
29023,29,Tlaxcala,Tlaxcala de Xicohténcatl,29033,13.547042184742327,12.862850924069917,13.547042184742327,Tlaxcala de Xicohténcatl,Tlaxcala,TRUE,FALSE,TRUE,0,2.6773876866800417,4,7
29020,29,Tlaxcala,Tlaxcala de Xicohténcatl,29033,31.722599055929383,32.4548275755994,31.722599055929383,Tlaxcala de Xicohténcatl,Tlaxcala,TRUE,FALSE,TRUE,0,3.4880659418295683,4,7
29017,29,Tlaxcala,Tlaxcala de Xicohténcatl,29033,15.897917588410733,15.101504659161217,15.897917588410733,Tlaxcala de Xicohténcatl,Tlaxcala,TRUE,FALSE,TRUE,0,2.8271903947162,2,7
29022,29,Tlaxcala,Tlaxcala de Xicohténcatl,29033,13.223001493693683,12.468929608050408,13.223001493693683,Tlaxcala de Xicohténcatl,Tlaxcala,TRUE,FALSE,TRUE,0,2.6548604776076794,2,7
29001,29,Tlaxcala,Tlaxcala de Xicohténcatl,29033,7.566984645727331,8.229223829796357,7.566984645727331,Tlaxcala de Xicohténcatl,Tlaxcala,TRUE,FALSE,TRUE,0,2.1479158207224893,2,7
29006,29,Tlaxcala,Tlaxcala de Xicohténcatl,29033,45.55760862768142,46.07073246037204,45.55760862768142,Tlaxcala de Xicohténcatl,Tlaxcala,TRUE,FALSE,TRUE,0,3.8406904410148397,5,7
29016,29,Tlaxcala,Tlaxcala de Xicohténcatl,29033,35.11410301083668,35.012148631864946,35.11410301083668,Tlaxcala de Xicohténcatl,Tlaxcala,TRUE,FALSE,TRUE,0,3.5866834541692154,2,7
29049,29,Tlaxcala,Tlaxcala de Xicohténcatl,29033,7.245090980729448,6.757138123165807,7.245090980729448,Tlaxcala de Xicohténcatl,Tlaxcala,TRUE,FALSE,TRUE,0,2.1096179906055563,3,7
29043,29,Tlaxcala,Tlaxcala de Xicohténcatl,29033,11.147125149986064,11.975398542956732,11.147125149986064,Tlaxcala de Xicohténcatl,Tlaxcala,TRUE,FALSE,TRUE,0,2.4970925286193735,3,7
29013,29,Tlaxcala,Tlaxcala de Xicohténcatl,29033,31.571786854233345,31.697941628091165,31.571786854233345,Tlaxcala de Xicohténcatl,Tlaxcala,TRUE,FALSE,TRUE,0,3.483446479749302,2,7
29002,29,Tlaxcala,Tlaxcala de Xicohténcatl,29033,5.75151396768709,6.442851828544812,5.75151396768709,Tlaxcala de Xicohténcatl,Tlaxcala,TRUE,FALSE,TRUE,0,1.909766771244057,3,7
29005,29,Tlaxcala,Tlaxcala de Xicohténcatl,29033,16.364589239505047,17.095425719388594,16.364589239505047,Tlaxcala de Xicohténcatl,Tlaxcala,TRUE,FALSE,TRUE,0,2.854433031410365,3,7
29018,29,Tlaxcala,Tlaxcala de Xicohténcatl,29033,10.92823303716497,11.047636961661869,10.92823303716497,Tlaxcala de Xicohténcatl,Tlaxcala,TRUE,FALSE,TRUE,0,2.4789081142572544,2,7
29003,29,Tlaxcala,Tlaxcala de Xicohténcatl,29033,25.674022499361232,26.613775682228148,25.674022499361232,Tlaxcala de Xicohténcatl,Tlaxcala,TRUE,FALSE,TRUE,0,3.2836901516939325,3,7
29011,29,Tlaxcala,Tlaxcala de Xicohténcatl,29033,20.733049515572482,21.682825734580508,20.733049515572482,Tlaxcala de Xicohténcatl,Tlaxcala,TRUE,FALSE,TRUE,0,3.078834121079801,4,7
29009,29,Tlaxcala,Tlaxcala de Xicohténcatl,29033,15.571633861361649,15.867865982967313,15.571633861361649,Tlaxcala de Xicohténcatl,Tlaxcala,TRUE,FALSE,TRUE,0,2.807692430159935,2,7
29010,29,Tlaxcala,Tlaxcala de Xicohténcatl,29033,11.49239947561403,11.347373320688062,11.49239947561403,Tlaxcala de Xicohténcatl,Tlaxcala,TRUE,FALSE,TRUE,0,2.5251204174249025,2,7
29007,29,Tlaxcala,Tlaxcala de Xicohténcatl,29033,58.969108467743496,59.076580695149325,58.969108467743496,Tlaxcala de Xicohténcatl,Tlaxcala,TRUE,FALSE,FALSE,0,4.09382957076582,3,6
29021,29,Tlaxcala,Tlaxcala de Xicohténcatl,29033,38.759725710672846,39.2068354745982,38.759725710672846,Tlaxcala de Xicohténcatl,Tlaxcala,TRUE,FALSE,TRUE,0,3.6828544831396495,5,7
29012,29,Tlaxcala,Tlaxcala de Xicohténcatl,29033,25.08154870919521,25.566882800853055,25.08154870919521,Tlaxcala de Xicohténcatl,Tlaxcala,TRUE,FALSE,TRUE,0,3.261228118316639,4,7
29031,29,Tlaxcala,Tlaxcala de Xicohténcatl,29033,24.693056143475324,25.438159003425564,24.693056143475324,Tlaxcala de Xicohténcatl,Tlaxcala,TRUE,FALSE,TRUE,0,3.2462207664237264,3,7
29032,29,Tlaxcala,Tlaxcala de Xicohténcatl,29033,10.792623496904007,9.93809856819172,10.792623496904007,Tlaxcala de Xicohténcatl,Tlaxcala,TRUE,FALSE,TRUE,0,2.467474208617013,3,7
29034,29,Tlaxcala,Tlaxcala de Xicohténcatl,29033,33.84026569847344,34.784242113454695,33.84026569847344,Tlaxcala de Xicohténcatl,Tlaxcala,TRUE,FALSE,TRUE,0,3.5507737782030246,3,7
29035,29,Tlaxcala,Tlaxcala de Xicohténcatl,29033,24.564184897297704,24.94552429066247,24.564184897297704,Tlaxcala de Xicohténcatl,Tlaxcala,TRUE,FALSE,TRUE,0,3.241192344483586,2,7
29030,29,Tlaxcala,Tlaxcala de Xicohténcatl,29033,36.718189952042096,37.25696720696131,36.718189952042096,Tlaxcala de Xicohténcatl,Tlaxcala,TRUE,FALSE,TRUE,0,3.630142470188688,2,7
29026,29,Tlaxcala,Tlaxcala de Xicohténcatl,29033,11.79905909728917,12.18121733122577,11.79905909728917,Tlaxcala de Xicohténcatl,Tlaxcala,TRUE,FALSE,TRUE,0,2.5493716601994407,2,7
29050,29,Tlaxcala,Tlaxcala de Xicohténcatl,29033,17.492279831310455,17.218964588553735,17.492279831310455,Tlaxcala de Xicohténcatl,Tlaxcala,TRUE,FALSE,TRUE,0,2.9173533385720742,2,7
29052,29,Tlaxcala,Tlaxcala de Xicohténcatl,29033,20.126642455619336,20.23668245388358,20.126642455619336,Tlaxcala de Xicohténcatl,Tlaxcala,TRUE,FALSE,TRUE,0,3.0505349195993414,2,7
29027,29,Tlaxcala,Tlaxcala de Xicohténcatl,29033,19.07847914435434,18.182067153844905,12.237895319981785,Puebla de Zaragoza,Puebla,FALSE,FALSE,TRUE,6.840583824372555,2.999648552132132,2,7
29055,29,Tlaxcala,Tlaxcala de Xicohténcatl,29033,19.307562402599437,20.245852435550177,19.307562402599437,Tlaxcala de Xicohténcatl,Tlaxcala,TRUE,FALSE,TRUE,0,3.010993348822625,4,7
29024,29,Tlaxcala,Tlaxcala de Xicohténcatl,29033,6.193748429666462,6.7608620025652515,6.193748429666462,Tlaxcala de Xicohténcatl,Tlaxcala,TRUE,FALSE,TRUE,0,1.9732123751966626,4,7
29037,29,Tlaxcala,Tlaxcala de Xicohténcatl,29033,34.60347531489622,34.356207370137035,34.60347531489622,Tlaxcala de Xicohténcatl,Tlaxcala,TRUE,FALSE,TRUE,0,3.572443254298295,2,7
29048,29,Tlaxcala,Tlaxcala de Xicohténcatl,29033,6.583791847217972,6.033929890065991,6.583791847217972,Tlaxcala de Xicohténcatl,Tlaxcala,TRUE,FALSE,TRUE,0,2.026013318270417,2,7
29039,29,Tlaxcala,Tlaxcala de Xicohténcatl,29033,24.289436390863298,24.782908476192777,24.289436390863298,Tlaxcala de Xicohténcatl,Tlaxcala,TRUE,FALSE,TRUE,0,3.230386774583928,2,7
29036,29,Tlaxcala,Tlaxcala de Xicohténcatl,29033,2.1881972187320993,3.0269261813739514,2.1881972187320993,Tlaxcala de Xicohténcatl,Tlaxcala,TRUE,FALSE,TRUE,0,1.1594556218539709,4,7
30162,30,Veracruz,Xalapa-Enríquez,30087,32.043512331812906,31.600438131579004,32.043512331812906,Xalapa-Enríquez,Veracruz,TRUE,FALSE,TRUE,0,3.4978252484450336,1,3
30169,30,Veracruz,Xalapa-Enríquez,30087,202.68636245800087,201.26184208638045,158.3594378216281,Oaxaca de Juárez,Oaxaca,FALSE,FALSE,FALSE,44.32692463637278,5.316581371840858,0,1
30185,30,Veracruz,Xalapa-Enríquez,30087,84.61059439867593,85.11280922277174,84.61059439867593,Xalapa-Enríquez,Veracruz,TRUE,FALSE,FALSE,0,4.449809041828947,1,4
30187,30,Veracruz,Xalapa-Enríquez,30087,19.734124770639717,19.994618966517923,19.734124770639717,Xalapa-Enríquez,Veracruz,TRUE,FALSE,TRUE,0,3.0317808825658332,1,4
30188,30,Veracruz,Xalapa-Enríquez,30087,34.25798939412178,34.49164212848334,34.25798939412178,Xalapa-Enríquez,Veracruz,TRUE,FALSE,TRUE,0,3.562692153055797,1,3
30189,30,Veracruz,Xalapa-Enríquez,30087,161.9888186027288,162.73147041672428,161.9888186027288,Xalapa-Enríquez,Veracruz,TRUE,FALSE,FALSE,0,5.093681600924573,0,3
30190,30,Veracruz,Xalapa-Enríquez,30087,184.9316327862106,183.60278332196958,152.44932479184007,Oaxaca de Juárez,Oaxaca,FALSE,FALSE,FALSE,32.48230799437053,5.22537904047885,0,2
30078,30,Veracruz,Xalapa-Enríquez,30087,219.73326495866255,220.92915412502728,147.01587922528051,Pachuca de Soto,Hidalgo,FALSE,FALSE,FALSE,72.71738573338203,5.396955026683568,0,1
30191,30,Veracruz,Xalapa-Enríquez,30087,55.90083369472092,53.681647132357924,55.90083369472092,Xalapa-Enríquez,Veracruz,TRUE,FALSE,FALSE,0,4.041309992953258,1,3
30079,30,Veracruz,Xalapa-Enríquez,30087,27.30556258889473,28.927716299131554,27.30556258889473,Xalapa-Enríquez,Veracruz,TRUE,FALSE,TRUE,0,3.343058343245691,1,4
30192,30,Veracruz,Xalapa-Enríquez,30087,55.89538624092922,54.75940601615706,55.89538624092922,Xalapa-Enríquez,Veracruz,TRUE,FALSE,FALSE,0,4.041214252448012,1,3
30194,30,Veracruz,Xalapa-Enríquez,30087,32.67820699554953,34.80376450272512,32.67820699554953,Xalapa-Enríquez,Veracruz,TRUE,FALSE,TRUE,0,3.516850951482832,1,4
30031,30,Veracruz,Xalapa-Enríquez,30087,87.36871320719912,86.49374600725994,87.36871320719912,Xalapa-Enríquez,Veracruz,TRUE,FALSE,FALSE,0,4.481517984002588,1,4
30195,30,Veracruz,Xalapa-Enríquez,30087,104.07743987692348,104.67612232457134,104.07743987692348,Xalapa-Enríquez,Veracruz,TRUE,FALSE,FALSE,0,4.654697600958718,0,4
30199,30,Veracruz,Xalapa-Enríquez,30087,296.9694759932286,295.1313002746131,180.90585977027206,Villahermosa,Tabasco,FALSE,FALSE,FALSE,116.06361622295657,5.696991051706216,0,1
30206,30,Veracruz,Xalapa-Enríquez,30087,311.3076532580621,309.3657638535274,155.04660727852115,Villahermosa,Tabasco,FALSE,FALSE,FALSE,156.26104597954094,5.743988770098472,0,2
30210,30,Veracruz,Xalapa-Enríquez,30087,367.2147884690358,365.53998388307747,146.36421856022852,Tuxtla Gutiérrez,Chiapas,FALSE,FALSE,FALSE,220.85056990880727,5.908666432221194,0,2
30211,30,Veracruz,Xalapa-Enríquez,30087,74.34177129841346,74.39292703470218,74.34177129841346,Xalapa-Enríquez,Veracruz,TRUE,FALSE,FALSE,0,4.322034712717724,1,4
30212,30,Veracruz,Xalapa-Enríquez,30087,249.32704086823253,248.12913755896136,128.3812967702889,Oaxaca de Juárez,Oaxaca,FALSE,FALSE,FALSE,120.94574409794362,5.522768226434826,0,1
30103,30,Veracruz,Xalapa-Enríquez,30087,106.7666644874073,108.42461297615381,106.7666644874073,Xalapa-Enríquez,Veracruz,TRUE,FALSE,FALSE,0,4.679968375841261,0,5
30141,30,Veracruz,Xalapa-Enríquez,30087,213.43651878741392,211.54504831367984,213.43651878741392,Xalapa-Enríquez,Veracruz,TRUE,FALSE,FALSE,0,5.368013744857288,0,0
30140,30,Veracruz,Xalapa-Enríquez,30087,87.33456264413745,87.85982433351917,87.33456264413745,Xalapa-Enríquez,Veracruz,TRUE,FALSE,FALSE,0,4.48113145394736,1,4
30138,30,Veracruz,Xalapa-Enríquez,30087,81.32717582185391,82.06233477160121,81.32717582185391,Xalapa-Enríquez,Veracruz,TRUE,FALSE,FALSE,0,4.410701257574318,1,3
30136,30,Veracruz,Xalapa-Enríquez,30087,9.914072780047118,11.782770095223396,9.914072780047118,Xalapa-Enríquez,Veracruz,TRUE,FALSE,TRUE,0,2.3900530372452984,1,4
30131,30,Veracruz,Xalapa-Enríquez,30087,121.89549281809387,122.93590613539651,121.89549281809387,Xalapa-Enríquez,Veracruz,TRUE,FALSE,FALSE,0,4.8113343423282515,0,4
30116,30,Veracruz,Xalapa-Enríquez,30087,279.1963100341202,277.4603322925179,208.05045457437353,Villahermosa,Tabasco,FALSE,FALSE,FALSE,71.14585545974666,5.635490464773083,0,0
30109,30,Veracruz,Xalapa-Enríquez,30087,46.224939477807965,46.15444730283562,46.224939477807965,Xalapa-Enríquez,Veracruz,TRUE,FALSE,TRUE,0,3.854922131815719,1,4
30107,30,Veracruz,Xalapa-Enríquez,30087,30.661071775653877,32.5454853005893,30.661071775653877,Xalapa-Enríquez,Veracruz,TRUE,FALSE,TRUE,0,3.4550879065537203,1,4
30203,30,Veracruz,Xalapa-Enríquez,30087,93.84920599739063,95.49646684725022,93.84920599739063,Xalapa-Enríquez,Veracruz,TRUE,FALSE,FALSE,0,4.552288325206192,1,5
30205,30,Veracruz,Xalapa-Enríquez,30087,289.15209541906654,290.3796181544656,185.00093355078502,Pachuca de Soto,Hidalgo,FALSE,FALSE,FALSE,104.15116186828152,5.67040525245809,0,1
30071,30,Veracruz,Xalapa-Enríquez,30087,45.008579339056055,45.22639819933738,45.008579339056055,Xalapa-Enríquez,Veracruz,TRUE,FALSE,TRUE,0,3.8288278864695413,1,3
30069,30,Veracruz,Xalapa-Enríquez,30087,101.70258280032087,102.19226032384773,101.70258280032087,Xalapa-Enríquez,Veracruz,TRUE,FALSE,FALSE,0,4.631837265599011,0,4
30098,30,Veracruz,Xalapa-Enríquez,30087,86.91632321282886,87.31874287212051,86.91632321282886,Xalapa-Enríquez,Veracruz,TRUE,FALSE,FALSE,0,4.476385489530599,1,4
30075,30,Veracruz,Xalapa-Enríquez,30087,138.84387481055617,137.22142988433097,138.84387481055617,Xalapa-Enríquez,Veracruz,TRUE,FALSE,FALSE,0,4.940526620408898,0,2
30074,30,Veracruz,Xalapa-Enríquez,30087,83.51024662047392,84.17639951523428,83.51024662047392,Xalapa-Enríquez,Veracruz,TRUE,FALSE,FALSE,0,4.436872788792269,1,4
30073,30,Veracruz,Xalapa-Enríquez,30087,237.03482428689261,235.2608610709349,208.03653182747712,Oaxaca de Juárez,Oaxaca,FALSE,FALSE,FALSE,28.998292459415495,5.472416983500832,0,0
30072,30,Veracruz,Xalapa-Enríquez,30087,194.61867533106945,196.5119839795986,54.87746896101231,Pachuca de Soto,Hidalgo,FALSE,FALSE,FALSE,139.74120637005714,5.276167230195771,1,8
30149,30,Veracruz,Xalapa-Enríquez,30087,255.7959608481993,253.91388908515887,210.38353864817213,Villahermosa,Tabasco,FALSE,FALSE,FALSE,45.41242220002715,5.548281842907837,0,0
30150,30,Veracruz,Xalapa-Enríquez,30087,230.0930736071342,230.845411234727,194.401596274234,Pachuca de Soto,Hidalgo,FALSE,FALSE,FALSE,35.69147733290018,5.442820545421119,0,1
30148,30,Veracruz,Xalapa-Enríquez,30087,72.62485989970989,71.14330492439106,72.62485989970989,Xalapa-Enríquez,Veracruz,TRUE,FALSE,FALSE,0,4.298982739079752,1,3
30147,30,Veracruz,Xalapa-Enríquez,30087,96.89656878201608,97.59928057244782,96.89656878201608,Xalapa-Enríquez,Veracruz,TRUE,FALSE,FALSE,0,4.583911500730394,1,4
30146,30,Veracruz,Xalapa-Enríquez,30087,40.95278648088657,41.0809108651098,40.95278648088657,Xalapa-Enríquez,Veracruz,TRUE,FALSE,TRUE,0,3.7365448545662847,1,3
30145,30,Veracruz,Xalapa-Enríquez,30087,276.92074303359686,275.1221775464937,201.76296827729277,Villahermosa,Tabasco,FALSE,FALSE,FALSE,75.1577747563041,5.627335976041311,0,0
30004,30,Veracruz,Xalapa-Enríquez,30087,39.93169772880993,37.66083853628654,39.93169772880993,Xalapa-Enríquez,Veracruz,TRUE,FALSE,TRUE,0,3.7119047684813697,1,3
30070,30,Veracruz,Xalapa-Enríquez,30087,325.62172822602696,323.9321149050452,185.15077706738174,Tuxtla Gutiérrez,Chiapas,FALSE,FALSE,FALSE,140.47095115864522,5.788802706878328,0,2
30068,30,Veracruz,Xalapa-Enríquez,30087,71.31150950120895,71.61394514350239,71.31150950120895,Xalapa-Enríquez,Veracruz,TRUE,FALSE,FALSE,0,4.280983307383285,1,3
30067,30,Veracruz,Xalapa-Enríquez,30087,110.0349332855796,111.74028398129094,110.0349332855796,Xalapa-Enríquez,Veracruz,TRUE,FALSE,FALSE,0,4.709844866084683,0,5
30066,30,Veracruz,Xalapa-Enríquez,30087,101.34611753440439,102.73227131452167,101.34611753440439,Xalapa-Enríquez,Veracruz,TRUE,FALSE,FALSE,0,4.628360378162651,0,5
30065,30,Veracruz,Xalapa-Enríquez,30087,21.742998843553696,19.839587878688278,21.742998843553696,Xalapa-Enríquez,Veracruz,TRUE,FALSE,TRUE,0,3.124257354893825,1,3
30064,30,Veracruz,Xalapa-Enríquez,30087,102.93048599183487,104.49582743426234,102.93048599183487,Xalapa-Enríquez,Veracruz,TRUE,FALSE,FALSE,0,4.643722271735215,0,5
30173,30,Veracruz,Xalapa-Enríquez,30087,107.40942341379417,107.13259219627254,107.40942341379417,Xalapa-Enríquez,Veracruz,TRUE,FALSE,FALSE,0,4.68591501708876,0,4
30209,30,Veracruz,Xalapa-Enríquez,30087,258.16499327547996,256.19552401383123,200.83600518814117,Villahermosa,Tabasco,FALSE,FALSE,FALSE,57.328988087338786,5.557464898549566,0,0
30032,30,Veracruz,Xalapa-Enríquez,30087,232.7758096010035,230.83853907708433,227.01684826286956,Villahermosa,Tabasco,FALSE,FALSE,FALSE,5.758961338133929,5.454362577478827,0,0
30040,30,Veracruz,Xalapa-Enríquez,30087,117.36721570131039,118.6450866379813,117.36721570131039,Xalapa-Enríquez,Veracruz,TRUE,FALSE,FALSE,0,4.773791789692961,0,5
30039,30,Veracruz,Xalapa-Enríquez,30087,306.9547459906976,304.9895023139074,156.04061577876115,Villahermosa,Tabasco,FALSE,FALSE,FALSE,150.91413021193642,5.7299528435768785,0,1
30038,30,Veracruz,Xalapa-Enríquez,30087,10.90191249986256,11.530737734345001,10.90191249986256,Xalapa-Enríquez,Veracruz,TRUE,FALSE,TRUE,0,2.476699101478493,1,3
30037,30,Veracruz,Xalapa-Enríquez,30087,115.26321903612798,116.90431223131407,111.35542366909964,Pachuca de Soto,Hidalgo,FALSE,FALSE,FALSE,3.907795367028342,4.755856750141466,0,5
30036,30,Veracruz,Xalapa-Enríquez,30087,15.129618498354471,15.904605781989611,15.129618498354471,Xalapa-Enríquez,Veracruz,TRUE,FALSE,TRUE,0,2.7806572401744902,1,4
30035,30,Veracruz,Xalapa-Enríquez,30087,223.22183015129028,224.26216497216475,164.08677923629585,Pachuca de Soto,Hidalgo,FALSE,FALSE,FALSE,59.13505091499442,5.41263587499385,0,1
30034,30,Veracruz,Xalapa-Enríquez,30087,202.13172174991468,203.1414988620997,157.81509611978706,Pachuca de Soto,Hidalgo,FALSE,FALSE,FALSE,44.31662563012762,5.313854644228371,0,1
30033,30,Veracruz,Xalapa-Enríquez,30087,134.91099914259036,135.58516129687203,134.91099914259036,Xalapa-Enríquez,Veracruz,TRUE,FALSE,FALSE,0,4.912000253441892,0,3
30030,30,Veracruz,Xalapa-Enríquez,30087,87.2180285669923,87.93553927822474,87.2180285669923,Xalapa-Enríquez,Veracruz,TRUE,FALSE,FALSE,0,4.479811347646238,1,4
30029,30,Veracruz,Xalapa-Enríquez,30087,55.13721769610858,56.32751181025139,55.13721769610858,Xalapa-Enríquez,Veracruz,TRUE,FALSE,FALSE,0,4.027799009607778,1,4
30028,30,Veracruz,Xalapa-Enríquez,30087,95.20851815632787,93.23714620356564,95.20851815632787,Xalapa-Enríquez,Veracruz,TRUE,FALSE,FALSE,0,4.566517900075241,1,1
30027,30,Veracruz,Xalapa-Enríquez,30087,193.01005306277625,194.5653517711172,99.5953777904053,Pachuca de Soto,Hidalgo,FALSE,FALSE,FALSE,93.41467527237096,5.267909977631941,1,5
30026,30,Veracruz,Xalapa-Enríquez,30087,5.737319874723135,7.256016028702305,5.737319874723135,Xalapa-Enríquez,Veracruz,TRUE,FALSE,TRUE,0,1.9076622011427655,1,4
30025,30,Veracruz,Xalapa-Enríquez,30087,32.511226817558025,34.51680706690979,32.511226817558025,Xalapa-Enríquez,Veracruz,TRUE,FALSE,TRUE,0,3.511880511570209,1,4
30024,30,Veracruz,Xalapa-Enríquez,30087,28.745511578859478,29.04349448743335,28.745511578859478,Xalapa-Enríquez,Veracruz,TRUE,FALSE,TRUE,0,3.3926782493105785,1,3
30023,30,Veracruz,Xalapa-Enríquez,30087,45.58595434309799,46.7011216451787,45.58595434309799,Xalapa-Enríquez,Veracruz,TRUE,FALSE,TRUE,0,3.8412990867523993,1,4
30022,30,Veracruz,Xalapa-Enríquez,30087,68.47999046406322,69.1004830420171,68.47999046406322,Xalapa-Enríquez,Veracruz,TRUE,FALSE,FALSE,0,4.241038804125676,1,3
30168,30,Veracruz,Xalapa-Enríquez,30087,90.23978081161027,90.62097860186024,90.23978081161027,Xalapa-Enríquez,Veracruz,TRUE,FALSE,FALSE,0,4.513490995085488,1,4
30166,30,Veracruz,Xalapa-Enríquez,30087,19.80179960574291,18.235695210479207,19.80179960574291,Xalapa-Enríquez,Veracruz,TRUE,FALSE,TRUE,0,3.0350395024715464,1,3
30165,30,Veracruz,Xalapa-Enríquez,30087,55.41310028749663,55.21435533859745,55.41310028749663,Xalapa-Enríquez,Veracruz,TRUE,FALSE,FALSE,0,4.032701406133449,1,3
30164,30,Veracruz,Xalapa-Enríquez,30087,19.051884598937527,19.557743448463775,19.051884598937527,Xalapa-Enríquez,Veracruz,TRUE,FALSE,TRUE,0,2.9983231442948064,1,3
30126,30,Veracruz,Xalapa-Enríquez,30087,58.3177769197581,56.45238020849181,58.3177769197581,Xalapa-Enríquez,Veracruz,TRUE,FALSE,FALSE,0,4.082909040501372,1,3
30050,30,Veracruz,Xalapa-Enríquez,30087,99.6857766337336,101.21986512640864,99.6857766337336,Xalapa-Enríquez,Veracruz,TRUE,FALSE,FALSE,0,4.612004544800482,1,5
30046,30,Veracruz,Xalapa-Enríquez,30087,24.19421711631611,24.857322741051302,24.19421711631611,Xalapa-Enríquez,Veracruz,TRUE,FALSE,TRUE,0,3.22661448867166,1,3
30021,30,Veracruz,Xalapa-Enríquez,30087,69.01972502359045,68.66188640224067,69.01972502359045,Xalapa-Enríquez,Veracruz,TRUE,FALSE,FALSE,0,4.248776988406418,1,3
30128,30,Veracruz,Xalapa-Enríquez,30087,38.65307917341737,40.92204366603277,38.65307917341737,Xalapa-Enríquez,Veracruz,TRUE,FALSE,TRUE,0,3.6801686039159396,1,5
30020,30,Veracruz,Xalapa-Enríquez,30087,97.70846435904608,98.21279376271563,97.70846435904608,Xalapa-Enríquez,Veracruz,TRUE,FALSE,FALSE,0,4.592170701212705,1,4
30101,30,Veracruz,Xalapa-Enríquez,30087,73.23183045679863,74.15304349294647,73.23183045679863,Xalapa-Enríquez,Veracruz,TRUE,FALSE,FALSE,0,4.307193040084463,1,3
30018,30,Veracruz,Xalapa-Enríquez,30087,93.94401666874977,95.0165737301063,93.94401666874977,Xalapa-Enríquez,Veracruz,TRUE,FALSE,FALSE,0,4.55328741967241,2,3
30009,30,Veracruz,Xalapa-Enríquez,30087,39.3802404742753,37.42153787105243,39.3802404742753,Xalapa-Enríquez,Veracruz,TRUE,FALSE,TRUE,0,3.698340568148665,1,3
30112,30,Veracruz,Xalapa-Enríquez,30087,12.188014088957202,11.004782677182087,12.188014088957202,Xalapa-Enríquez,Veracruz,TRUE,FALSE,TRUE,0,2.5793083935253533,1,3
30008,30,Veracruz,Xalapa-Enríquez,30087,54.61506427991685,55.63392661001094,54.61506427991685,Xalapa-Enríquez,Veracruz,TRUE,FALSE,FALSE,0,4.01845410484512,1,3
30007,30,Veracruz,Xalapa-Enríquez,30087,68.8895508932779,67.73001212891283,68.8895508932779,Xalapa-Enríquez,Veracruz,TRUE,FALSE,FALSE,0,4.24691615156022,1,3
30006,30,Veracruz,Xalapa-Enríquez,30087,99.13412296392247,100.03693095899887,99.13412296392247,Xalapa-Enríquez,Veracruz,TRUE,FALSE,FALSE,0,4.60651051698228,1,4
30111,30,Veracruz,Xalapa-Enríquez,30087,325.5163950461592,323.5803154170095,143.71422316060702,Villahermosa,Tabasco,FALSE,FALSE,FALSE,181.80217188555216,5.788480161992253,0,2
30110,30,Veracruz,Xalapa-Enríquez,30087,105.34308406602104,105.51554406746018,105.34308406602104,Xalapa-Enríquez,Veracruz,TRUE,FALSE,FALSE,0,4.6666705095930245,0,4
30005,30,Veracruz,Xalapa-Enríquez,30087,159.5098382879405,157.85598593796155,159.5098382879405,Xalapa-Enríquez,Veracruz,TRUE,FALSE,FALSE,0,5.078355238435618,0,2
30051,30,Veracruz,Xalapa-Enríquez,30087,117.98492801445992,119.5120441131546,116.75752886348249,Pachuca de Soto,Hidalgo,FALSE,FALSE,FALSE,1.2273991509774334,4.778996829749391,0,5
30045,30,Veracruz,Xalapa-Enríquez,30087,168.8759214823389,167.55337741229374,157.72355701756914,Oaxaca de Juárez,Oaxaca,FALSE,FALSE,FALSE,11.15236446476976,5.135068296929525,0,2
30013,30,Veracruz,Xalapa-Enríquez,30087,211.12476757126092,211.99825091348652,173.95776600807065,Pachuca de Soto,Hidalgo,FALSE,FALSE,FALSE,37.16700156319027,5.357174627837872,0,1
30014,30,Veracruz,Xalapa-Enríquez,30087,75.70069210415205,75.62669449570176,75.70069210415205,Xalapa-Enríquez,Veracruz,TRUE,FALSE,FALSE,0,4.3399107318546895,1,4
30002,30,Veracruz,Xalapa-Enríquez,30087,17.903626156003615,17.08896154047803,17.903626156003615,Xalapa-Enríquez,Veracruz,TRUE,FALSE,TRUE,0,2.939353763768812,1,3
30001,30,Veracruz,Xalapa-Enríquez,30087,14.218047994854983,16.466033249992293,14.218047994854983,Xalapa-Enríquez,Veracruz,TRUE,FALSE,TRUE,0,2.722482091570818,1,4
30003,30,Veracruz,Xalapa-Enríquez,30087,258.3488379350149,256.6057550445922,209.05352452575082,Oaxaca de Juárez,Oaxaca,FALSE,FALSE,FALSE,49.29531340926408,5.5581740201049525,0,0
30120,30,Veracruz,Xalapa-Enríquez,30087,291.3795395334677,289.537160333554,184.7529817208515,Villahermosa,Tabasco,FALSE,FALSE,FALSE,106.62655781261623,5.678052751191566,0,1
30127,30,Veracruz,Xalapa-Enríquez,30087,67.92097814052495,68.93996835282185,67.92097814052495,Xalapa-Enríquez,Veracruz,TRUE,FALSE,FALSE,0,4.232960603963616,1,3
30048,30,Veracruz,Xalapa-Enríquez,30087,298.6608983406173,296.7785792041859,173.57904033115642,Villahermosa,Tabasco,FALSE,FALSE,FALSE,125.08185800946086,5.70265149647681,0,1
30059,30,Veracruz,Xalapa-Enríquez,30087,284.3536714027839,282.48977531446354,187.76106477044377,Villahermosa,Tabasco,FALSE,FALSE,FALSE,96.59260663234014,5.653729363214241,0,1
30100,30,Veracruz,Xalapa-Enríquez,30087,76.98741954599869,75.23187907202943,76.98741954599869,Xalapa-Enríquez,Veracruz,TRUE,FALSE,FALSE,0,4.356547525809493,1,2
30087,30,Veracruz,Xalapa-Enríquez,30087,2.270956232854912,0,2.270956232854912,Xalapa-Enríquez,Veracruz,TRUE,TRUE,TRUE,0,1.185082368110542,1,3
30097,30,Veracruz,Xalapa-Enríquez,30087,177.4295825794601,175.53382073523224,177.4295825794601,Xalapa-Enríquez,Veracruz,TRUE,FALSE,FALSE,0,5.184194028032766,0,1
30010,30,Veracruz,Xalapa-Enríquez,30087,34.23510830268634,35.781160694615714,34.23510830268634,Xalapa-Enríquez,Veracruz,TRUE,FALSE,TRUE,0,3.562042980498864,1,4
30108,30,Veracruz,Xalapa-Enríquez,30087,333.8957277725607,332.0790781176496,157.74505032174417,Villahermosa,Tabasco,FALSE,FALSE,FALSE,176.15067745081652,5.813819222993084,0,2
30011,30,Veracruz,Xalapa-Enríquez,30087,138.20569613144747,136.37853511722966,138.20569613144747,Xalapa-Enríquez,Veracruz,TRUE,FALSE,FALSE,0,4.935952667547635,0,1
30012,30,Veracruz,Xalapa-Enríquez,30087,177.37147968750708,175.72964797576503,177.37147968750708,Xalapa-Enríquez,Veracruz,TRUE,FALSE,FALSE,0,5.183868340143288,0,2
30015,30,Veracruz,Xalapa-Enríquez,30087,190.23456728043917,188.32850633322803,190.23456728043917,Xalapa-Enríquez,Veracruz,TRUE,FALSE,FALSE,0,5.253500775492225,0,1
30016,30,Veracruz,Xalapa-Enríquez,30087,68.03938048306557,65.9400838992649,68.03938048306557,Xalapa-Enríquez,Veracruz,TRUE,FALSE,FALSE,0,4.2346770734305315,1,1
30017,30,Veracruz,Xalapa-Enríquez,30087,33.93502517629595,32.279309544104954,33.93502517629595,Xalapa-Enríquez,Veracruz,TRUE,FALSE,TRUE,0,3.5534899126652664,1,3
30117,30,Veracruz,Xalapa-Enríquez,30087,94.41617799854403,93.91319337037041,94.41617799854403,Xalapa-Enríquez,Veracruz,TRUE,FALSE,FALSE,0,4.558248144774586,1,4
30113,30,Veracruz,Xalapa-Enríquez,30087,82.91497230494119,83.07783502458936,82.91497230494119,Xalapa-Enríquez,Veracruz,TRUE,FALSE,FALSE,0,4.429804051723041,1,4
30114,30,Veracruz,Xalapa-Enríquez,30087,63.39620857619468,62.999452894067325,63.39620857619468,Xalapa-Enríquez,Veracruz,TRUE,FALSE,FALSE,0,4.165054758336767,1,3
30115,30,Veracruz,Xalapa-Enríquez,30087,85.16409348696536,85.99743604742682,85.16409348696536,Xalapa-Enríquez,Veracruz,TRUE,FALSE,FALSE,0,4.456253542013953,1,4
30163,30,Veracruz,Xalapa-Enríquez,30087,29.87087444951431,30.186891531418933,29.87087444951431,Xalapa-Enríquez,Veracruz,TRUE,FALSE,TRUE,0,3.4298131649516885,1,4
30019,30,Veracruz,Xalapa-Enríquez,30087,110.17050032610167,110.60316526411441,110.17050032610167,Xalapa-Enríquez,Veracruz,TRUE,FALSE,FALSE,0,4.71106506178502,0,4
30042,30,Veracruz,Xalapa-Enríquez,30087,48.054182365552265,47.08758642045783,48.054182365552265,Xalapa-Enríquez,Veracruz,TRUE,FALSE,TRUE,0,3.892925449767798,1,3
30043,30,Veracruz,Xalapa-Enríquez,30087,50.60671583470339,49.57694824512171,50.60671583470339,Xalapa-Enríquez,Veracruz,TRUE,FALSE,FALSE,0,3.9436518158538387,1,3
30044,30,Veracruz,Xalapa-Enríquez,30087,67.55165683979457,67.68576028416012,67.55165683979457,Xalapa-Enríquez,Veracruz,TRUE,FALSE,FALSE,0,4.2275875755163055,1,3
30047,30,Veracruz,Xalapa-Enríquez,30087,57.40904355948404,58.19485528370694,57.40904355948404,Xalapa-Enríquez,Veracruz,TRUE,FALSE,FALSE,0,4.067470733315928,1,3
30049,30,Veracruz,Xalapa-Enríquez,30087,94.36943612730656,93.00898500369605,94.36943612730656,Xalapa-Enríquez,Veracruz,TRUE,FALSE,FALSE,0,4.557758151098838,1,2
30052,30,Veracruz,Xalapa-Enríquez,30087,86.41626369680849,86.18703910301585,86.41626369680849,Xalapa-Enríquez,Veracruz,TRUE,FALSE,FALSE,0,4.4706813488376165,1,4
30099,30,Veracruz,Xalapa-Enríquez,30087,86.49145604021419,87.49439554752745,86.49145604021419,Xalapa-Enríquez,Veracruz,TRUE,FALSE,FALSE,0,4.471541143341265,1,3
30105,30,Veracruz,Xalapa-Enríquez,30087,99.5227501141445,97.73903737940914,99.5227501141445,Xalapa-Enríquez,Veracruz,TRUE,FALSE,FALSE,0,4.610384071176438,1,1
30184,30,Veracruz,Xalapa-Enríquez,30087,105.1415898137189,105.60624393035617,105.1415898137189,Xalapa-Enríquez,Veracruz,TRUE,FALSE,FALSE,0,4.664773955747332,0,4
30175,30,Veracruz,Xalapa-Enríquez,30087,139.00201020164943,140.06946095706635,139.00201020164943,Xalapa-Enríquez,Veracruz,TRUE,FALSE,FALSE,0,4.941656781089431,0,4
30178,30,Veracruz,Xalapa-Enríquez,30087,175.28451434461147,173.53165655003448,175.28451434461147,Xalapa-Enríquez,Veracruz,TRUE,FALSE,FALSE,0,5.1720992485896735,0,2
30180,30,Veracruz,Xalapa-Enríquez,30087,177.6113514609618,179.31140014252128,82.07927483164882,Pachuca de Soto,Hidalgo,FALSE,FALSE,FALSE,95.53207662931298,5.185212224434778,1,5
30137,30,Veracruz,Xalapa-Enríquez,30087,97.09225154086533,97.44408385120842,97.09225154086533,Xalapa-Enríquez,Veracruz,TRUE,FALSE,FALSE,0,4.585908378139534,1,4
30196,30,Veracruz,Xalapa-Enríquez,30087,79.91943538440339,79.6193854884009,79.91943538440339,Xalapa-Enríquez,Veracruz,TRUE,FALSE,FALSE,0,4.3934540348209685,1,4
30197,30,Veracruz,Xalapa-Enríquez,30087,36.54150095761144,35.716789893938426,36.54150095761144,Xalapa-Enríquez,Veracruz,TRUE,FALSE,TRUE,0,3.62544701324696,1,3
30198,30,Veracruz,Xalapa-Enríquez,30087,182.63797970153686,184.49629420693984,61.21422205163557,Pachuca de Soto,Hidalgo,FALSE,FALSE,FALSE,121.42375764990129,5.212966317913061,1,7
30139,30,Veracruz,Xalapa-Enríquez,30087,181.70741849202182,179.88245235851554,181.70741849202182,Xalapa-Enríquez,Veracruz,TRUE,FALSE,FALSE,0,5.207886067332581,0,1
30186,30,Veracruz,Xalapa-Enríquez,30087,58.131118398271674,58.53025159794229,58.131118398271674,Xalapa-Enríquez,Veracruz,TRUE,FALSE,FALSE,0,4.07975732388136,1,3
30200,30,Veracruz,Xalapa-Enríquez,30087,55.77407793876125,55.05659874304736,55.77407793876125,Xalapa-Enríquez,Veracruz,TRUE,FALSE,FALSE,0,4.039079847239068,1,3
30202,30,Veracruz,Xalapa-Enríquez,30087,195.7249684555948,197.40895686133797,84.35191081975572,Pachuca de Soto,Hidalgo,FALSE,FALSE,FALSE,111.37305763583907,5.281806654073314,1,5
30204,30,Veracruz,Xalapa-Enríquez,30087,331.1418432500278,329.14849101727293,130.76468547238815,Villahermosa,Tabasco,FALSE,FALSE,FALSE,200.37715777763967,5.805562116380923,0,2
30207,30,Veracruz,Xalapa-Enríquez,30087,157.7165521232491,156.5995182995919,148.33400383147952,Oaxaca de Juárez,Oaxaca,FALSE,FALSE,FALSE,9.38254829176958,5.067119920286811,0,2
30208,30,Veracruz,Xalapa-Enríquez,30087,183.75850284221926,182.20909899251777,175.1577494862668,Oaxaca de Juárez,Oaxaca,FALSE,FALSE,FALSE,8.600753355952463,5.219049582272479,0,2
30201,30,Veracruz,Xalapa-Enríquez,30087,98.80474531877617,98.86705178881611,98.80474531877617,Xalapa-Enríquez,Veracruz,TRUE,FALSE,FALSE,0,4.603215730471365,1,4
30181,30,Veracruz,Xalapa-Enríquez,30087,116.71977800274651,115.21523165737757,116.71977800274651,Xalapa-Enríquez,Veracruz,TRUE,FALSE,FALSE,0,4.76830703755604,0,2
30182,30,Veracruz,Xalapa-Enríquez,30087,7.569011171824865,9.837354934603566,7.569011171824865,Xalapa-Enríquez,Veracruz,TRUE,FALSE,TRUE,0,2.148152343435095,1,4
30183,30,Veracruz,Xalapa-Enríquez,30087,59.63540511063153,60.720940355346116,59.63540511063153,Xalapa-Enríquez,Veracruz,TRUE,FALSE,FALSE,0,4.104878965221615,1,4
30076,30,Veracruz,Xalapa-Enríquez,30087,208.73249779075678,210.4504782069706,82.43444759485794,Pachuca de Soto,Hidalgo,FALSE,FALSE,FALSE,126.29805019589884,5.345832898675068,1,4
30077,30,Veracruz,Xalapa-Enríquez,30087,215.1144146583699,213.61071849720713,166.8571709561605,Oaxaca de Juárez,Oaxaca,FALSE,FALSE,FALSE,48.257243702209394,5.375807964936422,0,1
30080,30,Veracruz,Xalapa-Enríquez,30087,55.996525952120955,56.12645286380615,55.996525952120955,Xalapa-Enríquez,Veracruz,TRUE,FALSE,FALSE,0,4.042990317768728,1,3
30081,30,Veracruz,Xalapa-Enríquez,30087,77.08674373566173,77.90879040399835,77.08674373566173,Xalapa-Enríquez,Veracruz,TRUE,FALSE,FALSE,0,4.357820307940541,1,3
30082,30,Veracruz,Xalapa-Enríquez,30087,315.5924715664023,313.6790840391388,155.30051080119733,Villahermosa,Tabasco,FALSE,FALSE,FALSE,160.29196076520498,5.7576153681572455,0,2
30083,30,Veracruz,Xalapa-Enríquez,30087,173.34191671784595,174.84672061092,103.7180582807204,Pachuca de Soto,Hidalgo,FALSE,FALSE,FALSE,69.62385843712555,5.161018409660003,0,5
30084,30,Veracruz,Xalapa-Enríquez,30087,159.7130270405791,158.18573403065602,159.7130270405791,Xalapa-Enríquez,Veracruz,TRUE,FALSE,FALSE,0,5.079620333805031,0,2
30085,30,Veracruz,Xalapa-Enríquez,30087,77.51749404588762,77.91556985201959,77.51749404588762,Xalapa-Enríquez,Veracruz,TRUE,FALSE,FALSE,0,4.36332145404782,1,4
30086,30,Veracruz,Xalapa-Enríquez,30087,46.7081063551043,48.66540699895588,46.7081063551043,Xalapa-Enríquez,Veracruz,TRUE,FALSE,TRUE,0,3.865101328006809,1,5
30088,30,Veracruz,Xalapa-Enríquez,30087,27.644993409594598,26.381235444342767,27.644993409594598,Xalapa-Enríquez,Veracruz,TRUE,FALSE,TRUE,0,3.3549786777887602,1,3
30089,30,Veracruz,Xalapa-Enríquez,30087,295.8629785289903,294.080577983649,189.61904053110067,Villahermosa,Tabasco,FALSE,FALSE,FALSE,106.24393799788965,5.6932706805929945,0,1
30090,30,Veracruz,Xalapa-Enríquez,30087,91.29483860954973,89.59121135671381,91.29483860954973,Xalapa-Enríquez,Veracruz,TRUE,FALSE,FALSE,0,4.524988220222053,1,1
30091,30,Veracruz,Xalapa-Enríquez,30087,316.0565764101643,314.52828264261734,197.59095730430903,Oaxaca de Juárez,Oaxaca,FALSE,FALSE,FALSE,118.4656191058553,5.759080232432619,0,1
30092,30,Veracruz,Xalapa-Enríquez,30087,18.655174012203904,20.559126822103135,18.655174012203904,Xalapa-Enríquez,Veracruz,TRUE,FALSE,TRUE,0,2.9783406121647733,1,4
30041,30,Veracruz,Xalapa-Enríquez,30087,84.8814223509919,84.94022434930731,84.8814223509919,Xalapa-Enríquez,Veracruz,TRUE,FALSE,FALSE,0,4.452967534948325,1,4
30053,30,Veracruz,Xalapa-Enríquez,30087,85.02966497172578,84.53678530548038,85.02966497172578,Xalapa-Enríquez,Veracruz,TRUE,FALSE,FALSE,0,4.4546921783065505,1,4
30054,30,Veracruz,Xalapa-Enríquez,30087,187.26555944392436,185.85877179696934,159.45480439471814,Oaxaca de Juárez,Oaxaca,FALSE,FALSE,FALSE,27.81075504920622,5.237853516353001,0,2
30055,30,Veracruz,Xalapa-Enríquez,30087,235.0604924880216,236.49317945431014,128.53674468826634,Pachuca de Soto,Hidalgo,FALSE,FALSE,FALSE,106.52374779975526,5.464088096281986,0,1
30056,30,Veracruz,Xalapa-Enríquez,30087,248.44257684918966,249.91970569485943,130.61939476221573,Pachuca de Soto,Hidalgo,FALSE,FALSE,FALSE,117.82318208697393,5.519228735793269,0,1
30057,30,Veracruz,Xalapa-Enríquez,30087,27.232292079942326,26.125358962394454,27.232292079942326,Xalapa-Enríquez,Veracruz,TRUE,FALSE,TRUE,0,3.340466432024409,1,3
30058,30,Veracruz,Xalapa-Enríquez,30087,199.34373440881643,200.68673531089314,124.31311183025926,Pachuca de Soto,Hidalgo,FALSE,FALSE,FALSE,75.03062257855717,5.300034563365367,0,3
30060,30,Veracruz,Xalapa-Enríquez,30087,216.92693273162186,217.75909097550488,180.39912522379043,Pachuca de Soto,Hidalgo,FALSE,FALSE,FALSE,36.527807507831426,5.384159835650887,0,1
30061,30,Veracruz,Xalapa-Enríquez,30087,382.2715523217229,380.41005924355807,120.04992953672273,Villahermosa,Tabasco,FALSE,FALSE,FALSE,262.22162278500014,5.948743751843876,0,2
30062,30,Veracruz,Xalapa-Enríquez,30087,61.39146524996198,61.92849346948501,61.39146524996198,Xalapa-Enríquez,Veracruz,TRUE,FALSE,FALSE,0,4.1334284911804975,1,3
30063,30,Veracruz,Xalapa-Enríquez,30087,231.47350357515495,232.56476824041812,163.20302688228816,Pachuca de Soto,Hidalgo,FALSE,FALSE,FALSE,68.2704766928668,5.448776255415509,0,1
30093,30,Veracruz,Xalapa-Enríquez,30087,7.480212266465589,8.030600478770504,7.480212266465589,Xalapa-Enríquez,Veracruz,TRUE,FALSE,TRUE,0,2.13773548091336,1,4
30094,30,Veracruz,Xalapa-Enríquez,30087,236.97862055936616,235.41724152908452,176.00161218022947,Oaxaca de Juárez,Oaxaca,FALSE,FALSE,FALSE,60.97700837913669,5.472180840054061,0,1
30095,30,Veracruz,Xalapa-Enríquez,30087,39.99382368505276,38.559981793861795,39.99382368505276,Xalapa-Enríquez,Veracruz,TRUE,FALSE,TRUE,0,3.7134214135287067,1,3
30096,30,Veracruz,Xalapa-Enríquez,30087,22.89728032318753,22.426924227267993,22.89728032318753,Xalapa-Enríquez,Veracruz,TRUE,FALSE,TRUE,0,3.1737646584535457,1,3
30104,30,Veracruz,Xalapa-Enríquez,30087,260.3344597560613,258.40680749278533,202.18958439987546,Villahermosa,Tabasco,FALSE,FALSE,FALSE,58.14487535618582,5.565801041964059,0,0
30118,30,Veracruz,Xalapa-Enríquez,30087,78.60011605317997,79.22203112439094,78.60011605317997,Xalapa-Enríquez,Veracruz,TRUE,FALSE,FALSE,0,4.3770155508037965,1,3
30119,30,Veracruz,Xalapa-Enríquez,30087,177.80292182528498,176.63068370405475,141.47791370433586,Oaxaca de Juárez,Oaxaca,FALSE,FALSE,FALSE,36.32500812094912,5.186284203910622,0,2
30121,30,Veracruz,Xalapa-Enríquez,30087,259.0853509474689,259.94210697137993,202.0005559160308,Pachuca de Soto,Hidalgo,FALSE,FALSE,FALSE,57.08479503143809,5.561009850020657,0,0
30123,30,Veracruz,Xalapa-Enríquez,30087,315.7335785538703,316.73521572220903,200.35285837360186,Ciudad Victoria,Tamaulipas,FALSE,FALSE,FALSE,115.38072018026844,5.758060974302062,0,0
30124,30,Veracruz,Xalapa-Enríquez,30087,103.40985001106753,104.29164707231823,103.40985001106753,Xalapa-Enríquez,Veracruz,TRUE,FALSE,FALSE,0,4.648324019762988,0,4
30125,30,Veracruz,Xalapa-Enríquez,30087,71.18132973947078,70.38438355285982,71.18132973947078,Xalapa-Enríquez,Veracruz,TRUE,FALSE,FALSE,0,4.279181421592342,1,3
30129,30,Veracruz,Xalapa-Enríquez,30087,249.1014933957505,250.5309517764637,136.54359520971116,Pachuca de Soto,Hidalgo,FALSE,FALSE,FALSE,112.55789818603935,5.5218668090602705,0,1
30130,30,Veracruz,Xalapa-Enríquez,30087,237.27584220053325,235.9975120987171,138.29800039173094,Oaxaca de Juárez,Oaxaca,FALSE,FALSE,FALSE,98.97784180880231,5.47342900339108,0,1
30122,30,Veracruz,Xalapa-Enríquez,30087,277.5875360544971,275.6587214992147,186.42234974629298,Villahermosa,Tabasco,FALSE,FALSE,FALSE,91.16518630820411,5.629732322564959,0,1
30132,30,Veracruz,Xalapa-Enríquez,30087,21.10263460119142,23.18942532239816,21.10263460119142,Xalapa-Enríquez,Veracruz,TRUE,FALSE,TRUE,0,3.0956968141420287,1,4
30133,30,Veracruz,Xalapa-Enríquez,30087,306.7213727059815,307.50036687300104,213.7179732857653,Ciudad Victoria,Tamaulipas,FALSE,FALSE,FALSE,93.00339942021617,5.729194739473743,0,0
30134,30,Veracruz,Xalapa-Enríquez,30087,44.91886185401673,43.11542140620807,44.91886185401673,Xalapa-Enríquez,Veracruz,TRUE,FALSE,TRUE,0,3.826875966295104,1,3
30135,30,Veracruz,Xalapa-Enríquez,30087,85.39314487416046,86.00621435853566,85.39314487416046,Xalapa-Enríquez,Veracruz,TRUE,FALSE,FALSE,0,4.458908330928034,1,4
30106,30,Veracruz,Xalapa-Enríquez,30087,20.116556081131037,19.896057251062484,20.116556081131037,Xalapa-Enríquez,Veracruz,TRUE,FALSE,TRUE,0,3.0500573812012393,1,3
30102,30,Veracruz,Xalapa-Enríquez,30087,66.62111421001741,67.15865661229283,66.62111421001741,Xalapa-Enríquez,Veracruz,TRUE,FALSE,FALSE,0,4.213920274665688,1,4
30170,30,Veracruz,Xalapa-Enríquez,30087,188.25209077176012,190.0102341725307,74.2514326025201,Pachuca de Soto,Hidalgo,FALSE,FALSE,FALSE,114.00065816924003,5.243079939927656,1,5
30171,30,Veracruz,Xalapa-Enríquez,30087,102.90564544768549,103.21294915917669,102.90564544768549,Xalapa-Enríquez,Veracruz,TRUE,FALSE,FALSE,0,4.643483232025463,0,4
30172,30,Veracruz,Xalapa-Enríquez,30087,295.45724531594294,293.73839054953567,199.20838206540375,Villahermosa,Tabasco,FALSE,FALSE,FALSE,96.24886325053919,5.691903010117639,0,1
30174,30,Veracruz,Xalapa-Enríquez,30087,127.880977404522,126.72578781984632,127.880977404522,Xalapa-Enríquez,Veracruz,TRUE,FALSE,FALSE,0,4.858889322673932,0,2
30176,30,Veracruz,Xalapa-Enríquez,30087,180.10368572904434,178.82696540236068,149.3434165371047,Oaxaca de Juárez,Oaxaca,FALSE,FALSE,FALSE,30.760269191939642,5.199069716582018,0,2
30179,30,Veracruz,Xalapa-Enríquez,30087,42.06700346453528,41.393687575443195,42.06700346453528,Xalapa-Enríquez,Veracruz,TRUE,FALSE,TRUE,0,3.762757123033759,1,3
30177,30,Veracruz,Xalapa-Enríquez,30087,20.038763160663912,21.235811386275483,20.038763160663912,Xalapa-Enríquez,Veracruz,TRUE,FALSE,TRUE,0,3.046366601002047,1,4
30193,30,Veracruz,Xalapa-Enríquez,30087,82.31502627564386,80.32617058947031,82.31502627564386,Xalapa-Enríquez,Veracruz,TRUE,FALSE,FALSE,0,4.4226289203676465,1,1
30143,30,Veracruz,Xalapa-Enríquez,30087,202.87197081001247,201.09190537927694,202.87197081001247,Xalapa-Enríquez,Veracruz,TRUE,FALSE,FALSE,0,5.317492202756056,0,0
30144,30,Veracruz,Xalapa-Enríquez,30087,288.49923259172374,286.86249069987514,202.54913843345986,Oaxaca de Juárez,Oaxaca,FALSE,FALSE,FALSE,85.95009415826388,5.668152646203747,0,0
30142,30,Veracruz,Xalapa-Enríquez,30087,269.1019053787917,267.5422714020716,183.08689573869722,Oaxaca de Juárez,Oaxaca,FALSE,FALSE,FALSE,86.01500964009446,5.5987993151194555,0,1
30151,30,Veracruz,Xalapa-Enríquez,30087,205.45720112568284,206.13941316260286,187.90637509912773,Pachuca de Soto,Hidalgo,FALSE,FALSE,FALSE,17.550826026555114,5.3300931324488126,0,1
30152,30,Veracruz,Xalapa-Enríquez,30087,278.5093428034104,279.24464950060224,226.35436036410016,Pachuca de Soto,Hidalgo,FALSE,FALSE,FALSE,52.15498243931023,5.633035718882322,0,0
30153,30,Veracruz,Xalapa-Enríquez,30087,209.9312197177149,210.91343446708103,163.5266715099353,Pachuca de Soto,Hidalgo,FALSE,FALSE,FALSE,46.404548207779584,5.351532107433527,0,1
30154,30,Veracruz,Xalapa-Enríquez,30087,225.40992797747958,226.29883724961638,179.4917242043149,Pachuca de Soto,Hidalgo,FALSE,FALSE,FALSE,45.91820377316469,5.4223471968582135,0,1
30155,30,Veracruz,Xalapa-Enríquez,30087,242.01021830708697,243.24090661715294,154.4829328038705,Pachuca de Soto,Hidalgo,FALSE,FALSE,FALSE,87.52728550321646,5.493103493102893,0,1
30156,30,Veracruz,Xalapa-Enríquez,30087,25.927050830630403,27.57664094465277,25.927050830630403,Xalapa-Enríquez,Veracruz,TRUE,FALSE,TRUE,0,3.2931313884103357,1,4
30157,30,Veracruz,Xalapa-Enríquez,30087,153.02872697227915,154.20982224562948,133.01508662671316,Pachuca de Soto,Hidalgo,FALSE,FALSE,FALSE,20.01364034556599,5.037139123798467,0,4
30158,30,Veracruz,Xalapa-Enríquez,30087,93.73721496595681,94.05640511570199,93.73721496595681,Xalapa-Enríquez,Veracruz,TRUE,FALSE,FALSE,0,4.5511069004618365,1,4
30159,30,Veracruz,Xalapa-Enríquez,30087,112.84286145168217,113.16515774408266,112.84286145168217,Xalapa-Enríquez,Veracruz,TRUE,FALSE,FALSE,0,4.734819089197272,0,4
30160,30,Veracruz,Xalapa-Enríquez,30087,178.0778186350192,179.14656914581658,145.192366292286,Pachuca de Soto,Hidalgo,FALSE,FALSE,FALSE,32.8854523427332,5.1878204523460365,0,3
30161,30,Veracruz,Xalapa-Enríquez,30087,270.61036446709915,271.89166698163694,166.46172871758031,Pachuca de Soto,Hidalgo,FALSE,FALSE,FALSE,104.14863574951883,5.6043685557336795,0,1
30167,30,Veracruz,Xalapa-Enríquez,30087,202.78284419929366,203.89721132213617,148.25983032183757,Pachuca de Soto,Hidalgo,FALSE,FALSE,FALSE,54.523013877456094,5.317054937654027,0,1
31009,31,Yucatán,Mérida,31050,57.97819530283194,62.064433709772125,57.97819530283194,Mérida,Yucatán,TRUE,FALSE,FALSE,0,4.077167804459034,1,1
31007,31,Yucatán,Mérida,31050,35.31929315194675,40.195426171954715,35.31929315194675,Mérida,Yucatán,TRUE,FALSE,TRUE,0,3.5923490918682366,1,2
31019,31,Yucatán,Mérida,31050,184.6013668804856,189.64070336986447,184.6013668804856,Mérida,Yucatán,TRUE,FALSE,FALSE,0,5.22360118498277,0,1
31101,31,Yucatán,Mérida,31050,21.864330846260994,19.09302042156926,21.864330846260994,Mérida,Yucatán,TRUE,FALSE,TRUE,0,3.129578091265683,1,2
31106,31,Yucatán,Mérida,31050,60.340270962148956,63.5994100992323,60.340270962148956,Mérida,Yucatán,TRUE,FALSE,FALSE,0,4.116436576057323,1,1
31105,31,Yucatán,Mérida,31050,18.285730542660737,21.983792292680693,18.285730542660737,Mérida,Yucatán,TRUE,FALSE,TRUE,0,2.9593654723355396,1,2
31103,31,Yucatán,Mérida,31050,51.67480670904414,56.7683664822373,51.67480670904414,Mérida,Yucatán,TRUE,FALSE,FALSE,0,3.964137290182697,1,2
31097,31,Yucatán,Mérida,31050,88.0301207385795,93.05570442973132,88.0301207385795,Mérida,Yucatán,TRUE,FALSE,FALSE,0,4.488974747740782,1,1
31095,31,Yucatán,Mérida,31050,15.614252373968007,20.63103402535452,15.614252373968007,Mérida,Yucatán,TRUE,FALSE,TRUE,0,2.810260903741377,1,2
31081,31,Yucatán,Mérida,31050,134.66553437261322,139.73824506439394,134.66553437261322,Mérida,Yucatán,TRUE,FALSE,FALSE,0,4.910192550591842,0,1
31090,31,Yucatán,Mérida,31050,22.971319208201134,25.98071840789827,22.971319208201134,Mérida,Yucatán,TRUE,FALSE,TRUE,0,3.1768580827350132,1,2
31088,31,Yucatán,Mérida,31050,55.56169337803063,60.14202112141387,55.56169337803063,Mérida,Yucatán,TRUE,FALSE,FALSE,0,4.035331960638559,1,1
31087,31,Yucatán,Mérida,31050,48.10853397632497,43.26489664670614,48.10853397632497,Mérida,Yucatán,TRUE,FALSE,TRUE,0,3.8940328277693936,1,2
31066,31,Yucatán,Mérida,31050,78.33606494415112,79.02166469355298,78.33606494415112,Mérida,Yucatán,TRUE,FALSE,FALSE,0,4.373692816479727,2,2
31086,31,Yucatán,Mérida,31050,62.095955313299214,66.70221332521773,62.095955313299214,Mérida,Yucatán,TRUE,FALSE,FALSE,0,4.144656667861941,1,1
31083,31,Yucatán,Mérida,31050,50.13143317034315,52.439775219311414,50.13143317034315,Mérida,Yucatán,TRUE,FALSE,FALSE,0,3.934399438629512,1,1
31082,31,Yucatán,Mérida,31050,44.41350524223847,47.55992978808987,44.41350524223847,Mérida,Yucatán,TRUE,FALSE,TRUE,0,3.815809533107193,1,1
31080,31,Yucatán,Mérida,31050,54.83217284126185,59.00471179333911,54.83217284126185,Mérida,Yucatán,TRUE,FALSE,FALSE,0,4.022350277448378,1,2
31102,31,Yucatán,Mérida,31050,158.08151118414384,163.17931501627606,158.08151118414384,Mérida,Yucatán,TRUE,FALSE,FALSE,0,5.069416719817527,0,1
31071,31,Yucatán,Mérida,31050,83.39508697274887,88.49770594160269,83.39508697274887,Mérida,Yucatán,TRUE,FALSE,FALSE,0,4.435509188684218,1,1
31069,31,Yucatán,Mérida,31050,74.13351011818223,79.04976873417972,74.13351011818223,Mérida,Yucatán,TRUE,FALSE,FALSE,0,4.319266665883098,1,2
31078,31,Yucatán,Mérida,31050,50.964897992888886,55.76268391006572,50.964897992888886,Mérida,Yucatán,TRUE,FALSE,FALSE,0,3.950568452041997,1,2
31037,31,Yucatán,Mérida,31050,56.3400447912021,61.26831114934023,56.3400447912021,Mérida,Yucatán,TRUE,FALSE,FALSE,0,4.048999241605984,1,2
31027,31,Yucatán,Mérida,31050,68.58786708977605,72.1412716181375,68.58786708977605,Mérida,Yucatán,TRUE,FALSE,FALSE,0,4.2425902287215225,1,1
31058,31,Yucatán,Mérida,31050,126.23640097753768,130.46120977263482,126.23640097753768,Mérida,Yucatán,TRUE,FALSE,FALSE,0,4.846046781173909,0,3
31055,31,Yucatán,Mérida,31050,52.972743438680276,51.986064731411794,52.972743438680276,Mérida,Yucatán,TRUE,FALSE,FALSE,0,3.9884791679989875,1,2
31036,31,Yucatán,Mérida,31050,47.29550173526951,51.947595164501074,47.29550173526951,Mérida,Yucatán,TRUE,FALSE,TRUE,0,3.8773384245465357,1,2
31032,31,Yucatán,Mérida,31050,127.97538647118162,132.8135702974301,127.97538647118162,Mérida,Yucatán,TRUE,FALSE,FALSE,0,4.85962158360757,0,1
31077,31,Yucatán,Mérida,31050,77.25496631810083,82.05092394921103,77.25496631810083,Mérida,Yucatán,TRUE,FALSE,FALSE,0,4.3599722947302695,1,1
31074,31,Yucatán,Mérida,31050,32.70198519651925,37.804555845571414,32.70198519651925,Mérida,Yucatán,TRUE,FALSE,TRUE,0,3.5175567435318964,1,2
31026,31,Yucatán,Mérida,31050,41.023677080835746,43.27979686161375,41.023677080835746,Mérida,Yucatán,TRUE,FALSE,TRUE,0,3.7382331994615563,1,1
31025,31,Yucatán,Mérida,31050,64.2089933379625,66.90023032492321,64.2089933379625,Mérida,Yucatán,TRUE,FALSE,FALSE,0,4.177597394051827,1,2
31001,31,Yucatán,Mérida,31050,34.915302589003055,35.81967682717213,34.915302589003055,Mérida,Yucatán,TRUE,FALSE,TRUE,0,3.5811634606340568,1,2
31050,31,Yucatán,Mérida,31050,5.10506813882124,0,5.10506813882124,Mérida,Yucatán,TRUE,TRUE,TRUE,0,1.8091192686504631,1,2
31023,31,Yucatán,Mérida,31050,37.368488541113734,35.14191070620333,37.368488541113734,Mérida,Yucatán,TRUE,FALSE,TRUE,0,3.6472365117997394,1,2
31035,31,Yucatán,Mérida,31050,46.064318164471835,51.16086497999404,46.064318164471835,Mérida,Yucatán,TRUE,FALSE,TRUE,0,3.8515151377907033,1,2
31034,31,Yucatán,Mérida,31050,40.09706281194746,45.13378280064425,40.09706281194746,Mérida,Yucatán,TRUE,FALSE,TRUE,0,3.7159366545189827,1,2
31016,31,Yucatán,Mérida,31050,104.08358184672308,108.11083606072098,104.08358184672308,Mérida,Yucatán,TRUE,FALSE,FALSE,0,4.654756051091392,0,2
31015,31,Yucatán,Mérida,31050,37.50967831000259,41.98099512080774,37.50967831000259,Mérida,Yucatán,TRUE,FALSE,TRUE,0,3.6509095943772976,1,2
31013,31,Yucatán,Mérida,31050,14.974121509843336,17.168332505290806,14.974121509843336,Mérida,Yucatán,TRUE,FALSE,TRUE,0,2.7709700071924046,1,2
31049,31,Yucatán,Mérida,31050,67.34889569802928,71.58773710104683,67.34889569802928,Mérida,Yucatán,TRUE,FALSE,FALSE,0,4.224625406463423,1,2
31065,31,Yucatán,Mérida,31050,144.1792443011319,148.12315330783568,144.1792443011319,Mérida,Yucatán,TRUE,FALSE,FALSE,0,4.977969146588511,0,1
31064,31,Yucatán,Mérida,31050,45.54962406550061,50.530702934327046,45.54962406550061,Mérida,Yucatán,TRUE,FALSE,TRUE,0,3.8405189277613703,1,2
31073,31,Yucatán,Mérida,31050,106.80111959934962,111.17342067921591,106.80111959934962,Mérida,Yucatán,TRUE,FALSE,FALSE,0,4.680288044314745,0,2
31072,31,Yucatán,Mérida,31050,48.09263955828075,52.37916643734271,48.09263955828075,Mérida,Yucatán,TRUE,FALSE,TRUE,0,3.893709116399948,1,1
31093,31,Yucatán,Mérida,31050,22.423020325425394,27.291551374618482,22.423020325425394,Mérida,Yucatán,TRUE,FALSE,TRUE,0,3.1537193133653973,1,2
31061,31,Yucatán,Mérida,31050,168.31128712549713,172.3245800414474,168.31128712549713,Mérida,Yucatán,TRUE,FALSE,FALSE,0,5.131738956293614,0,1
31014,31,Yucatán,Mérida,31050,134.39780427509078,139.502872404157,134.39780427509078,Mérida,Yucatán,TRUE,FALSE,FALSE,0,4.908217143766852,0,1
31089,31,Yucatán,Mérida,31050,66.95230493581056,68.77100135462872,66.95230493581056,Mérida,Yucatán,TRUE,FALSE,FALSE,0,4.218806061078661,1,2
31070,31,Yucatán,Mérida,31050,129.03066459108024,133.54871373504764,129.03066459108024,Mérida,Yucatán,TRUE,FALSE,FALSE,0,4.86777030410977,0,1
31068,31,Yucatán,Mérida,31050,52.63959609786433,55.69158904833136,52.63959609786433,Mérida,Yucatán,TRUE,FALSE,FALSE,0,3.982287528516827,1,1
31012,31,Yucatán,Mérida,31050,104.91819644188134,109.726321052473,104.91819644188134,Mérida,Yucatán,TRUE,FALSE,FALSE,0,4.6626670644935135,0,1
31010,31,Yucatán,Mérida,31050,82.126978291110035,86.56590797546762,82.126978291110035,Mérida,Yucatán,TRUE,FALSE,FALSE,0,4.420369297683624,1,2
31002,31,Yucatán,Mérida,31050,21.82925259403613,26.362209232590537,21.82925259403613,Mérida,Yucatán,TRUE,FALSE,TRUE,0,3.1280427221186478,1,2
31063,31,Yucatán,Mérida,31050,36.505254080255256,32.667266865854074,36.505254080255256,Mérida,Yucatán,TRUE,FALSE,TRUE,0,3.6244810319688496,1,2
31060,31,Yucatán,Mérida,31050,100.08021215799786,105.13328615727191,100.08021215799786,Mérida,Yucatán,TRUE,FALSE,FALSE,0,4.615914381429523,0,1
31054,31,Yucatán,Mérida,31050,29.230561548997372,33.566844418386786,29.230561548997372,Mérida,Yucatán,TRUE,FALSE,TRUE,0,3.4088533845036326,1,2
31053,31,Yucatán,Mérida,31050,58.715275075271705,59.034252170245985,58.715275075271705,Mérida,Yucatán,TRUE,FALSE,FALSE,0,4.089587851578368,1,2
31076,31,Yucatán,Mérida,31050,36.58226241456299,39.97352719143954,36.58226241456299,Mérida,Yucatán,TRUE,FALSE,TRUE,0,3.6265321947959652,1,2
31098,31,Yucatán,Mérida,31050,126.95078840496366,130.47078905881006,126.95078840496366,Mérida,Yucatán,TRUE,FALSE,FALSE,0,4.851645724407554,0,3
31042,31,Yucatán,Mérida,31050,67.09126541062318,72.18611635617674,67.09126541062318,Mérida,Yucatán,TRUE,FALSE,FALSE,0,4.220848943704963,1,2
31052,31,Yucatán,Mérida,31050,37.899276236636894,41.54423404048783,37.899276236636894,Mérida,Yucatán,TRUE,FALSE,TRUE,0,3.6609756447093296,1,2
31006,31,Yucatán,Mérida,31050,101.49484065807165,105.84409246272271,101.49484065807165,Mérida,Yucatán,TRUE,FALSE,FALSE,0,4.629812462268409,0,1
31056,31,Yucatán,Mérida,31050,90.7837898379732,92.71076785108473,90.7837898379732,Mérida,Yucatán,TRUE,FALSE,FALSE,0,4.519435700748439,1,2
31057,31,Yucatán,Mérida,31050,139.3692959979475,143.62376046964914,139.3692959979475,Mérida,Yucatán,TRUE,FALSE,FALSE,0,4.944276778202372,0,1
31028,31,Yucatán,Mérida,31050,108.41283251706322,112.10745974795756,108.41283251706322,Mérida,Yucatán,TRUE,FALSE,FALSE,0,4.695128182167963,0,1
31062,31,Yucatán,Mérida,31050,48.519026275487036,49.90815116110933,48.519026275487036,Mérida,Yucatán,TRUE,FALSE,TRUE,0,3.9023569649254846,1,2
31051,31,Yucatán,Mérida,31050,23.077095518631296,25.45102755681786,23.077095518631296,Mérida,Yucatán,TRUE,FALSE,TRUE,0,3.1812609951686457,1,2
31040,31,Yucatán,Mérida,31050,62.947231811847686,67.96608379833643,62.947231811847686,Mérida,Yucatán,TRUE,FALSE,FALSE,0,4.158058240330294,1,1
31085,31,Yucatán,Mérida,31050,158.50311518506854,163.46855408315997,158.50311518506854,Mérida,Yucatán,TRUE,FALSE,FALSE,0,5.0720634529750415,0,1
31104,31,Yucatán,Mérida,31050,100.76969593675112,105.68781114850223,100.76969593675112,Mérida,Yucatán,TRUE,FALSE,FALSE,0,4.622712377450051,0,2
31091,31,Yucatán,Mérida,31050,115.3372400379052,120.43569658816463,115.3372400379052,Mérida,Yucatán,TRUE,FALSE,FALSE,0,4.756493214958179,0,1
31048,31,Yucatán,Mérida,31050,62.40862145870367,59.51973722311492,62.40862145870367,Mérida,Yucatán,TRUE,FALSE,FALSE,0,4.149599837351092,2,2
31096,31,Yucatán,Mérida,31050,183.21932406678698,187.8026590096012,183.21932406678698,Mérida,Yucatán,TRUE,FALSE,FALSE,0,5.21612702639033,0,1
31099,31,Yucatán,Mérida,31050,133.30047412660983,138.3647230225499,133.30047412660983,Mérida,Yucatán,TRUE,FALSE,FALSE,0,4.900079633877464,0,1
31005,31,Yucatán,Mérida,31050,43.298236656296886,48.09635468731781,43.298236656296886,Mérida,Yucatán,TRUE,FALSE,TRUE,0,3.7909448716606016,1,2
31047,31,Yucatán,Mérida,31050,68.40769988424648,71.52302725542795,68.40769988424648,Mérida,Yucatán,TRUE,FALSE,FALSE,0,4.239997810699063,1,2
31046,31,Yucatán,Mérida,31050,55.570826793357085,58.92177732422588,55.570826793357085,Mérida,Yucatán,TRUE,FALSE,FALSE,0,4.035493424651426,1,2
31045,31,Yucatán,Mérida,31050,47.9648727746377,46.0009120291119,47.9648727746377,Mérida,Yucatán,TRUE,FALSE,TRUE,0,3.891103158877494,1,2
31044,31,Yucatán,Mérida,31050,49.171783588480665,44.8742333396435,49.171783588480665,Mérida,Yucatán,TRUE,FALSE,TRUE,0,3.9154527887608084,1,2
31100,31,Yucatán,Mérida,31050,22.127201614111364,17.180199688503883,22.127201614111364,Mérida,Yucatán,TRUE,FALSE,TRUE,0,3.1410094838013323,1,2
31043,31,Yucatán,Mérida,31050,126.47024052636475,131.5708598924659,126.47024052636475,Mérida,Yucatán,TRUE,FALSE,FALSE,0,4.847882929718324,0,1
31020,31,Yucatán,Mérida,31050,21.32004545163365,22.145604570571287,21.32004545163365,Mérida,Yucatán,TRUE,FALSE,TRUE,0,3.1054851738745515,1,2
31067,31,Yucatán,Mérida,31050,26.88682165313396,31.84291470591559,26.88682165313396,Mérida,Yucatán,TRUE,FALSE,TRUE,0,3.328154235057033,1,2
31075,31,Yucatán,Mérida,31050,75.63930467852796,79.44077213709689,75.63930467852796,Mérida,Yucatán,TRUE,FALSE,FALSE,0,4.339110061055269,1,2
31004,31,Yucatán,Mérida,31050,27.16374856020407,30.139137419592238,27.16374856020407,Mérida,Yucatán,TRUE,FALSE,TRUE,0,3.338035638915148,1,2
31003,31,Yucatán,Mérida,31050,81.87069680206227,84.84425444134824,81.87069680206227,Mérida,Yucatán,TRUE,FALSE,FALSE,0,4.417281523200915,1,2
31022,31,Yucatán,Mérida,31050,134.50557730254965,139.36073828370286,134.50557730254965,Mérida,Yucatán,TRUE,FALSE,FALSE,0,4.909012800377094,0,2
31033,31,Yucatán,Mérida,31050,78.44128750669256,75.28898284302267,78.44128750669256,Mérida,Yucatán,TRUE,FALSE,FALSE,0,4.37501822689023,2,2
31079,31,Yucatán,Mérida,31050,118.136997556014,120.84816904080887,118.136997556014,Mérida,Yucatán,TRUE,FALSE,FALSE,0,4.780274070909464,0,3
31059,31,Yucatán,Mérida,31050,31.957787376877413,30.149115004646788,31.957787376877413,Mérida,Yucatán,TRUE,FALSE,TRUE,0,3.4952275722320105,1,2
31094,31,Yucatán,Mérida,31050,95.23630437295428,99.18008213090187,95.23630437295428,Mérida,Yucatán,TRUE,FALSE,FALSE,0,4.566806670814348,1,2
31084,31,Yucatán,Mérida,31050,77.59151634631452,81.93386825281819,77.59151634631452,Mérida,Yucatán,TRUE,FALSE,FALSE,0,4.36426375908455,1,1
31029,31,Yucatán,Mérida,31050,97.12119724615037,101.04832898467343,97.12119724615037,Mérida,Yucatán,TRUE,FALSE,FALSE,0,4.58620342117225,1,1
31041,31,Yucatán,Mérida,31050,7.651316288922921,12.394470495061611,7.651316288922921,Mérida,Yucatán,TRUE,FALSE,TRUE,0,2.157711481496601,1,2
31038,31,Yucatán,Mérida,31050,41.98527233739412,36.88020419912755,41.98527233739412,Mérida,Yucatán,TRUE,FALSE,TRUE,0,3.7608575532442137,1,2
31030,31,Yucatán,Mérida,31050,110.68814027872907,115.73640566823401,110.68814027872907,Mérida,Yucatán,TRUE,FALSE,FALSE,0,4.715710525673033,0,1
31021,31,Yucatán,Mérida,31050,157.61759178739163,162.70060758233473,157.61759178739163,Mérida,Yucatán,TRUE,FALSE,FALSE,0,5.066496222263989,0,1
31039,31,Yucatán,Mérida,31050,32.17975370675253,33.14998772741186,32.17975370675253,Mérida,Yucatán,TRUE,FALSE,TRUE,0,3.5019398617917865,1,2
31092,31,Yucatán,Mérida,31050,146.28097489531586,151.32031700414203,146.28097489531586,Mérida,Yucatán,TRUE,FALSE,FALSE,0,4.992342156235586,0,1
31018,31,Yucatán,Mérida,31050,52.840815265407976,55.43314396701341,52.840815265407976,Mérida,Yucatán,TRUE,FALSE,FALSE,0,3.9860318275956756,1,2
31017,31,Yucatán,Mérida,31050,118.16251265741936,123.19547151545304,118.16251265741936,Mérida,Yucatán,TRUE,FALSE,FALSE,0,4.7804882140395115,0,1
31024,31,Yucatán,Mérida,31050,63.49431353340275,67.2994417627857,63.49431353340275,Mérida,Yucatán,TRUE,FALSE,FALSE,0,4.16657705764238,1,2
31031,31,Yucatán,Mérida,31050,78.9180123478504,83.54889902264722,78.9180123478504,Mérida,Yucatán,TRUE,FALSE,FALSE,0,4.381001263508629,1,1
31011,31,Yucatán,Mérida,31050,72.861767341363,68.18406997457245,72.861767341363,Mérida,Yucatán,TRUE,FALSE,FALSE,0,4.302195337399216,1,2
31008,31,Yucatán,Mérida,31050,152.0316131099877,156.88638725049947,152.0316131099877,Mérida,Yucatán,TRUE,FALSE,FALSE,0,5.0306445216830324,0,1
32027,32,Zacatecas,Zacatecas,32056,243.5336209395648,249.83719259286613,114.55283126491877,Saltillo,Coahuila,FALSE,FALSE,FALSE,128.98078967464602,5.499352808416712,0,2
32019,32,Zacatecas,Zacatecas,32056,133.39396458556914,126.79716401683898,78.25419749275696,Aguascalientes,Aguascalientes,FALSE,FALSE,FALSE,55.13976709281218,4.900775520723356,1,5
32003,32,Zacatecas,Zacatecas,32056,140.0014869226398,130.9108884899459,119.34045672883805,Aguascalientes,Aguascalientes,FALSE,FALSE,FALSE,20.66103019380175,4.948770435873201,0,4
32058,32,Zacatecas,Zacatecas,32056,158.18081631678635,150.0828704761277,95.2118684144973,Guadalajara,Jalisco,FALSE,FALSE,FALSE,62.968947902289045,5.070040765626812,1,4
32036,32,Zacatecas,Zacatecas,32056,43.6373838456426,50.60662517092678,43.6373838456426,Zacatecas,Zacatecas,TRUE,FALSE,TRUE,0,3.798571710747315,2,4
32035,32,Zacatecas,Zacatecas,32056,79.7245080515888,86.36849284051713,68.28082990017218,Aguascalientes,Aguascalientes,FALSE,FALSE,FALSE,11.44367815141662,4.3910422224986565,3,4
32037,32,Zacatecas,Zacatecas,32056,26.65137879723025,34.97423087369595,26.65137879723025,Zacatecas,Zacatecas,TRUE,FALSE,TRUE,0,3.319675592809349,1,3
32040,32,Zacatecas,Zacatecas,32056,109.88095672280272,107.64700211720323,109.88095672280272,Zacatecas,Zacatecas,TRUE,FALSE,FALSE,0,4.708457163856774,0,2
32033,32,Zacatecas,Zacatecas,32056,183.25474516338534,176.52720218620283,62.39159156992973,Guadalajara,Jalisco,FALSE,FALSE,FALSE,120.8631535934556,5.216319284677495,1,5
32020,32,Zacatecas,Zacatecas,32056,42.04341455963173,32.11456986813212,42.04341455963173,Zacatecas,Zacatecas,TRUE,FALSE,TRUE,0,3.762209247270643,1,2
32010,32,Zacatecas,Zacatecas,32056,66.34519554184169,64.07919300268249,66.34519554184169,Zacatecas,Zacatecas,TRUE,FALSE,FALSE,0,4.209831564630225,1,3
32034,32,Zacatecas,Zacatecas,32056,151.87141992832514,146.4339884877854,78.04082850148471,Aguascalientes,Aguascalientes,FALSE,FALSE,FALSE,73.83059142684043,5.029597175439258,2,4
32005,32,Zacatecas,Zacatecas,32056,26.46799560023558,25.4909429192899,26.46799560023558,Zacatecas,Zacatecas,TRUE,FALSE,TRUE,0,3.313021530580595,1,2
32045,32,Zacatecas,Zacatecas,32056,149.09118820745584,140.71900216295504,106.39878303715325,Guadalajara,Jalisco,FALSE,FALSE,FALSE,42.69240517030259,5.011243030769946,0,4
32038,32,Zacatecas,Zacatecas,32056,121.26915706209857,128.32693254956698,57.06709792308661,San Luis Potosí,San Luis Potosí,FALSE,FALSE,FALSE,64.20205913901196,4.806224820062641,2,4
32051,32,Zacatecas,Zacatecas,32056,100.75122743549636,108.5533751710844,100.75122743549636,Zacatecas,Zacatecas,TRUE,FALSE,FALSE,0,4.6225308874980655,0,2
32050,32,Zacatecas,Zacatecas,32056,13.210808554531276,23.37458530298128,13.210808554531276,Zacatecas,Zacatecas,TRUE,FALSE,TRUE,0,2.654002840879496,1,3
32049,32,Zacatecas,Zacatecas,32056,119.48678811004605,109.95585178407842,119.48678811004605,Zacatecas,Zacatecas,TRUE,FALSE,FALSE,0,4.791540104679278,0,4
32048,32,Zacatecas,Zacatecas,32056,127.13486372323594,118.88948212770616,96.85804717303583,Aguascalientes,Aguascalientes,FALSE,FALSE,FALSE,30.27681655020011,4.853083332086431,1,4
32046,32,Zacatecas,Zacatecas,32056,67.05463793294092,56.81195198108275,67.05463793294092,Zacatecas,Zacatecas,TRUE,FALSE,FALSE,0,4.220310881557423,1,3
32025,32,Zacatecas,Zacatecas,32056,52.04524007997137,56.85032887863469,52.04524007997137,Zacatecas,Zacatecas,TRUE,FALSE,FALSE,0,3.9711451358689702,2,4
32044,32,Zacatecas,Zacatecas,32056,98.85568196746256,91.97304241926487,66.13662457207785,Aguascalientes,Aguascalientes,FALSE,FALSE,FALSE,32.71905739538471,4.603725963274968,2,3
32043,32,Zacatecas,Zacatecas,32056,64.31279367815343,54.02018254626442,64.31279367815343,Zacatecas,Zacatecas,TRUE,FALSE,FALSE,0,4.179187938656633,1,2
32054,32,Zacatecas,Zacatecas,32056,97.55365333216986,105.02083580783035,79.5912915066079,San Luis Potosí,San Luis Potosí,FALSE,FALSE,FALSE,17.962361825561956,4.590601103760632,3,4
32042,32,Zacatecas,Zacatecas,32056,142.07299327496008,137.95883706677967,113.57454279256405,Victoria de Durango,Durango,FALSE,FALSE,FALSE,28.498450482396038,4.963354942510697,0,2
32041,32,Zacatecas,Zacatecas,32056,251.46692076699236,260.9279280069852,108.01840655405326,Saltillo,Coahuila,FALSE,FALSE,FALSE,143.4485142129391,5.531280233269869,0,3
32016,32,Zacatecas,Zacatecas,32056,48.19743843725282,57.24624513651725,48.19743843725282,Zacatecas,Zacatecas,TRUE,FALSE,TRUE,0,3.8958415578593915,2,3
32014,32,Zacatecas,Zacatecas,32056,152.28581275265535,155.06700376320748,152.28581275265535,Zacatecas,Zacatecas,TRUE,FALSE,FALSE,0,5.0323042359503765,0,2
32013,32,Zacatecas,Zacatecas,32056,34.13278827514795,32.94297576014634,34.13278827514795,Zacatecas,Zacatecas,TRUE,FALSE,TRUE,0,3.559134833328713,1,2
32009,32,Zacatecas,Zacatecas,32056,152.82473538323669,146.3846305269602,100.97809203949993,Victoria de Durango,Durango,FALSE,FALSE,FALSE,51.84664334373676,5.035813872379579,0,2
32017,32,Zacatecas,Zacatecas,32056,17.92923311112362,27.99958171359751,17.92923311112362,Zacatecas,Zacatecas,TRUE,FALSE,TRUE,0,2.9407074525740664,2,3
32057,32,Zacatecas,Zacatecas,32056,27.748293049134414,37.42036759437129,27.748293049134414,Zacatecas,Zacatecas,TRUE,FALSE,TRUE,0,3.35857839327674,2,3
32030,32,Zacatecas,Zacatecas,32056,114.17396731579603,105.36444896629689,98.50874979005465,Aguascalientes,Aguascalientes,FALSE,FALSE,FALSE,15.665217525741383,4.746443744563386,1,4
32032,32,Zacatecas,Zacatecas,32056,12.837781050268768,12.909282933053014,12.837781050268768,Zacatecas,Zacatecas,TRUE,FALSE,TRUE,0,2.627402608597692,1,3
32056,32,Zacatecas,Zacatecas,32056,10.431219145377144,0,10.431219145377144,Zacatecas,Zacatecas,TRUE,TRUE,TRUE,0,2.4363481340065087,1,3
32018,32,Zacatecas,Zacatecas,32056,115.55557375306667,109.11441068287232,66.68975018118452,Aguascalientes,Aguascalientes,FALSE,FALSE,FALSE,48.865823571882146,4.758368187187425,1,4
32022,32,Zacatecas,Zacatecas,32056,183.01819251168774,183.11326563907832,139.60024274489433,Victoria de Durango,Durango,FALSE,FALSE,FALSE,43.41794976679341,5.215034625067567,0,2
32002,32,Zacatecas,Zacatecas,32056,144.17654384536297,139.79423888341327,61.897530570130066,Aguascalientes,Aguascalientes,FALSE,FALSE,FALSE,82.2790132752329,4.977950545576379,1,5
32001,32,Zacatecas,Zacatecas,32056,151.61774682562813,144.88012168629135,92.4480027625381,Aguascalientes,Aguascalientes,FALSE,FALSE,FALSE,59.169744063090036,5.0279364084556155,2,5
32015,32,Zacatecas,Zacatecas,32056,97.54615389101717,89.58913083678759,78.9525375035207,Aguascalientes,Aguascalientes,FALSE,FALSE,FALSE,18.593616387496468,4.590525005856104,2,4
32028,32,Zacatecas,Zacatecas,32056,190.01177237611986,182.60534163068425,58.9546631026078,Guadalajara,Jalisco,FALSE,FALSE,FALSE,131.05710927351205,5.25233506162431,1,4
32026,32,Zacatecas,Zacatecas,32056,186.58385945118675,193.87854359174176,150.05718721821196,Saltillo,Coahuila,FALSE,FALSE,FALSE,36.52667223297479,5.234225995830143,0,2
32052,32,Zacatecas,Zacatecas,32056,100.02062539264017,104.5173476934402,49.03093531431602,Aguascalientes,Aguascalientes,FALSE,FALSE,FALSE,50.98969007832415,4.615324707801185,2,4
32024,32,Zacatecas,Zacatecas,32056,83.42415456890481,88.77811916676352,55.68326247118534,Aguascalientes,Aguascalientes,FALSE,FALSE,FALSE,27.740892097719474,4.435853552231616,2,4
32004,32,Zacatecas,Zacatecas,32056,173.94989245591415,165.13749940567092,95.14718015059341,Guadalajara,Jalisco,FALSE,FALSE,FALSE,78.80271230532074,5.164499604100242,1,4
32029,32,Zacatecas,Zacatecas,32056,174.45893042855482,173.07261283188802,118.26933242983466,Victoria de Durango,Durango,FALSE,FALSE,FALSE,56.18959799872016,5.16740500086811,0,2
32053,32,Zacatecas,Zacatecas,32056,68.66981532827874,76.65907081775217,68.66981532827874,Zacatecas,Zacatecas,TRUE,FALSE,FALSE,0,4.243767158375083,2,4
32023,32,Zacatecas,Zacatecas,32056,163.2908624321177,156.46445048409876,82.43843029578629,Guadalajara,Jalisco,FALSE,FALSE,FALSE,80.85243213633142,5.1016384083543285,1,5
32039,32,Zacatecas,Zacatecas,32056,120.45172366789076,120.91819066598511,120.45172366789076,Zacatecas,Zacatecas,TRUE,FALSE,FALSE,0,4.799516847754969,0,2
32055,32,Zacatecas,Zacatecas,32056,58.88056108520508,51.31068473314047,58.88056108520508,Zacatecas,Zacatecas,TRUE,FALSE,FALSE,0,4.092351929667934,2,4
32031,32,Zacatecas,Zacatecas,32056,99.93520650440968,89.52487412794132,99.93520650440968,Zacatecas,Zacatecas,TRUE,FALSE,FALSE,0,4.614478791221091,1,4
32021,32,Zacatecas,Zacatecas,32056,146.60499726034527,138.80565832628693,117.7924594807764,Victoria de Durango,Durango,FALSE,FALSE,FALSE,28.81253777956887,4.994539768370651,0,2
32008,32,Zacatecas,Zacatecas,32056,40.6814376599295,43.18216739756704,40.6814376599295,Zacatecas,Zacatecas,TRUE,FALSE,TRUE,0,3.73005588965086,2,4
32007,32,Zacatecas,Zacatecas,32056,229.97359737455218,238.91367040983732,109.78394320133744,Saltillo,Coahuila,FALSE,FALSE,FALSE,120.18965417321475,5.442303406909524,0,2
32047,32,Zacatecas,Zacatecas,32056,178.98877285770556,170.8407381574935,78.29149481624528,Guadalajara,Jalisco,FALSE,FALSE,FALSE,100.69727804146028,5.192894475932186,1,4
32012,32,Zacatecas,Zacatecas,32056,32.33658422136379,30.773463174262048,32.33658422136379,Zacatecas,Zacatecas,TRUE,FALSE,TRUE,0,3.5066554192054817,2,3
32006,32,Zacatecas,Zacatecas,32056,90.19262085298183,93.01941768404554,90.19262085298183,Zacatecas,Zacatecas,TRUE,FALSE,FALSE,0,4.512973982106997,1,2
32011,32,Zacatecas,Zacatecas,32056,195.52114143828965,187.48517156157334,63.47399986905023,Guadalajara,Jalisco,FALSE,FALSE,FALSE,132.04714156923941,5.280770015538667,1,4
