municipio,CVEGEO,tdpa_mean,punto_generador_count,m_mean,a_mean,b_mean,c2_mean,c3_mean,t3s2_mean,t3s3_mean,t3s2r4_mean,otros_mean,aa_mean,bb_mean,cc_mean
Abasolo,05001,9443.58064516129,5,1.636021505376344,67.75698924731182,3.8096774193548386,10.224193548387097,3.764516129032258,7.797311827956989,2.3209677419354837,2.110215053763441,0.5801075268817205,69.39301075268817,3.8096774193548386,26.79731182795699
Acacoyagua,07001,3865.75,1,9.64,66.6725,3.175,6.49,2.0300000000000002,6.7325,1.4949999999999999,3.2350000000000003,0.53,76.3125,3.175,20.5125
Acajete,21001,7085.75,1,2.0166666666666666,72.025,1.9416666666666667,12.766666666666666,2.525,5.7749999999999995,1.7583333333333335,0.6416666666666667,0.55,74.04166666666667,1.9416666666666667,24.016666666666666
Acambay de Ruíz Castañeda,15001,5410.75,5,1.7744791666666666,68.16354166666666,5.036458333333333,5.634895833333334,3.0375,10.324479166666666,2.1166666666666667,3.248958333333333,0.6630208333333333,69.93802083333334,5.036458333333333,25.02552083333333
Acanceh,31002,3394.5942028985505,3,15.892753623188408,71.25797101449275,1.189855072463768,6.585507246376811,1.6130434782608696,1.8855072463768114,0.6043478260869566,0.7086956521739131,0.26231884057971017,87.15072463768115,1.189855072463768,11.659420289855072
Acaponeta,18001,4985.078571428571,6,6.863571428571428,58.23285714285714,5.598571428571428,7.484285714285714,3.181428571428571,12.01357142857143,1.9564285714285712,3.900714285714286,0.7685714285714287,65.09642857142858,5.598571428571428,29.305
Acapulco de Juárez,12001,9827.179347826086,19,3.842934782608696,84.6284420289855,2.27463768115942,4.716304347826087,1.3157608695652172,1.5833333333333333,0.8204710144927536,0.5077898550724638,0.31032608695652175,88.4713768115942,2.27463768115942,9.253985507246377
Acatic,14001,8538.375,1,2.8125,63.075,5.5125,8.2875,2.1625,9.85,2.65,5.0,0.65,65.8875,5.5125,28.6
Acatlán,21003,6297.833333333333,2,7.913333333333333,82.15,1.0366666666666666,4.466666666666667,0.5766666666666667,2.613333333333333,0.4766666666666667,0.29,0.4766666666666667,90.06333333333333,1.0366666666666666,8.9
Acatlán de Juárez,14002,6657.730061349694,6,1.5300613496932516,72.8644171779141,3.2576687116564416,5.522699386503068,2.755828220858896,5.098773006134969,2.3723926380368097,5.343558282208589,1.2546012269938651,74.39447852760736,3.2576687116564416,22.347852760736195
Acatzingo,21004,14446.188235294117,3,1.9176470588235295,70.96470588235294,4.810588235294118,8.58,2.749411764705882,5.4141176470588235,1.8388235294117647,3.2588235294117647,0.46588235294117647,72.88235294117646,4.810588235294118,22.30705882352941
Acaxochitlán,13002,9137.09090909091,3,2.0454545454545454,77.86883116883116,3.8818181818181814,8.25974025974026,2.0766233766233766,2.9376623376623376,1.2714285714285716,1.1,0.5584415584415584,79.91428571428571,3.8818181818181814,16.203896103896106
Acayucan,30003,9076.0,2,5.95,78.8225,2.62,5.157500000000001,1.5550000000000002,3.0625,0.9425000000000001,1.285,0.605,84.77250000000001,2.62,12.6075
Acolman,15002,12413.05625,6,4.9475,82.865625,1.686875,4.6674999999999995,1.3856249999999999,2.428125,0.965625,0.608125,0.445,87.813125,1.686875,10.5
Actopan,13003,7722.745454545455,2,5.205454545454546,82.26,1.5109090909090908,6.298181818181818,1.1418181818181818,1.8836363636363636,0.8618181818181818,0.5472727272727272,0.2909090909090909,87.46545454545455,1.5109090909090908,11.023636363636363
Acuitzio,16001,5252.5,1,3.91,80.39,1.8399999999999999,8.52,1.94,1.97,0.8300000000000001,0.39,0.21000000000000002,84.3,1.8399999999999999,13.86
Aculco,15003,16821.916666666668,3,2.9458333333333333,68.11041666666667,4.039583333333334,6.716666666666666,2.872916666666667,10.793750000000001,1.7895833333333335,2.1395833333333334,0.5916666666666667,71.05624999999999,4.039583333333334,24.90416666666667
Acuña,05002,6256.2,6,1.4269999999999998,81.128,2.841,10.867,1.3130000000000002,1.403,0.653,0.171,0.19699999999999998,82.555,2.841,14.604000000000001
Acámbaro,11002,5633.948453608247,2,3.345360824742268,81.87422680412371,1.2876288659793815,9.042268041237113,1.0587628865979382,2.0195876288659793,0.8103092783505154,0.27319587628865977,0.28865979381443296,85.21958762886597,1.2876288659793815,13.49278350515464
Agua Blanca de Iturbide,13004,3434.1,1,2.85,84.2,1.86,6.9,1.35,1.58,0.45999999999999996,0.52,0.27999999999999997,87.05,1.86,11.09
Agua Dulce,30204,5868.957627118644,4,5.342372881355932,63.70084745762712,4.854237288135593,6.448305084745763,2.945762711864407,9.086440677966102,2.2161016949152543,4.785593220338983,0.6203389830508474,69.04322033898305,4.854237288135593,26.102542372881356
Agua Prieta,26002,2893.204081632653,2,2.1020408163265305,59.36734693877551,3.2591836734693875,10.534693877551021,1.9346938775510203,14.116326530612243,3.489795918367347,4.56734693877551,0.6285714285714286,61.46938775510204,3.2591836734693875,35.27142857142857
Agualeguas,19002,588.85,1,1.2200000000000002,80.5,1.0050000000000001,14.580000000000002,0.7449999999999999,0.6950000000000001,0.085,1.115,0.05500000000000001,81.72,1.0050000000000001,17.275
Aguascalientes,01001,11298.763489208633,30,2.9176258992805755,80.98696043165468,2.227787769784173,6.395593525179856,2.0016187050359715,2.974370503597122,1.0703237410071942,1.0571043165467626,0.368615107913669,83.90458633093525,2.227787769784173,13.867625899280576
Ahome,25001,7727.805,9,3.94575,69.39625,4.169,6.30275,2.7227499999999996,8.026,1.9835,2.7555,0.6984999999999999,73.342,4.169,22.489
Ahuacatlán,18002,5334.820512820513,3,4.874358974358974,74.23589743589744,3.1346153846153846,7.544871794871795,3.2564102564102564,4.607692307692307,1.6487179487179486,0.35512820512820514,0.3423076923076923,79.11025641025641,3.1346153846153846,17.755128205128205
Ahualulco de Mercado,14003,8906.722222222223,1,4.427777777777778,81.71111111111111,1.2166666666666666,8.011111111111111,1.8444444444444446,1.2944444444444445,0.8999999999999999,0.19444444444444445,0.4,86.13888888888889,1.2166666666666666,12.644444444444444
Ahualulco del Sonido 13,24001,4553.0,1,5.3,78.47999999999999,1.7600000000000002,11.620000000000001,0.73,1.46,0.36,0.14,0.15,83.78,1.7600000000000002,14.459999999999999
Ahuehuetitla,21009,2874.8571428571427,1,1.5571428571428572,81.68571428571428,2.7142857142857144,7.214285714285714,1.8571428571428572,3.085714285714286,1.2,0.42857142857142855,0.2571428571428572,83.24285714285715,2.7142857142857144,14.042857142857143
Ahumada,08001,3171.99,6,1.724,61.96,4.836,8.486,1.7009999999999998,16.595,1.83,2.1430000000000002,0.725,63.684,4.836,31.48
Akil,31003,6030.111111111111,1,29.233333333333334,59.94444444444444,0.7222222222222222,5.6,0.8333333333333334,2.288888888888889,0.6333333333333333,0.34444444444444444,0.4,89.17777777777778,0.7222222222222222,10.1
Aldama,08002,2858.8625,5,2.5675,77.34875,2.3925,11.89625,1.3287499999999999,2.68375,1.0550000000000002,0.47375,0.25375000000000003,79.91625,2.3925,17.69125
Alfajayucan,13006,4642.8,1,5.1899999999999995,81.72999999999999,2.82,5.79,0.8,2.4099999999999997,0.47000000000000003,0.33999999999999997,0.45,86.92,2.82,10.26
Allende,05003,6689.094936708861,8,1.7063291139240508,76.72721518987342,2.008227848101266,9.676582278481014,1.8291139240506329,4.332278481012659,1.5563291139240507,1.7227848101265821,0.44113924050632913,78.43354430379746,2.008227848101266,19.558227848101264
Almoloya de Alquisiras,15004,4007.1666666666665,2,3.6666666666666665,88.83333333333333,0.8250000000000001,3.4749999999999996,0.45,1.7416666666666665,0.6583333333333333,0.10833333333333334,0.24166666666666667,92.5,0.8250000000000001,6.675
Almoloya de Juárez,15005,15227.166666666666,7,1.6376811594202898,87.80144927536232,1.5521739130434782,4.293478260869565,1.1355072463768114,2.2115942028985507,0.6847826086956522,0.29927536231884055,0.38405797101449274,89.43913043478261,1.5521739130434782,9.008695652173913
Almoloya del Río,15006,3084.0,1,2.4,85.5,1.0,6.3,1.05,1.95,0.75,0.6000000000000001,0.44999999999999996,87.9,1.0,11.100000000000001
Altamira,28003,13508.983516483517,9,2.8824175824175824,74.00604395604395,2.4054945054945054,5.2785714285714285,2.064285714285714,5.341208791208792,2.4269230769230767,4.940659340659341,0.6543956043956044,76.88846153846154,2.4054945054945054,20.706043956043956
Altamirano,07004,1931.0555555555557,1,6.266666666666667,84.9,0.6166666666666667,4.8277777777777775,0.8111111111111111,1.488888888888889,0.6888888888888889,0.21666666666666667,0.18333333333333332,91.16666666666667,0.6166666666666667,8.216666666666667
Altar,26004,3764.7291666666665,2,1.4895833333333333,66.99374999999999,4.164583333333334,7.735416666666667,1.5895833333333333,11.90625,1.9375,3.46875,0.7083333333333334,68.48958333333333,4.164583333333334,27.34583333333333
Alto Lucero de Gutiérrez Barrios,30009,5418.28,4,3.9160000000000004,70.32,4.656000000000001,5.776,2.908,5.976,2.392,3.32,0.736,74.236,4.656000000000001,21.108
Altotonga,30010,6768.5,4,3.891428571428571,76.48285714285714,1.9585714285714284,7.5285714285714285,3.782857142857143,3.4771428571428573,1.717142857142857,0.5642857142857143,0.5971428571428571,80.3742857142857,1.9585714285714284,17.667142857142856
Alvarado,30011,5674.566371681416,8,5.74424778761062,80.00353982300885,2.688495575221239,6.707079646017699,2.111504424778761,1.7221238938053096,0.576991150442478,0.24690265486725665,0.19911504424778761,85.70530973451328,2.72212389380531,11.572566371681416
Amacueca,14004,3756.3888888888887,2,1.4611111111111112,82.09444444444445,2.1666666666666665,7.51111111111111,2.6166666666666667,2.138888888888889,0.9666666666666668,0.4277777777777778,0.6166666666666667,83.55555555555556,2.1666666666666665,14.277777777777779
Amacuzac,17001,6487.645454545454,5,4.548181818181818,83.37909090909092,2.3072727272727276,4.382727272727273,1.1109090909090908,2.450909090909091,0.9754545454545455,0.35818181818181816,0.4872727272727273,87.92727272727272,2.3072727272727276,9.765454545454546
Amanalco,15007,2022.8,1,1.3900000000000001,91.28999999999999,0.4,5.51,0.65,0.44000000000000006,0.27,0.0,0.05,92.67999999999999,0.4,6.92
Amatenango de la Frontera,07006,1842.15,1,5.285,83.815,1.29,5.3950000000000005,1.325,1.815,0.67,0.145,0.26,89.1,1.29,9.61
Amatenango del Valle,07007,3803.3333333333335,2,7.153333333333334,83.72,0.88,5.086666666666667,0.6733333333333333,1.62,0.5266666666666667,0.11333333333333333,0.22666666666666668,90.87333333333332,0.88,8.246666666666666
Amatitán,14005,5565.066666666667,2,2.316666666666667,59.833333333333336,8.423333333333334,6.3,3.3833333333333333,12.926666666666668,2.83,3.36,0.6266666666666667,62.15,8.423333333333334,29.426666666666666
Amatlán de los Reyes,30014,10466.169491525423,4,4.194915254237288,66.79830508474576,4.262711864406779,7.1,3.071186440677966,6.672881355932203,2.1627118644067798,5.135593220338983,0.6016949152542372,70.99322033898305,4.262711864406779,24.74406779661017
Amaxac de Guerrero,29001,5827.75,1,6.4,86.775,0.6625,2.8625,0.3375,2.0625,0.425,0.17500000000000002,0.3,93.175,0.6625,6.1625
Amealco de Bonfil,22001,4792.975,2,1.58375,85.2325,1.35,7.34875,1.07375,2.1149999999999998,0.7875,0.2575,0.25125000000000003,86.81625,1.35,11.83375
Ameca,14006,4989.864864864865,2,4.9135135135135135,81.77567567567567,0.9108108108108108,7.918918918918919,2.2405405405405405,1.2324324324324325,0.4945945945945946,0.2189189189189189,0.2945945945945946,86.6891891891892,0.9108108108108108,12.4
Amecameca,15009,7822.405555555555,8,3.3988888888888886,83.39611111111111,1.2377777777777779,8.06,1.1766666666666667,1.5766666666666667,0.5477777777777777,0.3844444444444445,0.22166666666666665,86.795,1.2377777777777779,11.967222222222222
Amozoc,21015,13969.5,13,1.7240909090909091,75.13363636363637,3.977272727272727,7.638181818181819,2.685,4.617272727272727,1.6577272727272727,1.961818181818182,0.605,76.85772727272727,3.977272727272727,19.165
Angamacutiro,16004,2078.5,1,4.25,82.45,0.95,9.6,1.05,1.0,0.4,0.15000000000000002,0.15000000000000002,86.7,0.95,12.350000000000001
Angangueo,16005,1731.6,1,1.65,89.48333333333333,0.8833333333333333,5.4399999999999995,0.7966666666666666,1.0933333333333333,0.38333333333333336,0.14333333333333334,0.12666666666666668,91.13333333333334,0.8833333333333333,7.983333333333333
Angostura,25002,3383.25,3,4.6175,64.08250000000001,5.0024999999999995,6.615,3.0575,10.0775,2.13,3.55,0.8675,68.7,5.0024999999999995,26.297500000000003
Antiguo Morelos,28004,2772.866666666667,1,6.22,76.18,3.3833333333333333,7.1,1.9666666666666666,2.54,0.9866666666666667,1.3033333333333335,0.32,82.4,3.3833333333333333,14.216666666666667
Anáhuac,19005,3921.5241379310346,7,1.1275862068965516,52.53310344827587,2.9089655172413793,11.172413793103448,2.7875862068965516,23.47793103448276,2.1731034482758624,3.231724137931035,0.5875862068965517,53.66068965517241,2.9089655172413793,43.430344827586204
Apan,13008,4452.2,1,2.75,89.515,0.85,4.525,1.09,0.655,0.31,0.14,0.165,92.265,0.85,6.885
Apaseo el Alto,11004,13914.194444444445,2,1.1111111111111112,74.51944444444445,2.325,7.538888888888888,3.3305555555555557,8.230555555555556,1.7972222222222223,0.7722222222222223,0.375,75.63055555555555,2.325,22.044444444444444
Apaseo el Grande,11005,16490.321428571428,8,1.3801020408163265,72.8061224489796,3.3908163265306124,6.726530612244899,3.4168367346938777,7.933673469387755,1.9035714285714287,1.8127551020408164,0.6295918367346939,74.18622448979592,3.3908163265306124,22.422959183673466
Apatzingán,16006,8517.925,1,4.404999999999999,82.74,1.1925000000000001,7.8549999999999995,1.1275,1.4224999999999999,0.7325,0.26,0.265,87.14500000000001,1.1925000000000001,11.6625
Apaxco,15010,5871.133333333333,2,5.821666666666667,77.46000000000001,2.4466666666666668,7.796666666666667,2.1599999999999997,2.1966666666666668,1.3866666666666667,0.4083333333333333,0.32333333333333336,83.28166666666667,2.4466666666666668,14.271666666666667
Apetatitlán de Antonio Carvajal,29002,28411.055555555555,3,2.2962962962962963,87.5425925925926,1.1462962962962964,4.892592592592592,0.825925925925926,1.8314814814814815,0.8351851851851853,0.37037037037037035,0.25925925925925924,89.83888888888889,1.1462962962962964,9.014814814814814
Apizaco,29005,14545.484126984127,6,3.123809523809524,86.22857142857143,1.2468253968253968,4.998412698412698,0.7555555555555555,1.8134920634920635,0.9095238095238095,0.5277777777777778,0.396031746031746,89.35238095238095,1.2468253968253968,9.40079365079365
Apodaca,19006,28111.395973154362,15,1.9894854586129753,76.82505592841164,1.6369127516778526,7.714988814317673,2.314541387024608,5.560178970917226,2.059507829977629,1.279642058165548,0.6196868008948546,78.8145413870246,1.6369127516778526,19.54854586129754
Apozol,32001,4741.8,1,2.31,81.99,1.52,7.67,1.55,3.19,0.89,0.56,0.32,84.3,1.52,14.180000000000001
Aquila,16008,1100.48,4,11.455,71.168,2.028,7.954,2.041,2.8510000000000004,1.943,0.35200000000000004,0.20800000000000002,82.62299999999999,2.028,15.349
Aquiles Serdán,08004,8424.0,2,1.657142857142857,70.99285714285715,4.05,7.085714285714286,1.8642857142857143,10.135714285714286,1.9142857142857144,1.65,0.65,72.65,4.05,23.3
Aquismón,24003,2757.266666666667,2,2.82,77.67333333333333,2.1933333333333334,7.6466666666666665,2.6533333333333333,3.6,1.6666666666666667,1.3866666666666667,0.36000000000000004,80.49333333333334,2.1933333333333334,17.313333333333333
Aramberri,19007,836.3,1,4.1,77.49,3.1,12.370000000000001,1.22,1.51,0.17,0.0,0.04,81.59,3.1,15.309999999999999
Arandas,14008,7069.894736842105,2,2.512280701754386,82.6842105263158,1.3105263157894738,7.485964912280702,2.7035087719298243,1.7947368421052632,0.8964912280701754,0.2596491228070176,0.35263157894736846,85.19649122807017,1.3105263157894738,13.492982456140352
Arcelia,12007,3224.45,2,10.395,75.675,2.73,5.5200000000000005,1.575,2.675,1.02,0.23500000000000001,0.175,86.07000000000001,2.73,11.2
Ario,16009,4966.533333333334,2,4.713333333333334,82.98,0.6633333333333333,8.233333333333333,1.0666666666666667,1.4366666666666668,0.5466666666666666,0.14,0.22,87.69333333333334,0.6633333333333333,11.643333333333334
Arizpe,26006,382.5,1,2.71,72.61,2.67,17.44,2.2,1.3900000000000001,0.8699999999999999,0.04,0.06999999999999999,75.32000000000001,2.67,22.009999999999998
Armadillo de los Infante,24004,10224.48275862069,2,1.1551724137931034,35.34827586206896,4.755172413793104,6.144827586206896,3.1965517241379313,37.0103448275862,4.962068965517242,6.493103448275862,0.9344827586206897,36.50344827586206,4.755172413793104,58.741379310344826
Armería,06001,4265.89010989011,12,7.2445054945054945,70.7521978021978,2.0961538461538463,6.096153846153846,1.8873626373626373,4.751648351648352,2.203846153846154,4.15054945054945,0.8175824175824177,77.99670329670329,2.0961538461538463,19.90714285714286
Arriaga,07009,3841.3809523809523,9,6.614965986394558,71.30952380952381,3.0595238095238093,7.016326530612245,1.8948979591836737,5.000680272108844,1.526190476190476,3.126530612244898,0.451360544217687,77.92448979591836,3.0595238095238093,19.01598639455782
Arroyo Seco,22003,1626.7666666666667,2,3.9433333333333334,81.83999999999999,1.0733333333333335,10.783333333333333,0.99,1.0266666666666666,0.21666666666666667,0.013333333333333334,0.11333333333333334,85.78333333333333,1.0733333333333335,13.143333333333334
Arteaga,05004,6077.751572327044,13,2.2946540880503146,64.40345911949686,3.233647798742138,8.327044025157234,2.127672955974843,13.966666666666665,2.0823899371069183,2.7676100628930818,0.7968553459119497,66.69811320754717,3.233647798742138,30.068238993710693
Ascensión,08005,1957.85,4,1.085,72.91499999999999,2.305,13.64,1.8,5.87,0.8949999999999999,1.1675,0.3225,74.0,2.305,23.695
Asientos,01002,4616.6746411483255,10,5.1947368421052635,80.87464114832535,1.8784688995215313,8.316267942583732,1.4086124401913875,1.5732057416267944,0.39425837320574164,0.12679425837320574,0.23301435406698565,86.06937799043062,1.8784688995215313,12.052153110047847
Asunción Cuyotepeji,20004,1794.8,1,3.05,76.96000000000001,1.6199999999999999,9.49,2.33,3.7299999999999995,1.8699999999999999,0.61,0.33999999999999997,80.01,1.6199999999999999,18.369999999999997
Asunción Ixtaltepec,20005,4321.239130434783,4,6.020652173913043,74.0163043478261,3.005434782608696,6.360869565217392,1.576086956521739,3.847826086956522,2.0891304347826085,2.6554347826086953,0.42826086956521736,80.03695652173913,3.005434782608696,16.957608695652173
Asunción Nochixtlán,20006,5407.047619047619,2,1.2238095238095237,67.79047619047618,6.897619047619047,9.426190476190476,3.7404761904761905,5.230952380952381,1.7380952380952381,3.2309523809523806,0.7214285714285714,69.0142857142857,6.897619047619047,24.08809523809524
Atenango del Río,12008,1480.5,1,7.8,80.95,0.37,9.26,0.42000000000000004,0.8299999999999998,0.16,0.06,0.15,88.75,0.37,10.879999999999999
Atenco,15011,32725.25,1,3.5200000000000005,83.14500000000001,1.165,4.6450000000000005,1.905,3.34,1.3,0.585,0.39499999999999996,86.66499999999999,1.165,12.17
Atenguillo,14012,2340.6,1,1.86,82.67999999999999,1.7899999999999998,8.97,2.52,1.29,0.5599999999999999,0.08,0.25,84.53999999999999,1.7899999999999998,13.669999999999998
Atexcal,21018,1014.75,1,5.7749999999999995,79.65,1.1749999999999998,9.475,1.2000000000000002,1.6,0.625,0.4,0.1,85.42500000000001,1.1749999999999998,13.399999999999999
Atitalaquia,13010,8670.060975609756,3,2.65609756097561,66.96341463414635,3.598170731707317,5.754878048780488,2.8493902439024392,10.260975609756096,3.048170731707317,4.129268292682927,0.7396341463414634,69.61951219512196,3.598170731707317,26.782317073170734
Atizapán,15012,2731.1111111111113,2,2.6222222222222222,88.23333333333333,1.1,3.3666666666666667,0.9833333333333333,1.5,0.8,0.55,0.8444444444444444,90.85555555555555,1.1,8.044444444444444
Atizapán de Zaragoza,15013,25762.075,1,1.6149999999999998,83.67,2.0125,4.4875,1.5875,4.2075000000000005,1.0825,0.6849999999999999,0.6525000000000001,85.285,2.0125,12.7025
Atlacomulco,15014,12820.684684684684,6,1.3148648648648649,79.89054054054054,3.380630630630631,5.93963963963964,1.587837837837838,4.487387387387388,1.4351351351351351,1.3797297297297297,0.5842342342342342,81.2054054054054,3.380630630630631,15.413963963963964
Atlangatepec,29003,8192.5,3,2.1204545454545456,83.32045454545454,1.7954545454545454,7.636363636363637,1.1954545454545455,2.4181818181818184,0.8636363636363636,0.32045454545454544,0.32954545454545453,85.44090909090909,1.7954545454545454,12.763636363636364
Atlapexco,13011,2886.6,1,7.62,84.84,0.61,4.25,0.41,1.73,0.27999999999999997,0.11000000000000001,0.15,92.46000000000001,0.61,6.93
Atlatlahucan,17002,9112.886178861789,5,4.202032520325203,82.6020325203252,1.6573170731707316,5.819918699186992,1.7682926829268293,2.195934959349594,0.8386178861788618,0.5873983739837398,0.3284552845528455,86.8040650406504,1.6573170731707316,11.538617886178862
Atlautla,15015,15091.85,2,3.495,82.6875,1.3775,9.022499999999999,0.97,1.5950000000000002,0.4425,0.24,0.16999999999999998,86.1825,1.3775,12.44
Atlixco,21019,10614.97,2,3.133,83.865,1.565,6.837999999999999,1.3230000000000002,1.3519999999999999,0.818,0.812,0.294,86.99799999999999,1.565,11.437000000000001
Atltzayanca,29004,2110.2,1,7.460000000000001,81.2,0.7,7.93,0.4800000000000001,1.59,0.24,0.19,0.21000000000000002,88.66,0.7,10.64
Atotonilco de Tula,13013,7530.68,2,1.604,80.77199999999999,2.036,6.707999999999999,2.484,3.448,1.82,0.7120000000000001,0.41600000000000004,82.376,2.036,15.588
Atotonilco el Alto,14013,8257.346666666666,4,5.138,80.26533333333333,1.4886666666666668,6.554666666666667,2.1959999999999997,2.5513333333333335,0.9673333333333333,0.4666666666666667,0.372,85.40333333333334,1.4886666666666668,13.108
Atotonilco el Grande,13012,5520.924242424242,3,1.4515151515151514,86.99545454545455,1.4212121212121211,6.113636363636363,1.4727272727272727,1.4772727272727273,0.8045454545454546,0.09696969696969697,0.16666666666666666,88.4469696969697,1.4212121212121211,10.131818181818183
Atoyac,14014,7983.9,1,1.8399999999999999,69.88,4.3100000000000005,3.91,2.8600000000000003,7.279999999999999,2.83,6.590000000000001,0.5,71.72,4.3100000000000005,23.97
Atoyac de Álvarez,12011,5203.068181818182,4,10.395454545454545,81.51590909090909,0.875,4.859090909090909,0.756818181818182,1.0272727272727273,0.36818181818181817,0.06136363636363637,0.1409090909090909,91.91136363636363,0.875,7.213636363636363
Atzalan,30023,4498.6,1,2.58,78.62,2.22,6.709999999999999,3.3899999999999997,3.7,1.6599999999999997,0.35,0.77,81.2,2.22,16.580000000000002
Autlán de Navarro,14015,4993.75,2,5.997222222222223,81.45555555555556,1.2722222222222221,7.763888888888889,1.5305555555555557,1.1638888888888888,0.47777777777777775,0.1111111111111111,0.22777777777777775,87.45277777777778,1.2722222222222221,11.274999999999999
Axapusco,15016,7628.1150793650795,6,1.9003968253968253,69.1718253968254,3.7880952380952384,6.876587301587302,2.4801587301587302,9.342063492063492,2.4424603174603177,3.399603174603175,0.5988095238095238,71.07222222222222,3.7880952380952384,25.13968253968254
Axochiapan,17003,4001.8271604938273,2,15.62716049382716,73.66172839506173,1.288888888888889,6.0172839506172835,1.123456790123457,0.9938271604938271,0.5580246913580247,0.49629629629629635,0.23333333333333336,89.28888888888889,1.288888888888889,9.422222222222222
Axtla de Terrazas,24053,4575.133333333333,2,6.16,77.37333333333332,2.12,8.34,2.11,2.4166666666666665,0.7366666666666667,0.33,0.41333333333333333,83.53333333333333,2.12,14.346666666666666
Ayala,17004,9478.814285714287,9,5.436190476190475,82.5352380952381,2.2023809523809526,5.012857142857143,1.7766666666666668,1.4171428571428573,0.7733333333333333,0.6,0.2461904761904762,87.97142857142858,2.2023809523809526,9.826190476190476
Ayapango,15017,9372.607142857143,3,3.3464285714285715,85.08571428571429,1.2750000000000001,5.692857142857143,1.4285714285714286,1.95,0.5607142857142857,0.3392857142857143,0.32142857142857145,88.43214285714285,1.2750000000000001,10.292857142857143
Ayotlán,14016,7141.1,1,7.95,76.33999999999999,2.04,7.28,1.9600000000000002,3.27,0.66,0.18000000000000002,0.32,84.28999999999999,2.04,13.67
Ayutla de los Libres,12012,4614.6,1,4.3149999999999995,84.28,1.145,5.65,1.4949999999999999,2.08,0.5,0.22999999999999998,0.305,88.595,1.145,10.26
Azoyú,12013,4747.727272727273,2,3.5090909090909093,81.13636363636364,2.0272727272727273,7.290909090909091,2.018181818181818,2.4909090909090907,0.8454545454545456,0.4,0.2818181818181818,84.64545454545454,2.0272727272727273,13.327272727272726
Baca,31004,3471.04,3,27.987999999999996,63.782,0.8740000000000001,4.038,0.988,1.23,0.392,0.308,0.4,91.77,0.8740000000000001,7.356
Bacalar,23010,3417.603015075377,10,6.856281407035176,76.57638190954775,2.854773869346734,6.494472361809046,1.4055276381909547,2.672361809045226,0.814572864321608,1.9939698492462312,0.3316582914572864,83.4326633165829,2.854773869346734,13.712562814070353
Bachíniva,08006,3460.6,1,1.6,77.97999999999999,1.9,13.65,1.67,1.6600000000000001,0.9800000000000001,0.26,0.3,79.58,1.9,18.520000000000003
Badiraguato,25003,2563.9,1,7.69,80.3,1.58,7.88,1.23,0.74,0.31,0.12000000000000002,0.15,87.99,1.58,10.430000000000001
Bahía de Banderas,18020,13566.012195121952,7,4.518902439024391,81.9829268292683,2.4365853658536585,7.052439024390243,1.1884146341463415,1.4414634146341463,0.823780487804878,0.22195121951219512,0.3335365853658537,86.50182926829268,2.4365853658536585,11.061585365853658
Balancán,27001,2316.2,2,11.273333333333333,78.61,1.0233333333333332,5.716666666666667,1.28,1.3233333333333335,0.39333333333333337,0.25,0.13,89.88333333333334,1.0233333333333332,9.093333333333334
Balleza,08007,961.6206896551724,2,2.2379310344827585,67.32068965517242,1.7793103448275862,17.103448275862068,5.665517241379311,3.1862068965517243,1.7275862068965517,0.22068965517241382,0.7586206896551724,69.55862068965517,1.7793103448275862,28.662068965517243
Banderilla,30026,17006.136363636364,4,4.342424242424243,80.99090909090908,1.5,7.240909090909091,1.5545454545454545,2.1151515151515152,1.0484848484848486,0.8818181818181818,0.32575757575757575,85.33333333333333,1.5,13.166666666666666
Baviácora,26014,1299.5666666666666,3,1.2633333333333332,76.06666666666666,1.9566666666666668,13.886666666666665,2.2366666666666664,2.25,1.3533333333333333,0.6533333333333334,0.3333333333333333,77.33,1.9566666666666668,20.71333333333333
Benemérito de las Américas,07114,2306.8,2,12.25,77.28999999999999,0.44000000000000006,5.82,0.89,2.2800000000000002,0.48999999999999994,0.2,0.33999999999999997,89.53999999999999,0.44000000000000006,10.02
Benito Juárez,12014,18055.11528822055,16,3.495739348370927,82.7220551378446,2.0416040100250625,6.891228070175439,1.0403508771929826,1.4734335839598998,0.9553884711779448,1.0571428571428572,0.3230576441102757,86.21779448621554,2.0416040100250625,11.740601503759398
Benjamín Hill,26016,5462.125,1,1.0395833333333333,61.60208333333333,4.389583333333333,9.435416666666667,1.6854166666666668,14.252083333333333,2.125,4.810416666666667,0.6604166666666667,62.64166666666667,4.389583333333333,32.96875
Berriozábal,07012,9032.717391304348,3,2.858695652173913,79.69565217391305,2.717391304347826,7.503260869565217,1.701086956521739,2.7043478260869565,0.9630434782608696,1.483695652173913,0.3728260869565218,82.55434782608695,2.717391304347826,14.728260869565217
Boca del Río,30028,27568.625,2,4.0649999999999995,84.2525,1.3125,5.89,0.785,0.9974999999999999,2.0275,0.4025,0.26749999999999996,88.3175,1.3125,10.370000000000001
Bochil,07013,4661.1,1,2.93,87.7,0.52,4.529999999999999,0.82,2.34,0.5700000000000001,0.27,0.32,90.63,0.52,8.85
Bocoyna,08009,1359.3461538461538,2,1.8923076923076925,73.64615384615385,1.8423076923076922,17.696153846153848,2.1576923076923076,1.573076923076923,0.8038461538461538,0.1346153846153846,0.2538461538461539,75.53846153846153,1.8423076923076922,22.61923076923077
Briseñas,16011,8493.75,1,4.525,72.875,2.275,8.425,3.3,4.925000000000001,1.7999999999999998,1.2000000000000002,0.675,77.4,2.275,20.325000000000003
Buctzotz,31006,3008.7,1,8.91,74.91,1.48,7.340000000000001,2.16,2.56,0.89,1.54,0.21000000000000002,83.82,1.48,14.7
Buenaventura,08010,2537.9661016949153,3,2.1220338983050846,66.27118644067797,3.0491525423728816,12.989830508474576,1.806779661016949,9.133898305084745,2.3372881355932202,1.7728813559322032,0.5169491525423728,68.39322033898304,3.0491525423728816,28.55762711864407
Buenavista,16012,4988.9,3,5.3133333333333335,78.44333333333334,2.0733333333333333,7.569999999999999,2.3366666666666664,1.9400000000000002,1.1866666666666668,0.69,0.44666666666666666,83.75666666666666,2.0733333333333333,14.17
Buenavista de Cuéllar,12015,4277.033333333334,3,2.246666666666667,76.97666666666667,5.576666666666667,6.45,2.9866666666666664,2.7066666666666666,1.7533333333333334,0.8933333333333333,0.41000000000000003,79.22333333333333,5.576666666666667,15.2
Bácum,26012,4687.478260869565,1,1.9260869565217391,60.44565217391305,6.365217391304348,6.841304347826087,2.4326086956521737,13.095652173913043,2.739130434782609,5.1673913043478255,0.9869565217391304,62.37173913043478,6.365217391304348,31.26304347826087
Cabo Corrientes,14020,2982.5263157894738,1,5.910526315789474,80.23157894736842,1.4947368421052634,8.078947368421053,1.4210526315789473,1.5789473684210527,0.8263157894736842,0.2473684210526316,0.21052631578947367,86.1421052631579,1.4947368421052634,12.363157894736842
Caborca,26017,4097.787234042553,8,1.7851063829787235,70.60744680851064,3.4000000000000004,12.996808510638298,1.8553191489361702,6.4968085106382985,0.924468085106383,1.5382978723404255,0.39680851063829786,72.39255319148936,3.4000000000000004,24.20744680851064
Cacahoatán,07015,6784.5,1,3.0,87.9,0.30000000000000004,4.4,0.5,2.8499999999999996,0.6,0.05,0.4,90.9,0.30000000000000004,8.8
Cacalchén,31007,1750.6,1,22.05,63.77,1.64,10.67,0.96,0.61,0.18,0.02,0.1,85.82000000000001,1.64,12.540000000000001
Cadereyta Jiménez,19009,5124.718309859155,10,2.1999999999999997,72.01549295774649,1.4640845070422535,7.36338028169014,2.684507042253521,7.835915492957747,2.297887323943662,3.2422535211267602,0.8964788732394366,74.21549295774648,1.4640845070422535,24.320422535211268
Cadereyta de Montes,22004,3511.7978723404253,6,1.4478723404255318,79.72872340425532,1.3638297872340424,9.918085106382978,2.8340425531914897,2.1904255319148938,1.869148936170213,0.2872340425531915,0.3606382978723404,81.17659574468084,1.3638297872340424,17.45957446808511
Cajeme,26018,6094.284403669725,11,2.7206422018348624,64.57844036697247,5.2261467889908255,6.3903669724770635,2.626605504587156,10.819724770642202,2.896788990825688,4.011009174311926,0.7302752293577981,67.29908256880734,5.2261467889908255,27.474770642201836
Calakmul,04010,2388.2,2,6.04,65.26,5.305,7.26,1.975,6.45,1.875,5.1,0.735,71.3,5.305,23.395
Calera,32005,8719.32,7,1.701948051948052,70.10064935064935,3.7993506493506497,7.470779220779221,2.5285714285714285,8.131818181818181,2.383116883116883,2.690909090909091,1.1928571428571428,71.8025974025974,3.7993506493506497,24.39805194805195
Calimaya,15018,33571.72972972973,2,1.0405405405405406,88.69459459459459,0.7378378378378379,5.197297297297298,1.3324324324324324,1.4054054054054055,1.0729729729729731,0.22702702702702704,0.2918918918918919,89.73513513513512,0.7378378378378379,9.527027027027026
Calkiní,04001,3148.2051282051284,5,12.305128205128204,72.4025641025641,2.4282051282051285,4.529487179487179,1.5576923076923077,4.003846153846154,0.7435897435897436,1.7128205128205127,0.31666666666666665,84.70769230769231,2.4282051282051285,12.864102564102565
Calotmul,31008,820.3333333333334,1,25.01111111111111,66.57777777777778,1.088888888888889,6.355555555555556,0.5555555555555556,0.26666666666666666,0.1,0.03333333333333334,0.011111111111111112,91.58888888888889,1.088888888888889,7.322222222222223
Calpulalpan,29006,9604.258426966293,3,1.7949438202247192,68.64494382022471,3.734831460674157,6.556179775280899,2.7213483146067414,10.310112359550562,2.439325842696629,3.1780898876404495,0.6202247191011236,70.43988764044943,3.734831460674157,25.825280898876404
Calvillo,01003,4997.627659574468,11,2.532978723404255,88.26329787234043,0.7425531914893617,6.201063829787234,0.8356382978723403,0.9606382978723403,0.26276595744680853,0.09095744680851064,0.1101063829787234,90.79627659574469,0.7425531914893617,8.461170212765957
Camargo,08011,2768.0763888888887,10,1.3527777777777779,63.37708333333333,3.134027777777778,11.865972222222222,2.2881944444444446,11.870833333333334,2.4881944444444444,2.941666666666667,0.6812499999999999,64.72986111111112,3.134027777777778,32.13611111111111
Camarón de Tejeda,30007,1838.1,1,12.59,70.26,1.2799999999999998,8.6,3.6799999999999997,2.18,0.8700000000000001,0.42000000000000004,0.12000000000000002,82.85,1.2799999999999998,15.87
Camerino Z. Mendoza,30030,9679.211538461539,3,5.873076923076923,67.24807692307692,3.9692307692307693,12.194230769230769,1.5673076923076923,4.882692307692308,1.1615384615384614,2.6903846153846156,0.41346153846153844,73.12115384615385,3.9692307692307693,22.909615384615385
Campeche,04002,3420.233796296296,20,9.17361111111111,75.68888888888888,1.7395833333333333,6.84675925925926,1.4506944444444445,2.6912037037037035,0.7886574074074074,1.312962962962963,0.3076388888888889,84.8625,1.7395833333333333,13.397916666666665
Cananea,26019,3240.75,2,1.9324999999999999,64.69,2.9825,10.075,3.3975,10.447500000000002,2.5575,3.2600000000000002,0.6575,66.6225,2.9825,30.395
Canatlán,10001,3463.5686274509803,4,1.7666666666666666,81.09122807017543,2.1561403508771932,9.380701754385965,1.4456140350877194,2.1333333333333333,1.3859649122807018,0.27543859649122804,0.3649122807017544,82.8578947368421,2.1561403508771932,14.985964912280702
Candelaria,04011,1202.86,4,12.834000000000001,78.796,0.754,5.132000000000001,0.9440000000000001,0.924,0.276,0.244,0.096,91.63,0.754,7.6160000000000005
Candelaria Loxicha,20012,1686.125,1,7.550000000000001,79.85,1.0125,8.5875,1.15,1.325,0.35,0.0625,0.1125,87.4,1.0125,11.5875
Cansahcab,31009,2657.0,1,11.095,76.135,0.8400000000000001,6.43,1.705,2.05,0.58,0.9400000000000001,0.225,87.22999999999999,0.8400000000000001,11.93
Capulhuac,15019,5731.64,3,3.552,82.57799999999999,2.884,8.76,0.682,0.732,0.37,0.21600000000000003,0.226,86.13,2.884,10.985999999999999
Carbó,26020,5403.729166666667,1,2.2041666666666666,61.54583333333334,4.533333333333333,8.025,1.8479166666666667,13.091666666666667,2.310416666666667,5.108333333333333,1.3333333333333333,63.75,4.533333333333333,31.71666666666667
Carlos A. Carrillo,30208,4208.3,1,17.259999999999998,70.4,0.8400000000000001,5.88,1.18,2.3600000000000003,1.1099999999999999,0.55,0.42000000000000004,87.66,0.8400000000000001,11.5
Carmen,04003,4563.416909620992,18,4.535276967930029,64.40524781341108,4.9533527696793005,7.197959183673469,2.3737609329446063,8.670262390670555,2.0247813411078717,5.142565597667638,0.6967930029154519,68.9405247813411,4.9533527696793005,26.10612244897959
Carrillo Puerto,30031,6712.5625,1,1.95,56.68125,7.74375,7.10625,2.98125,10.1125,2.875,9.49375,1.0562500000000001,58.63125,7.74375,33.625
Casimiro Castillo,14021,4595.0,1,3.6100000000000003,83.88,1.3,7.2,1.89,1.1400000000000001,0.64,0.15,0.19,87.49,1.3,11.209999999999999
Castaños,05006,6227.496062992126,7,1.7511811023622048,67.43307086614173,3.130708661417323,7.350393700787402,2.600787401574803,8.61259842519685,4.693700787401575,3.574015748031496,0.8535433070866142,69.18425196850393,3.130708661417323,27.68503937007874
Catazajá,07016,5455.2555555555555,3,4.83,70.31777777777778,2.588888888888889,7.403333333333332,2.313333333333333,6.619999999999999,1.5833333333333333,3.7966666666666664,0.5466666666666667,75.14777777777778,2.588888888888889,22.263333333333335
Catemaco,30032,6486.5,1,9.276923076923078,80.73461538461538,1.1846153846153846,5.226923076923077,1.1153846153846154,1.3576923076923075,0.46153846153846156,0.41538461538461535,0.22692307692307695,90.01153846153846,1.1846153846153846,8.803846153846154
Cañada Morelos,21099,2458.2,1,4.4799999999999995,77.3,1.65,5.66,2.21,5.24,1.48,1.1400000000000001,0.8400000000000001,81.78,1.65,16.57
Cedral,24007,3765.4,1,8.945,74.88,1.56,9.89,1.345,2.21,0.495,0.465,0.21000000000000002,83.825,1.56,14.615
Celaya,11007,14859.706766917294,12,2.073684210526316,74.19285714285714,2.9676691729323306,7.0248120300751875,2.9830827067669174,6.578947368421052,2.0338345864661656,1.593233082706767,0.5518796992481203,76.26654135338346,2.9676691729323306,20.765789473684208
Celestún,31011,1154.7,1,11.6,75.31,2.23,8.24,1.2899999999999998,0.96,0.26,0.05,0.06000000000000001,86.91,2.23,10.86
Cenotillo,31012,516.3,1,39.25,50.97,1.45,6.34,1.42,0.43,0.09,0.01,0.04,90.22,1.45,8.33
Centla,27003,6704.1796875,8,7.4593750000000005,73.55703125,3.1953125,5.975,1.3421875,4.9859375,1.075,1.93359375,0.4765625,81.01640625,3.1953125,15.78828125
Centro,27004,14347.98322580645,21,4.6579354838709675,81.60296774193549,1.74,5.084,1.272258064516129,2.9841290322580645,1.0686451612903227,1.2184516129032257,0.3716129032258065,86.26090322580644,1.74,11.999096774193548
Cerralvo,19011,3212.6071428571427,1,1.5178571428571428,73.77142857142857,1.1214285714285714,9.953571428571427,1.2142857142857142,3.1535714285714285,1.1964285714285714,7.7178571428571425,0.3535714285714286,75.28928571428571,1.1214285714285714,23.589285714285715
Cerritos,24008,2505.6,3,4.7700000000000005,65.77000000000001,3.7700000000000005,4.71,2.09,9.790000000000001,1.77,6.5200000000000005,0.8099999999999999,70.53999999999999,3.7700000000000005,25.689999999999998
Cerro Azul,30034,8940.3,1,4.05,72.37,3.69,6.95,1.45,6.4,2.27,2.44,0.38,76.42,3.69,19.89
Chalchicomula de Sesma,21045,5905.7,1,2.2600000000000002,65.33,2.27,8.66,5.0600000000000005,11.120000000000001,2.71,1.86,0.73,67.59,2.27,30.139999999999997
Chalco,15025,15648.230142566192,15,3.3317718940936865,81.35539714867618,3.0142566191446027,5.527902240325865,1.6325865580448065,2.9975560081466393,0.7419551934826885,1.0663951120162933,0.33217922606924644,84.68716904276987,3.0142566191446027,12.29857433808554
Chalma,30055,8503.0,1,2.7,81.6,1.85,5.45,0.9,5.199999999999999,1.0,0.4,0.9,84.30000000000001,1.85,13.850000000000001
Champotón,04004,3077.9824561403507,8,14.286842105263158,66.64912280701755,2.2157894736842105,6.074561403508772,1.736842105263158,4.684210526315789,1.1859649122807017,2.7359649122807017,0.4307017543859649,80.93596491228071,2.2157894736842105,16.84824561403509
Chamula,07023,4453.4,1,3.91,84.52000000000001,1.3699999999999999,4.2,0.9800000000000001,2.52,1.07,0.31999999999999995,1.1099999999999999,88.42999999999999,1.3699999999999999,10.2
Chanal,07024,1226.0,1,7.444444444444445,80.75555555555555,0.9222222222222223,6.122222222222223,0.9666666666666666,1.6555555555555557,1.1111111111111112,0.4444444444444444,0.5777777777777778,88.19999999999999,0.9222222222222223,10.877777777777778
Chankom,31017,427.2,1,11.14,81.44,0.61,5.73,0.8099999999999999,0.12999999999999998,0.13999999999999999,0.0,0.0,92.58,0.61,6.81
Chapa de Mota,15026,1828.2,1,3.2700000000000005,82.38,1.6600000000000001,9.25,1.1800000000000002,0.9,0.5900000000000001,0.36,0.41000000000000003,85.65,1.6600000000000001,12.690000000000001
Chapab,31018,1695.1,1,33.37,61.44,0.73,2.9099999999999997,0.45999999999999996,0.89,0.11000000000000001,0.02,0.07,94.81,0.73,4.459999999999999
Chapala,14030,8255.6,1,3.7633333333333336,88.47,0.5166666666666667,5.6433333333333335,0.5666666666666667,0.4033333333333333,0.31,0.12000000000000001,0.20666666666666667,92.23333333333333,0.5166666666666667,7.25
Chapantongo,13017,2218.7,1,1.9899999999999998,83.3,2.41,5.49,1.56,1.9899999999999998,1.8800000000000001,0.63,0.75,85.28999999999999,2.41,12.3
Chapulco,21046,7243.666666666667,1,2.5666666666666664,76.7,1.9666666666666668,7.6000000000000005,2.8333333333333335,5.3,1.6333333333333335,0.6,0.8000000000000002,79.26666666666667,1.9666666666666668,18.766666666666666
Chapulhuacán,13018,1547.65,2,3.35,83.2,1.89,7.56,1.765,1.3199999999999998,0.58,0.13,0.205,86.55,1.89,11.559999999999999
Charcas,24015,1876.7,1,16.556666666666665,67.11,2.783333333333333,10.306666666666667,1.49,0.9933333333333334,0.38,0.2733333333333333,0.10666666666666667,83.66666666666667,2.783333333333333,13.55
Charo,16022,2330.1481481481483,4,3.1333333333333333,82.74814814814815,0.5944444444444444,10.018518518518519,1.0962962962962963,1.6833333333333333,0.42962962962962964,0.08888888888888889,0.2074074074074074,85.88148148148149,0.5944444444444444,13.524074074074074
Chemax,31019,3468.876923076923,7,3.558461538461539,80.80461538461539,3.0876923076923077,5.578461538461539,1.663076923076923,2.2,0.66,2.2015384615384614,0.24615384615384617,84.36307692307693,3.0876923076923077,12.54923076923077
Cherán,16024,4003.0689655172414,1,3.9586206896551723,78.34827586206896,1.213793103448276,9.299999999999999,1.3655172413793104,3.713793103448276,1.2034482758620688,0.4103448275862069,0.4862068965517241,82.30689655172414,1.213793103448276,16.479310344827585
Chiapa de Corzo,07027,7423.741666666667,9,2.8,86.71166666666666,0.9908333333333333,4.868333333333334,1.1391666666666667,1.9849999999999999,0.7375,0.42083333333333334,0.3466666666666667,89.51166666666667,0.9908333333333333,9.4975
Chiautempan,29010,17775.16129032258,6,2.885483870967742,90.23064516129033,0.45645161290322583,2.579838709677419,0.5153225806451612,1.1749999999999998,1.3330645161290324,0.42580645161290326,0.39838709677419354,93.11612903225806,0.45645161290322583,6.42741935483871
Chichimilá,31021,2370.3,1,12.99,81.95,0.36,2.84,0.65,0.78,0.1,0.14,0.19,94.94,0.36,4.7
Chicoloapan,15029,31927.7375,2,4.438750000000001,84.3925,0.65625,4.4275,1.21,1.9575,1.8199999999999998,0.515,0.5825,88.83125,0.65625,10.5125
Chicontepec,30058,1462.2,2,5.883333333333334,85.17333333333333,0.7766666666666667,5.58,0.7533333333333334,1.1266666666666665,0.45666666666666667,0.15,0.1,91.05666666666666,0.7766666666666667,8.166666666666666
Chicxulub Pueblo,31020,1882.1666666666667,1,5.333333333333333,79.46666666666665,1.7833333333333334,5.283333333333333,2.15,1.8499999999999999,1.866666666666667,1.7833333333333332,0.48333333333333334,84.8,1.7833333333333334,13.416666666666666
Chietla,21051,4437.894736842105,3,13.331578947368422,71.87894736842105,0.9631578947368421,6.478947368421053,2.973684210526316,2.0,0.9263157894736843,1.1157894736842104,0.3315789473684211,85.21052631578948,0.9631578947368421,13.826315789473684
Chignahuapan,21053,4890.609375,3,2.5890625,81.5109375,1.9828125,7.3812500000000005,1.5734375,2.65,1.15625,0.73125,0.425,84.1,1.9828125,13.9171875
Chignautla,21054,8345.954545454546,1,1.8636363636363635,80.5,2.227272727272727,9.15,0.9318181818181818,3.5954545454545452,0.6772727272727272,0.35000000000000003,0.7045454545454546,82.36363636363636,2.227272727272727,15.409090909090908
Chihuahua,08019,6927.86301369863,15,1.7232876712328766,70.77602739726026,2.9465753424657533,9.195890410958903,1.8554794520547944,9.177397260273974,1.854109589041096,1.9595890410958905,0.5116438356164383,72.49931506849315,2.9465753424657533,24.554109589041097
Chila,21055,2279.3,1,3.17,81.15,3.44,7.109999999999999,2.0100000000000002,1.65,0.75,0.45,0.27,84.32,3.44,12.24
Chilapa de Álvarez,12028,6210.8,1,15.080000000000002,74.05,0.63,6.14,0.45999999999999996,2.57,0.5800000000000001,0.15,0.33999999999999997,89.13,0.63,10.24
Chilchota,16025,7183.253012048192,5,1.4867469879518074,78.57469879518072,2.149397590361446,9.520481927710843,2.725301204819277,3.4493975903614458,1.172289156626506,0.42289156626506025,0.49879518072289153,80.06144578313254,2.149397590361446,17.789156626506024
Chilpancingo de los Bravo,12029,10036.463768115942,10,3.2568840579710145,84.3876811594203,2.838768115942029,4.482608695652174,1.3978260869565218,1.8695652173913044,0.8264492753623188,0.6405797101449275,0.2996376811594203,87.6445652173913,2.838768115942029,9.516666666666666
Chilón,07031,2510.2972972972975,3,4.167567567567567,85.42162162162163,0.8513513513513513,4.008108108108108,0.8675675675675676,2.4783783783783786,1.0891891891891894,0.2513513513513514,0.8648648648648649,89.5891891891892,0.8513513513513513,9.55945945945946
China,19013,2036.304347826087,5,1.3840579710144927,67.47101449275362,2.592753623188406,13.084057971014492,2.1478260869565218,7.568115942028986,2.3492753623188407,2.9347826086956523,0.4681159420289855,68.85507246376811,2.592753623188406,28.552173913043475
Chinameca,30059,4489.1,1,10.24,79.37,1.15,3.2399999999999998,0.97,1.95,0.9799999999999999,0.45,1.65,89.61,1.15,9.24
Chinampa de Gorostiza,30060,6582.326086956522,3,7.386956521739131,76.78478260869565,1.9152173913043478,5.76304347826087,1.2369565217391305,3.9869565217391307,1.3521739130434782,1.1478260869565218,0.42608695652173917,84.17173913043479,1.9152173913043478,13.91304347826087
Chocholá,31023,5386.678571428572,3,2.2535714285714286,73.35714285714286,3.3000000000000003,6.792857142857143,2.085714285714286,6.075,1.4035714285714285,4.0928571428571425,0.6392857142857142,75.61071428571428,3.3000000000000003,21.089285714285715
Choix,25007,2700.5,1,7.35,76.05,3.38,10.05,1.46,0.74,0.55,0.2,0.22000000000000003,83.4,3.38,13.219999999999999
Churintzio,16028,4308.384615384615,2,1.876923076923077,66.08461538461539,5.861538461538462,9.853846153846153,2.9076923076923076,8.892307692307693,1.6,2.4615384615384617,0.46153846153846156,67.96153846153847,5.861538461538462,26.176923076923078
Churumuco,16029,1418.2,1,3.96,87.52000000000001,0.41,5.0,0.8400000000000001,1.85,0.26,0.02,0.14,91.47999999999999,0.41,8.11
Cihuatlán,14022,7303.339285714285,5,9.910714285714286,77.06339285714286,1.842857142857143,7.033928571428571,1.3526785714285714,1.500892857142857,0.7330357142857142,0.3241071428571428,0.23839285714285713,86.97410714285715,1.842857142857143,11.183035714285714
Cintalapa de Figueroa,07017,2485.925,4,6.86125,75.71625,2.3850000000000002,7.42,2.15875,2.2775,2.43375,0.5225,0.225,82.5775,2.3850000000000002,15.0375
Ciudad Fernández,24011,7921.9375,3,4.571875,82.640625,0.9875,7.765625,1.4625,1.340625,0.8125,0.1625,0.25625,87.2125,0.9875,11.8
Ciudad Ixtepec,20014,2718.7166666666667,4,7.031666666666666,79.74333333333334,1.1683333333333332,5.378333333333333,1.3383333333333334,1.63,0.9049999999999999,2.5383333333333336,0.26666666666666666,86.775,1.1683333333333332,12.056666666666667
Ciudad Valles,24013,6384.0123456790125,8,4.135185185185185,75.3358024691358,2.684567901234568,7.256172839506172,2.9104938271604937,4.082098765432098,1.4925925925925927,1.461111111111111,0.6419753086419753,79.47098765432098,2.684567901234568,17.844444444444445
Ciudad del Maíz,24010,2387.157142857143,3,2.4099999999999997,59.89714285714286,2.781428571428571,9.51,2.524285714285714,10.865714285714287,3.105714285714286,8.074285714285715,0.8314285714285715,62.30714285714286,2.781428571428571,34.91142857142857
Ciénega de Flores,19012,17296.45,3,2.0775,67.175,2.4725,9.215,3.1625,13.0275,1.34,1.0375,0.4925,69.2525,2.4725,28.275
Coacalco de Berriozábal,15020,29408.525,2,3.3049999999999997,86.50750000000001,1.3425,3.6625,1.0425,1.7175,1.1800000000000002,0.655,0.5875,89.8125,1.3425,8.845
Coahuayana,16014,3331.4,1,8.8,75.81,1.6300000000000001,9.97,1.6,1.69,0.25,0.09,0.16,84.61,1.6300000000000001,13.76
Coalcomán de Vázquez Pallares,16015,1567.7,1,10.0,71.14,1.75,8.41,4.32,2.18,1.43,0.24000000000000005,0.53,81.14,1.75,17.11
Coatepec,30038,8998.432835820895,4,4.643283582089553,83.02388059701494,1.301492537313433,6.382089552238806,1.0776119402985076,2.2313432835820897,0.4701492537313433,0.6268656716417911,0.24328358208955225,87.66716417910447,1.301492537313433,11.031343283582089
Coatepec Harinas,15021,4297.076923076923,2,6.588461538461539,84.71538461538461,0.6538461538461539,5.334615384615384,0.5923076923076923,1.0846153846153845,0.4,0.19615384615384615,0.4346153846153846,91.30384615384615,0.6538461538461539,8.042307692307691
Coatetelco,17034,3222.94,2,5.796,86.9,0.7979999999999999,4.684,0.892,0.546,0.26,0.054000000000000006,0.07,92.696,0.7979999999999999,6.506
Coatlán del Río,17005,3634.64,2,5.843999999999999,86.182,1.236,3.798,0.672,1.176,0.8939999999999999,0.06,0.13799999999999998,92.02600000000001,1.236,6.7379999999999995
Coatzacoalcos,30039,15872.303370786516,5,3.1595505617977526,78.10337078651685,2.9696629213483146,6.465168539325842,2.4842696629213483,2.4730337078651683,1.5640449438202246,2.3179775280898878,0.4629213483146068,81.2629213483146,2.9696629213483146,15.767415730337078
Coatzintla,30040,12084.545454545454,2,3.0181818181818185,85.54545454545455,1.3,6.081818181818182,0.8272727272727273,1.6272727272727272,0.7636363636363637,0.4272727272727273,0.4090909090909091,88.56363636363636,1.3,10.136363636363637
Cocotitlán,15022,15653.628571428571,4,3.4980952380952384,85.54666666666667,0.8180952380952381,6.143809523809524,1.1657142857142857,1.7047619047619047,0.5847619047619047,0.319047619047619,0.21904761904761905,89.04476190476191,0.8180952380952381,10.137142857142859
Cocula,14024,5981.45,1,3.19,83.14,2.0625,5.529999999999999,2.075,1.8,1.4300000000000002,0.40750000000000003,0.365,86.33,2.0625,11.6075
Coeneo,16016,3820.2,2,2.25,83.13000000000001,1.3466666666666667,8.943333333333333,1.6133333333333333,1.7433333333333332,0.5933333333333334,0.14,0.24000000000000002,85.38000000000001,1.3466666666666667,13.273333333333333
Cojumatlán de Régules,16074,3717.3,1,3.5,77.39,2.1,5.9399999999999995,2.38,4.55,1.89,1.6,0.65,80.89,2.1,17.009999999999998
Colima,06002,8370.785915492957,11,4.471267605633803,81.08450704225352,1.2861971830985917,6.068450704225353,1.2535211267605635,2.6890140845070425,1.5785915492957745,1.076056338028169,0.49239436619718313,85.55577464788732,1.2861971830985917,13.158028169014086
Colotlán,14025,4203.7,1,1.7400000000000002,83.7,1.8,8.440000000000001,1.04,1.59,0.9199999999999999,0.49000000000000005,0.28,85.44000000000001,1.8,12.76
Colón,22005,7368.227272727273,6,1.3558441558441559,83.91168831168831,1.3311688311688312,7.586363636363636,1.6779220779220778,1.9246753246753245,1.2714285714285716,0.5142857142857143,0.4266233766233766,85.26753246753248,1.3311688311688312,13.401298701298703
Comala,06003,3082.2972972972975,4,4.332432432432433,87.70270270270271,0.6864864864864865,5.521621621621622,0.3810810810810811,0.8405405405405406,0.26756756756756755,0.07297297297297298,0.1945945945945946,92.03513513513514,0.6864864864864865,7.278378378378378
Comalcalco,27005,6946.123188405797,17,21.960507246376814,67.93478260869566,0.8329710144927537,5.3826086956521735,0.6460144927536232,1.8239130434782609,0.7192028985507246,0.3083333333333333,0.39166666666666666,89.89528985507246,0.8329710144927537,9.271739130434783
Comitán de Domínguez,07019,6044.011111111111,3,6.588888888888889,84.27,0.6133333333333334,4.834444444444444,0.6877777777777777,1.8944444444444444,0.5800000000000001,0.2211111111111111,0.31,90.85888888888888,0.6133333333333334,8.527777777777779
Comondú,03001,1747.1535714285715,18,1.4182142857142859,83.36392857142857,1.3360714285714286,8.846785714285714,1.7539285714285715,2.2232142857142856,0.5325,0.3228571428571429,0.2025,84.78214285714286,1.3360714285714286,13.881785714285714
Comonfort,11009,4036.5454545454545,2,7.5227272727272725,82.4909090909091,0.6681818181818182,6.781818181818181,0.45454545454545453,1.2045454545454546,0.36363636363636365,0.16818181818181818,0.34545454545454546,90.01363636363637,0.6681818181818182,9.318181818181818
Compostela,18004,8410.052863436124,13,5.5,79.39603524229075,3.273568281938326,6.862555066079295,1.5607929515418502,1.924669603524229,0.8475770925110132,0.3581497797356828,0.27665198237885463,84.89603524229075,3.273568281938326,11.830396475770925
Concepción del Oro,32007,3369.3,2,1.74,57.39777777777778,4.743333333333333,14.654444444444445,2.5655555555555556,13.06,1.948888888888889,3.1766666666666663,0.7133333333333334,59.13777777777777,4.743333333333333,36.11888888888889
Concordia,25004,3302.3474576271187,6,4.420833333333333,60.774166666666666,6.520833333333333,7.126666666666667,2.654166666666667,10.840833333333334,2.6333333333333333,4.29,0.7391666666666666,65.195,6.520833333333333,28.284166666666668
Conkal,31013,7600.689655172414,2,15.010344827586207,76.35172413793103,0.6,4.244827586206896,1.303448275862069,1.3586206896551725,0.4862068965517241,0.39999999999999997,0.24482758620689657,91.36206896551724,0.6,8.037931034482758
Contepec,16017,5462.455555555555,5,1.0355555555555556,68.68555555555555,6.178888888888889,6.367777777777778,3.1755555555555555,8.194444444444445,1.808888888888889,3.4555555555555557,1.0977777777777777,69.72111111111111,6.178888888888889,24.1
Contla de Juan Cuamatzi,29018,14458.714285714286,1,4.642857142857143,84.17142857142858,0.4571428571428572,2.5714285714285716,0.35714285714285715,4.6000000000000005,1.1285714285714286,0.6714285714285715,1.4,88.81428571428572,0.4571428571428572,10.728571428571428
Copala,12018,5312.742857142857,3,3.68,81.0657142857143,2.174285714285714,6.88,2.0028571428571427,2.5399999999999996,0.9914285714285715,0.3628571428571428,0.3028571428571428,84.74571428571429,2.174285714285714,13.08
Copándaro,16018,6539.235294117647,5,1.1211764705882352,71.51529411764706,5.328235294117647,6.0458823529411765,2.131764705882353,6.682352941176471,2.015294117647059,4.323529411764706,0.8364705882352941,72.6364705882353,5.328235294117647,22.03529411764706
Coquimatlán,06004,5915.9,1,7.486666666666666,83.67666666666668,0.9633333333333333,5.6066666666666665,0.6633333333333333,0.9433333333333334,0.38333333333333336,0.07333333333333333,0.2033333333333333,91.16333333333334,0.9633333333333333,7.873333333333333
Coronango,21034,21995.464285714286,6,1.0357142857142858,80.41785714285713,3.710714285714286,5.317857142857143,2.332142857142857,4.139285714285714,0.85,1.625,0.5714285714285714,81.45357142857142,3.710714285714286,14.835714285714285
Coroneo,11010,2613.32,1,2.178,84.70200000000001,2.2720000000000002,7.652,0.83,1.534,0.5720000000000001,0.13799999999999998,0.12200000000000001,86.88,2.2720000000000002,10.847999999999999
Corregidora,22006,19608.527131782947,16,1.4565891472868218,83.16356589147287,1.549095607235142,5.468475452196383,1.848578811369509,3.8299741602067185,1.427906976744186,0.7811369509043928,0.4746770025839793,84.62015503875969,1.549095607235142,13.830749354005167
Cortazar,11011,10880.275,2,4.532500000000001,80.58250000000001,1.2,9.2825,1.41,1.89,0.48500000000000004,0.2925,0.325,85.115,1.2,13.684999999999999
Cosalá,25005,1557.7,1,13.14,71.36,2.3899999999999997,6.7700000000000005,2.2199999999999998,1.6600000000000001,0.77,0.32999999999999996,1.36,84.5,2.3899999999999997,13.11
Cosamaloapan de Carpio,30045,6493.496969696969,9,9.68909090909091,67.74000000000001,2.69030303030303,6.754545454545455,2.201212121212121,5.723030303030303,1.2515151515151515,3.3581818181818184,0.5921212121212122,77.4290909090909,2.69030303030303,19.880606060606063
Coscomatepec,30047,8208.75,1,3.97,81.125,1.05,7.435,1.205,3.5549999999999997,0.7150000000000001,0.25,0.6950000000000001,85.095,1.05,13.855
Cosoleacaque,30048,13910.272727272728,8,3.2187878787878788,79.09454545454545,2.9624242424242424,5.968484848484848,1.4187878787878787,3.4575757575757575,1.615757575757576,1.773939393939394,0.4896969696969697,82.31333333333333,2.9624242424242424,14.724242424242425
Cosío,01004,6973.5395683453235,3,3.2007194244604316,68.9546762589928,4.27410071942446,6.71726618705036,2.131654676258993,8.29496402877698,2.3338129496402877,3.4244604316546763,0.6683453237410072,72.15539568345324,4.27410071942446,23.570503597122304
Cotaxtla,30049,6554.321428571428,7,4.149107142857143,63.878571428571426,5.230357142857143,6.536607142857143,3.261607142857143,8.164285714285715,2.366964285714286,5.751785714285715,0.6607142857142857,68.02767857142858,5.230357142857143,26.741964285714285
Cotija,16019,2302.8,1,7.83,76.3,1.22,7.99,3.19,1.9300000000000002,1.08,0.16,0.3,84.13,1.22,14.65
Coxcatlán,21035,1622.2,1,11.86,72.91,1.73,8.53,1.8699999999999999,1.9899999999999998,0.4,0.13999999999999999,0.5700000000000001,84.77000000000001,1.73,13.5
Coyame del Sotol,08015,357.6,1,0.76,74.78,1.05,18.29,2.07,1.75,0.99,0.06000000000000001,0.25,75.53999999999999,1.05,23.41
Coyotepec,15023,26020.25,3,1.9897727272727272,70.74772727272727,4.056818181818182,7.25,3.1920454545454544,8.817045454545454,1.321590909090909,1.9352272727272728,0.6897727272727273,72.7375,4.056818181818182,23.205681818181816
Coyuca de Benítez,12021,5129.734693877551,5,7.16530612244898,82.01632653061225,1.8265306122448979,5.214285714285714,1.1673469387755102,1.583673469387755,0.6693877551020407,0.1489795918367347,0.20816326530612245,89.18163265306121,1.8265306122448979,8.991836734693878
Coyuca de Catalán,12022,2539.8,1,3.0300000000000002,88.72,0.36,5.01,0.41,1.69,0.3,0.18,0.3,91.75,0.36,7.890000000000001
Cozumel,23001,2896.3375,3,23.576249999999998,70.37375,0.58875,4.07125,0.37374999999999997,0.48250000000000004,0.24125000000000002,0.155,0.1375,93.95,0.58875,5.46125
Cruillas,28010,2068.133333333333,2,2.0566666666666666,64.71,6.663333333333333,7.64,1.8333333333333333,9.120000000000001,2.6366666666666663,4.723333333333333,0.6166666666666667,66.76666666666667,6.663333333333333,26.57
Cuajimalpa de Morelos,09004,26264.36217948718,6,1.1099358974358975,86.54679487179487,2.614102564102564,4.74775641025641,1.1471153846153845,2.09775641025641,0.7641025641025642,0.5717948717948718,0.40064102564102566,87.65673076923078,2.614102564102564,9.729166666666666
Cuajinicuilapa,12023,2918.733333333333,1,4.2,79.04666666666667,2.3866666666666663,7.753333333333333,2.246666666666667,2.746666666666667,1.0533333333333335,0.2733333333333333,0.29333333333333333,83.24666666666667,2.3866666666666663,14.366666666666667
Cuapiaxtla,29008,8656.8,4,1.4022222222222223,69.10666666666667,3.768888888888889,7.091111111111111,3.542222222222222,8.304444444444444,3.46,2.497777777777778,0.8266666666666667,70.50888888888889,3.768888888888889,25.72222222222222
Cuapiaxtla de Madero,21038,9309.08,3,3.0780000000000003,79.908,1.702,8.468,2.6039999999999996,2.438,1.1540000000000001,0.28600000000000003,0.36200000000000004,82.986,1.702,15.312000000000001
Cuatro Ciénegas,05007,1262.578947368421,1,2.068421052631579,75.13684210526316,2.289473684210526,11.094736842105263,1.8105263157894735,4.11578947368421,1.5473684210526315,1.563157894736842,0.3736842105263158,77.20526315789475,2.289473684210526,20.50526315789474
Cuauhtémoc,32008,8154.98730964467,18,2.3918781725888323,77.21065989847716,2.0538071065989847,8.426142131979695,2.1390862944162436,3.581472081218274,1.5578680203045685,2.1758883248730965,0.4631979695431472,79.602538071066,2.0538071065989847,18.343654822335026
Cuautitlán,15024,14192.473684210527,4,4.998684210526315,81.63157894736842,1.7763157894736843,3.8973684210526316,1.6513157894736843,3.4894736842105263,1.3565789473684209,0.8052631578947369,0.39342105263157895,86.63026315789473,1.7763157894736843,11.593421052631578
Cuautitlán Izcalli,15121,22115.964705882354,7,2.6576470588235295,83.31882352941177,1.3823529411764706,5.234117647058823,1.84,3.3341176470588234,1.1058823529411765,0.6505882352941176,0.4764705882352941,85.97647058823529,1.3823529411764706,12.641176470588235
Cuautla,17006,18918.650224215246,7,4.891031390134529,84.69910313901346,1.470403587443946,5.028699551569507,1.338116591928251,1.2269058295964126,0.6771300448430493,0.47713004484304933,0.1914798206278027,89.59013452914797,1.470403587443946,8.939461883408072
Cuaxomulco,29009,2911.7,1,8.870000000000001,81.35,1.3599999999999999,3.8600000000000003,0.89,1.61,0.79,0.6100000000000001,0.6599999999999999,90.22,1.3599999999999999,8.42
Cuencamé,10004,3220.410646387833,12,2.721223021582734,58.93021582733813,5.140287769784172,9.107913669064748,3.550359712230216,11.76978417266187,3.689928057553957,4.172302158273381,0.9179856115107913,61.65143884892086,5.140287769784172,33.208273381294966
Cuernavaca,17007,28901.154377880186,21,2.596774193548387,86.28986175115207,2.6753456221198153,4.911290322580645,0.7672811059907834,1.2912442396313364,0.8133640552995391,0.42304147465437786,0.2317972350230415,88.88663594470047,2.6753456221198153,8.438018433179723
Cuerámaro,11012,2780.825,3,3.4475000000000002,74.29499999999999,2.5975,13.49,2.7125,2.205,0.8925000000000001,0.20500000000000002,0.155,77.74249999999999,2.5975,19.66
Cuitláhuac,30053,8402.389830508475,6,3.494915254237288,62.01525423728814,3.952542372881356,6.552542372881356,5.055932203389831,9.794915254237289,2.2084745762711866,6.083050847457627,0.8423728813559322,65.51016949152542,3.952542372881356,30.537288135593222
Cuitzeo,16020,6245.4453125,4,2.12421875,74.55390625,4.33984375,7.13125,2.10703125,5.271875,1.40703125,2.5546875,0.51015625,76.678125,4.33984375,18.98203125
Culiacán,25006,13653.508875739644,18,3.693491124260355,78.70917159763314,2.696153846153846,5.718047337278106,2.1275147928994085,4.3349112426035505,1.077810650887574,1.2692307692307692,0.3736686390532544,82.40266272189349,2.696153846153846,14.901183431952663
Cunduacán,27006,9914.763157894737,14,9.528289473684211,73.66578947368421,2.112171052631579,6.0200657894736835,1.3845394736842105,4.252631578947368,1.2009868421052632,1.4796052631578949,0.35592105263157897,83.19407894736842,2.112171052631579,14.69375
Cuquío,14029,3458.5555555555557,1,4.655555555555555,81.46666666666667,0.8999999999999999,9.622222222222222,1.6444444444444446,0.6444444444444445,0.6222222222222222,0.2222222222222222,0.2222222222222222,86.12222222222222,0.8999999999999999,12.977777777777778
Cutzamala de Pinzón,12027,3064.3,1,7.05,78.3,1.66,5.819999999999999,1.35,3.69,1.5,0.22000000000000003,0.41000000000000003,85.35,1.66,12.99
Cuyoaco,21044,4877.1,1,1.29,79.06,5.2299999999999995,8.440000000000001,2.37,1.61,0.9099999999999999,0.65,0.44000000000000006,80.35,5.2299999999999995,14.419999999999998
Cárdenas,27002,10107.239285714286,9,10.831071428571429,70.27035714285715,2.281428571428571,6.926785714285714,1.6017857142857144,4.643928571428571,1.2314285714285715,1.8839285714285714,0.3292857142857143,81.10142857142857,2.281428571428571,16.61714285714286
Córdoba,30044,13912.45945945946,3,3.4648648648648646,73.57567567567568,3.062162162162162,7.164864864864866,2.410810810810811,4.764864864864865,1.6837837837837837,3.3162162162162163,0.5567567567567568,77.04054054054055,3.062162162162162,19.8972972972973
Degollado,14033,6243.315789473684,3,3.0999999999999996,75.91052631578947,2.6578947368421053,8.773684210526316,2.3578947368421055,5.221052631578948,1.063157894736842,0.5157894736842105,0.4,79.01052631578948,2.6578947368421053,18.331578947368424
Delicias,08021,9601.942857142858,4,3.3585714285714285,72.94714285714286,2.9057142857142857,7.714285714285714,1.77,7.675714285714285,1.5014285714285713,1.637142857142857,0.48999999999999994,76.30571428571427,2.9057142857142857,20.78857142857143
Doctor Arroyo,19014,5845.057142857143,2,3.4114285714285715,52.861428571428576,3.568571428571429,9.442857142857143,2.3214285714285716,22.25857142857143,2.4285714285714284,3.068571428571429,0.6385714285714286,56.27285714285714,3.568571428571429,40.15857142857143
Doctor González,19016,1621.0666666666666,5,3.1044444444444443,74.58555555555556,1.9677777777777776,10.094444444444445,1.9722222222222223,2.7655555555555558,0.9977777777777778,4.2555555555555555,0.2566666666666667,77.69,1.9677777777777776,20.342222222222222
Doctor Mora,11013,3298.6,1,4.029999999999999,77.24,1.44,11.59,2.75,1.7399999999999998,0.62,0.42000000000000004,0.17,81.27000000000001,1.44,17.29
Dolores Hidalgo Cuna de la Independencia Nacional,11014,6266.609090909091,6,3.44,79.87272727272727,2.153636363636364,9.498181818181818,1.3827272727272726,2.265454545454545,0.8,0.28,0.30727272727272725,83.31272727272727,2.153636363636364,14.533636363636363
Donato Guerra,15032,3641.0,3,3.7299999999999995,89.2825,0.41500000000000004,4.35,0.8150000000000001,0.9225,0.22749999999999998,0.095,0.1625,93.0125,0.41500000000000004,6.572500000000001
Durango,10005,4958.745798319328,36,3.410573122529644,77.34081027667983,2.5539525691699603,8.049505928853755,2.3642292490118577,3.3626482213438735,1.341699604743083,1.0940711462450594,0.4825098814229249,80.75138339920949,2.5539525691699603,16.694664031620555
Dzan,31025,3414.1,1,40.910000000000004,54.29,0.45999999999999996,2.08,0.29,1.54,0.27,0.04,0.12000000000000002,95.2,0.45999999999999996,4.34
Dzemul,31026,1081.35,2,21.615000000000002,70.10833333333333,0.7633333333333333,5.516666666666667,0.9916666666666667,0.785,0.14166666666666666,0.04833333333333334,0.030000000000000002,91.72333333333333,0.7633333333333333,7.513333333333334
Dzidzantún,31027,900.1,2,27.788333333333334,64.56333333333333,1.3483333333333332,5.031666666666666,0.5816666666666667,0.475,0.12333333333333334,0.05333333333333334,0.035,92.35166666666667,1.3483333333333332,6.3
Dzilam González,31029,975.5,1,42.79,51.010000000000005,0.74,4.2299999999999995,0.45999999999999996,0.6599999999999999,0.09,0.0,0.02,93.8,0.74,5.46
Dzilam de Bravo,31028,1429.25,1,32.16,59.44,0.67,5.825,0.505,0.975,0.25,0.08499999999999999,0.09,91.6,0.67,7.7299999999999995
Dzitbalché,04013,5158.285714285715,2,4.071428571428571,70.45714285714286,3.6357142857142857,4.935714285714285,1.95,8.057142857142857,1.55,4.5,0.8428571428571429,74.52857142857144,3.6357142857142857,21.835714285714285
Dzitás,31030,640.3,1,19.79,75.78999999999999,0.43,2.8600000000000003,0.45999999999999996,0.36,0.23000000000000004,0.06,0.02,95.58,0.43,3.9899999999999998
Ebano,24016,5308.670454545455,1,9.867045454545455,67.7375,2.3397727272727273,7.944318181818182,2.0749999999999997,4.809090909090909,1.8875,2.646590909090909,0.6931818181818182,77.60454545454546,2.3397727272727273,20.05568181818182
Ecatepec de Morelos,15033,23020.878151260506,11,2.384033613445378,81.73655462184874,2.21890756302521,5.399579831932773,1.6021008403361345,3.739075630252101,1.534453781512605,0.8836134453781513,0.5016806722689076,84.12058823529412,2.21890756302521,13.660504201680672
Ecuandureo,16030,5090.60773480663,8,1.1629834254143647,68.73093922651934,6.3889502762430945,7.174585635359115,3.251381215469613,8.295580110497237,1.5988950276243092,2.5408839779005525,0.8558011049723757,69.89392265193369,6.3889502762430945,23.717127071823207
Eduardo Neri,12075,4256.7,4,2.725,80.64,2.2933333333333334,7.614999999999999,2.955,2.265,1.0633333333333332,0.22666666666666666,0.21666666666666667,83.365,2.2933333333333334,14.341666666666667
El Arenal,13009,7991.948979591837,4,1.7653061224489797,75.48673469387755,4.280612244897959,6.164285714285715,3.0193877551020405,6.119387755102041,1.3908163265306124,1.2959183673469388,0.4775510204081632,77.25204081632653,4.280612244897959,18.46734693877551
El Barrio de la Soledad,20010,6682.92,2,4.66,66.928,3.888,6.34,2.248,7.148,3.2560000000000002,4.74,0.792,71.58800000000001,3.888,24.524
El Carmen,19010,8299.95,1,1.25,74.94,1.4949999999999999,9.155,2.7350000000000003,4.84,3.15,1.875,0.5599999999999999,76.19,1.4949999999999999,22.315
El Carmen Tequexquitla,29007,6670.14,2,1.716,67.48,3.4219999999999997,7.796,4.342,8.582,3.9760000000000004,2.028,0.6579999999999999,69.196,3.4219999999999997,27.381999999999998
El Fuerte,25010,2605.3714285714286,2,7.205714285714286,75.8742857142857,3.117142857142857,8.991428571428571,2.0457142857142854,1.0814285714285714,0.7257142857142856,0.3757142857142857,0.5828571428571429,83.08,3.117142857142857,13.802857142857142
El Grullo,14037,6367.181818181818,2,5.654545454545454,79.86363636363636,1.3181818181818181,8.145454545454545,2.3545454545454545,1.6090909090909091,0.6000000000000001,0.1,0.35454545454545455,85.51818181818182,1.3181818181818181,13.163636363636364
El Higo,30205,2456.55,2,6.890000000000001,70.15,2.105,10.725,2.815,3.22,2.4,1.28,0.41500000000000004,77.03999999999999,2.105,20.855
El Llano,01010,4018.4204545454545,8,4.711363636363637,77.90738636363636,2.1607954545454544,8.172727272727274,2.690909090909091,2.611931818181818,0.9136363636363637,0.5982954545454545,0.23295454545454544,82.61874999999999,2.1607954545454544,15.220454545454546
El Mante,28021,4062.9142857142856,4,7.6571428571428575,75.85,2.2857142857142856,6.634285714285714,2.0814285714285714,2.394285714285714,0.9314285714285715,1.7985714285714287,0.36714285714285716,83.50714285714285,2.2857142857142856,14.207142857142857
El Marqués,22011,31687.25787965616,15,2.1378223495702007,74.40171919770773,2.4103151862464185,6.599713467048711,2.867621776504298,7.757879656160458,1.5558739255014327,1.6008595988538683,0.6681948424068768,76.59512893982809,2.4077363896848136,20.997134670487107
El Naranjo,24058,3226.96,2,5.417999999999999,78.02199999999999,1.5419999999999998,7.312,1.8980000000000001,3.4819999999999998,0.8160000000000001,1.1440000000000001,0.366,83.44,1.5419999999999998,15.017999999999999
El Oro,15064,9627.85,4,1.2375,88.535,1.175,5.23125,0.67,2.06,0.5962500000000001,0.17875000000000002,0.31625000000000003,89.77250000000001,1.175,9.0525
El Porvenir,07070,1140.3,1,6.24,86.6,0.5700000000000001,5.29,0.37,0.71,0.16999999999999998,0.0,0.05,92.84,0.5700000000000001,6.590000000000001
El Salto,14070,78280.4375,1,1.26875,85.15,1.2,4.99375,1.3875,2.36875,2.0875,0.7875,0.75625,86.41875,1.2,12.38125
Eldorado,25019,4136.666666666667,1,9.25,80.58999999999999,1.51,5.363333333333333,1.9266666666666667,0.86,0.31,0.07333333333333333,0.11666666666666667,89.83999999999999,1.51,8.65
Elota,25008,3163.72131147541,6,6.418032786885246,70.05081967213115,3.6622950819672133,6.516393442622951,2.918032786885246,6.9868852459016395,1.5704918032786885,1.3442622950819672,0.5327868852459017,76.4688524590164,3.6622950819672133,19.868852459016395
Emiliano Zapata,27007,6489.836734693878,22,4.241224489795918,73.96285714285715,2.897142857142857,5.988979591836735,2.1851020408163264,5.463061224489796,1.753673469387755,2.8230612244897957,0.6848979591836735,78.20408163265306,2.897142857142857,18.898775510204082
Empalme,26025,5702.808823529412,4,2.0941176470588236,66.77941176470588,4.804411764705883,7.536764705882353,2.1294117647058823,9.972058823529412,2.6176470588235294,3.476470588235294,0.5897058823529412,68.87352941176471,4.804411764705883,26.322058823529414
Encarnación de Díaz,14035,5957.17994100295,10,3.4696165191740413,67.97728613569322,4.177581120943953,6.688200589970502,2.923008849557522,8.468731563421828,2.0300884955752214,3.5395280235988205,0.7259587020648968,71.44690265486726,4.177581120943953,24.37551622418879
Ensenada,02001,8790.23786407767,29,1.5973300970873787,80.81067961165049,1.5893203883495144,8.494174757281554,1.1366504854368933,4.3274271844660195,1.100242718446602,0.6026699029126213,0.341504854368932,82.40800970873786,1.5893203883495144,16.002669902912622
Epazoyucan,13022,6966.857142857143,2,1.5907563025210085,90.53697478991596,0.938655462184874,4.492436974789916,0.9663865546218487,0.6957983193277311,0.3638655462184874,0.2495798319327731,0.16554621848739495,92.12773109243697,0.938655462184874,6.9336134453781515
Epitacio Huerta,16031,3091.45,2,1.345,89.135,0.5599999999999999,5.37,0.9199999999999999,1.4849999999999999,0.705,0.24,0.24,90.47999999999999,0.5599999999999999,8.959999999999999
Erongarícuaro,16032,3927.1,1,3.8299999999999996,86.26,0.35,7.989999999999999,0.5599999999999999,0.8699999999999999,0.06999999999999999,0.01,0.06000000000000001,90.09,0.35,9.56
Escobedo,05008,1531.4285714285713,2,1.7,76.07857142857142,2.8214285714285716,11.1,1.8571428571428572,4.171428571428572,0.6785714285714286,1.2785714285714285,0.31428571428571433,77.77857142857144,2.8214285714285716,19.400000000000002
Escuinapa,25009,3924.7430555555557,4,5.759722222222222,54.84652777777777,6.992361111111111,7.050694444444444,3.3097222222222222,14.66527777777778,2.3743055555555554,4.425000000000001,0.5763888888888888,60.606249999999996,6.992361111111111,32.40138888888889
Escárcega,04009,4142.866666666667,3,7.6925,66.07,3.881666666666667,6.4425,1.9133333333333333,6.575,1.7791666666666666,4.844166666666666,0.8016666666666666,73.7625,3.881666666666667,22.355833333333333
Españita,29012,7871.5,1,2.9,61.9,5.199999999999999,3.9,2.85,14.2,3.05,5.15,0.8500000000000001,64.8,5.199999999999999,30.0
Esperanza,21063,5575.333333333333,5,1.8266666666666667,58.46333333333334,4.538333333333333,6.003333333333333,5.77,12.013333333333332,2.005,8.468333333333332,0.9116666666666667,60.29,4.538333333333333,35.17166666666667
Ezequiel Montes,22007,7645.392857142857,1,2.1392857142857142,84.38690476190476,1.544047619047619,6.751190476190477,1.901190476190476,1.9845238095238098,0.6845238095238095,0.2690476190476191,0.3392857142857143,86.52619047619048,1.544047619047619,11.929761904761905
Felipe Carrillo Puerto,23002,1753.1484375,20,8.92734375,77.82916666666667,2.05078125,6.154427083333334,1.4197916666666668,1.7049479166666668,0.5901041666666667,1.12890625,0.19453125000000002,86.75651041666667,2.05078125,11.192708333333334
Florencio Villarreal,12030,4327.666666666667,2,4.366666666666666,81.77916666666667,1.6833333333333333,6.345833333333334,1.8833333333333335,2.1750000000000003,0.8791666666666668,0.4666666666666666,0.4208333333333334,86.14583333333333,1.6833333333333333,12.170833333333334
Fortín,30068,12583.007142857143,4,4.843571428571429,77.30214285714285,2.3128571428571427,5.658571428571429,2.0692857142857144,3.9721428571428574,1.2264285714285716,2.142142857142857,0.47285714285714286,82.14571428571428,2.3128571428571427,15.541428571428574
Francisco I. Madero,05009,7113.9807692307695,2,3.7660377358490567,80.95283018867924,1.649056603773585,7.749056603773584,1.6867924528301887,2.3905660377358493,0.9320754716981132,0.5188679245283019,0.3547169811320755,84.71886792452831,1.649056603773585,13.632075471698114
Fresnillo,32010,4662.357894736842,15,3.057731958762887,65.92731958762886,3.6850515463917524,9.686340206185568,2.559020618556701,8.818041237113402,2.4530927835051544,2.852835051546392,0.9605670103092783,68.98505154639176,3.6850515463917524,27.329896907216494
Frontera,05010,8582.111111111111,2,1.5027777777777778,85.375,2.013888888888889,7.38611111111111,1.025,1.3583333333333334,0.6916666666666667,0.4166666666666667,0.23055555555555557,86.87777777777778,2.013888888888889,11.108333333333333
Frontera Comalapa,07034,5028.457142857143,4,13.21142857142857,77.43142857142857,0.7485714285714286,4.1171428571428565,0.6028571428571429,2.762857142857143,0.5514285714285715,0.1685714285714286,0.4057142857142857,90.64285714285714,0.7485714285714286,8.608571428571429
Frontera Hidalgo,07035,7146.05,2,4.975,80.33,0.9550000000000001,3.755,1.04,5.865,0.975,1.425,0.6799999999999999,85.30499999999999,0.9550000000000001,13.74
Fronteras,26027,1800.7,1,0.8400000000000001,73.11999999999999,1.8399999999999999,15.25,1.6,2.71,1.8099999999999998,2.07,0.76,73.96000000000001,1.8399999999999999,24.2
Gabriel Zamora,16033,5222.513513513513,3,8.32162162162162,75.22162162162162,2.037837837837838,5.251351351351351,2.0486486486486486,2.9216216216216213,1.137837837837838,2.3432432432432435,0.7162162162162162,83.54324324324324,2.037837837837838,14.41891891891892
Galeana,19017,7016.973404255319,9,1.5164893617021278,44.09787234042553,5.076063829787234,7.507978723404255,2.4132978723404253,30.348936170212767,3.404787234042553,4.802659574468085,0.8319148936170213,45.61436170212766,5.076063829787234,49.30957446808511
García,19018,15745.875,2,1.5025,58.86749999999999,3.2575000000000003,7.915000000000001,2.8225000000000002,18.932499999999997,2.4274999999999998,3.5174999999999996,0.7575000000000001,60.370000000000005,3.2575000000000003,36.3725
General Bravo,19020,3391.2083333333335,6,1.0383333333333333,66.66666666666667,3.180833333333333,9.435,1.74,11.284166666666668,2.6141666666666667,3.225,0.8158333333333334,67.705,3.180833333333333,29.114166666666666
General Cepeda,05011,1878.5,4,1.3975,66.4075,3.1375,16.6175,1.8625,6.8637500000000005,2.2675,1.145,0.30125,67.80499999999999,3.1375,29.057499999999997
General Enrique Estrada,32013,9173.266666666666,2,0.9241935483870969,71.3225806451613,3.861290322580645,7.92741935483871,2.2483870967741937,8.15967741935484,2.324193548387097,2.467741935483871,0.7645161290322581,72.24677419354839,3.861290322580645,23.891935483870967
General Escobedo,19021,22970.93,8,2.287,76.055,1.4585,9.1625,2.6944999999999997,4.6160000000000005,2.105,0.993,0.6285000000000001,78.342,1.4585,20.1995
General Francisco R. Murguía,32014,4812.7037037037035,2,0.7571428571428571,57.28928571428571,4.660714285714286,13.889285714285714,2.432142857142857,12.671428571428573,3.6785714285714284,3.9785714285714286,0.6428571428571429,58.04642857142857,4.660714285714286,37.292857142857144
General Plutarco Elías Calles,26070,4448.7375,3,2.23625,60.29375,5.055,7.5175,1.7375,15.571250000000001,2.21375,4.63875,0.73625,62.529999999999994,5.055,32.415
General Pánfilo Natera,32016,2709.2025316455697,3,3.1493670886075953,68.54683544303798,3.312658227848101,10.2126582278481,1.9734177215189874,6.955696202531645,1.9430379746835442,3.4000000000000004,0.5063291139240507,71.69620253164557,3.312658227848101,24.991139240506328
General Terán,19022,1423.1714285714286,4,10.217142857142857,74.60285714285715,1.0771428571428572,10.625714285714285,0.9857142857142858,1.362857142857143,0.5114285714285713,0.43714285714285717,0.18,84.82,1.0771428571428572,14.102857142857143
General Treviño,19023,1437.4666666666667,1,1.8933333333333333,65.99,2.08,10.416666666666666,1.3766666666666667,4.583333333333333,1.7233333333333334,11.616666666666667,0.32,67.88333333333334,2.08,30.03666666666667
General Zuazua,19025,23143.01923076923,3,2.019230769230769,68.15192307692308,2.451923076923077,7.813461538461539,2.75,13.061538461538463,1.6423076923076925,1.5346153846153845,0.5750000000000001,70.17115384615384,2.451923076923077,27.376923076923074
González,28012,3621.16,5,2.332,64.082,3.8939999999999997,7.362,2.7880000000000003,7.66,3.1239999999999997,7.97,0.7879999999999999,66.414,3.8939999999999997,29.691999999999997
Guachochi,08027,122.83333333333333,1,3.7666666666666666,70.39444444444445,0.6555555555555556,22.788888888888888,1.1888888888888889,0.6111111111111112,0.5166666666666667,0.04444444444444444,0.03333333333333333,74.16111111111111,0.6555555555555556,25.183333333333334
Guadalcázar,24017,6816.525862068966,8,2.0620689655172413,48.432758620689654,3.9155172413793102,8.72844827586207,2.706896551724138,23.15258620689655,3.680172413793103,6.507758620689655,0.8137931034482759,50.494827586206895,3.9155172413793102,45.58965517241379
Guadalupe,32017,11950.244582043344,17,1.998142414860681,79.67894736842105,2.411455108359133,7.956656346749226,1.6603715170278637,3.4842105263157896,1.1461300309597522,1.3164086687306502,0.3476780185758514,81.67708978328173,2.411455108359133,15.911455108359132
Guadalupe Victoria,10008,4801.473684210527,2,1.93875,72.5275,2.86875,9.1525,2.46875,6.24125,3.18375,1.00875,0.61,74.46625,2.86875,22.665
Guadalupe y Calvo,08029,660.0769230769231,1,0.9846153846153847,66.44615384615385,1.4692307692307693,17.684615384615384,7.269230769230769,3.353846153846154,1.6,0.0923076923076923,1.1,67.43076923076923,1.4692307692307693,31.1
Guanajuato,11015,16107.475,8,2.38625,87.271875,1.399375,6.314375,0.6025,0.971875,0.66875,0.15125,0.23374999999999999,89.658125,1.399375,8.942499999999999
Guasave,25011,6826.638461538461,9,4.33,71.60076923076923,4.0661538461538465,5.565384615384615,2.7153846153846155,7.386923076923076,1.3684615384615384,2.2123076923076925,0.7546153846153846,75.93076923076923,4.0661538461538465,20.003076923076925
Guaymas,26029,5706.267489711934,9,2.3189300411522633,71.62880658436214,4.109876543209877,7.1683127572016465,1.9362139917695473,7.527572016460906,1.794650205761317,2.9724279835390943,0.5432098765432098,73.9477366255144,4.109876543209877,21.94238683127572
Guerrero,05012,2017.4624505928855,11,1.6632411067193675,64.28932806324111,2.5525691699604742,15.767588932806323,2.7375494071146247,8.623320158102766,1.2608695652173914,2.677865612648221,0.42766798418972335,65.95256916996047,2.5525691699604742,31.49486166007905
Gustavo Díaz Ordaz,28015,6025.6,1,0.74,81.39,1.17,8.72,1.01,2.88,1.01,2.6100000000000003,0.47000000000000003,82.13,1.17,16.7
Gutiérrez Zamora,30069,5753.466666666666,3,4.596666666666667,73.98333333333333,3.21,6.556666666666667,2.2933333333333334,4.8533333333333335,1.7066666666666668,2.08,0.7200000000000001,78.58,3.21,18.209999999999997
Gómez Farías,08025,1323.1,5,9.035714285714286,76.59857142857142,2.244285714285714,8.295714285714286,1.8857142857142857,1.237142857142857,0.5171428571428572,0.09857142857142857,0.08714285714285713,85.63428571428571,2.244285714285714,12.121428571428572
Gómez Palacio,10007,8413.673913043478,14,7.004069767441861,69.37790697674419,2.3159883720930234,6.509883720930233,2.7531976744186046,6.462790697674418,2.0395348837209304,2.427325581395349,1.1093023255813954,76.38197674418605,2.3159883720930234,21.30203488372093
Güémez,28013,6234.2,5,2.2849999999999997,66.64666666666668,4.63,7.423333333333333,2.1333333333333333,7.378333333333333,2.296666666666667,6.516666666666667,0.69,68.93166666666666,4.63,26.438333333333333
Halachó,31033,1883.4,1,18.57,69.47,1.9100000000000001,7.609999999999999,0.8099999999999999,1.49,0.1,0.0,0.04,88.03999999999999,1.9100000000000001,10.05
Hecelchakán,04005,5067.630952380952,7,3.7642857142857142,72.66190476190476,3.5999999999999996,4.877380952380952,2.3321428571428573,6.727380952380953,1.3904761904761904,3.9845238095238096,0.6619047619047619,76.42619047619048,3.5999999999999996,19.973809523809525
Hermosillo,26030,8079.98753894081,20,1.6214953271028036,76.32492211838006,2.3283489096573207,9.143613707165109,2.1906542056074767,4.91557632398754,1.2302180685358255,1.7133956386292835,0.5317757009345794,77.94641744548287,2.3283489096573207,19.725233644859813
Heroica Ciudad de Ejutla de Crespo,20028,4018.714285714286,3,6.028571428571429,77.83571428571429,1.2142857142857142,11.185714285714285,1.5214285714285716,1.4285714285714286,0.42857142857142855,0.17857142857142858,0.17857142857142858,83.86428571428571,1.2142857142857142,14.921428571428573
Heroica Ciudad de Huajuapan de León,20039,7925.914285714286,4,6.014285714285714,81.79428571428572,1.2057142857142855,4.9,0.9171428571428571,3.4971428571428573,0.7371428571428572,0.39285714285714285,0.5414285714285714,87.80857142857144,1.2057142857142855,10.985714285714286
Heroica Ciudad de Juchitán de Zaragoza,20043,6069.497435897436,8,5.733846153846153,80.5251282051282,2.664102564102564,6.091794871794872,1.4102564102564104,2.1594871794871797,1.0605128205128205,0.8020512820512821,0.25230769230769234,86.25897435897436,2.5625641025641026,11.178461538461539
Heroica Ciudad de Tlaxiaco,20397,3739.7,1,3.55,85.25,0.61,5.9,1.02,2.55,0.5700000000000001,0.19,0.36,88.8,0.61,10.59
Hidalgo,19047,5065.212903225806,13,1.9794871794871796,75.59551282051282,2.434615384615385,10.260897435897435,2.0134615384615384,3.903205128205128,1.7576923076923077,1.6128205128205129,0.4423076923076923,77.575,2.434615384615385,19.990384615384617
Hidalgo del Parral,08032,4266.235294117647,2,1.952173913043478,80.66811594202899,1.710144927536232,9.346376811594203,1.7536231884057971,2.1231884057971016,1.5492753623188407,0.5231884057971015,0.3739130434782609,82.62028985507247,1.710144927536232,15.669565217391305
Hocabá,31034,667.1,1,26.21,61.89,1.3599999999999999,8.68,1.3699999999999999,0.4,0.09,0.0,0.01,88.1,1.3599999999999999,10.54
Hoctún,31035,2340.5625,4,12.14125,73.2325,2.04375,7.75625,1.53375,1.81125,0.5662499999999999,0.76375,0.15125,85.37375,2.04375,12.5825
Homún,31036,870.3,2,39.1,51.95,1.845,6.255,0.52,0.24,0.05500000000000001,0.0,0.034999999999999996,91.05,1.845,7.1049999999999995
Hopelchén,04006,1467.12,2,12.702,71.506,1.008,10.735999999999999,1.318,1.406,0.512,0.6920000000000001,0.12,84.208,1.008,14.784
Hostotipaquillo,14040,6000.894736842105,2,0.5,61.11578947368421,8.889473684210527,3.3263157894736843,4.889473684210526,14.073684210526315,2.3210526315789473,3.6736842105263157,1.2105263157894737,61.61578947368421,8.889473684210527,29.49473684210526
Hualahuises,19029,6045.45,1,1.4549999999999998,66.47,4.6850000000000005,8.370000000000001,2.085,7.225,2.31,6.590000000000001,0.8099999999999999,67.925,4.6850000000000005,27.389999999999997
Huamantla,29013,7750.741666666667,8,2.308333333333333,75.71125,2.747916666666667,7.430416666666667,2.095,5.1025,2.3175000000000003,1.66125,0.6258333333333332,78.01958333333333,2.747916666666667,19.2325
Huamuxtitlán,12033,3365.6,2,5.51,78.735,2.3850000000000002,7.775,1.56,2.5149999999999997,1.1199999999999999,0.195,0.205,84.245,2.3850000000000002,13.37
Huaniqueo,16037,3994.1,2,1.9680000000000002,66.92599999999999,6.664,8.02,2.282,9.192,1.496,2.84,0.612,68.89399999999999,6.664,24.441999999999997
Huatabampo,26033,3280.5263157894738,5,11.226315789473682,56.90526315789474,5.660526315789474,6.78421052631579,2.857894736842105,11.194736842105264,2.276315789473684,2.5078947368421054,0.5868421052631579,68.13157894736842,5.660526315789474,26.207894736842103
Huatusco,30071,7050.2,1,4.61,83.42999999999999,1.065,5.915,1.115,2.4899999999999998,0.5700000000000001,0.22000000000000003,0.585,88.03999999999999,1.065,10.895
Huauchinango,21071,5123.266666666666,5,1.8425,77.69583333333334,3.3958333333333335,7.4175,2.4975,3.43,1.6983333333333335,1.3183333333333331,0.7041666666666667,79.53833333333334,3.3958333333333335,17.065833333333334
Huautla de Jiménez,20041,1576.4,1,3.6799999999999997,85.42,1.04,7.2700000000000005,0.8800000000000001,0.8800000000000001,0.32999999999999996,0.37,0.13,89.1,1.04,9.86
Huayacocotla,30072,2673.1,1,5.0600000000000005,82.39,1.2,5.58,1.31,2.43,0.8800000000000001,0.5700000000000001,0.58,87.45,1.2,11.35
Huehuetoca,15035,24968.878205128207,4,2.323076923076923,69.43461538461538,4.116666666666667,6.721153846153846,3.443589743589744,9.33974358974359,1.7967948717948719,2.09551282051282,0.7288461538461538,71.75769230769231,4.116666666666667,24.125641025641023
Huehuetán,07037,6185.47,2,9.167,77.128,1.607,5.749,1.043,2.909,0.8540000000000001,1.149,0.39399999999999996,86.295,1.607,12.097999999999999
Huejotzingo,21074,12428.9765625,5,3.0828125,79.775,2.6578125,7.88515625,1.78125,2.987109375,0.752734375,0.706640625,0.37148437500000003,82.8578125,2.6578125,14.484375
Huejutla de Reyes,13028,5786.7375,3,4.7125,82.89,1.2337500000000001,4.26625,0.9275,3.53375,1.25125,0.5037499999999999,0.68125,87.60249999999999,1.2337500000000001,11.16375
Huetamo,16038,2749.75,2,5.08,78.475,1.525,9.97,1.2,2.7,0.705,0.13999999999999999,0.205,83.55499999999999,1.525,14.919999999999998
Hueyapan de Ocampo,30073,3362.2,1,9.73,82.06,0.19,4.93,0.8099999999999999,1.75,0.3,0.04,0.19,91.78999999999999,0.19,8.02
Hueyotlipan,29014,9081.308219178081,6,1.0150684931506848,69.28561643835616,4.095205479452055,6.492465753424657,2.94041095890411,10.015068493150686,2.8541095890410957,2.5993150684931505,0.7027397260273972,70.30068493150685,4.095205479452055,25.604109589041098
Hueypoxtla,15036,7720.91875,4,2.623125,64.286875,4.31875,6.898125,2.6306249999999998,11.581875,2.7493749999999997,4.2524999999999995,0.6587500000000001,66.91,4.31875,28.77125
Huhí,31037,652.9,1,31.35,57.17,1.31,9.35,0.37,0.38,0.06999999999999999,0.0,0.0,88.52000000000001,1.31,10.17
Huichapan,13029,6129.037037037037,6,2.048148148148148,74.38148148148149,3.576851851851852,6.333333333333333,2.644444444444445,5.613888888888888,2.6527777777777777,2.011111111111111,0.737962962962963,76.42962962962963,3.576851851851852,19.99351851851852
Huiloapan de Cuauhtémoc,30074,19051.666666666668,3,6.066666666666666,65.56666666666666,6.316666666666666,4.95,2.2666666666666666,8.833333333333334,1.4666666666666668,3.8166666666666664,0.7166666666666667,71.63333333333334,6.316666666666666,22.05
Huimanguillo,27008,4482.216666666666,20,10.798703703703705,64.92407407407407,3.074259259259259,6.99,2.539814814814815,6.770925925925926,1.6146296296296296,2.85,0.4375925925925926,75.72277777777778,3.074259259259259,21.202962962962964
Huimilpan,22008,4412.950819672131,5,2.1885245901639343,77.24262295081968,3.334426229508197,6.4852459016393444,1.9475409836065574,5.552459016393443,1.1163934426229507,1.639344262295082,0.4934426229508197,79.43114754098362,3.334426229508197,17.234426229508195
Huiramba,16039,11633.6,1,0.9,83.76,2.7,6.0600000000000005,1.6199999999999999,2.2199999999999998,0.9199999999999999,1.42,0.4,84.66,2.7,12.64
Huitzilac,17009,12330.663366336634,7,2.461881188118812,85.70346534653464,3.267326732673267,4.647029702970297,1.007920792079208,1.5074257425742574,0.5613861386138614,0.5351485148514851,0.3084158415841584,88.16534653465347,3.267326732673267,8.567326732673267
Huitzuco de los Figueroa,12034,3895.0666666666666,3,1.6666666666666667,81.13777777777777,5.721111111111111,4.337777777777777,1.6422222222222222,2.8466666666666667,0.8033333333333333,1.3588888888888888,0.4855555555555555,82.80444444444444,5.721111111111111,11.474444444444446
Huixquilucan,15037,21146.176470588234,5,3.0392156862745097,83.00588235294119,1.581372549019608,5.1568627450980395,1.75,3.1558823529411764,0.9813725490196078,0.6950980392156864,0.6343137254901962,86.04509803921569,1.581372549019608,12.373529411764705
Huixtla,07040,4041.4776119402986,3,5.585074626865672,72.21044776119403,2.8208955223880596,6.923880597014925,1.8776119402985074,6.053731343283583,1.4208955223880597,2.5850746268656715,0.5223880597014925,77.79552238805971,2.8208955223880596,19.383582089552238
Huixtán,07038,3919.8947368421054,1,2.431578947368421,87.36315789473684,0.8578947368421053,5.652631578947369,0.9368421052631579,1.7789473684210524,0.6,0.1368421052631579,0.2421052631578947,89.79473684210525,0.8578947368421053,9.34736842105263
Hunucmá,31038,2713.303370786517,5,15.957303370786518,71.61797752808988,1.0797752808988763,8.292134831460674,0.8876404494382022,1.5629213483146067,0.30112359550561796,0.16067415730337078,0.1404494382022472,87.5752808988764,1.0797752808988763,11.344943820224719
Huásabas,26032,522.7,1,0.8800000000000001,74.09,1.6600000000000001,17.19,1.94,2.37,1.4,0.02,0.45,74.97,1.6600000000000001,23.369999999999997
Ignacio de la Llave,30075,3551.8333333333335,1,35.541666666666664,57.791666666666664,0.5916666666666667,3.408333333333333,0.3833333333333333,1.8083333333333333,0.2916666666666667,0.0,0.18333333333333335,93.33333333333333,0.5916666666666667,6.075
Iguala de la Independencia,12035,7110.55462184874,8,5.07310924369748,79.5546218487395,2.5899159663865547,5.560504201680673,2.553781512605042,2.3168067226890754,1.3201680672268907,0.6117647058823529,0.419327731092437,84.62773109243697,2.5899159663865547,12.78235294117647
Igualapa,12036,4784.605263157895,2,4.03421052631579,82.29736842105264,1.7184210526315788,6.455263157894737,1.7342105263157896,2.376315789473684,0.7736842105263158,0.32894736842105265,0.28157894736842104,86.33157894736841,1.7184210526315788,11.950000000000001
Imuris,26035,5632.209677419355,3,1.7016129032258065,69.26935483870967,3.0403225806451615,9.356451612903227,1.7000000000000002,8.843548387096773,2.02258064516129,3.3193548387096774,0.746774193548387,70.97096774193548,3.0403225806451615,25.988709677419354
Indé,10011,286.3636363636364,1,1.5545454545454547,74.65454545454546,3.0090909090909084,18.39090909090909,1.9181818181818182,0.2818181818181818,0.06363636363636363,0.0,0.12727272727272726,76.2090909090909,3.0090909090909084,20.78181818181818
Irapuato,11017,16403.98676748582,17,2.1468809073724007,72.96748582230624,3.1514177693761813,8.612098298676749,2.9349716446124763,6.275614366729679,1.6224952741020793,1.835538752362949,0.45349716446124766,75.11436672967864,3.1514177693761813,21.73421550094518
Irimbo,16041,6912.733333333334,2,2.263333333333333,82.17666666666668,0.8933333333333333,8.923333333333334,1.7733333333333334,2.4433333333333334,0.9566666666666667,0.24000000000000002,0.33,84.44,0.8933333333333333,14.666666666666666
Isidro Fabela,15038,1850.9,3,2.496,83.79,1.54,9.332,0.884,1.138,0.374,0.22400000000000003,0.22200000000000003,86.286,1.54,12.174000000000001
Isla,30077,5036.72,4,5.526,60.922,4.809,7.447,3.418,9.202,2.6910000000000003,5.188,0.797,66.44800000000001,4.809,28.743000000000002
Isla Mujeres,23003,2047.0,1,6.42,88.53999999999999,0.35,2.46,0.16,1.59,0.33,0.07,0.08,94.96000000000001,0.35,4.6899999999999995
Iturbide,19030,1528.4,1,2.27,73.53999999999999,4.29,9.33,4.11,3.6700000000000004,2.23,0.36,0.2,75.81,4.29,19.9
Ixcaquixtla,21082,4534.2,1,3.7299999999999995,84.17999999999999,1.19,6.529999999999999,1.04,2.27,0.5399999999999999,0.22999999999999998,0.29000000000000004,87.91,1.19,10.9
Ixcateopan de Cuauhtémoc,12037,600.8,1,6.7,87.08,0.26,4.029999999999999,0.82,0.6599999999999999,0.19,0.13999999999999999,0.12,93.78,0.26,5.96
Ixhuatlán del Sureste,30082,6608.666666666667,3,1.8416666666666668,50.583333333333336,4.458333333333333,5.675,6.358333333333333,16.625,4.05,8.25,2.158333333333333,52.425000000000004,4.458333333333333,43.11666666666667
Ixmiquilpan,13030,9051.25,3,4.5175,82.425,1.7737500000000002,5.78875,1.3199999999999998,2.29,1.06125,0.45125000000000004,0.3725,86.9425,1.7737500000000002,11.283750000000001
Ixtacuixtla de Mariano Matamoros,29015,7712.045454545455,2,5.904545454545455,67.53636363636363,3.709090909090909,3.8272727272727276,2.0954545454545457,10.795454545454545,2.140909090909091,3.2454545454545456,0.7454545454545454,73.44090909090909,3.709090909090909,22.849999999999998
Ixtaczoquitlán,30085,18893.42105263158,3,5.1456140350877195,73.87719298245614,3.459649122807017,8.452631578947368,1.8350877192982458,3.7245614035087717,0.994736842105263,1.9982456140350875,0.512280701754386,79.02280701754387,3.459649122807017,17.517543859649123
Ixtapa,07044,3835.3,1,2.31,88.26,0.6,4.65,1.1800000000000002,2.0100000000000002,0.53,0.17,0.29,90.57000000000001,0.6,8.83
Ixtapaluca,15039,21758.286885245903,11,2.992295081967213,85.26901639344263,1.6154098360655738,5.457704918032786,1.3662295081967213,1.7993442622950817,0.8172131147540984,0.3598360655737705,0.32295081967213113,88.26131147540984,1.6154098360655738,10.12327868852459
Ixtapan de la Sal,15040,6029.2307692307695,2,3.3230769230769233,87.7940170940171,1.3094017094017094,5.072649572649572,0.48034188034188036,1.0743589743589743,0.5760683760683761,0.13504273504273506,0.23504273504273504,91.11709401709402,1.3094017094017094,7.573504273504274
Ixtapan del Oro,15041,985.9,1,6.909999999999999,86.86999999999999,0.77,4.38,0.38,0.38,0.11000000000000001,0.04,0.15999999999999998,93.78,0.77,5.45
Ixtenco,29016,5806.95652173913,2,2.073913043478261,81.81739130434782,1.9869565217391305,9.373913043478261,0.8695652173913043,2.465217391304348,0.5826086956521739,0.4739130434782609,0.35652173913043483,83.8913043478261,1.9869565217391305,14.121739130434783
Ixtlahuaca,15042,16635.35220125786,6,1.630817610062893,81.22389937106918,2.661006289308176,6.714465408805031,1.369182389937107,4.053459119496855,1.1930817610062892,0.6522012578616352,0.5018867924528302,82.85471698113207,2.661006289308176,14.484276729559749
Ixtlahuacán de los Membrillos,14044,11542.088235294117,5,1.7431372549019608,70.44803921568628,2.697058823529412,6.700980392156863,3.1519607843137254,8.437254901960785,2.574509803921569,3.4431372549019605,0.803921568627451,72.19117647058823,2.697058823529412,25.111764705882354
Ixtlahuacán del Río,14045,4682.896551724138,2,3.317241379310345,81.48620689655172,1.193103448275862,9.486206896551725,1.610344827586207,1.9413793103448278,0.606896551724138,0.12758620689655173,0.2310344827586207,84.80344827586208,1.193103448275862,14.00344827586207
Ixtlán del Río,18006,6916.7307692307695,3,3.9923076923076923,74.40384615384616,3.7653846153846158,7.096153846153846,2.2115384615384617,6.0807692307692305,1.276923076923077,0.8576923076923078,0.3153846153846154,78.39615384615385,3.7653846153846158,17.838461538461537
Izamal,31040,1553.7941176470588,3,32.25588235294118,60.08970588235294,0.6294117647058823,5.2176470588235295,0.7147058823529412,0.8838235294117647,0.13529411764705884,0.03235294117647059,0.0411764705882353,92.34558823529412,0.6294117647058823,7.0249999999999995
Iztapalapa,09007,55508.07692307692,7,2.8476923076923075,82.24307692307693,2.1892307692307695,8.24923076923077,1.1538461538461537,1.6199999999999999,0.9569230769230769,0.35384615384615387,0.3861538461538462,85.09076923076923,2.1892307692307695,12.719999999999999
Izúcar de Matamoros,21085,8134.880733944954,5,13.320642201834863,75.70275229357799,1.2802752293577984,4.572018348623853,1.2903669724770643,1.9288990825688073,0.9756880733944954,0.5899082568807339,0.3394495412844037,89.02339449541283,1.2802752293577984,9.696330275229359
Jacala de Ledezma,13031,2310.4,1,3.28,83.88,1.09,8.66,0.9400000000000001,1.42,0.44000000000000006,0.09,0.2,87.16,1.09,11.75
Jacona,16043,8144.0,1,4.3,75.965,1.895,9.945,1.85,4.4,0.9349999999999999,0.23500000000000001,0.475,80.265,1.895,17.84
Jala,18007,5153.121212121212,3,2.539393939393939,62.45606060606061,8.587878787878788,5.81969696969697,2.6863636363636365,12.35,2.0212121212121215,2.9196969696969695,0.6196969696969696,64.99545454545455,8.587878787878788,26.416666666666668
Jalacingo,30086,6970.6,1,5.32,78.96000000000001,0.9800000000000001,8.9,1.77,2.32,0.8300000000000001,0.47000000000000003,0.45,84.28,0.9800000000000001,14.74
Jalapa,27009,5960.959259259259,5,5.442592592592592,77.02518518518518,1.8822222222222222,6.101111111111111,1.737037037037037,3.9696296296296296,1.4096296296296298,1.9807407407407405,0.45185185185185184,82.46777777777777,1.8822222222222222,15.65
Jalostotitlán,14046,6716.916666666667,7,2.0416666666666665,67.15833333333333,3.419047619047619,7.2714285714285705,3.6476190476190475,9.551190476190476,2.461904761904762,3.744047619047619,0.7047619047619048,69.2,3.419047619047619,27.38095238095238
Jalpa,32019,3750.081632653061,2,2.0020408163265304,81.10000000000001,1.4510204081632652,10.575510204081633,1.6897959183673468,1.7938775510204084,0.6306122448979592,0.4877551020408163,0.2693877551020408,83.10204081632654,1.4510204081632652,15.446938775510203
Jalpa de Méndez,27010,6688.65,2,17.05,74.61,0.40499999999999997,2.79,1.06,2.5949999999999998,0.62,0.4,0.47000000000000003,91.66,0.40499999999999997,7.935
Jalpan,21086,4357.858585858586,4,2.063636363636364,69.13333333333333,5.502020202020202,9.008080808080807,3.2646464646464644,5.616161616161616,2.228282828282828,2.4646464646464645,0.7191919191919193,71.1969696969697,5.502020202020202,23.301010101010103
Jalpan de Serra,22009,6567.55,1,2.045,87.735,0.93,5.795,0.5549999999999999,2.1399999999999997,0.34500000000000003,0.11000000000000001,0.34500000000000003,89.78,0.93,9.290000000000001
Jamapa,30090,4010.1,1,26.57,55.0,3.0300000000000002,11.67,0.4,2.4699999999999998,0.42000000000000004,0.16,0.27999999999999997,81.57000000000001,3.0300000000000002,15.4
Jamay,14047,13855.1875,1,4.50625,71.8375,2.40625,8.88125,2.8125,6.40625,2.0,0.475,0.675,76.34375,2.40625,21.25
Janos,08035,3488.8333333333335,3,2.04,56.17666666666666,3.213333333333333,13.761666666666667,2.1983333333333333,14.113333333333333,3.2800000000000002,4.405,0.8116666666666668,58.21666666666667,3.213333333333333,38.57
Jantetelco,17010,6140.050445103858,6,3.328783382789317,78.78961424332344,3.252522255192878,6.0305637982195845,2.638278931750742,2.53620178041543,1.6323442136498516,1.3566765578635014,0.4350148367952522,82.11839762611277,3.252522255192878,14.629080118694363
Jaumave,28017,5239.56,2,2.436,54.898,3.24,6.336,1.99,14.972000000000001,3.928,11.288,0.912,57.333999999999996,3.24,39.426
Jerez,32020,3544.090909090909,3,1.7272727272727273,86.69318181818181,1.3056818181818182,6.8625,0.9931818181818183,1.2159090909090908,0.6829545454545455,0.3431818181818182,0.17613636363636365,88.42045454545455,1.3056818181818182,10.273863636363636
Jerécuaro,11019,2912.8,1,3.19,83.28,1.8299999999999998,8.84,0.88,1.1400000000000001,0.7,0.07,0.07,86.47,1.8299999999999998,11.7
Jesús Carranza,30091,4107.926470588235,4,5.795588235294118,69.46911764705882,3.9588235294117644,5.213235294117647,2.35,6.272058823529412,2.135294117647059,3.869117647058824,0.9367647058823529,75.26470588235294,3.9588235294117644,20.776470588235295
Jesús María,01005,11065.40459770115,16,2.894712643678161,83.05701149425288,1.4942528735632183,6.701379310344827,1.8448275862068966,2.225287356321839,0.9551724137931035,0.5793103448275863,0.24804597701149428,85.95172413793104,1.4942528735632183,12.554022988505746
Jilotepec,15045,20311.2768,10,2.65936,65.968,4.797280000000001,5.90816,3.4096,11.527519999999999,1.7289599999999998,3.2176,0.78352,68.62736,4.797280000000001,26.575359999999996
Jilotzingo,15046,4283.9,1,2.1,87.86999999999999,1.34,5.84,0.6,1.23,0.5599999999999999,0.16999999999999998,0.29,89.97,1.34,8.690000000000001
Jiménez,05014,3092.9857142857145,15,2.396140350877193,50.705964912280706,5.975087719298246,8.524912280701754,2.5526315789473686,19.647368421052633,4.306315789473684,4.889473684210526,1.0021052631578948,53.102105263157895,5.975087719298246,40.92280701754386
Jiquilpan,16045,8716.264705882353,3,6.302941176470588,81.45196078431373,1.2372549019607844,5.476470588235294,1.7323529411764704,2.276470588235294,0.8549019607843138,0.30098039215686273,0.36666666666666664,87.75490196078431,1.2372549019607844,11.007843137254902
Jiquipilas,07046,4309.263636363637,8,3.889090909090909,77.05545454545455,2.8545454545454545,6.889090909090909,2.347272727272727,3.5318181818181817,1.1272727272727272,1.7927272727272727,0.5127272727272727,80.94454545454545,2.8545454545454545,16.20090909090909
Jiquipilco,15047,6168.439393939394,3,2.1075757575757574,87.92121212121212,1.0242424242424242,6.18030303030303,0.353030303030303,1.696969696969697,0.33636363636363636,0.1393939393939394,0.2409090909090909,90.02878787878787,1.0242424242424242,8.946969696969697
Jitotol,07047,2260.0,1,2.966666666666667,89.94666666666667,0.33999999999999997,4.126666666666667,0.8133333333333332,1.2466666666666666,0.32,0.07333333333333333,0.16666666666666666,92.91333333333334,0.33999999999999997,6.746666666666667
Jiutepec,17011,27432.62962962963,3,4.859259259259259,83.95185185185184,2.111111111111111,4.666666666666667,0.6796296296296297,1.2592592592592593,1.5462962962962963,0.5333333333333333,0.3925925925925926,88.81111111111112,2.111111111111111,9.077777777777778
Jocotepec,14050,7522.05,2,4.7524999999999995,84.53999999999999,0.8800000000000001,6.56,0.8300000000000001,1.4975,0.54,0.145,0.255,89.29249999999999,0.8800000000000001,9.8275
Jocotitlán,15048,12916.787671232876,7,1.4417808219178083,83.73698630136987,2.026712328767123,6.095205479452055,1.141095890410959,3.3986301369863012,1.093150684931507,0.6136986301369863,0.4527397260273972,85.17876712328767,2.026712328767123,12.794520547945206
Jojutla,17012,5614.672955974843,7,6.706918238993711,83.92893081761007,1.39937106918239,4.30125786163522,1.1383647798742138,1.2767295597484276,0.4779874213836478,0.5276729559748428,0.24276729559748428,90.63584905660377,1.39937106918239,7.964779874213837
Jonacatepec de Leandro Valle,17013,4303.2,1,7.7,81.215,1.4300000000000002,6.590000000000001,1.33,0.6950000000000001,0.465,0.45499999999999996,0.12,88.91499999999999,1.4300000000000002,9.655
Jonuta,27011,1387.025,2,9.25,83.5775,0.665,4.68,0.7925,0.6725,0.23500000000000001,0.06000000000000001,0.0675,92.8275,0.665,6.5075
José Azueta,30169,4016.65,2,6.025,61.035000000000004,3.9850000000000003,9.18,4.325,10.35,1.9,2.6350000000000002,0.5650000000000001,67.06,3.9850000000000003,28.955000000000002
José María Morelos,23006,2525.2454545454543,3,13.235454545454546,73.91090909090909,1.7072727272727273,5.950909090909091,1.5436363636363637,1.3727272727272728,0.6527272727272727,1.4436363636363634,0.18272727272727274,87.14636363636365,1.7072727272727273,11.146363636363635
Juan Aldama,32022,6641.975609756098,2,1.1093023255813954,47.97674418604651,6.42093023255814,11.658139534883722,3.13953488372093,17.734883720930235,4.9837209302325585,6.051162790697674,0.9255813953488371,49.086046511627906,6.42093023255814,44.49302325581395
Juan C. Bonilla,21090,6591.071428571428,2,2.2,82.27142857142857,1.2357142857142858,7.971428571428571,2.207142857142857,3.0357142857142856,0.5357142857142857,0.2928571428571428,0.25,84.47142857142856,1.2357142857142858,14.292857142857143
Juan Galindo,21091,2839.05,2,4.24,84.14,1.1300000000000001,4.55,1.655,2.0,0.825,0.925,0.535,88.38,1.1300000000000001,10.49
Juan R. Escudero,12039,4493.7,5,2.755,81.15125,4.25,5.64625,1.8475000000000001,2.315,0.9712500000000001,0.72375,0.33999999999999997,83.90625,4.25,11.84375
Juchitepec,15050,2992.6,2,3.5966666666666667,86.17666666666668,1.6033333333333333,6.256666666666666,0.9700000000000001,0.7933333333333333,0.28,0.14333333333333334,0.18000000000000002,89.77333333333333,1.6033333333333333,8.623333333333333
Juchitán,12080,4290.25,1,4.35,82.4,2.075,6.15,1.625,2.325,0.925,0.125,0.025,86.75,2.075,11.175
Julimes,08038,2481.3,3,4.1925,79.96000000000001,2.2625,10.5975,1.3375,0.945,0.35,0.14250000000000002,0.2125,84.1525,2.2625,13.584999999999999
Jungapeo,16047,7743.75,1,2.7399999999999998,79.35,1.6600000000000001,9.95,1.8850000000000002,2.5149999999999997,1.225,0.255,0.42000000000000004,82.09,1.6600000000000001,16.25
Juárez,05015,11121.94578313253,18,2.956024096385542,79.14126506024097,2.295783132530121,8.681325301204819,1.5265060240963855,3.433734939759036,0.9740963855421686,0.6210843373493976,0.3701807228915663,82.0972891566265,2.295783132530121,15.606927710843374
Jáltipan,30089,6528.571428571428,1,5.307142857142857,77.67142857142858,2.3785714285714286,6.3428571428571425,1.4642857142857142,3.792857142857143,1.1928571428571428,1.292857142857143,0.5571428571428572,82.97857142857143,2.3785714285714286,14.642857142857142
Kanasín,31041,10150.820512820514,7,11.310897435897436,76.08076923076923,1.192948717948718,5.63076923076923,1.5615384615384615,1.998076923076923,0.8128205128205128,1.085897435897436,0.3262820512820513,87.39166666666667,1.192948717948718,11.415384615384616
Kantunil,31042,2934.6447368421054,3,6.5131578947368425,75.52368421052631,3.0,5.90921052631579,2.5460526315789473,3.0644736842105265,0.8644736842105264,2.143421052631579,0.4355263157894737,82.03684210526316,3.0,14.963157894736844
Kaua,31043,3351.785714285714,3,8.5,78.1595238095238,2.6404761904761904,6.204761904761905,1.9857142857142858,1.480952380952381,0.5190476190476191,0.3952380952380953,0.11428571428571428,86.6595238095238,2.6404761904761904,10.7
Kinchil,31044,1595.7,2,14.973333333333333,71.98,1.3766666666666665,7.38,1.8866666666666667,1.8233333333333335,0.35333333333333333,0.15,0.07666666666666666,86.95333333333333,1.3766666666666665,11.67
Kopomá,31045,5572.571428571428,3,1.957142857142857,75.56071428571428,3.189285714285714,5.682142857142857,2.3464285714285715,5.764285714285714,1.3,3.5749999999999997,0.625,77.51785714285714,3.189285714285714,19.292857142857144
La Antigua,30016,8199.588235294117,7,4.445588235294117,75.17647058823529,2.9161764705882356,5.655882352941177,2.523529411764706,4.045588235294118,1.5323529411764707,3.033823529411765,0.6705882352941177,79.62205882352941,2.9161764705882356,17.461764705882356
La Barca,14018,8606.935483870968,3,2.383870967741936,66.5741935483871,4.870967741935484,6.669354838709677,3.767741935483871,9.401612903225805,2.3177419354838706,3.217741935483871,0.7967741935483871,68.95806451612903,4.870967741935484,26.17096774193548
La Colorada,26021,693.75,2,1.735,60.205,2.5149999999999997,20.455000000000002,5.43,4.95,3.165,1.05,0.495,61.94,2.5149999999999997,35.545
La Compañía,20017,1802.5,1,3.1399999999999997,78.5,2.58,10.01,2.2800000000000002,2.0100000000000002,0.99,0.17,0.32,81.64,2.58,15.780000000000001
La Cruz,08016,3264.5,1,2.34,69.22,2.43,8.809999999999999,2.32,10.809999999999999,2.33,1.04,0.7,71.56,2.43,26.009999999999998
La Huacana,16035,999.075,3,5.495,85.12,0.5925,6.1375,1.1375,0.9625,0.35750000000000004,0.1125,0.08499999999999999,90.615,0.5925,8.7925
La Huerta,14043,2640.4489795918366,3,8.23469387755102,78.66122448979593,1.920408163265306,6.022448979591837,1.5714285714285714,1.8591836734693876,0.8836734693877552,0.45918367346938777,0.3877551020408163,86.89591836734694,1.920408163265306,11.183673469387756
La Libertad,07050,1424.8,1,8.946666666666665,81.86333333333333,0.5633333333333332,6.083333333333333,0.5533333333333333,1.5833333333333333,0.2966666666666667,0.06333333333333334,0.04666666666666667,90.81,0.5633333333333332,8.626666666666667
La Paz,03003,22482.234251968504,39,2.178444881889764,83.63366141732284,1.5458661417322834,7.256397637795276,1.4503937007874015,2.203543307086614,0.9275590551181102,0.5329724409448819,0.27116141732283466,85.8121062992126,1.5458661417322834,12.642027559055117
La Piedad,16069,6586.724637681159,11,2.614009661835749,67.99420289855072,3.6227053140096617,7.979227053140097,3.4391304347826086,9.315942028985507,2.0178743961352654,2.4468599033816427,0.5700483091787439,70.60821256038648,3.6227053140096617,25.769082125603862
La Trinitaria,07099,4096.063157894737,7,4.325263157894737,86.10421052631578,0.9747368421052631,5.322105263157895,0.7663157894736842,1.6368421052631579,0.48947368421052634,0.15263157894736842,0.22842105263157894,90.42947368421052,0.9747368421052631,8.59578947368421
La Unión de Isidoro Montes de Oca,12068,3987.619318181818,17,4.261931818181818,76.37272727272727,3.2392045454545455,5.411363636363636,2.8528409090909093,2.9801136363636362,1.7204545454545455,2.5511363636363638,0.6102272727272727,80.6346590909091,3.2392045454545455,16.126136363636363
Lagos de Moreno,14053,6841.532828282829,10,4.663131313131313,64.03712121212122,3.9593434343434346,7.693686868686868,3.1505050505050503,9.625,2.092171717171717,4.1068181818181815,0.6722222222222222,68.70025252525252,3.9593434343434346,27.34040404040404
Lagunillas,16048,4134.787234042553,4,2.797872340425532,79.76808510638298,1.7638297872340427,11.195744680851066,2.0446808510638297,1.272340425531915,0.5638297872340425,0.4085106382978723,0.1851063829787234,82.56595744680851,1.7638297872340427,15.670212765957446
Lampazos de Naranjo,19032,1011.725,3,0.45999999999999996,67.1425,2.2625,16.3275,1.6925000000000001,6.2925,2.105,3.38,0.3375,67.60249999999999,2.2625,30.135
Landa de Matamoros,22010,2040.15,2,2.145,84.71000000000001,1.4949999999999999,8.025,1.365,1.34,0.5,0.025,0.395,86.85499999999999,1.4949999999999999,11.65
Larráinzar,07049,2393.75,2,3.285,85.75,1.8199999999999998,4.57,0.74,2.2399999999999998,0.6799999999999999,0.365,0.55,89.035,1.8199999999999998,9.145
Las Choapas,30061,3634.532258064516,3,2.814516129032258,46.29838709677419,8.80483870967742,7.683870967741935,4.974193548387096,15.062903225806451,3.1903225806451614,10.258064516129032,0.9129032258064517,49.11290322580645,8.80483870967742,42.082258064516125
Las Margaritas,07052,1690.3166666666666,3,9.770000000000001,82.64,0.19,6.213333333333334,0.4116666666666667,0.5866666666666667,0.14666666666666667,0.015000000000000001,0.02666666666666667,92.41000000000001,0.19,7.4
Las Rosas,07075,3311.95,1,10.275,81.375,0.3,4.205,0.61,2.3850000000000002,0.385,0.13,0.33499999999999996,91.65,0.3,8.05
Las Vigas,12082,5257.25,1,3.7249999999999996,82.45,1.7125,6.2875,1.7375,2.4875,1.0,0.325,0.275,86.175,1.7125,12.1125
Las Vigas de Ramírez,30132,3283.6875,2,3.18125,68.83125,7.2749999999999995,5.525,2.19375,5.9875,2.05,4.25625,0.7,72.0125,7.2749999999999995,20.7125
Leonardo Bravo,12040,1223.7,2,4.705,83.22999999999999,0.775,8.084999999999999,1.735,1.01,0.35,0.030000000000000006,0.08,87.935,0.775,11.29
Lerdo,10012,4304.137440758293,10,3.8207048458149777,65.65374449339207,4.350660792951542,7.601762114537444,2.6356828193832595,8.970044052863436,2.613656387665198,3.149779735682819,1.2039647577092512,69.47444933920706,4.350660792951542,26.174889867841408
Lerdo de Tejada,30097,9137.9,1,17.64,68.62,2.0300000000000002,6.45,1.6199999999999999,2.3600000000000003,0.6599999999999999,0.29,0.32999999999999996,86.26,2.0300000000000002,11.709999999999999
Lerma,15051,25133.805907172995,13,1.8898734177215188,82.12362869198311,2.8742616033755275,6.39324894514768,1.4915611814345993,3.270886075949367,0.9139240506329114,0.6160337552742616,0.42658227848101266,84.01350210970465,2.8742616033755275,13.112236286919831
León,11020,14261.280918727914,19,2.0478798586572435,74.93833922261484,3.3545936395759717,7.6742049469964675,2.5871024734982333,5.192932862190812,1.382155477031802,2.238339222614841,0.584452296819788,76.98621908127208,3.3545936395759717,19.659187279151944
Libres,21094,5899.603603603604,4,1.9198198198198198,73.06936936936937,6.619819819819821,6.777477477477477,2.324324324324324,4.454954954954955,1.6369369369369369,2.4279279279279278,0.7693693693693694,74.98918918918918,6.619819819819821,18.39099099099099
Linares,19033,8604.833333333334,3,3.088888888888889,69.30138888888888,3.111111111111111,7.423611111111111,1.851388888888889,6.701388888888889,1.9444444444444444,5.830555555555556,0.7472222222222222,72.39027777777778,3.111111111111111,24.498611111111114
Llera,28019,3405.1428571428573,5,2.117142857142857,75.7657142857143,3.9942857142857147,6.4714285714285715,1.5685714285714285,4.392857142857143,1.487142857142857,3.857142857142857,0.3457142857142857,77.88285714285715,3.9942857142857147,18.122857142857143
Lolotla,13034,1236.8,1,3.7600000000000002,87.91,1.05,4.7700000000000005,0.58,1.3,0.45,0.09,0.09,91.67,1.05,7.279999999999999
Loma Bonita,20044,4072.042857142857,3,15.252857142857144,66.73714285714286,1.62,8.957142857142857,1.957142857142857,3.02,1.042857142857143,0.937142857142857,0.4757142857142857,81.99000000000001,1.62,16.39
Loreto,32024,2701.9074074074074,11,3.79320987654321,74.54135802469136,2.404320987654321,10.119753086419754,1.7222222222222223,5.359259259259259,1.1679012345679014,0.6796296296296296,0.21234567901234566,78.33456790123458,2.404320987654321,19.261111111111113
Los Cabos,03008,10880.054200542005,19,1.5029810298102981,87.37371273712738,1.2772357723577237,7.101897018970189,1.1883468834688347,0.7517615176151761,0.4008130081300813,0.25121951219512195,0.15203252032520326,88.87669376693766,1.2772357723577237,9.846070460704606
Los Herreras,19027,588.5333333333333,2,2.033333333333333,76.14333333333335,0.5700000000000001,14.42,1.1433333333333333,1.71,1.24,2.5900000000000003,0.15,78.17666666666668,0.5700000000000001,21.253333333333334
Los Ramones,19042,3175.2,1,1.2933333333333332,65.89666666666666,3.01,8.856666666666666,2.203333333333333,12.753333333333334,2.79,2.6333333333333333,0.5633333333333332,67.19,3.01,29.8
Los Reyes de Juárez,21118,19333.45,1,0.78,68.83,6.279999999999999,7.279999999999999,3.04,6.805,1.895,4.49,0.6,69.61,6.279999999999999,24.11
Luis Moya,32025,3304.6470588235293,3,2.048039215686275,78.69215686274511,1.9019607843137254,11.240196078431373,1.857843137254902,2.3333333333333335,1.184313725490196,0.5549019607843138,0.18725490196078431,80.74019607843137,1.9019607843137254,17.357843137254903
Luvianos,15123,2388.1,1,10.389999999999999,82.9,0.16,4.720000000000001,0.14,1.4,0.12000000000000002,0.04,0.13,93.28999999999999,0.16,6.55
Lázaro Cárdenas,16052,6853.034722222223,22,6.50763888888889,83.35625,1.3030092592592593,4.768055555555556,1.5148148148148148,1.2282407407407407,0.5782407407407407,0.5071759259259259,0.23657407407407408,89.86388888888888,1.3030092592592593,8.833101851851852
Macuspana,27012,4986.263461538461,15,8.323461538461538,70.9996153846154,2.2415384615384615,6.481346153846154,2.1134615384615385,4.894038461538462,1.6075,2.8621153846153846,0.47692307692307695,79.32307692307693,2.2415384615384615,18.435384615384613
Madero,16049,4894.6,1,2.6900000000000004,80.19000000000001,1.44,8.959999999999999,2.3600000000000003,2.09,1.48,0.42000000000000004,0.37,82.88000000000001,1.44,15.680000000000001
Magdalena,14055,5023.722826086957,6,1.7945652173913043,66.11684782608695,5.467934782608696,8.409782608695652,2.504891304347826,10.119021739130435,1.8092391304347826,3.1467391304347827,0.6309782608695652,67.91141304347826,5.467934782608696,26.620652173913044
Magdalena Apasco,20045,8890.0,1,7.366666666666667,86.63333333333333,0.5,2.9,0.6666666666666666,1.4333333333333336,0.20000000000000004,0.10000000000000002,0.20000000000000004,94.0,0.5,5.5
Magdalena Tequisistlán,20052,3163.2,1,6.15,75.78,4.0,6.720000000000001,1.6800000000000002,2.3600000000000003,1.59,1.28,0.44000000000000006,81.92999999999999,4.0,14.069999999999999
Mainero,28020,3591.1111111111113,1,1.4777777777777776,57.53333333333333,5.966666666666667,7.794444444444443,2.7666666666666666,10.027777777777779,3.5055555555555555,9.916666666666666,1.011111111111111,59.01111111111111,5.966666666666667,35.02222222222222
Malinalco,15052,6204.388888888889,3,5.811111111111111,88.17777777777778,0.2777777777777778,3.5444444444444443,0.24444444444444446,1.2166666666666666,0.3222222222222222,0.12222222222222223,0.2833333333333333,93.98888888888888,0.2777777777777778,5.733333333333333
Maltrata,30099,9778.888888888889,1,6.922222222222222,53.0,7.2444444444444445,6.0,3.8666666666666663,12.055555555555555,2.5444444444444443,7.48888888888889,0.8777777777777778,59.92222222222222,7.2444444444444445,32.833333333333336
Mama,31046,2845.5555555555557,1,5.533333333333333,80.57777777777778,1.4666666666666666,5.077777777777778,2.1222222222222222,2.511111111111111,0.9222222222222223,1.2999999999999998,0.48888888888888893,86.11111111111111,1.4666666666666666,12.422222222222222
Manuel Doblado,11008,3372.6704545454545,5,3.811363636363636,75.95227272727273,2.3693181818181817,11.607954545454545,2.496590909090909,2.184090909090909,0.9238636363636363,0.38863636363636367,0.2659090909090909,79.76363636363637,2.3693181818181817,17.867045454545455
Manzanillo,06007,8348.149012567324,23,9.213285457809695,76.06983842010773,1.5179533213644525,6.026391382405745,1.5159784560143625,2.712028725314183,1.2118491921005385,1.336624775583483,0.39605026929982046,85.2831238779174,1.5179533213644525,13.198922800718133
Maní,31047,2389.2,1,22.665,67.17999999999999,0.72,6.455,0.96,1.3599999999999999,0.265,0.27999999999999997,0.11499999999999999,89.845,0.72,9.434999999999999
Mapastepec,07051,4170.863636363636,3,12.111363636363636,64.75909090909092,3.272727272727273,6.281818181818181,1.9795454545454545,6.4386363636363635,1.475,3.1136363636363638,0.5681818181818182,76.87045454545455,3.272727272727273,19.856818181818184
Mapimí,10013,2717.8283582089553,9,2.7405017921146952,46.225806451612904,6.144444444444444,7.592114695340501,3.0580645161290323,22.615053763440862,5.078853046594982,5.462365591397849,1.0827956989247312,48.9663082437276,6.144444444444444,44.88924731182796
Maravatío,16050,6066.209459459459,4,1.6979729729729731,72.27635135135135,5.43108108108108,7.686486486486486,2.0945945945945947,6.289864864864865,1.5466216216216218,2.268918918918919,0.7081081081081081,73.97432432432433,5.43108108108108,20.594594594594593
Marcos Castellanos,16051,4374.3,1,4.65,83.16000000000001,1.3,6.33,1.3900000000000001,2.26,0.46,0.14,0.31,87.81,1.3,10.889999999999999
Marquelia,12077,3579.45,1,6.790000000000001,82.065,1.7149999999999999,5.35,1.3199999999999998,1.815,0.6849999999999999,0.12000000000000002,0.14,88.85499999999999,1.7149999999999999,9.43
Martínez de la Torre,30102,9633.675,2,6.1450000000000005,78.6525,1.185,9.120000000000001,1.3875,1.8325,0.7125,0.5225,0.4425,84.7975,1.185,14.017500000000002
Marín,19034,4757.03125,3,2.3359375,74.840625,1.3484375,9.2921875,2.3203125,4.13125,1.0546875,4.2171875,0.459375,77.1765625,1.3484375,21.475
Mascota,14058,3650.2631578947367,1,4.136842105263158,80.0578947368421,0.9578947368421052,11.573684210526316,1.5368421052631578,1.1263157894736842,0.33157894736842103,0.1368421052631579,0.14210526315789473,84.19473684210527,0.9578947368421052,14.847368421052632
Matamoros,05017,5863.557457212714,20,3.540875912408759,75.41338199513382,2.4004866180048663,8.919951338199514,1.8647201946472018,4.296593673965937,1.4737226277372264,1.6204379562043796,0.4698296836982968,78.95425790754258,2.4004866180048663,18.645255474452554
Matehuala,24020,5417.396875,10,5.488125,53.05125,3.326875,9.615,2.285625,20.079375,2.6696874999999998,2.879375,0.6046875,58.53937499999999,3.326875,38.13375
Matías Romero Avendaño,20057,4998.137931034483,5,7.2620689655172415,63.45172413793103,4.372413793103449,6.103448275862069,2.262068965517241,7.724137931034483,2.386206896551724,5.693103448275862,0.7448275862068966,70.71379310344827,4.372413793103449,24.913793103448278
Maxcanú,31048,3301.088888888889,4,10.367777777777778,68.81666666666666,2.9766666666666666,7.775555555555556,1.5066666666666666,4.996666666666666,0.8844444444444444,2.302222222222222,0.37333333333333335,79.18444444444445,2.9766666666666666,17.83888888888889
Mazamitla,14059,4263.346153846154,3,3.6358974358974363,81.97692307692307,0.9653846153846154,6.95,1.9692307692307691,3.0538461538461537,0.7282051282051283,0.24230769230769234,0.47820512820512817,85.61282051282052,0.9653846153846154,13.421794871794873
Mazapil,32026,2050.0142857142855,3,1.7957142857142858,51.35857142857143,6.2457142857142856,15.418571428571427,2.74,14.077142857142857,2.7642857142857142,4.781428571428571,0.8185714285714285,53.15428571428572,6.2457142857142856,40.6
Mazatepec,17014,5481.682926829269,3,7.070731707317073,87.97317073170731,0.4621951219512195,3.2939024390243907,0.39146341463414636,0.3451219512195122,0.12682926829268293,0.07195121951219513,0.2646341463414634,95.0439024390244,0.4621951219512195,4.4939024390243905
Mazatlán,25012,8467.758964143426,22,7.1552683896620275,67.92127236580517,3.700596421471173,6.880914512922465,2.1888667992047712,7.765805168986083,1.606361829025845,2.151888667992048,0.6290258449304175,75.07654075546719,3.700596421471173,21.222862823061632
Mazatán,26037,853.5,1,1.18,79.965,1.2349999999999999,13.675,2.145,1.125,0.41500000000000004,0.095,0.16499999999999998,81.14500000000001,1.2349999999999999,17.619999999999997
Mecayapan,30104,2494.9,1,10.42,79.4,1.32,3.0900000000000003,1.22,1.44,1.1300000000000001,0.43,1.55,89.82000000000001,1.32,8.86
Medellín de Bravo,30105,6489.66,8,5.353,78.86,2.775,7.022,1.976,2.339,0.7240000000000001,0.6890000000000001,0.262,84.213,2.775,13.012
Melchor Ocampo,15053,8981.181818181818,2,5.459090909090909,81.66363636363636,0.8454545454545456,7.718181818181818,1.1772727272727272,1.3772727272727272,0.7818181818181817,0.8,0.17727272727272728,87.12272727272727,0.8454545454545456,12.031818181818181
Meoqui,08045,7195.008620689655,9,3.628448275862069,73.69137931034483,3.0448275862068965,7.422413793103448,1.5224137931034483,7.278448275862068,1.313793103448276,1.5258620689655173,0.5724137931034483,77.3198275862069,3.0448275862068965,19.635344827586206
Metepec,15054,38689.04,3,1.554,87.75,1.166,5.432,1.086,1.464,1.034,0.242,0.272,89.304,1.166,9.53
Metztitlán,13037,5362.3,1,0.89,87.34,1.7,5.6,1.1800000000000002,1.52,1.21,0.22999999999999998,0.32999999999999996,88.22999999999999,1.7,10.07
Mexicali,02002,7059.779867256637,47,1.183849557522124,83.02643805309734,1.6252212389380531,7.333296460176991,1.0720132743362831,3.683075221238938,0.8120575221238938,0.8689159292035398,0.39513274336283183,84.21028761061947,1.6252212389380531,14.064392699115043
Mexicaltzingo,15055,24500.425,1,1.7725000000000002,87.945,1.47,5.645,0.805,1.0825,0.8474999999999999,0.1775,0.255,89.7175,1.47,8.8125
Mexquitic de Carmona,24021,7040.348066298343,4,4.267955801104972,69.75303867403315,3.0751381215469613,6.84475138121547,2.015469613259669,7.576795580110498,2.1972375690607735,3.5359116022099446,0.7337016574585636,74.02099447513812,3.0751381215469613,22.90386740331492
Mexticacán,14060,1143.2142857142858,2,2.5785714285714287,82.96785714285714,0.8892857142857142,9.914285714285715,2.0142857142857142,0.9678571428571429,0.49642857142857144,0.07857142857142858,0.09285714285714286,85.54642857142858,0.8892857142857142,13.564285714285715
Mezcalapa,07124,4639.529411764706,2,2.0441176470588234,57.64705882352941,6.844117647058823,10.097058823529412,4.035294117647059,9.505882352941176,2.761764705882353,6.238235294117647,0.8264705882352942,59.69117647058823,6.844117647058823,33.46470588235294
Mezquital,10014,765.3636363636364,3,5.095454545454545,73.50454545454545,0.7977272727272727,17.443181818181817,2.0500000000000003,0.6022727272727273,0.36590909090909085,0.04090909090909091,0.1,78.60000000000001,0.7977272727272727,20.602272727272727
Miacatlán,17015,5637.166666666667,1,3.9333333333333336,90.73333333333333,1.2333333333333334,3.4333333333333336,0.2333333333333333,0.2333333333333333,0.16666666666666666,0.0,0.03333333333333333,94.66666666666667,1.2333333333333334,4.1000000000000005
Miahuatlán de Porfirio Díaz,20059,4216.6,2,5.12,82.53999999999999,0.72,8.09,1.34,1.51,0.33999999999999997,0.1,0.24000000000000005,87.66,0.72,11.62
Mier,28024,946.5571428571428,5,0.6614285714285714,65.72714285714285,2.082857142857143,14.97,2.0742857142857143,4.872857142857143,2.1214285714285714,7.235714285714286,0.2542857142857143,66.38857142857142,2.082857142857143,31.52857142857143
Miguel Alemán,28025,2370.909090909091,2,0.8090909090909091,70.32727272727273,1.5272727272727273,13.109090909090908,1.2818181818181817,4.7272727272727275,1.8090909090909089,6.009090909090909,0.4,71.13636363636364,1.5272727272727273,27.336363636363636
Miguel Auza,32029,5968.333333333333,1,1.1666666666666667,47.5,7.066666666666666,10.633333333333333,3.0666666666666664,18.033333333333335,4.633333333333334,7.533333333333334,0.3666666666666667,48.666666666666664,7.066666666666666,44.26666666666667
Miguel Hidalgo,09016,42679.833333333336,1,2.466666666666667,89.2,1.6500000000000001,3.5666666666666664,0.5,1.5999999999999999,0.7000000000000001,0.21666666666666667,0.10000000000000002,91.66666666666667,1.6500000000000001,6.683333333333334
Milpa Alta,09009,8030.0,1,2.71,86.4,1.49,6.569999999999999,0.7,1.0799999999999998,0.47,0.24000000000000002,0.33999999999999997,89.11,1.49,9.4
Mina,19037,5294.4,2,1.6333333333333333,60.690000000000005,3.02,9.186666666666667,2.7800000000000002,10.770000000000001,6.1,4.9366666666666665,0.8833333333333333,62.32333333333334,3.02,34.656666666666666
Minatitlán,06008,10257.685185185184,6,3.437037037037037,75.00925925925925,3.1351851851851853,7.225925925925925,1.7148148148148148,4.938888888888889,1.5611111111111111,2.490740740740741,0.48703703703703705,78.4462962962963,3.1351851851851853,18.418518518518518
Mineral de la Reforma,13051,18601.021645021647,6,1.6536796536796536,91.208658008658,0.783982683982684,3.921212121212121,0.7398268398268398,0.7787878787878788,0.535064935064935,0.19004329004329004,0.18874458874458874,92.86233766233767,0.783982683982684,6.353679653679654
Mineral del Chico,13038,1297.5,1,2.44,90.91,0.71,4.5200000000000005,0.43,0.6300000000000001,0.2,0.08,0.08,93.35,0.71,5.9399999999999995
Misantla,30109,4669.166666666667,1,11.077777777777778,77.06666666666666,1.1333333333333335,6.916666666666667,0.4555555555555555,2.3944444444444444,0.46111111111111114,0.17222222222222222,0.3222222222222222,88.14444444444445,1.1333333333333335,10.722222222222221
Mixquiahuala de Juárez,13041,6893.2,1,4.15,87.185,1.56,4.765,0.9650000000000001,0.5599999999999999,0.41,0.195,0.21000000000000002,91.33500000000001,1.56,7.1049999999999995
Mocorito,25013,4317.640625,5,4.253125,68.6171875,4.3515625,6.59375,2.26875,8.690625,1.98125,2.7296875,0.5140625,72.8703125,4.3515625,22.778125
Moctezuma,24022,1706.82,1,3.002,78.118,1.444,11.934000000000001,1.57,1.902,0.9940000000000001,0.6779999999999999,0.358,81.12,1.444,17.436
Molango de Escamilla,13042,3578.4,1,1.8800000000000001,84.65,2.16,5.4350000000000005,1.5050000000000001,2.425,1.155,0.29,0.5,86.53,2.16,11.309999999999999
Molcaxac,21098,4790.0,1,2.95,81.18,1.42,7.93,2.4,2.41,0.95,0.27,0.48999999999999994,84.13,1.42,14.45
Moloacán,30111,8636.783783783783,2,3.1621621621621623,63.560810810810814,4.824324324324325,5.721621621621622,3.631081081081081,9.714864864864865,3.074324324324324,5.574324324324325,0.7364864864864865,66.72297297297297,4.824324324324325,28.4527027027027
Momax,32030,3383.6,1,2.5599999999999996,83.01,1.89,7.2700000000000005,1.42,1.72,1.25,0.65,0.22999999999999998,85.57000000000001,1.89,12.540000000000001
Monclova,05018,11829.70634920635,4,2.5753968253968256,80.28174603174604,1.9801587301587302,9.626984126984127,1.319047619047619,2.1714285714285717,0.9746031746031746,0.7420634920634921,0.32857142857142857,82.85714285714286,1.9801587301587302,15.162698412698413
Monjas,20061,5509.5,1,8.3,81.8,1.0,6.7,1.0,0.6,0.2,0.3,0.1,90.1,1.0,8.9
Montemorelos,19038,9611.823529411764,5,2.064705882352941,75.38431372549019,2.9215686274509802,7.700980392156863,1.7509803921568627,4.734313725490196,1.5411764705882351,3.257843137254902,0.6441176470588236,77.44901960784314,2.9215686274509802,19.629411764705882
Monterrey,19039,43186.6125,4,1.64375,87.5375,1.06875,4.38375,0.8025,1.55375,1.5550000000000002,0.9637499999999999,0.49124999999999996,89.18125,1.06875,9.75
Morelia,16053,15867.970802919708,14,2.0394160583941603,85.06386861313868,1.3799270072992702,5.78978102189781,1.4795620437956203,1.9244525547445255,1.0689781021897808,0.8777372262773723,0.3762773722627737,87.10328467153285,1.3799270072992702,11.516788321167883
Morelos,32032,5474.3371647509575,11,1.4920152091254753,75.13460076045628,2.9741444866920155,9.420152091254753,1.8745247148288973,4.869961977186311,1.673003802281369,1.9520912547528517,0.6095057034220532,76.62661596958175,2.9741444866920155,20.399239543726235
Motozintla,07057,2858.595238095238,4,8.254761904761905,81.58571428571429,0.9190476190476191,5.126190476190477,0.8357142857142857,2.1857142857142855,0.6261904761904762,0.17142857142857143,0.29523809523809524,89.8404761904762,0.9190476190476191,9.24047619047619
Motul,31052,4492.811111111111,5,14.09,74.64888888888889,1.1622222222222223,5.687777777777778,1.3733333333333335,1.7544444444444445,0.48666666666666664,0.5866666666666667,0.21,88.7388888888889,1.1622222222222223,10.098888888888888
Moyahua de Estrada,32033,2299.3,1,2.7600000000000002,75.25,3.56,8.65,4.08,3.09,2.2399999999999998,0.21999999999999997,0.15,78.01,3.56,18.43
Mulegé,03002,1933.175,16,1.7642857142857142,76.93035714285715,2.374285714285714,9.341785714285713,1.6960714285714285,6.186071428571428,0.9842857142857143,0.5032142857142857,0.21964285714285714,78.69464285714285,2.374285714285714,18.93107142857143
Muna,31053,2769.057142857143,1,11.884285714285713,73.93714285714286,1.03,8.315714285714286,1.2685714285714285,1.9842857142857144,0.6528571428571429,0.6785714285714286,0.24857142857142855,85.82142857142857,1.03,13.148571428571428
Méndez,28023,3919.5,1,0.54,64.28999999999999,4.32,9.51,1.26,13.25,2.33,3.5799999999999996,0.9199999999999999,64.83,4.32,30.85
Mérida,31050,16967.391719745225,10,7.177070063694267,84.4828025477707,0.8636942675159235,4.398726114649682,0.7184713375796178,1.032484076433121,0.7277070063694268,0.360828025477707,0.23821656050955414,91.65987261146498,0.8636942675159235,7.476433121019108
Múgica,16055,6501.09,3,3.07,79.439,2.499,6.808,1.7530000000000001,2.443,1.338,2.149,0.501,82.509,2.499,14.992
Múzquiz,05020,2759.75,4,1.7293478260869564,73.79021739130435,2.0586956521739133,13.52608695652174,2.342391304347826,3.1956521739130435,2.157608695652174,0.7673913043478262,0.43260869565217386,75.5195652173913,2.0586956521739133,22.421739130434784
Nacajuca,27013,10710.116279069767,5,6.753488372093023,76.28372093023255,0.6034883720930232,3.333720930232558,1.7395348837209301,5.926744186046512,1.8255813953488371,2.9162790697674414,0.6174418604651163,83.03720930232558,0.6034883720930232,16.359302325581396
Naco,26039,1406.2,1,0.51,85.64,1.9,9.08,1.29,1.31,0.15,0.02,0.1,86.15,1.9,11.95
Nacozari de García,26041,2022.4,1,0.72,77.58,1.64,14.069999999999999,1.65,2.02,1.0299999999999998,0.9,0.39,78.3,1.64,20.06
Nadadores,05021,2314.1111111111113,1,1.7666666666666666,81.77777777777777,2.227777777777778,7.3500000000000005,1.511111111111111,2.8333333333333335,1.1222222222222222,1.1055555555555554,0.3055555555555556,83.54444444444444,2.227777777777778,14.22777777777778
Nahuatzen,16056,4493.7,1,4.67,81.56,0.7,7.9799999999999995,0.86,3.05,0.41,0.28,0.49000000000000005,86.22999999999999,0.7,13.070000000000002
Namiquipa,08048,2400.5,2,1.115,80.19,1.3050000000000002,13.315000000000001,1.58,1.4,0.78,0.185,0.13,81.30499999999999,1.3050000000000002,17.39
Nanacamilpa de Mariano Arista,29021,8680.358333333334,5,2.9324999999999997,66.73166666666667,3.5883333333333334,5.694166666666666,2.6625,11.2225,2.5233333333333334,3.8275,0.8175,69.66416666666667,3.5883333333333334,26.7475
Naolinco,30112,4504.4,1,5.99,83.57000000000001,1.5699999999999998,5.33,1.04,1.6,0.39,0.25,0.26,89.55999999999999,1.5699999999999998,8.870000000000001
Naranjos Amatlán,30013,7550.75,2,3.6,67.61666666666666,4.133333333333334,7.7749999999999995,2.2,7.616666666666666,2.75,3.625,0.6833333333333332,71.21666666666667,4.133333333333334,24.650000000000002
Natívitas,29023,35541.0,1,3.3,71.65,3.0,5.4,3.8,8.9,3.0,0.2,0.75,74.95,3.0,22.05
Naucalpan de Juárez,15057,25017.70909090909,7,1.6163636363636364,88.69272727272728,1.1490909090909092,4.042727272727273,1.179090909090909,1.9145454545454546,0.7081818181818182,0.37999999999999995,0.31727272727272726,90.30909090909091,1.1490909090909092,8.541818181818183
Nautla,30114,5621.2,2,2.3649999999999998,69.92999999999999,4.87,5.825,3.425,6.815,2.2350000000000003,3.65,0.885,72.295,4.87,22.835
Nava,05022,5358.964285714285,3,1.4342857142857144,76.28857142857143,1.9314285714285713,10.865714285714287,2.082857142857143,4.855714285714285,1.2428571428571429,0.8814285714285715,0.41714285714285715,77.72285714285715,1.9314285714285713,20.345714285714287
Navojoa,26042,5053.073529411765,10,3.7773529411764706,62.55529411764706,5.577058823529412,6.0526470588235295,2.5688235294117647,12.320882352941178,1.9955882352941177,4.435588235294118,0.7167647058823529,66.33264705882353,5.577058823529412,28.090294117647062
Navolato,25018,3875.790476190476,14,7.2700000000000005,69.80809523809525,2.8895238095238094,6.095238095238095,2.4861904761904765,7.001904761904762,1.4319047619047618,2.2938095238095237,0.7233333333333334,77.07809523809523,2.8895238095238094,20.032380952380954
Nazas,10015,1629.7619047619048,1,4.586363636363637,75.97272727272728,0.7090909090909091,14.772727272727273,2.0545454545454547,1.0772727272727272,0.6409090909090909,0.07272727272727274,0.11363636363636363,80.55909090909091,0.7090909090909091,18.731818181818184
Nejapa de Madero,20064,2342.2,1,4.1899999999999995,74.03,4.7700000000000005,7.93,3.15,2.73,1.69,1.1600000000000001,0.35,78.22,4.7700000000000005,17.009999999999998
Nextlalpan,15059,11125.388888888889,5,3.2305555555555556,72.8111111111111,3.8333333333333335,6.877777777777777,2.9166666666666665,6.594444444444445,2.125,1.2333333333333334,0.37777777777777777,76.04166666666667,3.8333333333333335,20.125
Nezahualcóyotl,15058,17401.9,2,0.95,86.03999999999999,3.6399999999999997,2.79,2.5300000000000002,1.72,1.1400000000000001,0.29,0.9,86.99,3.6399999999999997,9.370000000000001
Nicolás Bravo,21103,3774.074074074074,3,4.364814814814815,77.06666666666668,1.4203703703703705,9.777777777777779,2.4018518518518515,3.196296296296296,1.0018518518518518,0.40370370370370373,0.3666666666666667,81.43148148148148,1.4203703703703705,17.14814814814815
Nicolás Romero,15060,13094.966666666667,6,4.198888888888889,79.36,2.8844444444444446,8.173333333333334,1.1211111111111112,2.4433333333333334,0.8966666666666667,0.3933333333333333,0.5288888888888889,83.55888888888889,2.8844444444444446,13.556666666666665
Nochistlán de Mejía,32034,2636.775,3,5.34,82.55499999999999,1.6774999999999998,8.715,1.0625,0.36,0.1625,0.0675,0.06000000000000001,87.89500000000001,1.6774999999999998,10.4275
Nogales,30115,10343.615942028986,10,2.364130434782609,71.90434782608695,2.846739130434783,7.996014492753623,2.213405797101449,9.656884057971014,1.007608695652174,1.501086956521739,0.5097826086956522,74.26847826086956,2.846739130434783,22.88478260869565
Nombre de Dios,10016,4723.7,5,3.3037974683544302,76.30632911392405,3.662025316455696,9.917088607594938,1.4974683544303797,2.6943037974683546,1.2696202531645568,0.8841772151898734,0.4651898734177215,79.61012658227848,3.662025316455696,16.727848101265824
Nopala de Villagrán,13044,2630.5714285714284,3,2.0485714285714285,81.78285714285714,3.52,6.838571428571428,1.5085714285714285,2.164285714285714,1.1042857142857143,0.5157142857142857,0.5171428571428572,83.83142857142857,3.52,12.648571428571428
Nopaltepec,15061,8995.338541666666,3,1.5380208333333334,65.45,4.313541666666667,6.421875,3.291145833333333,10.894270833333332,2.868229166666667,4.480729166666667,0.7421875,66.98802083333334,4.313541666666667,28.6984375
Nopalucan,21104,4877.9,1,1.26,74.41,3.1399999999999997,7.709999999999999,5.51,4.36,2.16,0.77,0.6799999999999999,75.67,3.1399999999999997,21.19
Nuevo Casas Grandes,08050,7558.5,1,1.7899999999999998,68.09,2.33,13.030000000000001,1.94,7.92,2.02,2.16,0.72,69.88,2.33,27.79
Nuevo Ideal,10039,2973.9473684210525,2,1.3,78.22999999999999,2.705,10.635000000000002,2.02,2.34,1.875,0.485,0.41,79.53,2.705,17.765
Nuevo Laredo,28027,7794.642659279778,8,1.898337950138504,50.75346260387812,2.1426592797783934,8.895290858725762,7.6016620498614955,25.214681440443215,1.4825484764542938,1.1725761772853185,0.838781163434903,52.65180055401662,2.1426592797783934,45.20554016620499
Nuevo Morelos,28028,1189.8,1,5.27,76.22,2.1,8.5,2.7,2.7,1.44,0.63,0.44000000000000006,81.49,2.1,16.41
Nuevo Parangaricutiro,16058,5284.5,1,3.0300000000000002,77.58,1.23,13.14,1.25,2.41,0.65,0.27999999999999997,0.43,80.61,1.23,18.16
Nuevo Urecho,16059,6623.6,1,2.62,72.36,5.54,5.96,2.44,3.38,2.7199999999999998,3.8200000000000003,1.16,74.97999999999999,5.54,19.48
Oaxaca de Juárez,20067,25271.076923076922,3,8.787179487179486,82.83076923076923,0.9333333333333333,4.733333333333333,0.39999999999999997,0.9205128205128205,0.7692307692307693,0.34615384615384615,0.2794871794871795,91.61794871794872,0.9333333333333333,7.448717948717949
Ocampo,10017,2101.1428571428573,8,2.578658536585366,72.07317073170732,2.9902439024390244,13.715243902439026,3.170121951219512,2.8390243902439023,1.645731707317073,0.45121951219512196,0.5365853658536586,74.65182926829269,2.9902439024390244,22.35792682926829
Ocosingo,07059,1991.7261904761904,8,7.046428571428571,82.2452380952381,0.6928571428571428,4.867857142857143,1.1297619047619047,2.530952380952381,0.6773809523809524,0.3547619047619048,0.4547619047619048,89.29166666666667,0.6928571428571428,10.015476190476189
Ocotlán,14063,8318.254901960785,4,1.4941176470588236,63.31372549019608,6.313725490196078,6.125490196078431,3.744117647058823,11.169607843137255,2.288235294117647,4.587254901960784,0.9637254901960784,64.80784313725489,6.313725490196078,28.87843137254902
Ocotlán de Morelos,20068,7266.642857142857,3,5.178571428571429,84.56428571428572,0.42857142857142855,6.335714285714286,0.6857142857142857,1.8,0.43571428571428567,0.17857142857142858,0.39285714285714285,89.74285714285715,0.42857142857142855,9.828571428571427
Ocoyoacac,15062,19768.442148760332,12,1.6644628099173555,85.85909090909091,2.166115702479339,6.377685950413223,0.9644628099173554,1.6702479338842975,0.5714876033057852,0.43636363636363634,0.2900826446280992,87.52355371900826,2.166115702479339,10.310330578512396
Ocozocoautla de Espinosa,07061,5719.68992248062,8,3.5887596899224805,71.43953488372094,3.4492248062015505,8.2515503875969,2.719767441860465,5.440697674418605,1.403875968992248,3.111627906976744,0.5949612403100775,75.02829457364341,3.4492248062015505,21.52248062015504
Ocuilan,15063,3916.4615384615386,4,2.9025641025641025,84.08974358974359,2.712820512820513,7.8769230769230765,0.8102564102564103,0.8230769230769232,0.25384615384615383,0.10256410256410256,0.4282051282051282,86.99230769230769,2.712820512820513,10.294871794871796
Ocuituco,17016,4022.3333333333335,2,6.596666666666667,85.88333333333334,0.8,4.126666666666667,0.4766666666666667,1.2966666666666666,0.3433333333333334,0.15666666666666668,0.32,92.48,0.8,6.72
Ojinaga,08052,1607.06,4,0.596,72.44,1.7,19.112000000000002,1.89,2.654,1.054,0.316,0.23800000000000002,73.036,1.7,25.264
Ojocaliente,32036,2827.5789473684213,1,2.9894736842105263,77.11052631578947,1.7578947368421052,15.231578947368419,0.9684210526315788,1.4842105263157894,0.29473684210526313,0.0368421052631579,0.12631578947368424,80.10000000000001,1.7578947368421052,18.142105263157895
Ojuelos de Jalisco,14064,4359.068965517241,4,3.0232758620689655,68.30603448275862,3.067241379310345,9.189655172413794,2.86551724137931,7.637931034482759,2.7491379310344826,2.5612068965517243,0.6,71.32931034482759,3.067241379310345,25.603448275862068
Oluta,30116,8417.166666666666,4,4.183333333333334,67.23333333333333,5.288888888888889,6.188888888888889,2.386111111111111,7.6499999999999995,2.0416666666666665,4.213888888888889,0.8138888888888889,71.41666666666667,5.288888888888889,23.294444444444444
Ometepec,12046,3790.4545454545455,2,5.6454545454545455,86.14545454545454,0.8409090909090909,4.881818181818182,0.8272727272727273,0.9727272727272728,0.43636363636363634,0.1,0.15000000000000002,91.7909090909091,0.8409090909090909,7.368181818181818
Omitlán de Juárez,13045,12974.2,1,0.99,89.06,1.26,4.18,1.1,1.61,0.99,0.32,0.49000000000000005,90.05,1.26,8.690000000000001
Opichén,31055,1316.2,1,22.56,65.22999999999999,1.33,7.17,1.1199999999999999,1.6600000000000001,0.45999999999999996,0.35,0.12,87.78999999999999,1.33,10.879999999999999
Oriental,21108,6126.676923076923,5,2.0753846153846154,70.0326923076923,3.6365384615384615,6.924615384615385,4.067692307692307,6.845384615384615,3.91,1.9015384615384614,0.6061538461538462,72.10807692307692,3.6365384615384615,24.255384615384614
Orizaba,30118,19042.947368421053,3,5.126315789473685,77.62105263157895,2.4263157894736844,7.28421052631579,1.0789473684210527,2.994736842105263,1.6947368421052633,1.4894736842105263,0.28421052631578947,82.74736842105263,2.4263157894736844,14.826315789473684
Oteapan,30120,11012.366666666667,2,8.446666666666667,79.72,1.4233333333333333,5.916666666666667,1.1733333333333333,1.51,0.6833333333333333,0.8166666666666667,0.31,88.16666666666667,1.4233333333333333,10.41
Othón P. Blanco,23004,5735.002092050209,15,8.102719665271966,79.56276150627615,1.7322175732217573,5.025941422594142,1.0131799163179918,2.264435146443515,0.6334728033472804,1.3635983263598326,0.301673640167364,87.66548117154811,1.7322175732217573,10.602301255230124
Otumba,15065,7635.212765957447,3,4.293617021276596,82.04893617021277,1.6744680851063831,5.919148936170212,1.2553191489361701,2.9829787234042553,0.7893617021276597,0.5638297872340425,0.47234042553191485,86.34255319148936,1.6744680851063831,11.982978723404257
Otzoloapan,15066,886.2,1,7.63,86.31,0.21000000000000002,4.64,0.29,0.73,0.11000000000000001,0.02,0.06000000000000001,93.94000000000001,0.21000000000000002,5.85
Otzolotepec,15067,7877.86,3,3.346,85.514,0.828,6.846,0.752,1.83,0.46,0.136,0.28800000000000003,88.86,0.828,10.312000000000001
Oxkutzcab,31056,1741.3333333333333,3,37.023809523809526,54.87857142857143,0.32857142857142857,6.004761904761905,0.37857142857142856,1.0095238095238095,0.23095238095238094,0.05714285714285714,0.0880952380952381,91.90238095238095,0.32857142857142857,7.769047619047619
Ozuluama de Mascareñas,30121,5411.625,2,5.091666666666666,62.77916666666667,5.6499999999999995,7.158333333333334,2.954166666666667,8.25,3.079166666666667,4.329166666666667,0.7083333333333334,67.87083333333334,5.6499999999999995,26.479166666666668
Ozumba,15068,8736.868421052632,4,2.1723684210526315,81.5657894736842,1.3144736842105265,7.0894736842105255,2.2657894736842104,3.4973684210526317,0.8342105263157894,0.8342105263157894,0.4263157894736842,83.73815789473684,1.3144736842105265,14.947368421052632
Pabellón de Arteaga,01006,7369.055555555556,11,3.4651515151515153,82.12222222222222,1.8171717171717172,5.99949494949495,1.5893939393939394,2.530808080808081,1.1828282828282828,1.0191919191919192,0.2737373737373738,85.58737373737374,1.8171717171717172,12.595454545454546
Pachuca de Soto,13048,30624.104395604394,5,1.5148351648351648,88.71208791208791,2.5324175824175823,3.919230769230769,0.6725274725274726,1.2192307692307693,0.7774725274725275,0.3263736263736264,0.32582417582417583,90.22692307692307,2.5324175824175823,7.240659340659341
Padilla,28030,4348.6511627906975,4,2.453488372093023,72.02325581395348,2.86046511627907,7.232558139534884,1.9627906976744187,7.493023255813953,1.83953488372093,3.565116279069768,0.5697674418604651,74.47674418604652,2.86046511627907,22.662790697674417
Palenque,07065,5846.461538461538,11,5.152307692307692,72.11923076923077,2.318846153846154,7.189230769230769,2.0838461538461535,5.797692307692308,1.54,3.202692307692308,0.5961538461538461,77.27153846153846,2.318846153846154,20.409615384615385
Palizada,04007,1677.2037037037037,3,6.131481481481482,70.67592592592592,3.0333333333333337,8.077777777777778,2.7,4.607407407407408,1.2462962962962962,3.1203703703703702,0.4074074074074074,76.80740740740741,3.0333333333333337,20.159259259259258
Palmar de Bravo,21110,9092.991666666667,6,1.4549999999999998,66.41583333333332,6.031666666666666,8.6175,2.9883333333333337,7.671666666666667,2.1725,3.9775,0.67,67.87083333333334,6.031666666666666,26.0975
Panabá,31057,1123.4,3,25.933333333333334,64.08666666666666,0.9733333333333333,5.17,1.15,1.24,0.4033333333333333,0.66,0.38333333333333336,90.02,0.9733333333333333,9.006666666666666
Panindícuaro,16063,3802.92,4,1.274,68.916,6.182,5.8020000000000005,3.66,8.542,1.3419999999999999,3.138,1.144,70.19,6.182,23.628
Papalotla de Xicohténcatl,29041,12254.08,2,3.1319999999999997,87.1,0.74,4.668,0.6759999999999999,1.6440000000000001,1.268,0.34,0.43200000000000005,90.23200000000001,0.74,9.027999999999999
Papantla,30124,5478.6051282051285,16,4.612820512820512,76.63794871794872,2.066666666666667,7.724102564102564,2.2502564102564104,3.34974358974359,1.5246153846153847,1.3728205128205129,0.46102564102564103,81.25076923076922,2.066666666666667,16.6825641025641
Paracho,16065,7635.238095238095,2,1.7476190476190478,79.6952380952381,1.861904761904762,8.342857142857142,2.7714285714285714,3.4857142857142858,1.2571428571428573,0.3952380952380953,0.4428571428571429,81.44285714285714,1.861904761904762,16.695238095238096
Paraíso,27014,7732.145,9,10.3895,78.675,0.9734999999999999,5.2565,1.0025,2.1055,0.92,0.3675,0.31,89.06450000000001,0.9734999999999999,9.962
Parras,05024,3089.46875,5,4.1671875,69.6375,3.309375,8.634375,1.6296875,7.8765625,1.8421874999999999,2.4328125,0.4703125,73.8046875,3.309375,22.8859375
Parás,19040,350.73333333333335,1,0.7666666666666667,72.76666666666667,0.74,19.183333333333334,0.83,1.1866666666666668,0.9233333333333333,3.5633333333333335,0.04,73.53333333333333,0.74,25.726666666666667
Paso del Macho,30125,2656.4,1,13.059999999999999,69.63000000000001,1.28,9.379999999999999,3.78,1.9300000000000002,0.5599999999999999,0.25,0.13,82.69,1.28,16.029999999999998
Pedro Escobedo,22012,41638.717948717946,4,4.341025641025642,70.25128205128206,3.8282051282051284,6.31025641025641,2.2205128205128206,8.671794871794871,1.6333333333333333,1.9384615384615382,0.8051282051282052,74.59230769230768,3.8282051282051284,21.57948717948718
Peribán,16068,7696.408163265306,3,3.110204081632653,77.4857142857143,1.363265306122449,9.608163265306123,2.3714285714285714,3.9183673469387754,0.9653061224489795,0.5510204081632653,0.6265306122448979,80.59591836734694,1.363265306122449,18.040816326530614
Perote,30128,6411.923913043478,8,3.3967391304347827,71.59619565217392,2.652173913043478,7.061413043478261,3.9385869565217395,5.66195652173913,2.516304347826087,2.523913043478261,0.6527173913043478,74.9929347826087,2.652173913043478,22.354891304347827
Pesquería,19041,6438.6,2,1.8699999999999999,65.02000000000001,1.2966666666666666,9.053333333333335,4.28,5.543333333333334,1.73,10.736666666666668,0.47,66.89,1.2966666666666666,31.813333333333333
Petatlán,12048,5265.65,2,5.8549999999999995,81.075,2.15,6.29,1.395,1.7449999999999999,0.9,0.29500000000000004,0.29500000000000004,86.92999999999999,2.15,10.92
Peto,31058,2186.4727272727273,3,7.74,73.96363636363637,2.581818181818182,6.823636363636364,2.4163636363636365,2.3727272727272726,1.2436363636363637,2.5454545454545454,0.3127272727272727,81.70363636363636,2.581818181818182,15.714545454545453
Peñamiller,22013,1817.388888888889,2,1.4722222222222223,81.11666666666666,2.2944444444444447,11.455555555555556,1.7666666666666666,1.2722222222222221,0.5111111111111111,0.0,0.1111111111111111,82.58888888888889,2.2944444444444447,15.116666666666667
Peñón Blanco,10021,1692.2625,5,1.7046511627906975,63.730232558139534,4.687209302325582,8.19186046511628,4.913953488372093,9.048837209302325,4.086046511627907,2.822093023255814,0.8151162790697674,65.43488372093023,4.687209302325582,29.877906976744185
Piaxtla,21113,2881.3,1,2.4,80.66,2.6799999999999997,7.109999999999999,1.7600000000000002,2.98,1.51,0.47000000000000003,0.43,83.06,2.6799999999999997,14.26
Pichucalco,07068,3341.65,1,9.575,79.755,0.78,6.859999999999999,0.735,1.56,0.48,0.065,0.19,89.33,0.78,9.89
Piedras Negras,05025,3230.15,1,2.005,72.91499999999999,2.9850000000000003,15.355,2.9850000000000003,1.935,1.29,0.24,0.29,74.92,2.9850000000000003,22.095
Pihuamo,14065,2663.4,1,4.6899999999999995,80.51,1.02,8.07,3.39,1.37,0.61,0.04000000000000001,0.3,85.2,1.02,13.78
Pijijiapan,07069,3522.4666666666667,3,6.081333333333333,65.12533333333333,4.045333333333333,7.832,2.409333333333333,8.006666666666666,1.9333333333333333,3.984,0.5826666666666667,71.20666666666666,4.045333333333333,24.747999999999998
Pilcaya,12049,2239.0,1,2.475,84.2625,3.05,6.9875,1.0875,1.0999999999999999,0.675,0.125,0.23750000000000002,86.7375,3.05,10.2125
Pinal de Amoles,22002,2077.3,1,1.27,85.24,1.6,8.540000000000001,1.16,1.26,0.7100000000000001,0.0,0.22000000000000003,86.51,1.6,11.89
Pitiquito,26047,4309.277777777777,1,1.1888888888888889,60.17222222222222,5.427777777777778,7.883333333333334,1.7000000000000002,15.555555555555555,2.388888888888889,4.949999999999999,0.7333333333333333,61.361111111111114,5.427777777777778,33.21111111111111
Playa Vicente,30130,2483.8,2,7.502000000000001,77.52,2.8140000000000005,5.284,1.852,2.316,1.032,0.508,1.172,85.022,2.8140000000000005,12.164000000000001
Playas de Rosarito,02005,11140.841911764706,18,1.3904411764705882,88.54632352941177,1.0683823529411764,4.303676470588235,0.7746323529411764,2.637132352941176,0.4963235294117647,0.5327205882352941,0.25036764705882353,89.93676470588235,1.0683823529411764,8.99485294117647
Pluma Hidalgo,20071,1907.5,1,10.65,78.6,0.9500000000000001,7.575,1.175,0.525,0.425,0.1,0.0,89.25,0.9500000000000001,9.8
Poanas,10022,2057.967741935484,2,7.2696969696969695,80.01818181818182,1.4212121212121211,9.687878787878788,0.6575757575757576,0.49393939393939396,0.21212121212121213,0.0787878787878788,0.16060606060606064,87.28787878787878,1.4212121212121211,11.290909090909091
Polotitlán,15071,14972.43925233645,3,2.6317757009345795,69.82523364485982,3.9037383177570093,7.0514018691588785,2.869158878504673,9.890654205607476,1.4822429906542056,1.8242990654205606,0.5214953271028038,72.45700934579439,3.9037383177570093,23.6392523364486
Poncitlán,14066,10089.535714285714,2,3.9785714285714286,74.68928571428572,2.9285714285714284,6.446428571428571,2.5785714285714287,6.410714285714286,1.9285714285714286,0.41428571428571426,0.625,78.66785714285713,2.9285714285714284,18.40357142857143
Poza Rica de Hidalgo,30131,16744.19298245614,4,2.907017543859649,86.30350877192983,1.3017543859649123,4.749122807017543,0.8473684210526317,1.4719298245614036,1.5947368421052632,0.3982456140350877,0.4263157894736842,89.21052631578948,1.3017543859649123,9.487719298245613
Praxedis G. Guerrero,08053,1267.4,1,0.45,80.42999999999999,5.4399999999999995,12.32,0.35,0.51,0.13,0.0,0.37,80.88,5.4399999999999995,13.680000000000001
Progreso,05026,5162.941520467836,8,6.474853801169591,80.93333333333334,1.2286549707602339,4.811695906432749,1.1760233918128655,3.064327485380117,0.7801169590643275,1.2198830409356725,0.3111111111111111,87.40818713450292,1.2286549707602339,11.363157894736842
Progreso de Obregón,13050,11286.5,1,6.09,83.095,2.07,4.745,0.9550000000000001,1.2449999999999999,1.09,0.25,0.45999999999999996,89.185,2.07,8.745000000000001
Puebla,21114,34539.01902173913,11,1.7853260869565217,82.41440217391305,3.247826086956522,6.114673913043478,1.8440217391304348,2.3722826086956523,1.0209239130434782,0.8513586956521739,0.3491847826086957,84.19972826086956,3.247826086956522,12.552445652173914
Pueblo Nuevo,10023,2540.377049180328,8,6.113008130081301,67.42276422764228,3.331707317073171,10.066666666666666,2.5154471544715444,6.102439024390244,1.9723577235772358,2.0967479674796747,0.37886178861788616,73.53577235772357,3.331707317073171,23.132520325203252
Pueblo Viejo,30133,5664.066176470588,5,4.6286764705882355,72.67941176470588,3.172794117647059,6.3875,1.7316176470588236,5.580147058823529,2.1838235294117645,3.048529411764706,0.5875,77.30808823529412,3.172794117647059,19.519117647058824
Puente Nacional,30134,8251.723076923077,7,3.9384615384615387,77.79692307692308,2.8384615384615386,5.8015384615384615,2.0100000000000002,3.707692307692308,1.426153846153846,1.9815384615384617,0.49923076923076926,81.73538461538462,2.8384615384615386,15.426153846153847
Puente de Ixtla,17017,5962.630434782609,8,4.442391304347826,83.58695652173913,2.192391304347826,4.765217391304348,1.684782608695652,1.7717391304347827,0.6826086956521739,0.5641304347826087,0.30978260869565216,88.02934782608695,2.192391304347826,9.778260869565218
Puerto Morelos,23011,13821.65625,6,4.245833333333334,82.82604166666667,2.1489583333333333,7.10625,1.1760416666666667,1.4437499999999999,0.39479166666666665,0.4322916666666667,0.22604166666666667,87.07187499999999,2.1489583333333333,10.779166666666667
Puerto Vallarta,14067,17554.590604026846,4,4.075838926174496,86.01879194630872,1.7134228187919465,5.395973154362416,0.6093959731543624,0.8006711409395973,0.8093959731543624,0.2758389261744967,0.3006711409395973,90.09463087248322,1.7134228187919465,8.191946308724832
Pungarabato,12050,8829.0,2,13.080000000000002,81.4075,0.86,2.3850000000000002,0.41500000000000004,0.95,0.5175,0.1575,0.22749999999999998,94.4875,0.86,4.6525
Puruándiro,16071,3701.6315789473683,3,3.931578947368421,80.40263157894738,1.1421052631578947,9.331578947368422,1.844736842105263,2.057894736842105,0.6868421052631579,0.32105263157894737,0.28157894736842104,84.33421052631579,1.1421052631578947,14.523684210526316
Purépero,16070,4537.366666666667,3,2.8533333333333335,79.08666666666666,1.8633333333333333,9.34,2.7933333333333334,2.566666666666667,0.8766666666666667,0.29,0.33,81.94,1.8633333333333333,16.196666666666665
Purísima del Rincón,11025,7328.347826086957,4,3.068115942028985,80.48985507246377,1.3666666666666667,10.430434782608696,1.6507246376811595,1.8420289855072463,0.6884057971014492,0.2202898550724638,0.24347826086956523,83.55797101449275,1.3666666666666667,15.07536231884058
Putla Villa de Guerrero,20073,2780.9,1,10.719999999999999,75.47,1.0699999999999998,8.11,1.55,2.17,0.43,0.11000000000000001,0.37,86.19,1.0699999999999998,12.739999999999998
Pánuco,32037,5219.597484276729,7,3.1742138364779873,68.49371069182389,3.2040880503144655,10.705974842767295,2.5477987421383648,6.564465408805032,2.025786163522013,2.5999999999999996,0.6839622641509434,71.6679245283019,3.2040880503144655,25.127987421383647
Pánuco de Coronado,10020,3819.0227272727275,2,2.108695652173913,72.11521739130434,3.441304347826087,9.084782608695651,2.0826086956521737,6.260869565217392,2.9869565217391307,1.3434782608695652,0.5760869565217391,74.22391304347826,3.441304347826087,22.334782608695654
Pátzcuaro,16066,7853.1640211640215,15,1.965079365079365,82.7026455026455,1.874074074074074,6.622751322751323,1.6079365079365078,2.5677248677248676,0.9798941798941798,1.2396825396825397,0.4402116402116402,84.66772486772487,1.874074074074074,13.458201058201057
Pénjamo,11023,7649.8452012383905,8,1.823219814241486,59.22941176470588,4.293498452012384,8.424458204334366,5.130959752321981,13.428173374613003,3.024458204334365,3.811455108359133,0.8343653250773994,61.05263157894737,4.293498452012384,34.65386996904025
Quecholac,21115,12598.7,4,1.7436363636363637,66.6590909090909,5.341818181818182,8.286363636363637,3.286363636363636,7.492727272727273,2.0300000000000002,4.526363636363636,0.6336363636363637,68.40272727272728,5.341818181818182,26.255454545454544
Queréndaro,16072,7465.2,1,1.73,83.31,1.6300000000000001,7.859999999999999,1.58,2.38,0.99,0.19,0.32999999999999996,85.03999999999999,1.6300000000000001,13.330000000000002
Querétaro,22014,28457.79919678715,20,1.4012048192771085,80.13534136546184,1.962516733601071,5.909772423025435,1.858768406961178,5.543775100401606,1.3365461847389557,1.4125836680053547,0.4394912985274431,81.53654618473897,1.962516733601071,16.500937081659973
Quiroga,16073,5005.825,3,3.495,87.31,0.7925,4.8725000000000005,0.945,1.8575,0.3975,0.0975,0.2325,90.80499999999999,0.7925,8.4025
Rafael Delgado,30135,12430.2,1,9.07,70.4,2.8899999999999997,8.25,0.85,5.24,1.37,1.01,0.9199999999999999,79.47,2.8899999999999997,17.64
Rafael Lucio,30136,16241.0,1,1.5,77.05,1.45,9.7,3.15,3.35,1.7000000000000002,1.45,0.6499999999999999,78.55,1.45,20.0
Ramos Arizpe,05027,15069.759493670887,13,1.738481012658228,64.36810126582279,3.0268354430379745,8.09139240506329,2.219746835443038,13.628354430379746,2.7951898734177214,3.4265822784810127,0.7053164556962026,66.10658227848101,3.0268354430379745,30.86658227848101
Rayón,07073,7516.8978102189785,8,2.908759124087591,79.91970802919708,1.8620437956204379,8.186861313868613,1.6934306569343065,2.9744525547445257,1.1897810218978102,0.8985401459854016,0.3664233576642336,82.82846715328468,1.8620437956204379,15.309489051094891
Reynosa,28032,15370.301369863013,9,1.7253424657534246,76.07157534246576,2.2150684931506848,6.396575342465753,2.127397260273973,7.115410958904109,1.6486301369863012,2.1743150684931507,0.5256849315068494,77.79691780821918,2.2150684931506848,19.988013698630137
Rincón de Romos,01007,6204.823970037453,13,4.830337078651685,79.29213483146067,2.007116104868914,6.528464419475655,1.5258426966292133,3.317228464419476,1.0176029962546815,1.152059925093633,0.3292134831460674,84.1374531835206,2.010112359550562,13.852434456928838
Rioverde,24024,6181.8674698795185,8,4.668674698795181,79.17710843373494,1.7734939759036144,8.71566265060241,1.3566265060240963,2.183132530120482,1.1710843373493975,0.6012048192771084,0.3530120481927711,83.84578313253012,1.7734939759036144,14.380722891566265
Rodeo,10024,2007.5853658536585,4,1.9454545454545453,79.57954545454545,1.9954545454545454,11.90227272727273,1.4454545454545455,1.7386363636363635,0.9954545454545456,0.16136363636363635,0.23636363636363636,81.52499999999999,1.9954545454545454,16.479545454545455
Rosales,08055,7168.75,1,1.775,68.5,5.0,6.4,2.15,10.25,1.9000000000000001,2.65,1.375,70.275,5.0,24.724999999999998
Rosamorada,18010,5478.989010989011,7,4.28021978021978,52.15604395604395,7.8890109890109885,8.225274725274724,3.669230769230769,15.917582417582418,2.634065934065934,4.512087912087912,0.7164835164835165,56.43626373626373,7.8890109890109885,35.674725274725276
Rosario,25014,3949.4226190476193,6,6.8601190476190474,57.63273809523809,5.9,7.07797619047619,2.7,12.483333333333333,2.8410714285714285,3.7392857142857148,0.7654761904761904,64.49285714285713,5.9,29.607142857142858
Ruíz,18011,5831.2,4,7.132,61.928000000000004,5.544,7.678,2.8280000000000003,9.498,1.808,3.116,0.46799999999999997,69.06,5.544,25.396
Río Blanco,30138,18349.785714285714,1,7.8500000000000005,80.81428571428572,1.6357142857142857,6.064285714285715,0.4571428571428572,1.1714285714285715,1.4928571428571427,0.2571428571428572,0.2571428571428572,88.66428571428571,1.6357142857142857,9.700000000000001
Río Bravo,28033,6197.564516129032,8,1.0524193548387097,77.8532258064516,2.271774193548387,7.35241935483871,2.386290322580645,5.458870967741936,1.285483870967742,1.7096774193548387,0.6298387096774193,78.90564516129032,2.271774193548387,18.822580645161292
Río Grande,32039,7077.122807017544,4,1.5627118644067797,53.68474576271186,5.406779661016949,11.159322033898304,2.806779661016949,15.225423728813558,4.413559322033898,4.9,0.840677966101695,55.24745762711864,5.406779661016949,39.34576271186441
Río Lagartos,31061,534.6,1,20.589999999999996,70.84,1.3,5.109999999999999,1.5900000000000003,0.38,0.09,0.1,0.0,91.42999999999999,1.3,7.269999999999999
Sabinas,05028,5116.7131782945735,9,1.3666666666666667,72.42170542635658,2.448062015503876,12.16046511627907,1.8410852713178294,4.8062015503875966,2.113953488372093,2.25968992248062,0.5821705426356588,73.78837209302326,2.448062015503876,23.76356589147287
Sabinas Hidalgo,19044,5460.0125,6,1.46625,45.347500000000004,2.92625,12.004999999999999,3.13625,30.7375,1.975,1.6637499999999998,0.7424999999999999,46.81375,2.92625,50.260000000000005
Sacramento,05029,1485.0434782608695,4,1.5456521739130433,79.75652173913043,2.902173913043478,8.478260869565217,1.4673913043478262,3.006521739130435,1.2217391304347827,1.258695652173913,0.3630434782608695,81.30217391304348,2.902173913043478,15.795652173913044
Sahuayo,16076,12340.9,1,3.9899999999999998,74.6,2.04,7.82,2.73,5.65,1.56,1.08,0.53,78.59,2.04,19.369999999999997
Sain Alto,32040,4051.3333333333335,2,1.1136363636363635,62.095454545454544,5.138636363636364,11.725,2.75,10.072727272727272,3.2931818181818184,2.9795454545454545,0.8318181818181819,63.20909090909092,5.138636363636364,31.652272727272727
Salamanca,11027,11521.239795918367,16,1.9275510204081634,70.7673469387755,4.208418367346939,7.158673469387755,3.0418367346938777,7.497704081632653,1.6418367346938776,3.0533163265306125,0.7033163265306123,72.69489795918368,4.208418367346939,23.096683673469386
Salina Cruz,20079,8483.929577464789,4,3.4873239436619716,84.99859154929577,1.3985915492957746,5.8676056338028175,0.8619718309859156,1.2591549295774649,1.0,0.8056338028169014,0.3183098591549296,88.48591549295774,1.3985915492957746,10.11549295774648
Salinas,24025,3698.425,1,2.68,57.9,5.4399999999999995,8.5475,3.1075,12.18,3.4475000000000002,5.9174999999999995,0.78,60.58,5.4399999999999995,33.980000000000004
Salinas Victoria,19045,6182.15,2,2.4050000000000002,73.74499999999999,2.62,10.905,2.6900000000000004,4.97,1.1525,1.0925,0.42000000000000004,76.15,2.62,21.23
Saltillo,05030,15725.255520504732,14,1.5596214511041009,73.0826498422713,3.31608832807571,7.1457413249211355,1.726813880126183,8.556782334384858,1.7817034700315455,2.255205047318612,0.5753943217665616,74.64227129337539,3.31608832807571,22.041640378548895
Salto de Agua,07077,2562.08,4,5.936,83.36399999999999,1.296,5.386,1.386,1.578,0.638,0.168,0.248,89.3,1.296,9.404
Salvador Alvarado,25015,7155.1720430107525,3,3.464516129032258,74.00752688172042,3.7236559139784946,6.321505376344086,2.21505376344086,6.344086021505376,1.332258064516129,2.0494623655913977,0.5419354838709677,77.47204301075269,3.7236559139784946,18.804301075268818
Salvador Escalante,16079,6855.229166666667,4,1.6229166666666668,81.7625,1.85625,8.674999999999999,1.4333333333333333,2.4166666666666665,0.8979166666666667,0.9854166666666666,0.35000000000000003,83.38541666666667,1.85625,14.758333333333333
Salvatierra,11028,9265.772727272728,4,5.159090909090909,78.38409090909092,1.7465909090909089,7.610227272727273,1.6954545454545453,3.035227272727273,1.365909090909091,0.5545454545454546,0.44886363636363635,83.54318181818182,1.7465909090909089,14.710227272727273
Samahil,31063,143.6,1,38.32,57.45,0.8,2.7600000000000002,0.22999999999999998,0.34,0.02,0.08,0.0,95.77000000000001,0.8,3.4300000000000006
San Agustín Metzquititlán,13036,5043.8,2,1.03,85.05,2.05,6.165,1.3900000000000001,2.445,1.06,0.31,0.5,86.08,2.05,11.870000000000001
San Agustín Tlaxiaca,13052,11041.06,5,1.87,88.02799999999999,1.8159999999999998,4.832,1.1520000000000001,1.146,0.536,0.354,0.266,89.898,1.8159999999999998,8.286
San Agustín de las Juntas,20083,25790.5,1,5.41,87.925,0.37,4.904999999999999,0.52,0.265,0.275,0.13999999999999999,0.19,93.33500000000001,0.37,6.295
San Andrés Cholula,21119,20054.65,4,3.4885714285714284,89.03142857142856,1.0728571428571427,3.3242857142857143,1.1592857142857145,0.7671428571428572,0.6707142857142857,0.3357142857142857,0.15,92.52,1.0728571428571427,6.4071428571428575
San Andrés Huaxpaltepec,20090,3574.4,1,10.07,78.17,1.3800000000000001,4.4399999999999995,1.59,2.5,0.9099999999999999,0.6599999999999999,0.27999999999999997,88.24,1.3800000000000001,10.379999999999999
San Andrés Sinaxtla,20096,6992.833333333333,1,3.15,84.08333333333333,0.65,8.35,0.7999999999999999,2.0500000000000003,0.5166666666666667,0.15,0.25,87.23333333333333,0.65,12.116666666666667
San Antonio de la Cal,20107,30903.0,1,6.138888888888889,85.83333333333333,0.39444444444444443,4.466666666666667,0.44999999999999996,1.0444444444444445,1.1833333333333333,0.2222222222222222,0.26666666666666666,91.97222222222223,0.39444444444444443,7.633333333333334
San Antonio la Isla,15073,5466.4,1,2.12,82.02000000000001,3.4799999999999995,6.0,2.58,2.46,0.62,0.42000000000000004,0.3,84.14000000000001,3.4799999999999995,12.379999999999999
San Blas,18012,2960.177777777778,11,13.279259259259259,77.22148148148148,0.6081481481481481,6.345925925925926,1.1,0.8629629629629629,0.2348148148148148,0.11555555555555556,0.23185185185185186,90.50074074074074,0.6081481481481481,8.89111111111111
San Buenaventura,05031,1858.8,2,2.41,82.03,1.0,11.295,1.3800000000000001,1.28,0.365,0.11500000000000002,0.125,84.44,1.0,14.559999999999999
San Ciro de Acosta,24027,2493.55,1,5.295,78.28999999999999,1.0050000000000001,11.915,1.0150000000000001,1.735,0.47000000000000003,0.095,0.18,83.58500000000001,1.0050000000000001,15.41
San Cristóbal Suchixtlahuaca,20129,4195.0,2,0.5900000000000001,66.86,7.540000000000001,5.12,7.13,6.32,1.2600000000000002,4.37,0.8099999999999999,67.45,7.540000000000001,25.009999999999998
San Cristóbal de las Casas,07078,8682.866666666667,4,4.11,84.08833333333334,1.0533333333333335,4.91,0.8350000000000001,3.1783333333333332,0.8433333333333334,0.3783333333333333,0.6033333333333334,88.19833333333332,1.0533333333333335,10.748333333333333
San Damián Texóloc,29049,5435.133333333333,1,4.3933333333333335,88.11999999999999,0.18666666666666665,3.54,0.52,2.433333333333333,0.38,0.17333333333333334,0.25333333333333335,92.51333333333334,0.18666666666666665,7.3
San Diego de Alejandría,14072,4399.315789473684,1,2.6,80.93684210526315,1.3368421052631578,8.700000000000001,2.8105263157894735,2.2263157894736842,0.8157894736842105,0.2947368421052632,0.2789473684210526,83.53684210526316,1.3368421052631578,15.126315789473683
San Diego de la Unión,11029,11332.566666666668,1,1.98,50.21333333333333,5.423333333333334,6.623333333333334,3.686666666666667,23.333333333333332,3.64,4.326666666666666,0.7733333333333333,52.19333333333333,5.423333333333334,42.38333333333333
San Dionisio Ocotlán,20132,10887.0,1,12.9,79.5,0.7,4.4,1.6,0.5,0.1,0.2,0.1,92.4,0.7,6.9
San Felipe,02007,4044.756345177665,7,3.081218274111675,70.60609137055837,2.0964467005076144,10.378172588832488,2.236040609137056,8.804060913705584,1.5578680203045685,0.7944162436548223,0.44568527918781725,73.68730964467005,2.0964467005076144,24.216243654822335
San Felipe Jalapa de Díaz,20134,3917.9,1,6.1,84.06,0.8400000000000001,5.569999999999999,0.9199999999999999,1.32,0.47000000000000003,0.55,0.16999999999999998,90.16,0.8400000000000001,9.0
San Felipe Orizatlán,13046,2893.366666666667,1,13.743333333333334,73.75333333333333,1.55,6.833333333333333,1.52,1.6833333333333333,0.6066666666666667,0.09333333333333332,0.21666666666666667,87.49666666666667,1.55,10.953333333333335
San Felipe del Progreso,15074,5766.0875,4,1.65375,90.26375,0.45375,5.32875,0.6,1.0462500000000001,0.36124999999999996,0.09625,0.19625,91.91749999999999,0.45375,7.628749999999999
San Fernando,07079,5167.206666666667,13,2.230666666666667,70.09,2.962,8.646666666666667,1.56,7.622,2.013333333333333,4.156,0.7193333333333334,72.32066666666667,2.962,24.717333333333332
San Francisco Telixtlahuaca,20150,5456.125,2,8.2025,85.4725,0.5,3.41,0.6075,1.06,0.33999999999999997,0.25,0.1575,93.675,0.5,5.825
San Francisco de los Romo,01011,12488.273333333333,6,2.756,80.798,1.8966666666666667,6.244,1.7713333333333332,3.3566666666666665,1.2973333333333332,1.55,0.33,83.554,1.8966666666666667,14.549333333333333
San Francisco del Oro,08059,886.0,1,0.35,63.199999999999996,2.05,14.75,5.95,5.6,5.45,1.9,0.75,63.55,2.05,34.4
San Francisco del Rincón,11031,10139.033333333333,2,7.256666666666666,82.39,0.66,6.653333333333333,0.94,1.07,0.7133333333333333,0.13,0.18666666666666665,89.64666666666668,0.66,9.693333333333333
San Gabriel,14113,2537.037037037037,2,6.033333333333333,77.84444444444445,2.3518518518518516,7.522222222222222,2.8777777777777778,1.8259259259259257,0.6518518518518519,0.4222222222222222,0.4703703703703704,83.87777777777777,2.3518518518518516,13.77037037037037
San Gabriel Chilac,21124,6018.3,1,1.38,68.71000000000001,7.7700000000000005,6.6,5.0600000000000005,4.83,1.54,3.18,0.93,70.09,7.7700000000000005,22.14
San Gabriel Mixtepec,20153,1571.0,1,14.01,74.66,1.04,6.51,1.28,1.5799999999999998,0.44000000000000006,0.29,0.19,88.67,1.04,10.290000000000001
San Ignacio,25016,2375.875,5,5.7828125,73.7328125,2.909375,7.2375,2.5515625,5.9265625,1.18125,0.4921875,0.1859375,79.515625,2.909375,17.575
San Ignacio Cerro Gordo,14125,5966.333333333333,1,3.1166666666666667,76.42777777777778,2.033333333333333,7.022222222222222,4.288888888888889,4.25,1.4222222222222223,0.9055555555555556,0.5333333333333333,79.54444444444444,2.033333333333333,18.422222222222224
San Jerónimo Tlacochahuaya,20550,15509.9,2,3.5799999999999996,87.66,1.1800000000000002,5.5,0.795,0.58,0.39,0.215,0.1,91.24,1.1800000000000002,7.58
San Joaquín,22015,2151.5,1,2.59,83.72999999999999,0.64,9.66,0.58,1.9899999999999998,0.38,0.15,0.27999999999999997,86.32000000000001,0.64,13.040000000000001
San José Chiapa,21128,8208.5,1,2.21,76.63,3.12,7.15,3.1599999999999997,4.79,1.7100000000000002,0.65,0.58,78.84,3.12,18.04
San José Chiltepec,20166,3847.9,1,14.75,73.28,0.93,6.05,3.31,1.01,0.15,0.42000000000000004,0.1,88.03,0.93,11.040000000000001
San José Iturbide,11032,14778.786363636364,6,2.9213636363636364,61.52454545454545,3.4486363636363637,7.485909090909091,2.686818181818182,16.000454545454545,2.355,3.034090909090909,0.5431818181818182,64.4459090909091,3.4486363636363637,32.10545454545454
San José Miahuatlán,21129,5087.75,2,0.9249999999999999,68.41666666666667,7.433333333333334,5.433333333333334,6.175,5.808333333333334,1.3416666666666668,3.8249999999999997,0.6416666666666666,69.34166666666667,7.433333333333334,23.224999999999998
San José de Gracia,01008,1866.125,2,3.696875,86.475,1.778125,6.671875,0.771875,0.359375,0.171875,0.037500000000000006,0.037500000000000006,90.171875,1.778125,8.05
San José del Rincón,15124,5040.34,2,1.294,92.088,0.606,3.7319999999999998,0.648,0.866,0.466,0.126,0.17400000000000002,93.382,0.606,6.0120000000000005
San Juan Bautista Cuicatlán,20177,1408.8,1,12.88,77.84,0.8300000000000001,6.609999999999999,0.73,0.6799999999999999,0.17,0.24000000000000005,0.02,90.72,0.8300000000000001,8.45
San Juan Bautista Tuxtepec,20184,5046.05,7,9.557222222222222,71.33888888888889,2.967777777777778,7.3711111111111105,2.66,3.2155555555555555,0.7061111111111111,1.635,0.5483333333333333,80.89611111111111,2.967777777777778,16.136111111111113
San Juan Bautista Valle Nacional,20559,3201.1,1,11.504999999999999,79.625,0.85,5.45,0.6799999999999999,1.465,0.19,0.06999999999999999,0.165,91.13,0.85,8.02
San Juan Cacahuatepec,20185,1501.6,1,6.69,81.26,1.64,6.409999999999999,1.53,1.47,0.73,0.13999999999999999,0.13,87.95,1.64,10.41
San Juan Cotzocón,20190,2870.0,1,7.6,82.2,0.8,5.8,0.9,2.1,0.4,0.1,0.1,89.8,0.8,9.4
San Juan Evangelista,30142,5257.85,2,4.525,66.74,3.6700000000000004,6.25,3.09,9.235,2.17,3.505,0.8150000000000001,71.265,3.6700000000000004,25.065
San Juan Guichicovi,20198,4954.6,5,8.088,69.0,3.492,5.156000000000001,1.7280000000000002,5.876,1.82,4.176,0.664,77.08800000000001,3.492,19.42
San Juan Huactzinco,29053,10605.52,2,3.654,88.194,0.48,5.12,0.33799999999999997,1.228,0.5539999999999999,0.156,0.276,91.848,0.48,7.672000000000001
San Juan Lachao,20202,1231.0,1,1.8833333333333335,76.48333333333333,3.1666666666666665,11.700000000000001,3.283333333333333,1.9833333333333334,1.0166666666666666,0.13333333333333333,0.35000000000000003,78.36666666666666,3.1666666666666665,18.466666666666665
San Juan Teposcolula,20221,2994.55,2,1.7449999999999999,76.16499999999999,2.1550000000000002,13.805000000000001,1.675,2.58,1.225,0.275,0.375,77.91,2.1550000000000002,19.935
San Juan de Sabinas,05032,3826.7045454545455,4,2.036363636363636,74.81136363636364,1.8363636363636362,12.906818181818181,1.643181818181818,3.247727272727273,2.2227272727272727,0.8159090909090909,0.47954545454545455,76.84772727272728,1.8363636363636362,21.31590909090909
San Juan de los Lagos,14073,7451.188679245283,6,3.056603773584906,64.2811320754717,4.69811320754717,6.74245283018868,3.5867924528301884,10.016981132075472,2.8716981132075468,4.05188679245283,0.6943396226415094,67.3377358490566,4.69811320754717,27.964150943396223
San Juan del Río,22016,23424.657960199005,20,2.2815822002472186,68.6663782447466,4.049320148331273,6.2610630407911,3.414215080346106,10.429419035846724,1.6208899876390606,2.5571075401730528,0.7200247218788628,70.94796044499383,4.049320148331273,25.00271940667491
San Lorenzo Albarradas,20226,1711.3125,1,1.60625,86.4875,0.725,8.65,1.41875,0.60625,0.38125,0.0375,0.08750000000000001,88.09375,0.725,11.18125
San Lorenzo Axocomanitla,29054,9045.8,1,1.3199999999999998,88.84,1.58,2.9,0.9199999999999999,1.5,0.82,1.5,0.62,90.16,1.58,8.26
San Lorenzo Cacaotepec,20227,3809.9,1,2.025,71.9,3.975,10.434999999999999,3.18,3.81,1.095,2.4699999999999998,1.1099999999999999,73.925,3.975,22.1
San Lucas,16077,4079.14,3,8.012,78.58800000000001,1.124,6.45,0.902,3.338,0.9940000000000001,0.184,0.40800000000000003,86.6,1.124,12.276
San Lucas Tecopilco,29055,10661.0,1,1.45,72.2,3.9499999999999997,6.05,2.6,8.549999999999999,2.2,2.4,0.6,73.64999999999999,3.9499999999999997,22.399999999999995
San Luis Potosí,24028,23129.766323024054,11,2.3147766323024057,70.65189003436426,2.47766323024055,6.463230240549828,2.3756013745704467,10.420274914089347,2.1934707903780066,2.4567010309278348,0.6463917525773196,72.96666666666667,2.47766323024055,24.555670103092783
San Luis Río Colorado,26055,5858.205607476635,5,1.2728971962616822,74.82803738317757,2.890654205607477,7.549532710280373,1.4299065420560748,8.029906542056075,1.3560747663551402,2.169158878504673,0.4738317757009346,76.10093457943925,2.890654205607477,21.008411214953274
San Luis de la Paz,11033,8183.2588235294115,7,4.132352941176471,69.98294117647059,2.9535294117647055,8.784705882352942,1.7076470588235295,9.093529411764706,1.5494117647058823,1.438235294117647,0.35764705882352943,74.11529411764707,2.9535294117647055,22.931176470588234
San Marcos,12053,5000.46511627907,2,3.704651162790698,82.73255813953489,1.4186046511627908,6.927906976744185,1.4953488372093022,2.2930232558139534,0.9162790697674418,0.2534883720930233,0.25813953488372093,86.43720930232558,1.4186046511627908,12.14418604651163
San Martín Hidalgo,14077,3889.9444444444443,2,3.883333333333333,82.97777777777777,1.1833333333333333,7.827777777777778,2.011111111111111,1.0666666666666667,0.5055555555555556,0.2777777777777778,0.26666666666666666,86.86111111111111,1.1833333333333333,11.955555555555556
San Martín Texmelucan,21132,14682.04,9,2.6846400000000004,69.18208,4.3232,6.563039999999999,2.84464,8.56512,1.8096,3.24384,0.7838400000000001,71.86672,4.3232,23.81008
San Martín de las Pirámides,15075,13422.068965517241,5,2.0689655172413794,80.86436781609196,2.406896551724138,6.358620689655173,1.7505747126436784,3.7321839080459767,1.228735632183908,1.0114942528735633,0.5781609195402299,82.93333333333334,2.406896551724138,14.65977011494253
San Mateo Atenco,15076,48135.48387096774,2,5.096774193548387,83.13870967741936,2.487096774193548,5.319354838709677,0.9774193548387097,1.8193548387096774,0.4161290322580645,0.5483870967741935,0.19677419354838707,88.23548387096774,2.487096774193548,9.27741935483871
San Matías Tlalancaleca,21134,25685.5,1,2.8,74.45,7.15,5.050000000000001,2.3499999999999996,4.95,0.8500000000000001,1.9,0.5,77.25,7.15,15.6
San Miguel Ejutla,20268,5186.571428571428,3,4.8999999999999995,81.91428571428571,0.8571428571428571,8.457142857142857,1.2642857142857142,1.75,0.40714285714285714,0.15714285714285717,0.2928571428571428,86.81428571428572,0.8571428571428571,12.328571428571427
San Miguel Soyaltepec,20278,3863.2,1,24.65,64.03999999999999,1.08,6.15,0.7,2.12,0.47000000000000003,0.36,0.43,88.69,1.08,10.23
San Miguel Suchixtepec,20279,1716.5,1,2.58,83.51,0.95,9.55,1.58,1.25,0.33999999999999997,0.15,0.09,86.09,0.95,12.959999999999999
San Miguel Tlacotepec,20286,1549.6,1,2.68,83.86,1.65,6.2700000000000005,1.61,2.08,1.03,0.36,0.45999999999999996,86.53999999999999,1.65,11.809999999999999
San Miguel Xoxtla,21136,36117.25,2,1.340625,73.128125,4.95,6.959375,2.509375,6.253125,1.553125,2.4625,0.84375,74.46875,4.95,20.58125
San Miguel de Allende,11003,9903.358024691359,11,2.725925925925926,82.21728395061729,1.9512345679012346,7.680246913580247,1.4734567901234568,2.2901234567901234,0.9259259259259259,0.3419753086419753,0.39382716049382716,84.94320987654321,1.9512345679012346,13.105555555555554
San Miguel de Horcasitas,26056,5600.208333333333,1,1.0250000000000001,62.12916666666666,4.891666666666667,9.070833333333333,1.6500000000000001,13.358333333333334,2.0749999999999997,4.879166666666666,0.9208333333333334,63.15416666666667,4.891666666666667,31.954166666666666
San Miguel del Puerto,20266,3469.75,1,13.425,68.25,3.2750000000000004,8.45,1.4,2.675,1.9000000000000001,0.325,0.3,81.675,3.2750000000000004,15.049999999999999
San Miguel el Alto,14078,5256.678571428572,2,3.289285714285714,75.96785714285714,1.9357142857142855,10.964285714285714,3.6607142857142856,2.257142857142857,1.1928571428571428,0.44642857142857145,0.2857142857142857,79.25714285714285,1.9357142857142855,18.807142857142857
San Nicolás Tolentino,24030,3160.4666666666667,2,3.246666666666667,82.51333333333334,1.5066666666666668,7.373333333333334,2.066666666666667,1.5266666666666666,1.2666666666666666,0.2533333333333333,0.24666666666666667,85.76,1.5066666666666668,12.733333333333333
San Pablo Etla,20293,21076.382352941175,2,6.791176470588235,86.64117647058823,0.8735294117647059,3.302941176470588,0.776470588235294,0.65,0.5117647058823529,0.31176470588235294,0.1411764705882353,93.43235294117646,0.8735294117647059,5.694117647058824
San Pablo Huitzo,20294,4878.9,2,1.355,75.91499999999999,4.585,6.265,3.8449999999999998,3.78,1.035,2.59,0.63,77.27000000000001,4.585,18.145
San Pablo Huixtepec,20295,7764.35294117647,1,6.541176470588235,79.95294117647059,1.0588235294117647,7.176470588235294,1.3470588235294116,3.0352941176470587,0.4235294117647059,0.14705882352941177,0.31764705882352945,86.49411764705883,1.0588235294117647,12.447058823529412
San Pablo Macuiltianguis,20296,661.2,1,1.08,83.27000000000001,2.0300000000000002,10.940000000000001,1.8,0.65,0.16,0.04,0.030000000000000006,84.35,2.0300000000000002,13.62
San Pablo Villa de Mitla,20298,3749.3888888888887,5,2.259722222222222,86.59444444444445,1.0708333333333333,7.026388888888889,1.1305555555555555,1.1305555555555555,0.47777777777777775,0.17777777777777778,0.13194444444444445,88.85416666666667,1.0708333333333333,10.075
San Pablo del Monte,29025,4795.7,2,6.26,75.27000000000001,2.48,12.52,0.36,1.9899999999999998,0.52,0.26999999999999996,0.32999999999999996,81.53,2.48,15.99
San Pedro,05033,3649.1592920353983,12,5.297787610619469,69.6787610619469,3.3774336283185837,8.217699115044248,1.8969026548672565,6.627876106194691,1.8238938053097344,2.5017699115044247,0.5778761061946902,74.97654867256638,3.3774336283185837,21.646017699115045
San Pedro Cholula,21140,15733.425,1,2.9825,87.8575,0.6675,4.447500000000001,1.1099999999999999,1.4175,1.0,0.18250000000000002,0.335,90.83999999999999,0.6675,8.4925
San Pedro Huamelula,20307,1969.6666666666667,3,5.733333333333333,75.4,3.2,7.28,1.7066666666666668,4.086666666666667,2.1533333333333333,0.24666666666666667,0.19333333333333333,81.13333333333334,3.2,15.666666666666666
San Pedro Juchatengo,20314,1597.5,1,22.2,67.1,1.7,4.0,3.1,0.8,0.4,0.3,0.4,89.3,1.7,9.0
San Pedro Lagunillas,18013,2267.214285714286,2,0.8428571428571429,81.92142857142856,7.6499999999999995,3.3285714285714287,1.7142857142857142,2.757142857142857,0.9928571428571429,0.5857142857142856,0.20714285714285713,82.76428571428572,7.6499999999999995,9.585714285714285
San Pedro Mixtepec,20318,5603.076923076923,3,11.274999999999999,78.9326923076923,0.925,4.771153846153846,0.7480769230769231,1.8615384615384616,0.7461538461538461,0.41730769230769227,0.3230769230769231,90.20769230769231,0.925,8.867307692307692
San Pedro Pochutla,20324,3552.7131147540986,13,14.133606557377048,73.95491803278688,1.4844262295081967,6.144262295081967,1.1114754098360655,1.768032786885246,0.8139344262295082,0.309016393442623,0.28032786885245903,88.08852459016393,1.4844262295081967,10.427049180327868
San Pedro Tapanatepec,20327,3265.183908045977,6,6.768965517241379,70.43333333333334,2.9080459770114944,7.316091954022989,2.1954022988505746,5.173563218390805,1.9160919540229884,2.8586206896551722,0.4298850574712644,77.20229885057472,2.9080459770114944,19.889655172413793
San Pedro Tlaquepaque,14098,60742.25,1,0.8,81.125,3.4499999999999997,4.425,2.9000000000000004,3.05,2.675,1.0,0.575,81.925,3.4499999999999997,14.625
San Pedro Totolápam,20333,3206.1,1,4.029999999999999,74.46000000000001,4.529999999999999,9.0,2.25,2.62,1.6199999999999999,1.04,0.45,78.49,4.529999999999999,16.98
San Pedro del Gallo,10030,418.95454545454544,1,0.9318181818181818,73.56818181818181,1.3909090909090909,12.5,4.463636363636364,3.8909090909090907,2.1818181818181817,0.8181818181818182,0.2545454545454545,74.5,1.3909090909090909,24.10909090909091
San Pedro y San Pablo Ayutla,20337,1651.4,1,2.82,89.14,0.6,4.54,1.16,1.1600000000000001,0.36,0.09,0.13,91.96000000000001,0.6,7.44
San Quintín,02006,3474.4741035856573,18,1.7119521912350597,67.47689243027888,3.2163346613545816,11.313545816733066,1.649003984063745,12.320717131474103,1.5414342629482072,0.4760956175298805,0.2940239043824701,69.18884462151395,3.2163346613545816,27.594820717131476
San Rafael,30211,5781.85,5,2.71,74.25666666666666,2.8,7.968333333333334,2.9483333333333333,4.545,1.8333333333333333,2.1,0.8383333333333333,76.96666666666667,2.8,20.233333333333334
San Salvador el Seco,21142,7960.766666666666,1,2.4766666666666666,70.87333333333332,4.42,8.396666666666667,3.3766666666666665,6.076666666666667,2.55,1.2466666666666666,0.5833333333333334,73.35,4.42,22.23
San Simón de Guerrero,15077,5580.166666666667,1,3.6333333333333337,84.85,1.6166666666666667,5.15,1.5166666666666666,1.7666666666666666,0.9500000000000001,0.23333333333333334,0.2833333333333333,88.48333333333333,1.6166666666666667,9.899999999999999
Sanctórum de Lázaro Cárdenas,29020,8100.5,2,2.2891666666666666,61.729166666666664,4.7175,6.36,3.078333333333333,13.082500000000001,3.4658333333333333,4.256666666666667,1.0208333333333333,64.01833333333333,4.7175,31.264166666666664
Santa Ana,26058,6538.887096774193,1,1.4870967741935484,66.85967741935484,4.303225806451613,7.995161290322581,1.5032258064516129,11.36774193548387,2.05,3.556451612903226,0.8774193548387097,68.34677419354838,4.303225806451613,27.35
Santa Apolonia Teacalco,29057,8687.7,1,5.88,81.95,0.5700000000000001,6.35,0.22000000000000003,3.44,0.75,0.26,0.5800000000000001,87.83,0.5700000000000001,11.6
Santa Bárbara,08060,2882.1,1,1.6761904761904762,74.27619047619048,1.4095238095238096,12.900000000000002,4.257142857142857,2.7904761904761903,1.7476190476190478,0.26666666666666666,0.6761904761904761,75.95238095238095,1.4095238095238096,22.638095238095236
Santa Catarina,19048,26478.71818181818,5,1.6050000000000002,71.88681818181819,2.7590909090909093,7.012727272727273,1.5645454545454545,10.457272727272727,2.0745454545454542,1.9799999999999998,0.6599999999999999,73.49181818181819,2.7590909090909093,23.74909090909091
Santa Catarina Ixtepeji,20363,2151.4,2,2.31,85.78,1.27,7.334999999999999,1.575,1.05,0.4149999999999999,0.06999999999999999,0.195,88.09,1.27,10.64
Santa Clara,10031,4113.568627450981,2,2.177358490566038,47.820754716981135,6.249056603773584,9.532075471698112,3.249056603773585,18.109433962264152,4.466037735849056,7.011320754716982,1.3849056603773584,49.99811320754717,6.249056603773584,43.75283018867925
Santa Cruz,26059,365.6666666666667,1,0.7833333333333333,83.56666666666666,0.8333333333333334,13.483333333333334,1.2166666666666666,0.08333333333333333,0.03333333333333333,0.0,0.0,84.35000000000001,0.8333333333333334,14.816666666666668
Santa Cruz Mixtepec,20378,4139.928571428572,1,4.542857142857143,78.87857142857142,1.9642857142857142,8.157142857142857,2.7785714285714285,2.314285714285714,0.6785714285714286,0.2642857142857143,0.42142857142857143,83.42142857142858,1.9642857142857142,14.614285714285714
Santa Cruz Quilehtla,29059,16026.368421052632,1,1.6210526315789473,85.22105263157896,1.1526315789473685,7.06842105263158,1.2052631578947368,2.1999999999999997,0.8052631578947368,0.48947368421052634,0.23684210526315788,86.84210526315789,1.1526315789473685,12.005263157894737
Santa Cruz Tlaxcala,29026,10202.3,2,2.34,78.95,2.07,4.32,2.23,5.279999999999999,2.29,1.67,0.85,81.28999999999999,2.07,16.64
Santa Cruz de Juventino Rosas,11035,6808.554054054054,2,2.9986486486486488,74.62162162162163,2.3189189189189188,10.225675675675676,2.8364864864864865,4.098648648648648,1.2175675675675675,1.277027027027027,0.40540540540540543,77.62027027027027,2.3189189189189188,20.06081081081081
Santa Elena,31066,741.0333333333333,3,16.386666666666667,65.39,1.6400000000000001,9.516666666666667,2.1733333333333333,2.0533333333333332,0.9033333333333334,1.8333333333333333,0.10333333333333333,81.77666666666667,1.6400000000000001,16.583333333333332
Santa Isabel,08024,5213.28,2,0.966,74.562,2.5660000000000003,12.588,1.61,4.545999999999999,2.046,0.6579999999999999,0.45799999999999996,75.528,2.5660000000000003,21.906
Santa Isabel Cholula,21148,15955.8,1,7.5200000000000005,85.03999999999999,0.71,3.12,1.46,0.99,0.5,0.48,0.18,92.56,0.71,6.7299999999999995
Santa Lucía del Camino,20390,12501.846153846154,4,6.746153846153847,87.4025641025641,0.5538461538461539,3.841025641025641,0.47435897435897434,0.4435897435897436,0.4230769230769231,0.05384615384615385,0.061538461538461535,94.14871794871796,0.5538461538461539,5.297435897435897
Santa María Camotlán,20400,1813.2222222222222,1,3.088888888888889,76.78888888888889,1.6,9.455555555555556,2.3333333333333335,3.788888888888889,1.9666666666666666,0.6111111111111112,0.3666666666666667,79.87777777777778,1.6,18.522222222222222
Santa María Colotepec,20401,4591.171875,3,14.56875,75.9765625,1.0375,4.8578125,1.0296875,1.309375,0.803125,0.2328125,0.184375,90.5453125,1.0375,8.4171875
Santa María Cortijo,20402,2063.3,1,3.6799999999999997,78.11,3.25,6.35,3.1,3.54,1.48,0.3,0.19,81.78999999999999,3.25,14.959999999999999
Santa María Ecatepec,20410,2106.85,1,1.815,74.375,5.86,8.885,2.31,2.7800000000000002,1.89,1.85,0.23500000000000001,76.19,5.86,17.95
Santa María Huatulco,20413,4527.837209302325,7,8.647674418604652,77.27674418604651,1.7930232558139534,7.375581395348837,1.0313953488372094,2.094186046511628,1.0790697674418603,0.3430232558139535,0.35930232558139535,85.92441860465117,1.7930232558139534,12.282558139534883
Santa María Jalapa del Marqués,20418,3789.4,1,2.55,78.59,3.7399999999999998,9.47,1.3599999999999999,2.07,1.09,0.9099999999999999,0.22000000000000003,81.14,3.7399999999999998,15.12
Santa María Mixtequilla,20421,2397.2,1,2.92,71.44,3.1,4.94,2.66,4.5600000000000005,3.4599999999999995,6.26,0.6599999999999999,74.36,3.1,22.54
Santa María Petapa,20427,9644.3,1,7.340000000000001,71.82000000000001,2.81,4.49,1.83,6.35,1.58,3.0,0.78,79.16,2.81,18.03
Santa María Tecomavaca,20431,1136.45,1,7.1,83.67999999999999,0.705,5.975,0.9950000000000001,0.89,0.31,0.26999999999999996,0.075,90.78,0.705,8.515
Santa María Tlahuitoltepec,20437,635.3,1,1.78,87.35,0.75,8.28,0.8,0.5900000000000001,0.13999999999999999,0.13,0.18000000000000002,89.13,0.75,10.120000000000001
Santa María Tonameca,20439,2711.390476190476,6,14.662857142857142,75.03428571428572,1.1952380952380952,5.660952380952381,0.6638095238095238,1.6533333333333333,0.741904761904762,0.15809523809523812,0.22952380952380955,89.69714285714286,1.1952380952380952,9.107619047619048
Santa María del Oro,18014,4143.423076923077,11,3.1957264957264955,69.78675213675214,4.438461538461538,7.2666666666666675,3.85982905982906,7.506410256410256,1.849145299145299,1.4901709401709402,0.6068376068376068,72.98247863247863,4.438461538461538,22.57905982905983
Santa María del Río,24032,11914.215384615385,3,4.248461538461538,51.91461538461538,5.235384615384616,7.708461538461538,2.6515384615384616,20.298461538461538,3.081538461538462,4.054615384615385,0.806923076923077,56.16307692307692,5.235384615384616,38.60153846153846
Santa María del Tule,20409,9661.918918918918,3,5.694594594594594,87.62972972972973,0.645945945945946,3.65945945945946,0.4243243243243244,1.2513513513513512,0.32972972972972975,0.16486486486486485,0.2,93.32432432432432,0.645945945945946,6.02972972972973
Santiago,19049,19451.936363636363,5,2.432727272727273,85.36,1.2845454545454547,5.472727272727273,1.3172727272727274,2.029090909090909,0.7854545454545455,0.9654545454545455,0.3527272727272727,87.79272727272728,1.2845454545454547,10.922727272727272
Santiago Astata,20453,2112.0,1,4.9399999999999995,78.8,3.06,6.340000000000001,1.7399999999999998,3.22,1.6,0.18,0.12000000000000002,83.74,3.06,13.2
Santiago Comaltepec,20458,556.0,1,1.65,82.88,2.84,10.41,1.5100000000000002,0.56,0.1,0.02,0.030000000000000006,84.53,2.84,12.629999999999999
Santiago Ixcuintla,18015,4672.658333333334,11,11.436666666666667,74.04541666666667,2.08,6.05625,2.1608333333333336,2.731666666666667,0.9179166666666667,0.24958333333333332,0.32166666666666666,85.48208333333334,2.08,12.437916666666666
Santiago Juxtlahuaca,20469,2689.0666666666666,3,3.5166666666666666,82.50666666666666,1.2833333333333334,7.63,1.8,2.1666666666666665,0.5733333333333334,0.19333333333333336,0.33,86.02333333333333,1.2833333333333334,12.693333333333333
Santiago Miahuatlán,21149,13141.368421052632,1,4.7631578947368425,79.59473684210526,1.2842105263157897,7.373684210526315,2.3368421052631576,2.142105263157895,1.4473684210526316,0.6473684210526316,0.41052631578947374,84.3578947368421,1.2842105263157897,14.357894736842105
Santiago Nacaltepec,20478,696.1,1,5.680000000000001,83.05,0.65,7.95,1.2,0.86,0.25,0.32999999999999996,0.030000000000000006,88.73,0.65,10.620000000000001
Santiago Niltepec,20066,4115.2,1,2.3899999999999997,62.61,4.7,6.540000000000001,3.1399999999999997,9.74,3.75,6.470000000000001,0.6599999999999999,65.0,4.7,30.3
Santiago Papasquiaro,10032,1786.2307692307693,5,2.172727272727273,70.21090909090908,2.4,14.63090909090909,4.049090909090909,3.4963636363636366,2.3363636363636364,0.2381818181818182,0.46545454545454545,72.38363636363636,2.4,25.21636363636364
Santiago Pinotepa Nacional,20482,4657.616666666667,3,6.83,79.76833333333335,1.5333333333333334,5.446666666666667,1.415,3.015,1.145,0.33666666666666667,0.51,86.59833333333333,1.5333333333333334,11.868333333333334
Santiago Sochiapan,30212,1488.5,3,9.816666666666666,74.99,2.73,5.47,2.2199999999999998,2.0833333333333335,1.1466666666666667,0.44666666666666666,1.0966666666666667,84.80666666666666,2.73,12.463333333333333
Santiago Suchilquitongo,20483,8010.705882352941,1,6.2,87.94117647058823,0.611764705882353,2.7941176470588234,0.6,1.3882352941176472,0.22352941176470587,0.12941176470588237,0.11176470588235293,94.14117647058823,0.611764705882353,5.247058823529412
Santiago Tuxtla,30143,5696.033333333334,1,6.656666666666666,80.96000000000001,1.4966666666666666,6.333333333333333,1.0266666666666666,2.1666666666666665,0.59,0.36000000000000004,0.41000000000000003,87.61666666666666,1.4966666666666666,10.886666666666667
Santiago Yaveo,20498,3457.1111111111113,1,12.066666666666666,77.35555555555555,0.5333333333333333,7.277777777777778,0.8999999999999999,1.2666666666666666,0.32222222222222224,0.14444444444444446,0.13333333333333333,89.42222222222222,0.5333333333333333,10.044444444444444
Santiago Yolomécatl,20499,2657.0,1,2.5300000000000002,76.09,2.3899999999999997,11.9,2.18,3.02,1.3,0.24,0.35,78.62,2.3899999999999997,18.990000000000002
Santo Domingo Ingenio,20505,4673.0,1,3.5,64.6,4.3,5.8,2.0,9.5,4.0,5.9,0.4,68.1,4.3,27.6
Santo Domingo Tehuantepec,20515,5612.4807692307695,9,3.5820512820512818,80.87179487179488,2.3980769230769234,6.533333333333333,1.5256410256410255,2.292948717948718,1.3435897435897435,1.2788461538461537,0.3262820512820513,84.45384615384614,2.348076923076923,13.198076923076924
Santo Domingo Zanatepec,20525,3357.9,3,5.596666666666667,67.67666666666666,3.783333333333333,6.9766666666666675,2.4866666666666664,6.333333333333333,2.643333333333333,3.783333333333333,0.7200000000000001,73.27333333333333,3.783333333333333,22.94333333333333
Santo Tomás,15078,3687.875,1,5.3625,91.3625,0.2375,2.0625,0.15000000000000002,0.42500000000000004,0.28750000000000003,0.0,0.11249999999999999,96.725,0.2375,3.0374999999999996
Santo Tomás Jalieza,20530,5706.5,1,2.7,81.0,0.9,10.5,1.2,2.4,0.8,0.1,0.4,83.7,0.9,15.4
Satevó,08061,3724.7,1,1.04,74.35,3.18,9.92,1.85,5.08,3.1100000000000003,0.9800000000000001,0.49000000000000005,75.39,3.18,21.43
Saucillo,08062,3991.5675675675675,5,2.0878378378378377,65.54324324324324,3.6364864864864868,9.058108108108108,1.9432432432432434,12.385135135135135,1.8702702702702703,2.6554054054054053,0.8202702702702703,67.63108108108108,3.6364864864864868,28.73243243243243
Sayula,14082,6676.184615384615,2,1.78,73.44307692307693,3.5430769230769235,6.549230769230769,3.076923076923077,4.733846153846153,2.0615384615384613,4.218461538461538,0.5938461538461539,75.22307692307692,3.5430769230769235,21.233846153846155
Sayula de Alemán,30144,6619.93893129771,6,4.001526717557252,64.7175572519084,4.370229007633588,5.165648854961832,3.0549618320610685,9.625190839694657,2.5740458015267174,5.644274809160305,0.8465648854961833,68.71908396946566,4.370229007633588,26.910687022900763
Seybaplaya,04012,2369.2022471910113,5,8.782022471910112,70.53707865168539,2.4157303370786516,5.857303370786516,2.048314606741573,5.612359550561798,1.0359550561797752,3.2966292134831456,0.4146067415730337,79.3191011235955,2.4157303370786516,18.265168539325842
Seyé,31067,6027.204545454545,2,3.2613636363636362,79.98636363636363,2.6113636363636363,5.9818181818181815,1.8409090909090908,2.8068181818181817,0.825,2.2954545454545454,0.3909090909090909,83.24772727272727,2.6113636363636363,14.140909090909092
Silao de la Victoria,11037,19588.237885462557,11,2.8022026431718063,75.63171806167402,2.986784140969163,7.360352422907488,2.085022026431718,5.7837004405286345,1.1484581497797357,1.3449339207048459,0.8568281938325991,78.43392070484582,2.986784140969163,18.579295154185022
Sinaloa,25017,1725.3478260869565,2,9.560869565217391,80.50869565217391,1.126086956521739,5.821739130434783,1.3434782608695652,0.8304347826086957,0.43478260869565216,0.17391304347826086,0.19999999999999998,90.0695652173913,1.126086956521739,8.804347826086957
Sinanché,31068,746.84,3,32.38,58.972,1.7179999999999997,5.1339999999999995,1.216,0.392,0.1,0.024000000000000004,0.064,91.352,1.7179999999999997,6.93
Singuilucan,13057,11739.882352941177,1,1.1823529411764706,80.23529411764706,3.0176470588235293,6.511764705882353,2.588235294117647,2.9647058823529413,1.711764705882353,1.0647058823529412,0.723529411764706,81.41764705882352,3.0176470588235293,15.564705882352943
Soconusco,30145,10580.0,1,0.7,76.0,3.1,8.4,2.5,5.5,1.5,1.5,0.8,76.7,3.1,20.2
Soledad de Doblado,30148,3966.2,1,14.025,72.595,2.02,7.07,1.105,1.985,0.485,0.445,0.27,86.62,2.02,11.36
Soledad de Graciano Sánchez,24035,14347.344262295082,6,3.6860655737704917,68.04754098360655,2.8852459016393444,7.304098360655738,2.583606557377049,9.698360655737705,2.3655737704918036,2.8008196721311474,0.628688524590164,71.73360655737704,2.8852459016393444,25.381147540983605
Solidaridad,23008,20945.52,4,5.237333333333334,83.91333333333333,2.4133333333333336,5.136,0.7453333333333333,0.772,0.9026666666666667,0.6093333333333334,0.27066666666666667,89.15066666666667,2.4133333333333336,8.436
Solosuchiapa,07084,1659.1,1,6.6450000000000005,83.365,0.65,5.72,1.315,1.2650000000000001,0.77,0.09,0.18,90.01,0.65,9.34
Sombrerete,32042,3440.8,5,2.2363636363636363,74.52424242424243,3.23030303030303,12.090909090909092,2.090909090909091,3.403030303030303,1.3590909090909091,0.7136363636363636,0.3515151515151515,76.76060606060605,3.23030303030303,20.009090909090908
Soteapan,30149,1755.9,1,10.969999999999999,82.77000000000001,0.86,2.6100000000000003,0.7,1.02,0.31999999999999995,0.0,0.75,93.74,0.86,5.4
Soto la Marina,28037,2120.633333333333,5,2.0616666666666665,75.86833333333334,3.38,10.586666666666668,1.78,3.8666666666666667,1.38,0.7633333333333333,0.31333333333333335,77.93,3.38,18.69
Sotuta,31069,621.2,2,22.923333333333336,66.73,0.9833333333333333,7.196666666666667,1.1966666666666665,0.6366666666666667,0.13,0.16999999999999998,0.03333333333333333,89.65333333333334,0.9833333333333333,9.363333333333333
Soyaló,07085,2780.0,1,3.1399999999999997,86.96000000000001,0.8800000000000001,5.36,1.24,1.44,0.54,0.24,0.2,90.1,0.8800000000000001,9.02
Soyaniquilpan de Juárez,15079,16896.0756302521,6,1.822689075630252,60.71512605042016,4.052521008403361,5.579411764705883,4.20546218487395,14.513865546218488,2.954621848739496,4.958403361344537,1.1978991596638657,62.53781512605042,4.052521008403361,33.40966386554622
Suchiapa,07086,5584.0,2,5.916666666666667,84.54166666666667,0.8000000000000002,3.1166666666666667,1.0250000000000001,2.4833333333333334,0.8083333333333332,0.7416666666666667,0.5666666666666668,90.45833333333333,0.8000000000000002,8.741666666666667
Suchiate,07087,6097.310344827586,5,18.21379310344828,67.43448275862069,1.5206896551724138,4.031034482758621,1.9241379310344826,4.424137931034483,0.9344827586206897,1.0,0.5172413793103449,85.64827586206897,1.5206896551724138,12.831034482758621
Sucilá,31070,1081.6,1,17.78,73.63,1.2100000000000002,6.13,0.65,0.47000000000000003,0.05,0.04,0.04,91.41,1.2100000000000002,7.38
Sultepec,15080,1143.8,1,3.5200000000000005,87.4,1.03,5.790000000000001,1.05,0.82,0.31999999999999995,0.04,0.030000000000000006,90.92,1.03,8.05
Suma,31072,731.9,1,28.589999999999996,62.7,0.9199999999999999,6.85,0.39,0.4,0.11000000000000001,0.02,0.02,91.28999999999999,0.9199999999999999,7.789999999999999
Sáric,26060,382.9,1,1.17,78.63,1.42,17.64,0.9099999999999999,0.16999999999999998,0.02,0.0,0.0,79.84,1.42,18.740000000000002
Súchil,10033,1381.2,1,3.9,83.15454545454544,1.4909090909090907,8.954545454545455,0.8409090909090909,0.5363636363636363,0.45,0.2590909090909091,0.41363636363636364,87.05454545454546,1.4909090909090907,11.454545454545455
Tabasco,32044,3573.8809523809523,2,1.7285714285714284,80.1047619047619,1.8761904761904762,10.138095238095238,1.7809523809523808,2.5952380952380953,0.8571428571428571,0.5857142857142857,0.3333333333333333,81.83333333333333,1.8761904761904762,16.29047619047619
Tacotalpa,27015,3435.2708333333335,3,13.364583333333334,78.51041666666667,0.8250000000000001,3.9125,0.71875,1.5458333333333334,0.6124999999999999,0.2520833333333333,0.25833333333333336,91.875,0.8250000000000001,7.3
Tahmek,31074,5024.60294117647,3,5.773529411764706,78.29705882352941,2.4441176470588233,5.520588235294118,1.7750000000000001,2.6941176470588233,0.7823529411764706,2.2941176470588234,0.41911764705882354,84.07058823529412,2.4441176470588233,13.485294117647058
Tala,14083,8522.468085106382,4,3.653191489361702,75.16808510638297,2.2127659574468086,7.225531914893618,3.1021276595744682,5.1553191489361705,1.7170212765957447,1.3170212765957447,0.448936170212766,78.82127659574468,2.2127659574468086,18.96595744680851
Tamasopo,24036,2693.7727272727275,3,7.995454545454546,74.56363636363636,2.127272727272727,11.577272727272726,0.6727272727272727,1.8727272727272728,0.5363636363636364,0.45,0.20454545454545456,82.55909090909091,2.127272727272727,15.313636363636363
Tamazula de Gordiano,14085,7221.066666666667,2,7.359999999999999,76.92,1.1666666666666667,5.613333333333333,3.006666666666667,3.466666666666667,1.3066666666666669,0.54,0.62,84.28,1.1666666666666667,14.553333333333333
Tamazunchale,24037,8388.4,2,17.080000000000002,68.89500000000001,1.3450000000000002,6.959999999999999,0.985,2.925,0.875,0.36,0.575,85.975,1.3450000000000002,12.68
Tampico,28038,9095.4625,4,3.5149999999999997,67.64625,1.9125,9.477500000000001,2.82625,6.6450000000000005,2.8525,4.29625,0.82875,71.16125,1.9125,26.92625
Tampico Alto,30152,6954.7,1,3.35,64.525,5.37,8.795,2.19,7.795,3.045,4.29,0.64,67.875,5.37,26.755000000000003
Tamuín,24040,4308.696774193549,7,7.693548387096774,69.87870967741937,2.9141935483870967,7.7,2.904516129032258,4.236774193548388,1.9419354838709677,2.114193548387097,0.6161290322580645,77.57225806451613,2.9141935483870967,19.513548387096773
Tancanhuitz,24012,5788.6,1,5.14,74.95,2.27,9.059999999999999,3.3200000000000003,3.12,1.17,0.45,0.52,80.09,2.27,17.64
Tancoco,30153,6478.833333333333,1,3.3555555555555556,67.35555555555555,4.977777777777778,8.25,1.9777777777777779,7.26111111111111,2.8055555555555554,3.5555555555555554,0.46111111111111114,70.71111111111111,4.977777777777778,24.311111111111114
Tangamandapio,16084,5723.25,1,4.665,78.25,2.09,8.915000000000001,1.6300000000000001,2.8649999999999998,0.85,0.26,0.475,82.91499999999999,2.09,14.995
Tangancícuaro,16085,11662.272727272728,3,2.147727272727273,82.0,1.656818181818182,9.181818181818182,1.7840909090909092,1.9204545454545454,0.8136363636363636,0.18409090909090908,0.3113636363636364,84.14772727272727,1.656818181818182,14.195454545454545
Tanhuato,16086,11150.0,1,3.6799999999999997,53.06,5.66,8.47,4.37,15.95,3.6700000000000004,4.14,1.0,56.739999999999995,5.66,37.6
Tanlajás,24041,5136.8,1,3.2399999999999998,77.37,2.15,9.22,3.2399999999999998,2.83,1.03,0.38,0.54,80.61,2.15,17.240000000000002
Tantima,30154,5062.111111111111,1,4.133333333333333,62.71111111111111,6.333333333333333,7.944444444444445,2.611111111111111,8.4,3.1555555555555554,3.933333333333333,0.7777777777777778,66.84444444444445,6.333333333333333,26.82222222222222
Tantoyuca,30155,3734.65,3,5.683333333333334,78.79333333333334,1.7366666666666668,7.405,1.4,2.908333333333333,1.0516666666666667,0.5533333333333333,0.4683333333333334,84.47666666666667,1.7366666666666668,13.786666666666667
Tapachula,07089,6649.659420289855,6,8.221014492753623,80.98333333333333,0.7949275362318841,5.47608695652174,1.0572463768115943,1.9318840579710146,0.7050724637681159,0.4992753623188406,0.33115942028985507,89.20434782608696,0.7949275362318841,10.00072463768116
Tapalpa,14086,5971.111111111111,1,5.522222222222222,82.64444444444445,1.5777777777777777,6.0,1.088888888888889,2.033333333333333,0.35555555555555557,0.14444444444444446,0.6333333333333333,88.16666666666667,1.5777777777777777,10.255555555555555
Tarandacuao,11038,4658.7,1,2.45,81.53999999999999,1.5,10.33,1.3900000000000001,1.5100000000000002,0.73,0.41,0.13999999999999999,83.99,1.5,14.51
Taretan,16087,7961.9,3,1.3599999999999999,73.135,4.015,5.37,2.98,4.115,2.37,5.3549999999999995,1.3,74.495,4.015,21.490000000000002
Tarímbaro,16088,24391.87777777778,2,1.43,81.61111111111111,2.4322222222222223,6.778888888888889,1.8644444444444446,3.3,1.011111111111111,1.1011111111111112,0.4711111111111111,83.0411111111111,2.4322222222222223,14.526666666666667
Tasquillo,13058,4800.925,2,2.68,78.685,2.3775,7.334999999999999,1.7899999999999998,4.14,1.8625,0.6725000000000001,0.4575,81.365,2.3775,16.2575
Taxco de Alarcón,12055,2998.65,6,5.654,84.41799999999999,2.119,4.941,0.878,1.139,0.518,0.11,0.225,90.072,2.119,7.811
Teabo,31075,2090.55,1,3.7600000000000002,80.485,2.12,5.47,2.815,2.465,1.035,1.6800000000000002,0.16999999999999998,84.245,2.12,13.635
Teapa,27016,7218.171428571429,3,8.04,76.77142857142857,1.2328571428571429,7.075714285714286,1.1414285714285715,3.8142857142857145,0.9442857142857142,0.4542857142857143,0.5257142857142858,84.81142857142858,1.2328571428571429,13.955714285714285
Tecalitlán,14087,2241.222222222222,3,4.015873015873016,79.73015873015873,1.3333333333333333,9.792063492063491,2.719047619047619,1.1063492063492064,0.8666666666666667,0.1111111111111111,0.3253968253968254,83.74603174603175,1.3333333333333333,14.920634920634921
Tecamachalco,21154,9566.435483870968,2,4.720967741935484,80.74032258064516,1.3774193548387097,7.629032258064516,1.7225806451612902,1.6629032258064516,1.096774193548387,0.5919354838709678,0.45806451612903226,85.46129032258065,1.3774193548387097,13.161290322580646
Tecate,02003,5175.793859649123,13,1.3021929824561402,75.95570175438597,2.9394736842105265,6.162280701754386,1.2767543859649124,8.302192982456141,1.3214912280701754,2.049122807017544,0.6907894736842105,77.2578947368421,2.9394736842105265,19.80263157894737
Techaluta de Montenegro,14089,4192.444444444444,2,3.022222222222222,78.1888888888889,2.0166666666666666,7.072222222222222,2.727777777777778,3.75,1.6388888888888888,0.8944444444444445,0.6888888888888889,81.21111111111111,2.0166666666666666,16.772222222222222
Tecoanapa,12056,2976.0,1,4.29,83.96000000000001,1.45,5.65,1.8800000000000001,1.6400000000000001,0.61,0.22999999999999998,0.29,88.25,1.45,10.3
Tecoh,31076,3119.813953488372,3,5.011627906976744,80.47441860465116,1.7,5.965116279069767,2.2906976744186047,2.169767441860465,0.8162790697674419,1.3325581395348836,0.23953488372093024,85.4860465116279,1.7,12.813953488372093
Tecolotlán,14088,5192.3,1,2.83,79.69,2.73,6.959999999999999,2.96,2.4099999999999997,1.2,0.61,0.61,82.52000000000001,2.73,14.75
Tecolutla,30158,4143.266666666666,2,5.626666666666667,80.33333333333333,2.4466666666666668,5.586666666666667,1.1933333333333331,2.8466666666666662,0.8066666666666666,0.8200000000000001,0.33999999999999997,85.96000000000001,2.4466666666666668,11.593333333333334
Tecomatlán,21155,3015.1,1,1.7100000000000002,84.13,2.27,5.720000000000001,1.56,2.67,1.37,0.33999999999999997,0.22999999999999998,85.84,2.27,11.89
Tecomán,06009,5315.959390862944,17,8.95710659898477,72.88654822335025,1.6807106598984773,7.635786802030457,2.0022842639593907,3.2368020304568526,2.0883248730964468,0.9606598984771574,0.5517766497461929,81.84365482233503,1.6807106598984773,16.475634517766498
Tecuala,18016,3825.18,3,11.235999999999999,66.33,3.5260000000000002,8.004,2.662,5.982,1.374,0.518,0.368,77.566,3.5260000000000002,18.908
Tecámac,15081,23684.14192139738,13,3.072052401746725,84.84825327510917,2.1390829694323146,5.611353711790393,1.5063318777292576,1.46353711790393,0.6770742358078603,0.39082969432314413,0.2914847161572052,87.92030567685589,2.1390829694323146,9.940611353711791
Tehuacán,21156,8084.776397515528,7,5.230434782608696,75.76770186335403,3.3385093167701863,6.704347826086957,2.3559006211180127,3.4956521739130433,1.15527950310559,1.3490683229813665,0.6031055900621117,80.99813664596273,3.3385093167701863,15.663354037267082
Tehuitzingo,21157,5891.4,1,6.609999999999999,79.24,2.54,5.12,1.37,3.06,0.95,0.58,0.53,85.85,2.54,11.61
Tejupilco,15082,4142.888157894737,4,4.453947368421052,81.7046052631579,1.7776315789473685,6.001973684210526,1.3585526315789473,2.670394736842105,1.4618421052631578,0.2,0.37105263157894736,86.15855263157896,1.7776315789473685,12.063815789473685
Tekantó,31078,790.9,2,41.85333333333333,50.766666666666666,0.7566666666666666,5.23,0.5033333333333333,0.7300000000000001,0.08333333333333333,0.013333333333333334,0.06333333333333334,92.61999999999999,0.7566666666666666,6.623333333333333
Tekax,31079,3608.1,1,30.05,61.0,0.48,4.96,0.7,2.0100000000000002,0.38,0.21000000000000002,0.21000000000000002,91.05,0.48,8.47
Tekit,31080,1131.0,1,22.22,69.34,1.0,4.5,1.24,0.64,0.43,0.48,0.15,91.56,1.0,7.44
Tekom,31081,1690.5,1,13.15,79.94,1.34,4.04,0.71,0.54,0.11000000000000001,0.11000000000000001,0.06000000000000001,93.09,1.34,5.57
Telchac Pueblo,31082,1992.0,1,33.885000000000005,59.94,0.8699999999999999,4.18,0.36,0.495,0.145,0.05500000000000001,0.07,93.825,0.8699999999999999,5.305
Telchac Puerto,31083,1709.45,1,18.009999999999998,74.20500000000001,1.645,3.9799999999999995,0.9800000000000001,0.825,0.14,0.07,0.14500000000000002,92.215,1.645,6.14
Teloloapan,12058,4602.35,2,8.375,80.36,1.08,6.790000000000001,0.8150000000000001,1.77,0.52,0.09,0.2,88.735,1.08,10.184999999999999
Temamatla,15083,7073.368421052632,2,7.68157894736842,81.96052631578948,0.6394736842105263,5.7894736842105265,1.2973684210526315,1.5921052631578947,0.5710526315789474,0.18684210526315792,0.28157894736842104,89.6421052631579,0.6394736842105263,9.718421052631578
Temascalapa,15084,4005.04,3,5.332000000000001,85.02600000000001,0.544,5.362,1.008,2.024,0.32799999999999996,0.084,0.292,90.35799999999999,0.544,9.097999999999999
Temascalcingo,15085,5108.911764705882,7,1.3637254901960785,83.82450980392157,1.9068627450980393,5.222549019607843,1.4784313725490197,3.5480392156862743,0.8225490196078432,1.2245098039215685,0.6088235294117648,85.18823529411766,1.9068627450980393,12.904901960784313
Temascaltepec,15086,3938.0314465408806,9,2.4062893081761008,85.14213836477988,1.3245283018867924,5.784905660377358,1.4339622641509433,1.9773584905660375,1.1283018867924528,0.3484276729559748,0.4540880503144654,87.54842767295598,1.3245283018867924,11.127044025157232
Temax,31084,1967.95,1,15.3,71.16,1.525,6.74,1.775,1.8,0.6,0.95,0.15,86.46000000000001,1.525,12.015
Temixco,17018,15882.528301886792,6,4.441194968553459,83.1198113207547,3.363522012578616,6.473270440251572,0.5952830188679246,0.8207547169811321,0.6481132075471698,0.2858490566037736,0.2522012578616352,87.56100628930818,3.363522012578616,9.075471698113208
Temoac,17033,5982.0,1,8.76,86.6,0.3,2.0,0.45999999999999996,0.9,0.36,0.3,0.32,95.36,0.3,4.34
Temoaya,15087,6288.72794117647,9,2.2941176470588234,87.14632352941176,1.3941176470588235,6.336029411764706,0.7522058823529412,1.2264705882352942,0.4536764705882353,0.13529411764705881,0.26176470588235295,89.44044117647059,1.3941176470588235,9.165441176470589
Temozón,31085,3668.7,1,12.830000000000002,76.25,1.25,4.8,1.0,2.2,0.45999999999999996,0.96,0.25,89.08,1.25,9.67
Tempoal,30161,3101.22,4,5.27,75.158,2.062,8.862,2.158,3.0580000000000003,1.986,1.036,0.41,80.428,2.062,17.51
Temósachic,08063,871.6333333333333,2,1.1700000000000002,74.83999999999999,1.6233333333333335,13.896666666666667,2.23,2.953333333333333,2.8366666666666664,0.14333333333333334,0.30666666666666664,76.01,1.6233333333333335,22.366666666666667
Tenabo,04008,4784.4358974358975,3,3.842307692307692,74.72948717948718,3.0666666666666664,4.7615384615384615,2.117948717948718,5.7987179487179485,1.4435897435897438,3.6666666666666665,0.5730769230769232,78.57179487179488,3.0666666666666664,18.361538461538462
Tenancingo,15088,8506.666666666666,6,5.337179487179488,86.87435897435897,0.391025641025641,3.841025641025641,0.42692307692307696,1.9615384615384615,0.5435897435897435,0.20384615384615384,0.42051282051282046,92.21153846153847,0.391025641025641,7.397435897435898
Tenango del Aire,15089,5123.25,1,5.9799999999999995,84.505,0.5399999999999999,6.1850000000000005,0.665,1.455,0.275,0.10500000000000001,0.29000000000000004,90.485,0.5399999999999999,8.975
Tenango del Valle,15090,14113.324786324787,4,1.7196581196581195,86.34871794871795,1.252991452991453,5.892307692307692,1.011965811965812,2.263247863247863,0.8948717948717949,0.2811965811965812,0.3350427350427351,88.06837606837607,1.252991452991453,10.67863247863248
Tenosique,27017,1749.5689655172414,4,16.555172413793105,71.73103448275862,1.3793103448275863,5.906896551724138,1.7051724137931032,1.2413793103448276,0.7275862068965517,0.4224137931034483,0.3310344827586207,88.28620689655173,1.3793103448275863,10.33448275862069
Teocaltiche,14091,3449.089285714286,1,3.319642857142857,84.0375,1.5857142857142856,7.414285714285714,1.3910714285714287,1.2910714285714284,0.6821428571428572,0.13571428571428573,0.14285714285714285,87.35714285714286,1.5857142857142856,11.057142857142859
Teoloyucan,15091,7412.666666666667,2,8.360000000000001,75.96000000000001,1.5799999999999998,3.933333333333333,2.76,4.733333333333333,1.3,0.8,0.5733333333333334,84.32,1.5799999999999998,14.1
Teopisca,07094,7376.55,1,4.2299999999999995,83.155,1.315,5.485,0.945,3.175,0.89,0.305,0.5,87.385,1.315,11.3
Teotihuacán,15092,11471.316455696202,6,5.296202531645569,83.41265822784811,1.6797468354430378,4.956962025316456,1.1139240506329113,2.015189873417721,0.659493670886076,0.48987341772151904,0.3759493670886076,88.70886075949367,1.6797468354430378,9.61139240506329
Teotitlán de Flores Magón,20545,1873.076923076923,1,7.182051282051282,81.06666666666666,1.6820512820512818,7.05897435897436,1.3128205128205128,1.071794871794872,0.35384615384615387,0.17435897435897435,0.09743589743589744,88.24871794871794,1.6820512820512818,10.069230769230769
Tepalcatepec,16089,4524.3,1,12.040000000000001,73.76,2.23,5.09,1.8800000000000001,1.7100000000000002,1.19,1.3900000000000001,0.71,85.8,2.23,11.97
Tepalcingo,17019,2909.4,2,8.404,79.886,1.694,5.1339999999999995,2.04,0.894,0.79,0.9079999999999999,0.25,88.29,1.694,10.016
Tepanco de López,21161,6297.94,4,6.294,77.204,1.374,9.25,1.556,2.658,0.856,0.402,0.406,83.49799999999999,1.374,15.128
Tepatitlán de Morelos,14093,6958.1783783783785,11,1.7600000000000002,72.01621621621622,3.442162162162162,7.302162162162163,3.0616216216216214,7.127567567567567,1.7227027027027026,3.0010810810810815,0.5664864864864865,73.77621621621621,3.442162162162162,22.781621621621625
Tepeaca,21164,7802.9010989010985,3,2.486813186813187,79.68021978021977,2.182417582417582,9.072527472527472,2.8516483516483517,1.9494505494505494,1.1054945054945053,0.3054945054945055,0.3659340659340659,82.16703296703297,2.182417582417582,15.650549450549452
Tepeapulco,13061,5909.65,4,2.40375,83.71124999999999,1.7587499999999998,5.64625,1.7287500000000002,2.8287500000000003,1.065,0.45,0.40750000000000003,86.115,1.7587499999999998,12.12625
Tepecoacuilco de Trujano,12059,5646.819672131148,5,3.6557377049180326,82.60000000000001,1.8032786885245902,5.61311475409836,2.3393442622950817,2.362295081967213,1.0360655737704918,0.3065573770491803,0.2836065573770492,86.25573770491803,1.8032786885245902,11.940983606557376
Tepehuanes,10035,1484.5,1,2.372727272727273,73.95454545454545,2.7545454545454544,15.054545454545455,3.0545454545454547,1.6272727272727272,0.7636363636363637,0.18181818181818182,0.23636363636363636,76.32727272727273,2.7545454545454544,20.918181818181818
Tepeji del Río de Ocampo,13063,24815.71111111111,6,2.2436111111111114,70.24388888888889,4.380277777777778,6.303055555555555,3.2747222222222225,9.097777777777777,1.4833333333333334,2.270277777777778,0.7030555555555555,72.4875,4.380277777777778,23.13222222222222
Tepelmeme Villa de Morelos,20548,5406.25,2,2.25,62.25,7.75,10.45,4.199999999999999,5.1,3.55,4.15,0.3,64.5,7.75,27.75
Tepeojuma,21166,5125.05,1,3.3200000000000003,81.01,1.85,7.455,1.705,1.855,1.1199999999999999,1.3599999999999999,0.325,84.33,1.85,13.819999999999999
Tepetitla de Lardizábal,29019,6038.3671875,5,4.6984375,73.1265625,4.434375,4.4515625,1.9859375,6.40546875,1.83828125,2.24921875,0.81015625,77.825,4.434375,17.740625
Tepetitlán,13064,4741.0,1,7.0200000000000005,82.21000000000001,1.58,4.779999999999999,1.08,2.02,0.85,0.19,0.27,89.22999999999999,1.58,9.190000000000001
Tepetlaoxtoc,15093,6872.977272727273,4,3.0488636363636363,74.98977272727274,2.7363636363636363,5.038636363636363,2.9534090909090907,7.255681818181818,2.310227272727273,1.1602272727272727,0.5068181818181818,78.03863636363636,2.7363636363636363,19.224999999999998
Tepetlixpa,15094,11442.2,1,2.45,82.5,1.59,7.85,2.12,1.47,0.8699999999999999,0.76,0.39,84.95,1.59,13.46
Tepetongo,32046,4394.1,1,2.04,83.25,1.4300000000000002,9.03,0.9099999999999999,1.7100000000000002,0.99,0.45,0.19,85.28999999999999,1.4300000000000002,13.280000000000001
Tepetzintla,30167,6191.285714285715,2,1.8,66.47142857142858,3.9571428571428577,9.057142857142857,2.457142857142857,8.185714285714285,3.4285714285714284,4.014285714285714,0.6285714285714287,68.27142857142857,3.9571428571428577,27.771428571428572
Tepexco,21168,5088.5,1,5.3,72.45,3.65,6.849999999999999,3.5500000000000003,3.6500000000000004,2.65,1.5999999999999999,0.3,77.75,3.65,18.599999999999998
Tepexi de Rodríguez,21169,3721.1,1,4.075,81.38,0.9550000000000001,9.254999999999999,0.865,2.1350000000000002,0.5549999999999999,0.29,0.48999999999999994,85.455,0.9550000000000001,13.59
Tepeyahualco,21170,4675.239130434783,2,1.826086956521739,67.16521739130435,4.247826086956522,7.569565217391304,4.230434782608696,7.160869565217391,3.8434782608695657,3.2347826086956526,0.7217391304347827,68.99130434782609,4.247826086956522,26.76086956521739
Tepeyanco,29029,9622.85,1,3.69,90.77000000000001,0.5599999999999999,3.29,0.3,0.515,0.495,0.12,0.26,94.46000000000001,0.5599999999999999,4.98
Tepezalá,01009,2590.021739130435,10,5.627536231884058,78.75652173913043,1.5043478260869565,7.131884057971015,2.555072463768116,1.576086956521739,1.883333333333333,0.7057971014492754,0.25942028985507243,84.3840579710145,1.5043478260869565,14.111594202898551
Tepic,18017,9787.386117136659,35,4.513665943600868,76.33861171366594,2.7843817787418654,5.651301518438178,2.3703904555314534,5.0130151843817785,1.4822125813449023,1.315401301518438,0.5310195227765727,80.85227765726681,2.7843817787418654,16.363340563991322
Tepotzotlán,15095,24626.34,4,1.222,72.293,4.388,5.4479999999999995,3.92,9.471,0.7989999999999999,1.913,0.546,73.515,4.388,22.096999999999998
Tepoztlán,17020,13209.21875,13,3.2275,84.00125,2.95,4.3275,1.130625,2.324375,0.788125,0.7893749999999999,0.46125,87.22875,2.95,9.821250000000001
Tequila,14094,7753.5,1,4.15,75.97,1.78,8.9,2.38,4.3100000000000005,1.3199999999999998,0.32,0.8699999999999999,80.12,1.78,18.1
Tequisquiapan,22017,9293.203883495145,3,2.462135922330097,85.49126213592233,1.6805825242718446,5.933980582524272,1.369902912621359,1.6854368932038835,0.7689320388349515,0.2970873786407767,0.3106796116504854,87.95339805825243,1.6805825242718446,10.366019417475728
Tequixquiac,15096,9751.818181818182,1,7.336363636363637,75.95454545454545,2.8000000000000003,7.718181818181819,1.7272727272727273,1.8272727272727274,1.5090909090909093,0.509090909090909,0.6181818181818182,83.2909090909091,2.8000000000000003,13.909090909090908
Terrenate,29030,1681.1666666666667,3,3.3066666666666666,86.46000000000001,0.59,7.73,0.6733333333333333,0.8833333333333333,0.22666666666666666,0.020000000000000004,0.11000000000000001,89.76666666666667,0.59,9.643333333333334
Tetecala,17021,6988.7,1,5.529999999999999,89.31,1.04,3.02,0.27999999999999997,0.48,0.2,0.04,0.1,94.84,1.04,4.12
Tetela de Ocampo,21172,2992.5,1,6.35,81.31,1.3199999999999998,5.03,1.3599999999999999,1.9300000000000002,1.09,0.78,0.8300000000000001,87.66,1.3199999999999998,11.02
Tetiz,31087,2667.9,1,5.109999999999999,83.17,1.41,6.95,1.19,1.4300000000000002,0.33,0.14,0.27,88.28,1.41,10.31
Tetla de la Solidaridad,29031,12658.79,3,1.558,85.098,1.716,6.4879999999999995,1.145,2.028,1.045,0.521,0.401,86.656,1.716,11.628
Tetlatlahuca,29032,6073.3125,2,3.8375,87.2375,0.78125,4.05,0.575,1.90625,0.5625,0.7125,0.33749999999999997,91.075,0.78125,8.14375
Texcaltitlán,15097,3281.3636363636365,2,1.9454545454545453,90.05454545454546,0.7909090909090909,4.636363636363637,0.9545454545454546,1.0363636363636364,0.35454545454545455,0.03636363636363637,0.19090909090909092,92.0,0.7909090909090909,7.209090909090909
Texcoco,15099,19351.924157303372,8,3.1376404494382024,82.51460674157303,1.5519662921348314,5.983426966292135,1.7494382022471908,3.035955056179775,1.1,0.6297752808988764,0.29719101123595504,85.65224719101124,1.5519662921348314,12.795786516853934
Texistepec,30172,6212.555555555556,1,6.588888888888889,78.27777777777777,2.3555555555555556,6.300000000000001,1.6555555555555557,2.4222222222222225,0.8,1.2111111111111112,0.3888888888888889,84.86666666666666,2.3555555555555556,12.777777777777779
Teziutlán,21174,9143.044444444444,1,3.608888888888889,83.56444444444445,1.1044444444444446,7.142222222222221,0.8177777777777777,2.1799999999999997,0.6822222222222222,0.38666666666666666,0.5133333333333334,87.17333333333333,1.1044444444444446,11.722222222222221
Tezontepec de Aldama,13067,8645.293103448275,4,3.3758620689655174,73.79827586206896,2.5637931034482757,5.708620689655173,2.8344827586206898,6.61551724137931,2.296551724137931,2.3137931034482757,0.4931034482758621,77.1741379310345,2.5637931034482757,20.26206896551724
Tezoyuca,15100,23533.41304347826,5,2.634782608695652,83.41956521739131,0.8369565217391305,4.328260869565217,2.484782608695652,3.2304347826086954,1.682608695652174,0.5021739130434782,0.8804347826086957,86.05434782608695,0.8369565217391305,13.108695652173912
Tianguistenco,15101,7064.878504672897,7,2.639252336448598,86.47289719626168,1.2289719626168225,6.473831775700935,0.6514018691588785,1.514018691588785,0.43177570093457945,0.20934579439252335,0.37850467289719625,89.11214953271028,1.2289719626168225,9.658878504672897
Ticul,31089,4119.35,2,26.528333333333332,62.75333333333333,0.8233333333333334,5.95,0.785,2.1216666666666666,0.48833333333333334,0.295,0.255,89.28166666666667,0.8233333333333334,9.895000000000001
Tierra Blanca,30174,8195.027777777777,5,9.149999999999999,69.9,2.4944444444444445,7.7250000000000005,2.466666666666667,4.455555555555556,1.1861111111111111,2.1055555555555556,0.5166666666666667,79.05,2.4944444444444445,18.455555555555556
Tihuatlán,30175,9120.775423728814,9,3.190677966101695,75.26271186440678,2.917372881355932,7.239406779661017,2.2300847457627118,4.305932203389831,2.141949152542373,2.1258474576271187,0.5860169491525424,78.45338983050847,2.917372881355932,18.62923728813559
Tijuana,02004,11670.544554455446,14,1.010891089108911,85.46336633663365,1.6886138613861388,4.042574257425743,1.0905940594059407,4.650990099009901,0.6396039603960395,0.9673267326732674,0.446039603960396,86.47425742574256,1.6886138613861388,11.837128712871287
Tila,07096,1926.0,1,6.688888888888889,85.95555555555556,0.2666666666666667,3.6999999999999997,0.7444444444444445,1.6555555555555557,0.47777777777777775,0.3888888888888889,0.12222222222222223,92.64444444444445,0.2666666666666667,7.088888888888889
Tilapa,21176,7086.0,1,6.8500000000000005,75.39999999999999,1.95,5.550000000000001,1.7,4.55,1.7,1.55,0.75,82.25,1.95,15.799999999999999
Timucuy,31090,1198.38,3,22.851999999999997,65.854,0.632,9.28,0.598,0.5720000000000001,0.14200000000000002,0.024000000000000004,0.046000000000000006,88.706,0.632,10.662
Tingambato,16090,6889.214285714285,3,1.4464285714285714,76.8,2.482142857142857,9.332142857142857,2.507142857142857,3.7607142857142857,1.2714285714285716,1.8142857142857145,0.5857142857142857,78.24642857142858,2.482142857142857,19.271428571428572
Tinum,31091,4173.046875,6,7.146875,75.2140625,3.20078125,6.6125,1.6734375,2.6421875,0.8390625,2.3859375,0.28515625,82.3609375,3.20078125,14.43828125
Tiquicheo de Nicolás Romero,16092,1387.0,2,7.02,80.05333333333333,1.2600000000000002,7.246666666666667,1.5733333333333335,1.93,0.6733333333333333,0.09666666666666666,0.14666666666666667,87.07333333333332,1.2600000000000002,11.666666666666666
Tixcacalcupul,31092,951.5,1,12.34,79.57000000000001,0.76,5.43,0.79,0.5700000000000001,0.16,0.22000000000000003,0.16,91.91,0.76,7.33
Tixkokob,31093,3290.2820512820513,1,36.282051282051285,56.01282051282051,0.8307692307692307,4.546153846153847,0.7846153846153846,1.1384615384615384,0.23333333333333334,0.09487179487179488,0.07692307692307693,92.2948717948718,0.8307692307692307,6.874358974358975
Tixméhuac,31094,2249.5333333333333,2,3.54,77.67333333333333,3.0533333333333332,5.8533333333333335,2.92,2.933333333333333,1.3533333333333333,2.3866666666666663,0.2866666666666667,81.21333333333334,3.0533333333333332,15.733333333333333
Tixpéhual,31095,5234.238095238095,2,8.947619047619048,80.77619047619048,1.1476190476190478,5.457142857142857,1.2428571428571429,1.6809523809523808,0.3523809523809524,0.1952380952380952,0.2,89.72380952380952,1.1476190476190478,9.128571428571428
Tixtla de Guerrero,12061,5775.6,2,6.45,83.905,0.9550000000000001,4.64,0.8150000000000001,1.97,0.72,0.185,0.36,90.35499999999999,0.9550000000000001,8.690000000000001
Tizayuca,13069,15575.916666666666,4,3.5829861111111114,84.49652777777777,2.1836805555555556,5.3024305555555555,1.1916666666666667,1.8760416666666666,0.7118055555555556,0.35694444444444445,0.29791666666666666,88.0795138888889,2.1836805555555556,9.736805555555556
Tizimín,31096,2782.8571428571427,4,15.254285714285714,73.46714285714286,1.2914285714285716,5.241428571428571,1.4928571428571429,1.6814285714285715,0.53,0.8314285714285715,0.21,88.72142857142858,1.2914285714285716,9.987142857142857
Tlacolula de Matamoros,20551,8536.7,1,3.0566666666666666,85.26,1.5433333333333332,6.65,1.0333333333333334,1.3533333333333333,0.5766666666666667,0.2833333333333333,0.24333333333333332,88.31666666666666,1.5433333333333332,10.139999999999999
Tlacotalpan,30178,1935.6,1,13.09,73.235,1.065,8.965,1.6849999999999998,1.41,0.29,0.12,0.13999999999999999,86.205,1.16,12.635
Tlacuilotepec,21178,3230.3333333333335,2,1.2871794871794873,65.62051282051281,5.735897435897436,9.125641025641025,3.8923076923076927,7.089743589743589,3.2051282051282053,3.3846153846153846,0.658974358974359,66.90769230769232,5.735897435897436,27.35641025641026
Tlahualilo,10036,1953.9579831932774,8,3.657936507936508,53.50079365079365,5.113492063492063,8.01984126984127,3.007142857142857,16.996825396825397,3.8746031746031746,4.434126984126984,1.3968253968253967,57.157936507936505,5.113492063492063,37.729365079365074
Tlahuapan,21180,16440.75,1,1.0,76.64166666666667,7.016666666666667,6.308333333333334,1.8499999999999999,4.6499999999999995,0.7583333333333333,1.4000000000000001,0.375,77.64166666666667,7.016666666666667,15.341666666666667
Tlahuelilpan,13070,8238.28,2,6.247999999999999,82.42399999999999,2.28,5.978,1.022,0.9640000000000001,0.688,0.20400000000000001,0.192,88.67200000000001,2.28,9.048
Tlajomulco de Zúñiga,14097,26241.267045454544,7,2.5948863636363635,78.62045454545455,2.069318181818182,5.660795454545454,2.2363636363636363,4.5204545454545455,1.8943181818181818,1.8221590909090908,0.5812499999999999,81.21534090909091,2.069318181818182,16.71534090909091
Tlalixcoyan,30181,5085.933333333333,3,16.286666666666665,72.13333333333334,0.7899999999999999,5.763333333333334,0.93,2.6333333333333333,0.73,0.4,0.3333333333333333,88.42,0.7899999999999999,10.79
Tlalixtac de Cabrera,20553,11008.3,3,4.91,88.3,0.61,3.7633333333333336,0.47,1.1099999999999999,0.4066666666666666,0.2033333333333333,0.22666666666666666,93.21000000000001,0.61,6.180000000000001
Tlalmanalco,15103,10094.857142857143,3,2.2514285714285713,87.05,1.0357142857142858,6.284285714285715,1.1414285714285715,1.19,0.5071428571428571,0.32857142857142857,0.21142857142857144,89.30142857142857,1.0357142857142858,9.662857142857142
Tlalnepantla,17023,4818.55,2,2.985,85.145,1.535,7.194999999999999,0.9150000000000001,1.015,0.575,0.235,0.4,88.13000000000001,1.535,10.335
Tlalnepantla de Baz,15104,27970.8,1,3.255,83.6,0.9799999999999999,5.970000000000001,0.89,2.445,1.675,0.635,0.55,86.85499999999999,0.9799999999999999,12.165000000000001
Tlalpan,09012,15746.01287553648,8,2.5682403433476395,85.82017167381974,2.8596566523605147,4.987553648068669,1.2746781115879828,1.2819742489270385,0.6575107296137338,0.33218884120171677,0.21802575107296135,88.38841201716738,2.8596566523605147,8.751931330472104
Tlalpujahua,16093,5881.2,1,2.4,87.12,0.6,5.35,0.27,3.0900000000000003,0.51,0.22000000000000003,0.44000000000000006,89.52,0.6,9.879999999999999
Tlaltenango,21181,5713.5,1,1.8,80.2,0.8,8.0,3.6,4.1,0.7,0.4,0.4,82.0,0.8,17.2
Tlaltenango de Sánchez Román,32048,4530.033333333334,2,6.066666666666666,80.87333333333332,1.03,8.003333333333334,1.05,1.95,0.7233333333333333,0.11333333333333334,0.19,86.94000000000001,1.03,12.03
Tlaltizapán de Zapata,17024,3136.75,8,7.526470588235294,81.1029411764706,1.048529411764706,4.958823529411765,2.4441176470588233,1.5044117647058823,0.7705882352941176,0.3838235294117647,0.2602941176470588,88.62941176470588,1.048529411764706,10.322058823529412
Tlanalapa,13072,6426.8,1,1.24,89.28999999999999,0.95,3.7700000000000005,1.5,1.9,0.9099999999999999,0.25,0.19,90.53,0.95,8.52
Tlanchinol,13073,2499.0,1,1.65,82.5,2.67,5.5600000000000005,2.4,2.87,1.35,0.43,0.5700000000000001,84.15,2.67,13.180000000000001
Tlapa de Comonfort,12066,3866.65,1,4.75,84.015,0.385,7.565,0.5549999999999999,1.705,0.5650000000000001,0.125,0.335,88.765,0.385,10.85
Tlapacoyan,30183,6807.38,1,7.082000000000001,76.918,2.0380000000000003,6.787999999999999,1.954,2.78,1.0659999999999998,0.6759999999999999,0.698,84.0,2.0380000000000003,13.962
Tlaquiltenango,17025,7051.72972972973,3,9.31891891891892,80.8891891891892,1.17027027027027,4.3297297297297295,1.3810810810810812,1.535135135135135,0.5324324324324324,0.47297297297297297,0.37027027027027026,90.2081081081081,1.17027027027027,8.621621621621621
Tlatlauquitepec,21186,7585.263157894737,2,2.468421052631579,84.48421052631579,2.294736842105263,5.368421052631579,0.8736842105263158,3.3263157894736843,0.5842105263157894,0.15789473684210525,0.4421052631578948,86.95263157894736,2.294736842105263,10.75263157894737
Tlaxcala,29033,10899.180147058823,11,2.114705882352941,91.18382352941177,0.7272058823529413,3.0613970588235295,0.48088235294117654,1.0768382352941175,0.7084558823529411,0.3992647058823529,0.24742647058823528,93.2985294117647,0.7272058823529413,5.974264705882353
Tlaxco,29034,5610.938775510204,2,1.9561224489795916,82.39387755102041,2.2071428571428573,6.997959183673469,1.4051020408163264,2.9867346938775508,1.1510204081632653,0.45,0.4520408163265306,84.35,2.2071428571428573,13.442857142857141
Tlaxcoapan,13074,8568.244186046511,2,4.661627906976744,66.97906976744186,4.056976744186046,4.961627906976744,2.43953488372093,10.018604651162791,2.7674418604651163,3.5,0.6151162790697674,71.6406976744186,4.056976744186046,24.302325581395348
Tlayacapan,17026,10241.979591836734,2,6.8,85.73265306122448,0.7530612244897958,3.5775510204081633,0.5918367346938775,1.579591836734694,0.4836734693877551,0.14081632653061224,0.3408163265306122,92.5326530612245,0.7530612244897958,6.714285714285714
Tláhuac,09011,9666.689655172413,2,5.8999999999999995,84.20344827586207,0.6379310344827587,5.727586206896552,1.0655172413793104,1.3344827586206898,0.596551724137931,0.24482758620689654,0.2896551724137931,90.10344827586206,0.6379310344827587,9.258620689655173
Tocumbo,16095,8124.6,3,4.4,78.03,1.5566666666666669,8.333333333333334,2.4,3.4166666666666665,1.0166666666666666,0.3,0.5466666666666666,82.43,1.5566666666666669,16.013333333333332
Tolcayuca,13075,19142.482269503547,4,1.4017730496453902,76.53687943262412,4.0865248226950355,6.06241134751773,2.054255319148936,5.569858156028369,1.6964539007092199,2.15177304964539,0.4400709219858156,77.9386524822695,4.0865248226950355,17.97482269503546
Tolimán,22018,2876.4,3,3.216666666666667,84.44333333333334,1.1033333333333333,7.886666666666667,0.8800000000000001,1.75,0.39333333333333337,0.06666666666666667,0.26,87.66000000000001,1.1033333333333333,11.236666666666668
Toluca,15106,25232.050420168067,14,2.392436974789916,84.05756302521009,2.2922268907563024,5.8239495798319325,1.31890756302521,2.220168067226891,1.0588235294117647,0.5102941176470588,0.32563025210084034,86.44999999999999,2.2922268907563024,11.257773109243697
Tomatlán,14100,2654.2678571428573,3,7.496428571428572,77.91607142857143,1.4285714285714286,7.9750000000000005,2.1464285714285714,1.717857142857143,0.7392857142857142,0.24464285714285713,0.33571428571428574,85.41250000000001,1.4285714285714286,13.158928571428572
Tonalá,07097,5698.393063583815,12,5.639306358381503,70.37369942196531,3.3956647398843933,7.46300578034682,1.933236994219653,6.256936416184971,1.5893063583815028,2.8089595375722545,0.5398843930635838,76.01300578034682,3.3956647398843933,20.59132947976879
Tonatico,15107,5475.7,1,3.88,86.09,1.34,4.85,0.74,1.59,0.7899999999999999,0.3,0.42000000000000004,89.97,1.34,8.690000000000001
Tonila,14103,5327.1,3,0.445,58.565,3.245,4.994999999999999,4.8950000000000005,9.575,4.225,9.405,4.65,59.010000000000005,3.245,37.745
Torreón,05035,19600.5421686747,13,3.3195906432748536,81.65877192982455,1.3839181286549709,5.371637426900585,1.4029239766081871,3.354385964912281,1.7435672514619882,1.2801169590643275,0.4850877192982456,84.97836257309942,1.3839181286549709,13.637719298245615
Totolac,29036,13774.448275862069,5,2.9528735632183905,87.80574712643678,1.1620689655172414,3.796551724137931,0.4850574712643678,2.401149425287356,0.5540229885057472,0.4367816091954023,0.40574712643678157,90.75862068965517,1.1620689655172414,8.079310344827586
Totolapan,17027,3502.4,1,5.25,85.14,0.5700000000000001,4.89,0.75,2.59,0.31,0.16,0.33999999999999997,90.39,0.5700000000000001,9.040000000000001
Tototlán,14105,9434.666666666666,2,4.041025641025641,76.07692307692308,1.8333333333333333,8.653846153846153,3.4025641025641025,3.7564102564102564,1.3974358974358974,0.3666666666666667,0.4717948717948718,80.11794871794872,1.8333333333333333,18.048717948717947
Totutla,30188,4268.6,2,5.025,84.565,1.1800000000000002,4.715,1.1949999999999998,2.5,0.365,0.1,0.355,89.59,1.1800000000000002,9.23
Trancoso,32057,5066.54,2,1.02,67.712,3.872,9.14,3.06,8.076,2.658,3.79,0.672,68.732,3.872,27.396
Tres Valles,30207,7370.762711864407,4,11.750847457627119,66.87288135593221,2.616949152542373,6.7101694915254235,2.928813559322034,5.125423728813559,1.2932203389830508,2.0271186440677966,0.6745762711864407,78.62372881355932,2.616949152542373,18.759322033898304
Trincheras,26064,2953.625,1,2.075,54.885000000000005,6.3100000000000005,8.575,2.1475,16.835,2.935,5.335,0.9025000000000001,56.96,6.3100000000000005,36.730000000000004
Trinidad García de la Cadena,32011,2094.5,1,1.8,82.05,2.07,8.959999999999999,1.7100000000000002,1.69,1.47,0.1,0.15,83.85,2.07,14.080000000000002
Tula,28039,4521.35,2,1.83,46.545,4.235,8.83,2.5300000000000002,17.755000000000003,4.51,12.830000000000002,0.9349999999999999,48.375,4.235,47.39
Tula de Allende,13076,11149.265957446809,4,2.6106382978723404,72.89468085106384,3.3436170212765957,5.336170212765958,2.6351063829787233,7.386170212765957,2.4606382978723405,2.646808510638298,0.6861702127659575,75.50531914893617,3.3436170212765957,21.151063829787233
Tulancingo de Bravo,13077,10015.063492063493,8,1.6757936507936508,83.66746031746032,2.8293650793650795,6.158333333333334,1.7583333333333335,1.8428571428571427,0.9531746031746031,0.7083333333333334,0.40634920634920635,85.34325396825396,2.8293650793650795,11.827380952380953
Tulcingo,21191,3763.3,1,2.75,79.53999999999999,2.34,7.2299999999999995,1.5,4.03,1.33,0.6599999999999999,0.6199999999999999,82.28999999999999,2.34,15.37
Tultepec,15108,14239.42857142857,2,2.4857142857142853,64.3,2.8285714285714287,8.314285714285713,3.7857142857142856,13.071428571428571,1.6714285714285713,3.1142857142857143,0.42857142857142855,66.78571428571429,2.8285714285714287,30.385714285714283
Tultitlán,15109,27478.5,5,3.306,81.312,1.486,5.3420000000000005,1.824,3.9419999999999997,1.192,1.148,0.44800000000000006,84.618,1.486,13.895999999999999
Tulum,23009,7918.760330578512,9,3.97603305785124,84.77727272727272,1.8987603305785123,5.1243801652892556,1.0351239669421488,1.5049586776859503,0.6161157024793388,0.756198347107438,0.3111570247933884,88.75330578512397,1.8987603305785123,9.34793388429752
Tunkás,31097,583.9,1,37.01,54.410000000000004,1.27,5.46,1.28,0.42000000000000004,0.13,0.0,0.02,91.42,1.27,7.31
Tuxcueca,14107,3953.862068965517,2,1.5620689655172413,78.2103448275862,1.9448275862068964,7.389655172413793,2.810344827586207,4.041379310344828,1.8275862068965518,1.6482758620689655,0.5655172413793104,79.77241379310345,1.9448275862068964,18.282758620689656
Tuxpan,14108,5234.390449438202,18,4.740449438202247,77.99466292134831,2.184831460674157,7.506460674157304,2.061797752808989,2.756179775280899,1.371067415730337,0.9179775280898876,0.4665730337078651,82.73511235955057,2.184831460674157,15.080056179775282
Tuxtla Chico,07102,9226.898148148148,7,8.751851851851852,83.40833333333333,0.5833333333333334,3.93425925925926,0.4194444444444445,1.9481481481481482,0.39629629629629626,0.3351851851851852,0.22314814814814815,92.16018518518518,0.5833333333333334,7.256481481481482
Tuxtla Gutiérrez,07101,15746.75,8,2.8666666666666667,86.28958333333333,0.9718749999999999,5.2203124999999995,0.8244791666666668,1.6322916666666665,1.296875,0.46718750000000003,0.43072916666666666,89.15625,0.9718749999999999,9.871875000000001
Tuzantán,07103,6028.089430894309,3,7.895934959349594,75.3560975609756,2.0682926829268293,6.021951219512196,1.5788617886178862,4.024390243902439,0.9869918699186992,1.6959349593495934,0.3715447154471545,83.2520325203252,2.0682926829268293,14.679674796747967
Tzintzuntzan,16100,3842.1666666666665,2,2.296666666666667,89.90666666666667,0.5766666666666667,4.416666666666667,0.9633333333333333,0.99,0.5133333333333333,0.10333333333333333,0.23333333333333334,92.20333333333333,0.5766666666666667,7.22
Tzompantepec,29038,9571.65625,3,5.803125,79.88125,1.64375,3.603125,1.4375,4.525,1.3,1.1812500000000001,0.625,85.684375,1.64375,12.671875
Tzucacab,31098,1378.5833333333333,2,26.695,62.375,1.2483333333333335,7.211666666666667,1.025,0.9683333333333334,0.31333333333333335,0.11833333333333333,0.045,89.07,1.2483333333333335,9.681666666666667
Técpan de Galeana,12057,5218.129411764706,9,6.63764705882353,79.04117647058824,2.6941176470588237,6.152941176470589,1.84,2.031764705882353,1.0447058823529412,0.24941176470588233,0.30823529411764705,85.67882352941176,2.6941176470588237,11.627058823529412
Ucú,31100,4460.125,1,15.4,71.4875,0.7625,10.2125,0.575,1.3625,0.08750000000000001,0.025,0.08750000000000001,86.8875,0.7625,12.35
Umán,31101,5767.852040816327,7,9.54642857142857,70.55357142857143,2.0647959183673468,6.712755102040816,2.5081632653061225,4.497448979591836,1.4928571428571429,2.164795918367347,0.45918367346938777,80.10000000000001,2.0647959183673468,17.835204081632654
Unión Hidalgo,20557,1333.6,1,15.65,75.56,0.8099999999999999,4.92,0.9400000000000001,1.28,0.32,0.13,0.39,91.21000000000001,0.8099999999999999,7.9799999999999995
Unión Juárez,07105,1067.7,1,6.05,87.77,0.31,4.51,0.71,0.51,0.04,0.08,0.02,93.82000000000001,0.31,5.87
Unión de San Antonio,14109,5563.823529411765,2,3.323529411764706,65.89411764705882,4.0058823529411764,8.076470588235296,3.3352941176470585,9.505882352941176,1.6882352941176473,3.1882352941176473,0.9823529411764705,69.21764705882353,4.0058823529411764,26.776470588235295
Unión de Tula,14110,4236.8421052631575,2,2.0894736842105264,83.44736842105263,1.8789473684210527,8.1,1.8263157894736843,1.5473684210526315,0.7789473684210526,0.15789473684210525,0.1736842105263158,85.53684210526316,1.8789473684210527,12.58421052631579
Ures,26066,2342.4,1,1.8699999999999999,81.81,1.49,8.99,1.3900000000000001,2.2399999999999998,1.08,0.71,0.42000000000000004,83.67999999999999,1.49,14.830000000000002
Uriangato,11041,7346.076923076923,5,2.941538461538461,77.60923076923078,3.1161538461538463,8.221538461538461,1.586153846153846,2.88,1.1384615384615384,2.04,0.46692307692307694,80.55076923076923,3.1161538461538463,16.333076923076923
Ursulo Galván,30191,5338.125,3,11.459999999999999,74.51,1.9649999999999999,4.6375,1.7899999999999998,3.065,1.0074999999999998,1.1949999999999998,0.37,85.97,1.9649999999999999,12.065000000000001
Uruapan,16102,10523.049689440993,6,3.0391304347826087,80.40372670807453,1.2925465838509316,9.716770186335404,1.9248447204968944,2.0614906832298137,0.917391304347826,0.28074534161490683,0.36335403726708076,83.44285714285714,1.2925465838509316,15.264596273291925
Valladolid,31102,6010.388888888889,3,14.213888888888889,75.53518518518518,1.664814814814815,3.7453703703703702,1.3425925925925926,1.8675925925925925,0.4212962962962963,0.950925925925926,0.25833333333333336,89.74907407407407,1.664814814814815,8.58611111111111
Valle Hermoso,28040,3614.2571428571428,4,0.9314285714285715,82.92428571428572,1.1728571428571428,9.610000000000001,1.02,2.325714285714286,0.8057142857142857,0.8314285714285715,0.37857142857142856,83.85571428571428,1.1728571428571428,14.971428571428572
Valle de Bravo,15110,6731.4838709677415,6,4.059677419354839,87.58870967741936,0.49516129032258066,4.270967741935484,0.6338709677419354,1.603225806451613,0.55,0.31129032258064515,0.48709677419354835,91.64838709677419,0.49516129032258066,7.856451612903225
Valle de Chalco Solidaridad,15122,47614.36538461538,4,2.6826923076923075,82.05096153846154,2.4125,7.8403846153846155,1.2365384615384616,1.8624999999999998,0.9961538461538461,0.41923076923076924,0.49903846153846154,84.73365384615384,2.4125,12.853846153846153
Valle de Guadalupe,14111,5357.285714285715,6,4.135714285714285,70.33928571428571,2.925,7.389285714285714,4.428571428571429,6.067857142857143,2.7357142857142853,1.4892857142857143,0.48928571428571427,74.47500000000001,2.925,22.599999999999998
Valle de Santiago,11042,7303.2692307692305,4,1.9346153846153846,77.47538461538461,3.459230769230769,7.836923076923076,1.8476923076923075,3.7646153846153845,1.3507692307692307,1.7538461538461538,0.5769230769230769,79.41,3.459230769230769,17.130769230769232
Valle de Zaragoza,08067,3563.7,1,1.56,75.34,3.0300000000000002,9.11,2.1399999999999997,4.82,2.7199999999999998,0.75,0.53,76.9,3.0300000000000002,20.07
Vallecillo,19050,3919.3137254901962,9,2.6921568627450982,45.34215686274509,2.8058823529411763,11.224509803921569,2.238235294117647,31.92058823529412,1.065686274509804,2.176470588235294,0.5343137254901961,48.03431372549019,2.8058823529411763,49.15980392156863
Valparaíso,32049,1942.7666666666667,3,1.3333333333333333,80.10666666666665,2.3233333333333333,11.683333333333334,1.8599999999999999,1.8166666666666667,0.7466666666666666,0.05666666666666667,0.07333333333333333,81.44,2.3233333333333333,16.236666666666668
Vega de Alatorre,30192,5782.0,1,3.7299999999999995,68.91,4.08,7.75,2.9,6.12,2.45,3.3600000000000003,0.7,72.64,4.08,23.279999999999998
Venustiano Carranza,07106,3976.845070422535,8,4.6147887323943655,72.95140845070422,2.9577464788732395,7.604929577464789,2.8478873239436617,4.3718309859154925,2.1661971830985918,1.9563380281690141,0.5288732394366197,77.5661971830986,2.9577464788732395,19.47605633802817
Veracruz,30193,14540.935064935065,8,4.554112554112554,75.95497835497835,2.238095238095238,6.130735930735931,2.251948051948052,3.4913419913419914,1.8056277056277057,3.0051948051948054,0.5679653679653679,80.5090909090909,2.238095238095238,17.252813852813855
Vicente Guerrero,10038,4155.1125,3,3.3848837209302327,76.66744186046512,3.6965116279069763,9.784883720930232,1.3953488372093024,2.604651162790698,1.2837209302325583,0.8744186046511628,0.3081395348837209,80.05232558139535,3.6965116279069763,16.251162790697673
Victoria,28041,5587.979094076655,10,6.071080139372823,78.22299651567944,1.7599303135888502,7.379790940766551,1.6195121951219513,2.340418118466899,0.9829268292682928,1.3588850174216027,0.2644599303135889,84.29407665505227,1.7599303135888502,13.945993031358885
Viesca,05036,1718.8235294117646,2,2.4058823529411764,59.29705882352941,3.138235294117647,12.26764705882353,3.1852941176470586,13.291176470588235,3.5617647058823527,2.2911764705882356,0.5617647058823529,61.70294117647059,3.138235294117647,35.15882352941177
Villa Comaltitlán,07071,4312.357142857143,2,8.878571428571428,68.76428571428572,3.192857142857143,6.05,1.9714285714285715,6.521428571428571,1.3714285714285714,2.6214285714285714,0.6285714285714287,77.64285714285714,3.192857142857143,19.164285714285715
Villa Corzo,07107,5072.366666666667,2,11.256666666666666,78.29333333333334,0.9866666666666667,5.476666666666666,0.8533333333333334,2.0633333333333335,0.5133333333333333,0.27666666666666667,0.28,89.55,0.9866666666666667,9.463333333333333
Villa García,32052,3456.7,1,8.67,80.06,1.23,6.3,0.62,2.2800000000000002,0.29,0.27,0.28,88.72999999999999,1.23,10.04
Villa Guerrero,15113,7342.7,1,3.79,85.39,0.47000000000000003,6.07,0.52,2.38,0.43,0.41,0.54,89.17999999999999,0.47000000000000003,10.35
Villa Hidalgo,14116,8405.314960629921,11,2.069291338582677,61.48582677165354,3.65748031496063,8.148818897637796,2.1976377952755906,15.734645669291337,2.6543307086614174,3.5078740157480315,0.5440944881889763,63.55511811023622,3.65748031496063,32.78740157480315
Villa Juárez,24052,3279.5,1,1.19,68.26,7.26,8.629999999999999,2.32,6.35,2.42,3.1100000000000003,0.45999999999999996,69.45,7.26,23.29
Villa Sola de Vega,20277,1596.1666666666667,2,6.791666666666667,75.45,2.7416666666666667,9.358333333333333,2.775,1.6833333333333333,0.7083333333333334,0.13333333333333333,0.35833333333333334,82.24166666666666,2.7416666666666667,15.016666666666666
Villa Tejúpam de la Unión,20486,3052.2,1,1.98,78.83,2.21,11.9,1.6199999999999999,2.2,0.82,0.21000000000000002,0.22999999999999998,80.81,2.21,16.98
Villa Victoria,15114,11282.461538461539,4,1.3923076923076922,89.28,0.9415384615384615,3.9584615384615387,1.063076923076923,2.0784615384615384,0.5923076923076923,0.20307692307692307,0.49076923076923074,90.67230769230768,0.9415384615384615,8.386153846153846
Villa de Allende,15111,5919.2307692307695,6,1.6084615384615384,86.27153846153846,1.4415384615384617,5.9969230769230775,1.656923076923077,1.8153846153846154,0.68,0.21,0.3192307692307692,87.88,1.4415384615384617,10.678461538461539
Villa de Arriaga,24046,5570.369230769231,5,2.026153846153846,60.07846153846154,4.013076923076923,8.28076923076923,3.1984615384615385,12.92,3.494615384615385,5.101538461538462,0.8869230769230769,62.104615384615386,4.013076923076923,33.88230769230769
Villa de Cos,32051,2656.055,6,2.225,60.166000000000004,5.115,14.3005,2.218,11.071,1.78,2.4955000000000003,0.629,62.391000000000005,5.115,32.494
Villa de Etla,20338,12661.0,1,2.25,89.975,1.525,4.875,0.575,0.30000000000000004,0.3,0.1,0.1,92.225,1.525,6.25
Villa de Pozos,24059,19260.104895104894,10,3.098601398601399,65.57692307692308,2.097202797202797,6.573426573426573,2.5321678321678323,13.713286713286713,2.7594405594405598,2.874825174825175,0.7741258741258742,68.67552447552448,2.097202797202797,29.227272727272727
Villa de Reyes,24050,6450.909090909091,2,4.045454545454546,62.20454545454545,2.5136363636363637,11.536363636363637,2.25,13.740909090909092,1.7227272727272727,1.3136363636363635,0.6727272727272727,66.25,2.5136363636363637,31.236363636363638
Villa de Santiago Chazumba,20459,1667.1,1,4.78,76.30499999999999,1.29,7.364999999999999,2.65,3.655,2.205,1.1099999999999999,0.6399999999999999,81.08500000000001,1.29,17.625
Villa de Tamazulápam del Progreso,20540,3322.1,1,3.54,80.14,1.2449999999999999,10.95,1.04,1.83,0.725,0.23500000000000001,0.29500000000000004,83.67999999999999,1.2449999999999999,15.075
Villa de Tututepec,20334,4103.378378378378,4,9.878378378378379,79.51621621621621,1.0972972972972974,4.454054054054055,1.3702702702702703,2.016216216216216,0.9351351351351351,0.4297297297297297,0.30270270270270266,89.3945945945946,1.0972972972972974,9.50810810810811
Villa de Zaachila,20565,12705.94,2,5.436,84.71799999999999,0.61,5.974,0.774,1.54,0.556,0.19399999999999998,0.198,90.154,0.61,9.236
Villa de la Paz,24048,2352.25,1,25.055,66.53,0.9099999999999999,6.13,0.495,0.5599999999999999,0.155,0.125,0.04,91.58500000000001,0.9099999999999999,7.505
Villa de Álvarez,06010,9054.477272727272,3,7.111363636363635,80.36363636363636,1.1113636363636363,5.363636363636363,3.247727272727273,1.6181818181818182,0.634090909090909,0.19318181818181818,0.3568181818181818,87.47500000000001,1.1113636363636363,11.413636363636364
Villa del Carbón,15112,5868.6,2,3.3766666666666665,83.17333333333333,1.7333333333333334,7.84,0.9866666666666667,1.66,0.6266666666666667,0.19666666666666668,0.4066666666666667,86.55,1.7333333333333334,11.716666666666667
Villaflores,07108,3834.711111111111,7,7.776666666666666,77.76222222222222,1.3722222222222222,7.756666666666667,1.4833333333333334,2.4,0.6555555555555556,0.43000000000000005,0.36333333333333334,85.53888888888889,1.3722222222222222,13.088888888888889
Villagrán,11044,16618.62162162162,3,1.7945945945945947,68.37837837837837,4.748648648648649,8.21891891891892,2.65945945945946,7.018918918918919,2.2783783783783784,4.2081081081081075,0.6945945945945946,70.17297297297297,4.748648648648649,25.07837837837838
Villaldama,19051,1805.0333333333333,3,1.1900000000000002,73.17666666666668,1.66,13.993333333333334,1.3166666666666667,2.7133333333333334,2.25,3.316666666666667,0.38333333333333336,74.36666666666666,1.66,23.973333333333333
Villamar,16104,4658.4358974358975,3,3.6948717948717946,78.78205128205128,1.7435897435897436,8.864102564102565,2.853846153846154,2.543589743589744,0.8641025641025641,0.21794871794871795,0.4358974358974359,82.47692307692307,1.7435897435897436,15.779487179487178
Villanueva,32055,3579.824074074074,3,1.6388888888888888,84.71481481481482,2.446296296296296,6.314814814814815,1.6425925925925926,1.975925925925926,0.7629629629629631,0.2574074074074074,0.24629629629629632,86.35370370370372,2.446296296296296,11.2
Vista Hermosa,16105,7635.382352941177,4,2.1544117647058822,61.39117647058824,5.783823529411765,8.713235294117647,4.366176470588235,10.954411764705881,2.7191176470588236,3.1544117647058822,0.763235294117647,63.545588235294126,5.783823529411765,30.670588235294115
Xalapa,30087,29815.591549295776,1,3.7647887323943663,85.61549295774648,1.3859154929577466,5.584507042253521,0.9281690140845071,1.156338028169014,0.7943661971830985,0.4647887323943662,0.3056338028169014,89.38028169014085,1.3859154929577466,9.23380281690141
Xalatlaco,15043,6705.58,3,3.2359999999999998,87.286,0.8140000000000001,6.0120000000000005,0.684,1.182,0.424,0.142,0.22,90.522,0.8140000000000001,8.664
Xalisco,18008,12392.896551724138,10,7.644827586206897,80.44540229885058,0.9637931034482758,6.102298850574712,2.0528735632183905,1.2977011494252875,0.9747126436781609,0.2850574712643678,0.23333333333333334,88.09022988505748,0.9637931034482758,10.945977011494252
Xaloztoc,29039,10739.155555555555,3,1.9177777777777778,79.84555555555556,2.1055555555555556,6.096666666666668,1.651111111111111,4.758888888888889,1.7222222222222223,1.2444444444444445,0.6577777777777778,81.76333333333334,2.1055555555555556,16.13111111111111
Xaltocan,29040,9591.75,1,0.775,71.3,3.275,7.1899999999999995,2.5949999999999998,9.295,2.54,2.235,0.795,72.075,3.275,24.65
Xicotepec,21197,4185.4,1,3.5799999999999996,70.77,4.59,11.58,2.46,3.3200000000000003,1.8299999999999998,1.1700000000000002,0.7,74.35,4.59,21.06
Xicoténcatl,28043,3755.5,1,12.17,75.9,1.07,4.3100000000000005,1.6,2.4699999999999998,0.6100000000000001,1.5,0.37,88.07000000000001,1.07,10.86
Xilitla,24054,2239.0,1,6.5,78.17999999999999,1.73,9.85,1.2,1.7100000000000002,0.47000000000000003,0.09,0.27,84.67999999999999,1.73,13.59
Xiutetelco,21199,9692.333333333334,1,1.0,84.93333333333334,0.43333333333333335,6.466666666666666,1.0666666666666667,3.4333333333333336,1.3666666666666665,0.3333333333333333,0.9666666666666667,85.93333333333334,0.43333333333333335,13.633333333333333
Xocchel,31103,529.0,1,24.5,56.4,1.5,12.1,2.7,1.7,0.5,0.6,0.0,80.9,1.5,17.6
Xochihuehuetlán,12070,1968.2,1,5.630000000000001,75.78999999999999,3.31,8.959999999999999,1.9,2.59,1.3699999999999999,0.21999999999999997,0.22999999999999998,81.42,3.31,15.27
Xochimilco,09013,18389.3,1,4.61,84.91000000000001,1.53,6.489999999999999,0.53,0.6,0.67,0.4,0.26,89.52,1.53,8.95
Xochitepec,17028,10475.286516853932,10,4.408988764044944,83.2682584269663,2.808988764044944,5.9230337078651685,1.198314606741573,1.2,0.6075842696629213,0.41713483146067415,0.16769662921348316,87.67724719101123,2.808988764044944,9.513764044943821
Xonacatlán,15115,11793.175,3,2.59,82.1225,1.41,6.07,1.815,4.1325,0.8675,0.35,0.6425,84.7125,1.41,13.877500000000001
Xoxocotla,17035,6927.211267605634,7,4.322535211267605,82.52112676056338,3.362676056338028,4.6633802816901415,1.7901408450704224,1.8204225352112675,0.6654929577464789,0.6,0.25422535211267605,86.84366197183098,3.362676056338028,9.793661971830986
Yahualica de González Gallo,14118,1763.9787234042553,2,5.840425531914893,86.15531914893617,0.9510638297872341,5.091489361702128,0.9638297872340424,0.44468085106382976,0.33404255319148934,0.0851063829787234,0.1340425531914894,91.99574468085106,0.9510638297872341,7.053191489361702
Yajalón,07109,2776.3333333333335,1,8.11111111111111,84.41111111111111,0.26666666666666666,3.8666666666666663,0.5555555555555556,1.9444444444444444,0.5111111111111111,0.15555555555555556,0.17777777777777778,92.52222222222223,0.26666666666666666,7.211111111111112
Yanga,30196,12372.0,3,3.273076923076923,66.06538461538462,3.838461538461538,6.415384615384616,3.6384615384615384,9.553846153846154,2.430769230769231,3.973076923076923,0.8115384615384615,69.33846153846153,3.838461538461538,26.823076923076922
Yauhquemehcan,29043,23936.848,6,1.7688,84.6,1.9704000000000002,5.977600000000001,1.244,2.1176,1.324,0.6456000000000001,0.352,86.36880000000001,1.9704000000000002,11.6608
Yautepec,17029,10566.727906976745,21,7.567906976744186,83.82767441860466,1.2776744186046511,4.268139534883721,0.8493023255813953,1.1025581395348838,0.5951162790697675,0.26906976744186045,0.24255813953488373,91.39558139534883,1.2776744186046511,7.326744186046511
Yaxcabá,31104,1968.4333333333334,3,8.53,75.91000000000001,2.4066666666666667,7.031666666666667,2.76,1.85,0.66,0.735,0.11666666666666667,84.44,2.4066666666666667,13.153333333333334
Yaxkukul,31105,6555.5,1,6.6,84.76,1.1099999999999999,3.2700000000000005,1.47,1.52,0.48,0.6900000000000001,0.1,91.36,1.1099999999999999,7.529999999999999
Yecapixtla,17030,13795.625,4,4.876785714285715,84.66607142857143,1.3589285714285713,5.044642857142857,1.269642857142857,1.4553571428571428,0.5964285714285714,0.4321428571428571,0.3,89.54285714285713,1.3589285714285713,9.098214285714286
Yobaín,31106,544.825,2,29.8825,63.885000000000005,1.0975000000000001,3.9924999999999997,0.5425,0.35,0.125,0.0225,0.1025,93.7675,1.0975000000000001,5.135
Yuriria,11046,6592.116279069767,3,2.6988372093023254,76.67441860465117,2.669767441860465,7.736046511627906,1.5267441860465119,4.2011627906976745,1.3232558139534882,2.622093023255814,0.5476744186046512,79.37325581395349,2.669767441860465,17.956976744186047
Yurécuaro,16106,11038.4,4,3.79,50.755,5.615,7.075,5.025,17.665,4.165,4.66,1.25,54.545,5.615,39.839999999999996
Yécora,26069,475.6,1,3.5799999999999996,61.0,4.46,19.240000000000002,3.3,5.5200000000000005,2.5100000000000002,0.06999999999999999,0.32,64.58,4.46,30.96
Zacapala,21206,1365.7,2,6.3549999999999995,82.71000000000001,0.475,7.25,1.97,0.795,0.22000000000000003,0.095,0.13,89.065,0.475,10.459999999999999
Zacapu,16107,6989.95,2,7.3875,79.17,1.06,7.505,1.415,2.195,0.6174999999999999,0.2525,0.3975,86.5575,1.06,12.3825
Zacatecas,32056,14772.37619047619,11,1.960377358490566,83.90330188679245,2.0712264150943396,6.526886792452831,1.4688679245283018,2.1066037735849057,0.9764150943396226,0.6608490566037736,0.32547169811320753,85.86367924528301,2.0712264150943396,12.065094339622643
Zacatelco,29044,10003.770833333334,3,3.25625,88.30833333333334,0.6645833333333333,5.3500000000000005,0.34791666666666665,0.9750000000000001,0.6083333333333333,0.2916666666666667,0.19791666666666666,91.56458333333335,0.6645833333333333,7.770833333333333
Zacatepec,17031,8313.729166666666,8,6.694791666666667,84.89999999999999,1.0125,4.340625,1.4916666666666665,0.821875,0.378125,0.140625,0.2197916666666667,91.59479166666667,1.0125,7.392708333333334
Zacatlán,21208,10102.325,2,6.34,80.235,1.41,5.342499999999999,0.685,3.7775,1.145,0.3725,0.6925000000000001,86.575,1.41,12.015
Zacazonapan,15116,1127.7666666666667,2,9.879999999999999,82.26333333333334,0.2833333333333333,4.993333333333334,0.68,1.3833333333333333,0.4,0.043333333333333335,0.07333333333333333,92.14333333333335,0.2833333333333333,7.573333333333334
Zacualpan,15117,1837.375,2,5.725,85.35,1.325,5.4375,0.59375,0.975,0.4,0.00625,0.1875,91.075,1.325,7.6
Zacualpan de Amilpas,17032,5327.318181818182,3,9.772727272727273,84.68181818181819,0.5499999999999999,2.4454545454545453,0.5045454545454545,1.290909090909091,0.3181818181818182,0.13636363636363635,0.3,94.45454545454545,0.5499999999999999,4.995454545454546
Zacualtipán de Ángeles,13081,6588.952380952381,1,2.3714285714285714,85.6,1.6238095238095238,5.576190476190476,1.0523809523809524,2.138095238095238,0.9190476190476191,0.26666666666666666,0.4523809523809524,87.97142857142858,1.6238095238095238,10.404761904761905
Zamora,16108,9982.451612903225,8,4.130645161290323,76.2717741935484,2.5048387096774194,8.150806451612903,2.475806451612903,4.234677419354839,1.1298387096774194,0.5653225806451613,0.5362903225806451,80.40241935483871,2.5048387096774194,17.092741935483872
Zapopan,14120,16864.286516853932,12,3.2126404494382026,80.99438202247191,2.0407303370786516,7.144101123595506,1.3280898876404494,2.7103932584269663,1.3867977528089888,0.7778089887640449,0.40505617977528086,84.20702247191011,2.0407303370786516,13.752247191011236
Zapotiltic,14121,5061.271929824561,6,4.583333333333333,78.55438596491229,1.5289473684210528,6.784210526315789,3.4473684210526314,2.694736842105263,1.3587719298245615,0.5271929824561403,0.5210526315789473,83.13771929824561,1.5289473684210528,15.333333333333334
Zapotitlán,21209,2589.9,1,5.74,74.4,1.94,10.74,2.2600000000000002,2.67,1.2200000000000002,0.6,0.43,80.14,1.94,17.92
Zapotitlán Palmas,20568,2235.5,1,2.75,82.27000000000001,3.31,6.720000000000001,1.97,1.7100000000000002,0.63,0.45,0.19,85.02000000000001,3.31,11.67
Zapotlanejo,14124,9776.53,14,6.777666666666667,69.46533333333333,3.610333333333333,6.063000000000001,2.4673333333333334,6.466,1.92,2.587,0.6433333333333333,76.24300000000001,3.610333333333333,20.14666666666667
Zapotlán de Juárez,13082,7898.473684210527,1,2.1184210526315788,55.376315789473686,5.181578947368421,6.728947368421053,3.3368421052631576,15.873684210526317,4.242105263157894,6.431578947368421,0.7105263157894737,57.49473684210527,5.181578947368421,37.32368421052632
Zapotlán del Rey,14123,7257.0,1,0.71,61.82000000000001,7.43,6.45,2.81,12.53,2.2199999999999998,5.0600000000000005,0.97,62.529999999999994,7.43,30.04
Zapotlán el Grande,14023,7711.170212765957,6,2.615602836879433,77.42127659574467,2.2035460992907803,6.2141843971631205,2.426950354609929,3.4290780141843973,1.8283687943262412,3.2425531914893617,0.6184397163120567,80.03687943262412,2.2035460992907803,17.759574468085106
Zaragoza,05038,9802.47926267281,7,2.4686635944700464,65.33502304147466,3.4963133640553,9.309216589861752,2.349769585253456,12.489861751152075,2.0824884792626728,1.9258064516129032,0.5428571428571428,67.79907834101382,3.485253456221198,28.715668202764977
Zautla,21212,3938.0,1,2.0900000000000003,80.24,2.9,7.9,1.83,3.2700000000000005,1.09,0.33999999999999997,0.33999999999999997,82.33,2.9,14.77
Zempoala,13083,7373.134831460674,5,1.408239700374532,75.7992509363296,3.056928838951311,7.004868913857678,3.0127340823970035,5.430337078651686,1.7790262172284643,2.055805243445693,0.45280898876404496,77.20749063670412,3.056928838951311,19.735580524344567
Zihuatanejo de Azueta,12038,8123.475138121547,13,6.343093922651933,81.88066298342541,1.4773480662983425,6.8911602209944745,1.1972375690607735,1.2497237569060773,0.5375690607734807,0.19392265193370167,0.2292817679558011,88.22375690607734,1.4773480662983425,10.298895027624308
Ziltlaltépec de Trinidad Sánchez Santos,29037,6368.147540983607,4,1.8245901639344262,78.41967213114755,3.913114754098361,8.134426229508197,1.534426229508197,3.627868852459016,0.9377049180327869,1.1442622950819672,0.4639344262295082,80.24426229508197,3.913114754098361,15.842622950819672
Zimapán,13084,2825.475,3,2.3325,84.22,1.5225,7.425,1.3875,1.7225000000000001,1.0,0.13,0.26,86.5525,1.5225,11.925
Zimatlán de Álvarez,20570,9295.0,1,12.366666666666667,80.23333333333333,0.7999999999999999,3.866666666666667,1.2333333333333334,0.5333333333333333,0.3333333333333333,0.3333333333333333,0.3,92.60000000000001,0.7999999999999999,6.6000000000000005
Zinacantepec,15118,13390.769565217392,7,1.4895652173913045,89.07608695652173,1.123478260869565,5.192608695652174,0.9600000000000001,1.011304347826087,0.7739130434782608,0.1508695652173913,0.22217391304347828,90.56565217391304,1.123478260869565,8.310869565217391
Zinacatepec,21214,6140.1,1,6.69,77.24,1.9400000000000002,7.709999999999999,1.75,2.7800000000000002,0.96,0.27999999999999997,0.65,83.92999999999999,1.9400000000000002,14.13
Zinapécuaro,16110,4392.621794871795,11,2.1814102564102567,75.27628205128205,3.798076923076923,7.292948717948718,2.105128205128205,5.23525641025641,1.2378205128205129,2.217307692307692,0.6557692307692308,77.45769230769231,3.798076923076923,18.744230769230768
Zináparo,16109,2587.44,2,3.772,79.46,1.4480000000000002,9.692,2.06,1.9240000000000002,0.9560000000000001,0.364,0.324,83.23200000000001,1.4480000000000002,15.32
Ziracuaretiro,16111,12950.1875,3,1.39375,76.265625,3.48125,7.840625,1.66875,4.028125,1.5718750000000001,2.953125,0.796875,77.659375,3.48125,18.859375
Zitácuaro,16112,9919.686666666666,6,3.5813333333333337,83.28133333333334,1.2366666666666666,7.262666666666667,1.418,1.8906666666666667,0.768,0.23800000000000002,0.3233333333333333,86.86266666666667,1.2366666666666666,11.900666666666666
Zongolica,30201,2003.5,1,8.7,77.34,0.38,8.620000000000001,1.73,1.8,0.6599999999999999,0.37,0.4,86.03999999999999,0.38,13.580000000000002
Zumpahuacán,15119,2459.9,3,3.2733333333333334,82.05,1.07,5.156666666666666,1.1333333333333333,3.606666666666667,3.033333333333333,0.22666666666666666,0.45,85.32333333333332,1.07,13.606666666666666
Zumpango,15120,11843.54128440367,5,5.877981651376147,82.10550458715596,1.7357798165137615,4.666055045871559,1.555045871559633,2.263302752293578,0.8889908256880734,0.5018348623853212,0.4055045871559633,87.98348623853212,1.7357798165137615,10.280733944954127
Álamo Temapache,30160,6244.535714285715,6,6.403571428571429,73.50357142857142,2.7705357142857143,8.07232142857143,1.6383928571428572,4.298214285714286,1.41875,1.4553571428571428,0.43928571428571433,79.90714285714286,2.7705357142857143,17.322321428571428
Álamos,26003,2684.3,1,5.569999999999999,79.27000000000001,2.46,10.45,1.29,0.64,0.1,0.06000000000000001,0.16,84.84,2.46,12.7
Álvaro Obregón,09010,24453.738372093023,6,1.519186046511628,81.56162790697675,3.7779069767441857,5.778488372093023,1.1575581395348837,3.4127906976744184,1.1156976744186047,1.2209302325581395,0.4558139534883721,83.08081395348837,3.7779069767441857,13.141279069767442
